experiment seed epoch real_epoch tr_loss vl_loss vl_tumour vl_plane learning_rate patience_counter best_epoch best_val_loss
augmented_r1 0 1 1.0 1.7621480007362107 1.942985670907157 0.5336734693877551 0.6071428571428571 0.001 0 1 1.942985670907157
augmented_r1 0 2 2.0 1.0987204487519648 2.607126697228879 0.4489795918367347 0.6428571428571429 0.001 1 1 1.942985670907157
augmented_r1 0 3 3.0 0.8824010717560365 1.4819768988356299 0.6030612244897959 0.9316326530612244 0.001 0 3 1.4819768988356299
augmented_r1 0 4 4.0 0.7528448021796093 1.1677591557405433 0.8040816326530612 0.9163265306122449 0.001 0 4 1.1677591557405433
augmented_r1 0 5 5.0 0.6854360280283678 1.9453719820295061 0.6622448979591836 0.6887755102040817 0.001 1 4 1.1677591557405433
augmented_r1 0 6 6.0 0.5799843656762427 1.791881731578282 0.5275510204081633 0.9387755102040817 0.001 2 4 1.1677591557405433
augmented_r1 0 7 7.0 0.5167959523211811 1.1476438935922118 0.7295918367346939 0.9081632653061225 0.001 0 7 1.1476438935922118
augmented_r1 0 8 8.0 0.46195939605310726 1.1499369922949343 0.7204081632653061 0.9836734693877551 0.001 1 7 1.1476438935922118
augmented_r1 0 9 9.0 0.4214273532087349 1.7185522410334373 0.7948979591836735 0.6928571428571428 0.001 2 7 1.1476438935922118
augmented_r1 0 10 10.0 0.35694471627974367 0.6529882645120426 0.8877551020408163 0.9673469387755103 0.001 0 10 0.6529882645120426
augmented_r1 0 11 11.0 0.3019606461456782 0.6515016173829837 0.860204081632653 0.9836734693877551 0.001 0 11 0.6515016173829837
augmented_r1 0 12 12.0 0.2923441220293032 0.7250122296566865 0.8714285714285714 0.9224489795918367 0.001 1 11 0.6515016173829837
augmented_r1 0 13 13.0 0.26270314140640166 0.8711749018455038 0.8183673469387756 0.9316326530612244 0.001 2 11 0.6515016173829837
augmented_r1 0 14 14.0 0.19576112725114583 1.8439338124528224 0.536734693877551 0.9693877551020408 0.001 3 11 0.6515016173829837
augmented_r1 0 15 15.0 0.17960630786781467 0.5613294696321293 0.8591836734693877 0.9806122448979592 0.001 0 15 0.5613294696321293
augmented_r1 0 16 16.0 0.14810739919590615 1.9635265155714385 0.5693877551020409 0.9795918367346939 0.001 1 15 0.5613294696321293
augmented_r1 0 17 17.0 0.1135528481553156 0.9948964469286861 0.7836734693877551 0.9806122448979592 0.001 2 15 0.5613294696321293
augmented_r1 0 18 18.0 0.0817022134215519 0.2009115683789156 0.9561224489795919 0.9897959183673469 0.001 0 18 0.2009115683789156
augmented_r1 0 19 19.0 0.02975257372131036 0.8052219996646959 0.7989795918367347 0.9663265306122449 0.001 1 18 0.2009115683789156
augmented_r1 0 20 20.0 -0.006117655589155214 0.8886995215805209 0.8153061224489796 0.9193877551020408 0.001 2 18 0.2009115683789156
augmented_r1 0 21 21.0 0.04419720473205074 2.1633671877335527 0.7418367346938776 0.6234693877551021 0.001 3 18 0.2009115683789156
augmented_r1 0 22 22.0 0.04281059869354117 2.8772072110857283 0.5551020408163265 0.7836734693877551 0.001 4 18 0.2009115683789156
augmented_r1 0 23 23.0 0.009829904131601466 1.33490039183169 0.6285714285714286 0.9571428571428572 0.001 5 18 0.2009115683789156
augmented_r1 0 24 24.0 -0.03733758286784791 2.052873719468409 0.7244897959183674 0.8397959183673469 0.001 6 18 0.2009115683789156
augmented_r1 0 25 25.0 -0.052995378084741175 0.3603073232027949 0.9193877551020408 0.9724489795918367 0.001 7 18 0.2009115683789156
augmented_r1 0 26 26.0 -0.08889270277928073 0.2524257745061602 0.9285714285714286 0.9775510204081632 0.001 8 18 0.2009115683789156
augmented_r1 0 27 27.0 -0.07391224760279783 0.6617233658323483 0.8887755102040816 0.926530612244898 0.001 9 18 0.2009115683789156
augmented_r1 0 28 28.0 -0.08390988740280332 1.2485083190762267 0.7040816326530612 0.986734693877551 0.001 10 18 0.2009115683789156
augmented_r1 0 29 29.0 -0.12275241936979324 1.709374342159349 0.6204081632653061 0.9857142857142858 0.0005 11 18 0.2009115683789156
augmented_r1 0 30 30.0 -0.15791091013106226 -0.0267416280143115 0.9744897959183674 0.9938775510204082 0.0005 0 30 -0.0267416280143115
augmented_r1 0 31 31.0 -0.17318801943735268 0.04555651995600486 0.9540816326530612 0.9928571428571429 0.0005 1 30 -0.0267416280143115
augmented_r1 0 32 32.0 -0.17984170146384565 -0.07182144388860585 0.986734693877551 0.9928571428571429 0.0005 0 32 -0.07182144388860585
augmented_r1 0 33 33.0 -0.18483537446354067 -0.05671583243778774 0.9846938775510204 0.9928571428571429 0.0005 1 32 -0.07182144388860585
augmented_r1 0 34 34.0 -0.18862522462796363 -0.07740645773556767 0.9877551020408163 0.9908163265306122 0.0005 0 34 -0.07740645773556767
augmented_r1 0 35 35.0 -0.19351921901884697 -0.07041851379433457 0.9857142857142858 0.9918367346938776 0.0005 1 34 -0.07740645773556767
augmented_r1 0 36 36.0 -0.19761801445099964 -0.05040058943690086 0.9836734693877551 0.9897959183673469 0.0005 2 34 -0.07740645773556767
augmented_r1 0 37 37.0 -0.19993988506046145 -0.0031659398760114396 0.9755102040816327 0.9877551020408163 0.0005 3 34 -0.07740645773556767
augmented_r1 0 38 38.0 -0.2006012353094069 -0.043618900435311456 0.9755102040816327 0.9928571428571429 0.0005 4 34 -0.07740645773556767
augmented_r1 0 39 39.0 -0.20720006155523993 0.09562372918031653 0.9489795918367347 0.9928571428571429 0.0005 5 34 -0.07740645773556767
augmented_r1 0 40 40.0 -0.20776968350261113 0.468362647173356 0.9846938775510204 0.8846938775510204 0.0005 6 34 -0.07740645773556767
augmented_r1 0 41 41.0 -0.210559424789072 0.012149686229472257 0.9673469387755103 0.9908163265306122 0.0005 7 34 -0.07740645773556767
augmented_r1 0 42 42.0 -0.21306830815061134 -0.03035656481373067 0.9816326530612245 0.9877551020408163 0.0005 8 34 -0.07740645773556767
augmented_r1 0 43 43.0 -0.21443815649069822 -0.012127276829310826 0.9642857142857143 0.9908163265306122 0.0005 9 34 -0.07740645773556767
augmented_r1 0 44 44.0 -0.14767845365279272 1.2692590640515697 0.7510204081632653 0.9663265306122449 0.0005 10 34 -0.07740645773556767
augmented_r1 0 45 45.0 -0.15168303535355798 1.411829584958602 0.8979591836734694 0.8122448979591836 0.00025 11 34 -0.07740645773556767
augmented_r1 0 46 46.0 -0.20189271284892132 0.12939247160541767 0.9224489795918367 0.9908163265306122 0.00025 12 34 -0.07740645773556767
augmented_r1 0 47 47.0 -0.22143034963677052 -0.07053596778791778 0.9785714285714285 0.9918367346938776 0.00025 13 34 -0.07740645773556767
augmented_r1 0 48 48.0 -0.22645283922302795 -0.09316791368990528 0.9744897959183674 0.9928571428571429 0.00025 0 48 -0.09316791368990528
augmented_r1 0 49 49.0 -0.22534761318444016 -0.08672377844246067 0.9785714285714285 0.9928571428571429 0.00025 1 48 -0.09316791368990528
augmented_r1 0 50 50.0 -0.22891898873281977 -0.06480098038303608 0.9755102040816327 0.9928571428571429 0.00025 2 48 -0.09316791368990528
augmented_r1 0 51 51.0 -0.23179082249815877 -0.09733480725969587 0.9816326530612245 0.9928571428571429 0.00025 0 51 -0.09733480725969587
augmented_r1 0 52 52.0 -0.23219713551100957 -0.09435114057696596 0.9755102040816327 0.9928571428571429 0.00025 1 51 -0.09733480725969587
augmented_r1 0 53 53.0 -0.23323434696812226 -0.04174096511334789 0.9704081632653061 0.9928571428571429 0.00025 2 51 -0.09733480725969587
augmented_r1 0 54 54.0 -0.23453744005410174 -0.0980125008797159 0.9775510204081632 0.9928571428571429 0.00025 0 54 -0.0980125008797159
augmented_r1 0 55 55.0 -0.2336949951476635 -0.08928936865864968 0.9775510204081632 0.9928571428571429 0.00025 1 54 -0.0980125008797159
augmented_r1 0 56 56.0 -0.23624735902884955 -0.09190183415704845 0.9755102040816327 0.9938775510204082 0.00025 2 54 -0.0980125008797159
augmented_r1 0 57 57.0 -0.23733672070817086 -0.05800878612362609 0.9744897959183674 0.9908163265306122 0.00025 3 54 -0.0980125008797159
augmented_r1 0 58 58.0 -0.23608111972652995 -0.10514258462555555 0.9816326530612245 0.9938775510204082 0.00025 0 58 -0.10514258462555555
augmented_r1 0 59 59.0 -0.23826316833712544 -0.0904652661206771 0.9775510204081632 0.9928571428571429 0.00025 1 58 -0.10514258462555555
augmented_r1 0 60 60.0 -0.23841767851136458 -0.09183117613500479 0.9785714285714285 0.9928571428571429 0.00025 2 58 -0.10514258462555555
augmented_r1 0 61 61.0 -0.2392069220651132 -0.10031432643228648 0.9795918367346939 0.9948979591836735 0.00025 3 58 -0.10514258462555555
augmented_r1 0 62 62.0 -0.23797123293090938 -0.09839000191007341 0.9816326530612245 0.9938775510204082 0.00025 4 58 -0.10514258462555555
augmented_r1 0 63 63.0 -0.24129180046736085 -0.09235925260855227 0.9816326530612245 0.9918367346938776 0.00025 5 58 -0.10514258462555555
augmented_r1 0 64 64.0 -0.2416493586935458 -0.09104667074826299 0.9795918367346939 0.9928571428571429 0.00025 6 58 -0.10514258462555555
augmented_r1 0 65 65.0 -0.23994225371820083 -0.09693087679999216 0.9785714285714285 0.9918367346938776 0.00025 7 58 -0.10514258462555555
augmented_r1 0 66 66.0 -0.24049257379848743 -0.10931646921196762 0.9795918367346939 0.9948979591836735 0.00025 0 66 -0.10931646921196762
augmented_r1 0 67 67.0 -0.24005922143479883 -0.009703301896854323 0.9642857142857143 0.9928571428571429 0.00025 1 66 -0.10931646921196762
augmented_r1 0 68 68.0 -0.24409381606283373 -0.10330835897095349 0.9826530612244898 0.9928571428571429 0.00025 2 66 -0.10931646921196762
augmented_r1 0 69 69.0 -0.24299075348616403 -0.08604193025705766 0.9795918367346939 0.9908163265306122 0.00025 3 66 -0.10931646921196762
augmented_r1 0 70 70.0 -0.2443414243091197 -0.055946740812184856 0.9755102040816327 0.9918367346938776 0.00025 4 66 -0.10931646921196762
augmented_r1 0 71 71.0 -0.16902742919411054 1.4525357134488164 0.813265306122449 0.9122448979591836 0.00025 5 66 -0.10931646921196762
augmented_r1 0 72 72.0 -0.15201192074237604 0.3230989597281631 0.9530612244897959 0.9438775510204082 0.00025 6 66 -0.10931646921196762
augmented_r1 0 73 73.0 -0.20599313608581674 0.07959988457815988 0.9561224489795919 0.9918367346938776 0.00025 7 66 -0.10931646921196762
augmented_r1 0 74 74.0 -0.23371257968128567 -0.04199765798996906 0.9724489795918367 0.9928571428571429 0.00025 8 66 -0.10931646921196762
augmented_r1 0 75 75.0 -0.23842778021348804 -0.05714496203831264 0.9714285714285714 0.9938775510204082 0.00025 9 66 -0.10931646921196762
augmented_r1 0 76 76.0 -0.23993262087167852 -0.09340112890516009 0.9795918367346939 0.9938775510204082 0.00025 10 66 -0.10931646921196762
augmented_r1 0 77 77.0 -0.24220231220065275 -0.041005408520601236 0.9683673469387755 0.9938775510204082 0.000125 11 66 -0.10931646921196762
augmented_r1 0 78 78.0 -0.24731924319559478 -0.11854061837099036 0.986734693877551 0.9928571428571429 0.000125 0 78 -0.11854061837099036
augmented_r1 0 79 79.0 -0.24843566459901648 -0.10821195475909175 0.9836734693877551 0.9928571428571429 0.000125 1 78 -0.11854061837099036
augmented_r1 0 80 80.0 -0.2486292728769525 -0.10212898351708237 0.9816326530612245 0.9918367346938776 0.000125 2 78 -0.11854061837099036
augmented_r1 0 81 81.0 -0.24886909071770355 -0.1129982344958247 0.9806122448979592 0.9928571428571429 0.000125 3 78 -0.11854061837099036
augmented_r1 0 82 82.0 -0.2481921440463038 -0.1102377395240628 0.9806122448979592 0.9928571428571429 0.000125 4 78 -0.11854061837099036
augmented_r1 0 83 83.0 -0.24891218685097333 -0.11007622261436618 0.9816326530612245 0.9928571428571429 0.000125 5 78 -0.11854061837099036
augmented_r1 0 84 84.0 -0.24947045342358362 -0.11684928767535151 0.9846938775510204 0.9928571428571429 0.000125 6 78 -0.11854061837099036
augmented_r1 0 85 85.0 -0.24963603577611665 -0.11277015695766526 0.9826530612244898 0.9938775510204082 0.000125 7 78 -0.11854061837099036
augmented_r1 0 86 86.0 -0.24943236951875622 -0.11224340078782062 0.9826530612244898 0.9938775510204082 0.000125 8 78 -0.11854061837099036
augmented_r1 0 87 87.0 -0.24917576405550748 -0.10327848025730678 0.9785714285714285 0.9938775510204082 0.000125 9 78 -0.11854061837099036
augmented_r1 0 88 88.0 -0.24972513443872812 -0.12174088760298125 0.9846938775510204 0.9948979591836735 0.000125 0 88 -0.12174088760298125
augmented_r1 0 89 89.0 -0.24990213076959022 -0.11862277498050612 0.986734693877551 0.9928571428571429 0.000125 1 88 -0.12174088760298125
augmented_r1 0 90 90.0 -0.24945877892182083 -0.09880752466162857 0.9806122448979592 0.9938775510204082 0.000125 2 88 -0.12174088760298125
augmented_r1 0 91 91.0 -0.24882399464973903 -0.1142554234485237 0.9846938775510204 0.9928571428571429 0.000125 3 88 -0.12174088760298125
augmented_r1 0 92 92.0 -0.25002741556626473 -0.09339614595685686 0.9785714285714285 0.9938775510204082 0.000125 4 88 -0.12174088760298125
augmented_r1 0 93 93.0 -0.24961360597740342 -0.11215519807776626 0.9816326530612245 0.9938775510204082 0.000125 5 88 -0.12174088760298125
augmented_r1 0 94 94.0 -0.2505256293093785 -0.10380569769411671 0.9775510204081632 0.9938775510204082 0.000125 6 88 -0.12174088760298125
augmented_r1 0 95 95.0 -0.251356141733896 -0.1022078514099121 0.9795918367346939 0.9938775510204082 0.000125 7 88 -0.12174088760298125
augmented_r1 0 96 96.0 -0.2507444743237818 -0.10903919035074662 0.9775510204081632 0.9938775510204082 0.000125 8 88 -0.12174088760298125
augmented_r1 0 97 97.0 -0.25126868832722826 -0.10787728708617542 0.9826530612244898 0.9938775510204082 0.000125 9 88 -0.12174088760298125
augmented_r1 0 98 98.0 -0.2505159588007293 -0.1164823089327131 0.9836734693877551 0.9938775510204082 0.000125 10 88 -0.12174088760298125
augmented_r1 0 99 99.0 -0.25031544939799577 -0.11402169684974514 0.9846938775510204 0.9938775510204082 6.25e-05 11 88 -0.12174088760298125
augmented_r1 0 100 100.0 -0.2522602466578057 -0.11376693151435073 0.9826530612244898 0.9938775510204082 6.25e-05 12 88 -0.12174088760298125
augmented_r1 0 101 101.0 -0.2528060749883388 -0.12248191298270712 0.9857142857142858 0.9948979591836735 6.25e-05 0 101 -0.12248191298270712
augmented_r1 0 102 102.0 -0.2527161875043844 -0.11782251864063496 0.9836734693877551 0.9938775510204082 6.25e-05 1 101 -0.12248191298270712
augmented_r1 0 103 103.0 -0.2528159069408896 -0.11284179444215736 0.9795918367346939 0.9948979591836735 6.25e-05 2 101 -0.12248191298270712
augmented_r1 0 104 104.0 -0.2527828739547643 -0.11638340366129972 0.9826530612244898 0.9948979591836735 6.25e-05 3 101 -0.12248191298270712
augmented_r1 0 105 105.0 -0.2530508631475936 -0.12008838507593894 0.9857142857142858 0.9938775510204082 6.25e-05 4 101 -0.12248191298270712
augmented_r1 0 106 106.0 -0.25239871552571674 -0.11479262186556446 0.9846938775510204 0.9938775510204082 6.25e-05 5 101 -0.12248191298270712
augmented_r1 0 107 107.0 -0.2530597537634214 -0.10495858143786994 0.9806122448979592 0.9938775510204082 6.25e-05 6 101 -0.12248191298270712
augmented_r1 0 108 108.0 -0.25287931667800606 -0.101422212075214 0.9816326530612245 0.9938775510204082 6.25e-05 7 101 -0.12248191298270712
augmented_r1 0 109 109.0 -0.25288343881402725 -0.11797125436821762 0.9826530612244898 0.9948979591836735 6.25e-05 8 101 -0.12248191298270712
augmented_r1 0 110 110.0 -0.25320149139009496 -0.1205515126792752 0.9836734693877551 0.9948979591836735 6.25e-05 9 101 -0.12248191298270712
augmented_r1 0 111 111.0 -0.2525495581880137 -0.11588320634802994 0.9836734693877551 0.9928571428571429 6.25e-05 10 101 -0.12248191298270712
augmented_r1 0 112 112.0 -0.2522379272751412 -0.12255532109007543 0.9836734693877551 0.9938775510204082 6.25e-05 0 112 -0.12255532109007543
augmented_r1 0 113 113.0 -0.25192563153914954 -0.10433541852600721 0.9806122448979592 0.9948979591836735 6.25e-05 1 112 -0.12255532109007543
augmented_r1 0 114 114.0 -0.25329559814156155 -0.12072385038648333 0.986734693877551 0.9938775510204082 6.25e-05 2 112 -0.12255532109007543
augmented_r1 0 115 115.0 -0.2538312305605417 -0.11470705684350462 0.9836734693877551 0.9938775510204082 6.25e-05 3 112 -0.12255532109007543
augmented_r1 0 116 116.0 -0.25306189823193925 -0.09864760758925457 0.9785714285714285 0.9938775510204082 6.25e-05 4 112 -0.12255532109007543
augmented_r1 0 117 117.0 -0.25327473995201816 -0.12212087816121626 0.9846938775510204 0.9938775510204082 6.25e-05 5 112 -0.12255532109007543
augmented_r1 0 118 118.0 -0.2530230841634493 -0.12020023452992341 0.9836734693877551 0.9948979591836735 6.25e-05 6 112 -0.12255532109007543
augmented_r1 0 119 119.0 -0.2524234897106602 -0.09719315499675517 0.9806122448979592 0.9948979591836735 6.25e-05 7 112 -0.12255532109007543
augmented_r1 0 120 120.0 -0.25355430086038894 -0.10215237724537753 0.9816326530612245 0.9938775510204082 6.25e-05 8 112 -0.12255532109007543
augmented_r1 0 121 121.0 -0.25330762345304936 -0.1017595218152416 0.9775510204081632 0.9948979591836735 6.25e-05 9 112 -0.12255532109007543
augmented_r1 0 122 122.0 -0.253705299447138 -0.11290190171222297 0.9826530612244898 0.9948979591836735 6.25e-05 10 112 -0.12255532109007543
augmented_r1 0 123 123.0 -0.25370691126171047 -0.1132148046882785 0.9816326530612245 0.9948979591836735 3.125e-05 11 112 -0.12255532109007543
augmented_r1 0 124 124.0 -0.25428490532131776 -0.12175482049280284 0.9846938775510204 0.9938775510204082 3.125e-05 12 112 -0.12255532109007543
augmented_r1 0 125 125.0 -0.25424719546742724 -0.11451748779841832 0.9857142857142858 0.9938775510204082 3.125e-05 13 112 -0.12255532109007543
augmented_r1 0 126 126.0 -0.25431418329599065 -0.11765938340401164 0.9836734693877551 0.9938775510204082 3.125e-05 14 112 -0.12255532109007543
augmented_r1 0 127 127.0 -0.25452198724664454 -0.11645623907750967 0.9826530612244898 0.9948979591836735 3.125e-05 15 112 -0.12255532109007543
augmented_r1 0 128 128.0 -0.25480577486296213 -0.12187946037370331 0.9826530612244898 0.9948979591836735 3.125e-05 16 112 -0.12255532109007543
augmented_r1 0 129 129.0 -0.2546988849579287 -0.11588172134088011 0.9826530612244898 0.9948979591836735 3.125e-05 17 112 -0.12255532109007543
augmented_r1 0 130 130.0 -0.2543751131768558 -0.12070441148719009 0.9836734693877551 0.9948979591836735 3.125e-05 18 112 -0.12255532109007543
augmented_r1 0 131 131.0 -0.25398599276259115 -0.11752156822048888 0.9816326530612245 0.9938775510204082 3.125e-05 19 112 -0.12255532109007543
augmented_r1 0 132 132.0 -0.2543586944105189 -0.11570971012115479 0.9836734693877551 0.9938775510204082 3.125e-05 20 112 -0.12255532109007543
augmented_r1 0 133 133.0 -0.2543515359819666 -0.11754602072190265 0.9846938775510204 0.9938775510204082 3.125e-05 21 112 -0.12255532109007543
augmented_r1 0 134 134.0 -0.2545330975470194 -0.11232612376310387 0.9836734693877551 0.9938775510204082 1.5625e-05 22 112 -0.12255532109007543
augmented_r1 0 135 135.0 -0.2544709023593828 -0.11716145350008594 0.9836734693877551 0.9938775510204082 1.5625e-05 23 112 -0.12255532109007543
augmented_r1 0 136 136.0 -0.2549866649761451 -0.1124929243204545 0.9816326530612245 0.9938775510204082 1.5625e-05 24 112 -0.12255532109007543
augmented_r1 0 137 137.0 -0.25509485979811797 -0.12364355350027278 0.9836734693877551 0.9938775510204082 1.5625e-05 0 137 -0.12364355350027278
augmented_r1 0 138 138.0 -0.2542218550248304 -0.11897270241562201 0.9846938775510204 0.9938775510204082 1.5625e-05 1 137 -0.12364355350027278
augmented_r1 0 139 139.0 -0.25458504487534195 -0.11415587006782998 0.9816326530612245 0.9948979591836735 1.5625e-05 2 137 -0.12364355350027278
augmented_r1 0 140 140.0 -0.2550714252701793 -0.1163237815000573 0.9826530612244898 0.9938775510204082 1.5625e-05 3 137 -0.12364355350027278
augmented_r1 0 141 141.0 -0.25461118222906326 -0.1196986840695751 0.9836734693877551 0.9938775510204082 1.5625e-05 4 137 -0.12364355350027278
augmented_r1 0 142 142.0 -0.2548494710740424 -0.11831380055875194 0.9816326530612245 0.9948979591836735 1.5625e-05 5 137 -0.12364355350027278
augmented_r1 0 143 143.0 -0.2549624697652341 -0.11173345750691939 0.9816326530612245 0.9948979591836735 1.5625e-05 6 137 -0.12364355350027278
augmented_r1 0 144 144.0 -0.25482061468791917 -0.11902188573564802 0.9846938775510204 0.9948979591836735 1.5625e-05 7 137 -0.12364355350027278
augmented_r1 0 145 145.0 -0.25545048451239666 -0.11698813292444969 0.9816326530612245 0.9948979591836735 1.5625e-05 8 137 -0.12364355350027278
augmented_r1 0 146 146.0 -0.2554176197071482 -0.11359388098424794 0.9836734693877551 0.9938775510204082 1.5625e-05 9 137 -0.12364355350027278
augmented_r1 0 147 147.0 -0.25494976794238094 -0.11830625825998735 0.9826530612244898 0.9948979591836735 1.5625e-05 10 137 -0.12364355350027278
augmented_r1 0 148 148.0 -0.2549790955921005 -0.11392305140592614 0.9816326530612245 0.9948979591836735 7.8125e-06 11 137 -0.12364355350027278
augmented_r1 0 149 149.0 -0.2554474597998873 -0.1149627602830225 0.9816326530612245 0.9938775510204082 7.8125e-06 12 137 -0.12364355350027278
augmented_r1 0 150 150.0 -0.2557040836883576 -0.11944651117130202 0.9826530612244898 0.9948979591836735 7.8125e-06 13 137 -0.12364355350027278
augmented_r1 0 151 151.0 -0.2550360300678369 -0.1207459950933651 0.9826530612244898 0.9938775510204082 7.8125e-06 14 137 -0.12364355350027278
augmented_r1 0 152 152.0 -0.2553901250287721 -0.12483375996959453 0.9846938775510204 0.9948979591836735 7.8125e-06 0 152 -0.12483375996959453
augmented_r1 0 153 153.0 -0.2555827039564083 -0.11985202906083088 0.9806122448979592 0.9938775510204082 7.8125e-06 1 152 -0.12483375996959453
augmented_r1 0 154 154.0 -0.2550460551199564 -0.1186706898163776 0.9806122448979592 0.9948979591836735 7.8125e-06 2 152 -0.12483375996959453
augmented_r1 0 155 155.0 -0.255079256990418 -0.12148165313565001 0.9826530612244898 0.9948979591836735 7.8125e-06 3 152 -0.12483375996959453
augmented_r1 0 156 156.0 -0.2551261490440022 -0.12174099464805758 0.9826530612244898 0.9948979591836735 7.8125e-06 4 152 -0.12483375996959453
augmented_r1 0 157 157.0 -0.2555035571320404 -0.1217203291095033 0.9816326530612245 0.9948979591836735 7.8125e-06 5 152 -0.12483375996959453
augmented_r1 0 158 158.0 -0.25524643527557783 -0.11896575032448282 0.9836734693877551 0.9938775510204082 7.8125e-06 6 152 -0.12483375996959453
augmented_r1 0 159 159.0 -0.25537082570496333 -0.11810998576028006 0.9846938775510204 0.9938775510204082 7.8125e-06 7 152 -0.12483375996959453
augmented_r1 0 160 160.0 -0.25537255702644274 -0.11924146194847263 0.9816326530612245 0.9938775510204082 7.8125e-06 8 152 -0.12483375996959453
augmented_r1 0 161 161.0 -0.25556843011854347 -0.11894173427503936 0.9846938775510204 0.9938775510204082 7.8125e-06 9 152 -0.12483375996959453
augmented_r1 0 162 162.0 -0.25598452527361787 -0.11655520516998914 0.9816326530612245 0.9938775510204082 7.8125e-06 10 152 -0.12483375996959453
augmented_r1 0 163 163.0 -0.2555379232275881 -0.11908756518850522 0.9816326530612245 0.9938775510204082 3.90625e-06 11 152 -0.12483375996959453
augmented_r1 0 164 164.0 -0.2555436945156352 -0.1220410697314204 0.9826530612244898 0.9938775510204082 3.90625e-06 12 152 -0.12483375996959453
augmented_r1 0 165 165.0 -0.255686171072156 -0.12032169468548833 0.9836734693877551 0.9938775510204082 3.90625e-06 13 152 -0.12483375996959453
augmented_r1 0 166 166.0 -0.2557719055490498 -0.1207449299948556 0.9836734693877551 0.9948979591836735 3.90625e-06 14 152 -0.12483375996959453
augmented_r1 0 167 167.0 -0.2559089984506355 -0.12062256920094393 0.9836734693877551 0.9948979591836735 3.90625e-06 15 152 -0.12483375996959453
augmented_r1 0 168 168.0 -0.25565734842502147 -0.11592230310245435 0.9816326530612245 0.9948979591836735 3.90625e-06 16 152 -0.12483375996959453
augmented_r1 0 169 169.0 -0.2553505260350214 -0.11873139264632245 0.9846938775510204 0.9948979591836735 3.90625e-06 17 152 -0.12483375996959453
augmented_r1 0 170 170.0 -0.25532517598749993 -0.12054827943140146 0.9836734693877551 0.9948979591836735 3.90625e-06 18 152 -0.12483375996959453
augmented_r1 0 171 171.0 -0.25540035267716044 -0.11919788000534992 0.9806122448979592 0.9948979591836735 3.90625e-06 19 152 -0.12483375996959453
augmented_r1 0 172 172.0 -0.2553112328837148 -0.12002453366104437 0.9826530612244898 0.9938775510204082 3.90625e-06 20 152 -0.12483375996959453
augmented_r1 0 173 173.0 -0.2557583745641704 -0.11904488047774957 0.9836734693877551 0.9948979591836735 3.90625e-06 21 152 -0.12483375996959453
augmented_r1 0 174 174.0 -0.25551497649453847 -0.12123256264900675 0.9836734693877551 0.9948979591836735 1.953125e-06 22 152 -0.12483375996959453
augmented_r1 0 175 175.0 -0.25601417667693677 -0.12054843707960479 0.9826530612244898 0.9948979591836735 1.953125e-06 23 152 -0.12483375996959453
augmented_r1 0 176 176.0 -0.25585832037927886 -0.12154582373949946 0.9826530612244898 0.9948979591836735 1.953125e-06 24 152 -0.12483375996959453
augmented_r1 0 177 177.0 -0.2558314744526832 -0.12051007066454206 0.9846938775510204 0.9948979591836735 1.953125e-06 25 152 -0.12483375996959453
augmented_r1 0 178 178.0 -0.25601423936597983 -0.12050030669387506 0.9816326530612245 0.9948979591836735 1.953125e-06 26 152 -0.12483375996959453
augmented_r1 0 179 179.0 -0.2557708547973546 -0.11907541751861572 0.9816326530612245 0.9938775510204082 1.953125e-06 27 152 -0.12483375996959453
augmented_r1 0 180 180.0 -0.25566534884020353 -0.12257967481807787 0.9836734693877551 0.9938775510204082 1.953125e-06 28 152 -0.12483375996959453
augmented_r1 0 181 181.0 -0.25604169446124414 -0.11770649929435886 0.9836734693877551 0.9938775510204082 1.953125e-06 29 152 -0.12483375996959453
augmented_r1 0 182 182.0 -0.2555064088747386 -0.120623779296875 0.9816326530612245 0.9948979591836735 1.953125e-06 30 152 -0.12483375996959453
augmented_r1 1 1 1.0 1.7114509470182497 2.1356213589103854 0.39081632653061227 0.7653061224489796 0.001 0 1 2.1356213589103854
augmented_r1 1 2 2.0 1.1386970166341857 2.2059732534447494 0.6071428571428571 0.5418367346938775 0.001 1 1 2.1356213589103854
augmented_r1 1 3 3.0 0.890203346001577 1.437434267511173 0.6479591836734694 0.8908163265306123 0.001 0 3 1.437434267511173
augmented_r1 1 4 4.0 0.7832126350117119 1.5369267303116467 0.7193877551020408 0.8010204081632653 0.001 1 3 1.437434267511173
augmented_r1 1 5 5.0 0.6619746221286082 1.3973876203809465 0.5897959183673469 0.9673469387755103 0.001 0 5 1.3973876203809465
augmented_r1 1 6 6.0 0.5713593945198042 0.7838503725674688 0.8836734693877552 0.9795918367346939 0.001 0 6 0.7838503725674688
augmented_r1 1 7 7.0 0.5069068653498029 1.352901654340783 0.6908163265306122 0.9540816326530612 0.001 1 6 0.7838503725674688
augmented_r1 1 8 8.0 0.46473283599681653 2.685464007513864 0.4459183673469388 0.9887755102040816 0.001 2 6 0.7838503725674688
augmented_r1 1 9 9.0 0.40135395649991357 1.2738924834193015 0.6602040816326531 0.923469387755102 0.001 3 6 0.7838503725674688
augmented_r1 1 10 10.0 0.36924338167600074 1.7757567152685048 0.5785714285714286 0.9714285714285714 0.001 4 6 0.7838503725674688
augmented_r1 1 11 11.0 0.29871755456902793 0.7923448426382882 0.8193877551020409 0.9775510204081632 0.001 5 6 0.7838503725674688
augmented_r1 1 12 12.0 0.25244273869654726 1.3522974009416542 0.7948979591836735 0.7959183673469388 0.001 6 6 0.7838503725674688
augmented_r1 1 13 13.0 0.2411106141572425 2.4397041885220276 0.6285714285714286 0.6030612244897959 0.001 7 6 0.7838503725674688
augmented_r1 1 14 14.0 0.19619919229138183 0.9268144079617091 0.9408163265306122 0.786734693877551 0.001 8 6 0.7838503725674688
augmented_r1 1 15 15.0 0.1480186069439175 1.6411851921860052 0.6693877551020408 0.9785714285714285 0.001 9 6 0.7838503725674688
augmented_r1 1 16 16.0 0.1425218136538931 0.4091417862444508 0.9316326530612244 0.9775510204081632 0.001 0 16 0.4091417862444508
augmented_r1 1 17 17.0 0.11850915756541601 1.6620822984345105 0.5877551020408164 0.9826530612244898 0.001 1 16 0.4091417862444508
augmented_r1 1 18 18.0 0.08889639599454224 0.9486344916479929 0.7673469387755102 0.9857142857142858 0.001 2 16 0.4091417862444508
augmented_r1 1 19 19.0 0.033200214410228614 0.48362529740041615 0.9081632653061225 0.9581632653061225 0.001 3 16 0.4091417862444508
augmented_r1 1 20 20.0 -0.009453074016519097 0.8861905983516148 0.7918367346938775 0.9561224489795919 0.001 4 16 0.4091417862444508
augmented_r1 1 21 21.0 -0.0064146149120599205 0.6536239733501357 0.8540816326530613 0.9704081632653061 0.001 5 16 0.4091417862444508
augmented_r1 1 22 22.0 -0.029526530749355184 2.22206895983949 0.513265306122449 0.9132653061224489 0.001 6 16 0.4091417862444508
augmented_r1 1 23 23.0 -0.03454878078067622 0.6979366433863737 0.7714285714285715 0.9928571428571429 0.001 7 16 0.4091417862444508
augmented_r1 1 24 24.0 -0.04833651276214849 0.41685450052728457 0.9520408163265306 0.9173469387755102 0.001 8 16 0.4091417862444508
augmented_r1 1 25 25.0 -0.08273758738894815 1.5071290225398783 0.636734693877551 0.9530612244897959 0.001 9 16 0.4091417862444508
augmented_r1 1 26 26.0 -0.08367482188935178 4.950491809844971 0.45 0.6806122448979591 0.001 10 16 0.4091417862444508
augmented_r1 1 27 27.0 -0.023971160081533535 0.4652937874502065 0.8775510204081632 0.9908163265306122 0.0005 11 16 0.4091417862444508
augmented_r1 1 28 28.0 -0.1058758947722651 0.08309161833354405 0.9581632653061225 0.9938775510204082 0.0005 0 28 0.08309161833354405
augmented_r1 1 29 29.0 -0.1492512108681151 0.15251273841274027 0.9357142857142857 0.9918367346938776 0.0005 1 28 0.08309161833354405
augmented_r1 1 30 30.0 -0.1622351906378595 0.016720600030860122 0.9693877551020408 0.9938775510204082 0.0005 0 30 0.016720600030860122
augmented_r1 1 31 31.0 -0.16972257316626585 -0.008053525613278758 0.9642857142857143 0.9928571428571429 0.0005 0 31 -0.008053525613278758
augmented_r1 1 32 32.0 -0.1768532157810071 -0.01785850816843461 0.976530612244898 0.9928571428571429 0.0005 0 32 -0.01785850816843461
augmented_r1 1 33 33.0 -0.182740183619007 -0.02097636874841184 0.9714285714285714 0.9928571428571429 0.0005 0 33 -0.02097636874841184
augmented_r1 1 34 34.0 -0.18618071271352643 0.01233948347519855 0.9653061224489796 0.9908163265306122 0.0005 1 33 -0.02097636874841184
augmented_r1 1 35 35.0 -0.19048416958145267 0.011479165116134955 0.9714285714285714 0.9877551020408163 0.0005 2 33 -0.02097636874841184
augmented_r1 1 36 36.0 -0.18996610887149112 0.1297485125308134 0.9551020408163265 0.9897959183673469 0.0005 3 33 -0.02097636874841184
augmented_r1 1 37 37.0 -0.19751968642986745 0.021622431521513025 0.960204081632653 0.9938775510204082 0.0005 4 33 -0.02097636874841184
augmented_r1 1 38 38.0 -0.19930166617556697 0.01378549726641908 0.9704081632653061 0.9897959183673469 0.0005 5 33 -0.02097636874841184
augmented_r1 1 39 39.0 -0.19418458607431655 0.365061574566121 0.9081632653061225 0.986734693877551 0.0005 6 33 -0.02097636874841184
augmented_r1 1 40 40.0 -0.19912759428721258 0.10276104990316896 0.9469387755102041 0.9918367346938776 0.0005 7 33 -0.02097636874841184
augmented_r1 1 41 41.0 -0.19995610986143364 2.0210404668535507 0.5612244897959183 0.9897959183673469 0.0005 8 33 -0.02097636874841184
augmented_r1 1 42 42.0 -0.1793650291315599 2.3244471705689724 0.6714285714285714 0.8520408163265306 0.0005 9 33 -0.02097636874841184
augmented_r1 1 43 43.0 -0.1775951603029297 1.871786374461894 0.8193877551020409 0.8030612244897959 0.0005 10 33 -0.02097636874841184
augmented_r1 1 44 44.0 -0.18972840416826448 0.15933855407092037 0.9377551020408164 0.9938775510204082 0.00025 11 33 -0.02097636874841184
augmented_r1 1 45 45.0 -0.21622551778095503 -0.06554988817292817 0.9744897959183674 0.9928571428571429 0.00025 0 45 -0.06554988817292817
augmented_r1 1 46 46.0 -0.2240657960075278 -0.028385652814592634 0.9724489795918367 0.9938775510204082 0.00025 1 45 -0.06554988817292817
augmented_r1 1 47 47.0 -0.2273387854282173 -0.05820328824374141 0.9724489795918367 0.9928571428571429 0.00025 2 45 -0.06554988817292817
augmented_r1 1 48 48.0 -0.22865768299825723 -0.0651030666974126 0.9744897959183674 0.9928571428571429 0.00025 3 45 -0.06554988817292817
augmented_r1 1 49 49.0 -0.22898844232139293 -0.0559657164982387 0.9744897959183674 0.9928571428571429 0.00025 4 45 -0.06554988817292817
augmented_r1 1 50 50.0 -0.22854882895378323 -0.044922749363646215 0.9693877551020408 0.9928571428571429 0.00025 5 45 -0.06554988817292817
augmented_r1 1 51 51.0 -0.23046728474846007 -0.029996419926078953 0.9714285714285714 0.9938775510204082 0.00025 6 45 -0.06554988817292817
augmented_r1 1 52 52.0 -0.2302666182578611 -0.052978440693446566 0.9704081632653061 0.9928571428571429 0.00025 7 45 -0.06554988817292817
augmented_r1 1 53 53.0 -0.23427796764261224 -0.047754908581169285 0.9734693877551021 0.9948979591836735 0.00025 8 45 -0.06554988817292817
augmented_r1 1 54 54.0 -0.23476422260525115 -0.05876308849879674 0.9714285714285714 0.9928571428571429 0.00025 9 45 -0.06554988817292817
augmented_r1 1 55 55.0 -0.2343752280831391 -0.0457103359455965 0.9744897959183674 0.9928571428571429 0.00025 10 45 -0.06554988817292817
augmented_r1 1 56 56.0 -0.23546288308911145 -0.03876577348125224 0.9724489795918367 0.9928571428571429 0.000125 11 45 -0.06554988817292817
augmented_r1 1 57 57.0 -0.23824644337661474 -0.0656205415725708 0.9744897959183674 0.9948979591836735 0.000125 0 57 -0.0656205415725708
augmented_r1 1 58 58.0 -0.23962623516754622 -0.05186071979756258 0.9724489795918367 0.9948979591836735 0.000125 1 57 -0.0656205415725708
augmented_r1 1 59 59.0 -0.23806009022582406 -0.050492318309083274 0.9734693877551021 0.9928571428571429 0.000125 2 57 -0.0656205415725708
augmented_r1 1 60 60.0 -0.2402873000555346 -0.05786289098311444 0.9734693877551021 0.9928571428571429 0.000125 3 57 -0.0656205415725708
augmented_r1 1 61 61.0 -0.24022152810220115 -0.06355489905999631 0.9775510204081632 0.9928571428571429 0.000125 4 57 -0.0656205415725708
augmented_r1 1 62 62.0 -0.23961673359734548 -0.055045574538561765 0.9744897959183674 0.9928571428571429 0.000125 5 57 -0.0656205415725708
augmented_r1 1 63 63.0 -0.24145047144082477 -0.04931678285404127 0.9744897959183674 0.9948979591836735 0.000125 6 57 -0.0656205415725708
augmented_r1 1 64 64.0 -0.24075991464537813 -0.054760677473885674 0.9755102040816327 0.9928571428571429 0.000125 7 57 -0.0656205415725708
augmented_r1 1 65 65.0 -0.24042039132908263 -0.050877753569155325 0.9785714285714285 0.9928571428571429 0.000125 8 57 -0.0656205415725708
augmented_r1 1 66 66.0 -0.24179290242483006 -0.0547108066325285 0.976530612244898 0.9928571428571429 0.000125 9 57 -0.0656205415725708
augmented_r1 1 67 67.0 -0.24201489379608354 -0.02549295133473922 0.9724489795918367 0.9928571428571429 0.000125 10 57 -0.0656205415725708
augmented_r1 1 68 68.0 -0.242132982962033 -0.058120159713589414 0.9714285714285714 0.9938775510204082 6.25e-05 11 57 -0.0656205415725708
augmented_r1 1 69 69.0 -0.2428203752730253 -0.046524934379421935 0.9734693877551021 0.9928571428571429 6.25e-05 12 57 -0.0656205415725708
augmented_r1 1 70 70.0 -0.24453164318502896 -0.059919456073216026 0.9775510204081632 0.9928571428571429 6.25e-05 13 57 -0.0656205415725708
augmented_r1 1 71 71.0 -0.2448643564203897 -0.05566196490307244 0.9755102040816327 0.9928571428571429 6.25e-05 14 57 -0.0656205415725708
augmented_r1 1 72 72.0 -0.2445502223288856 -0.052774922215208714 0.9755102040816327 0.9928571428571429 6.25e-05 15 57 -0.0656205415725708
augmented_r1 1 73 73.0 -0.24535967575329518 -0.04818039475655069 0.9704081632653061 0.9928571428571429 6.25e-05 16 57 -0.0656205415725708
augmented_r1 1 74 74.0 -0.24551352045506822 -0.05780196530478341 0.9755102040816327 0.9938775510204082 6.25e-05 17 57 -0.0656205415725708
augmented_r1 1 75 75.0 -0.24521898365648453 -0.06313326942677401 0.976530612244898 0.9928571428571429 6.25e-05 18 57 -0.0656205415725708
augmented_r1 1 76 76.0 -0.24521433498120232 -0.0573498433949996 0.9775510204081632 0.9928571428571429 6.25e-05 19 57 -0.0656205415725708
augmented_r1 1 77 77.0 -0.24542143882754927 -0.04998510954331378 0.9734693877551021 0.9938775510204082 6.25e-05 20 57 -0.0656205415725708
augmented_r1 1 78 78.0 -0.24580690144302084 -0.057853215567919676 0.9755102040816327 0.9938775510204082 6.25e-05 21 57 -0.0656205415725708
augmented_r1 1 79 79.0 -0.2461452887808254 -0.06031806906875299 0.976530612244898 0.9928571428571429 3.125e-05 22 57 -0.0656205415725708
augmented_r1 1 80 80.0 -0.24623892229359853 -0.060982986858912874 0.976530612244898 0.9928571428571429 3.125e-05 23 57 -0.0656205415725708
augmented_r1 1 81 81.0 -0.24750013915290087 -0.05833332781889001 0.9734693877551021 0.9928571428571429 3.125e-05 24 57 -0.0656205415725708
augmented_r1 1 82 82.0 -0.24723442605664067 -0.06074084116488087 0.9785714285714285 0.9928571428571429 3.125e-05 25 57 -0.0656205415725708
augmented_r1 1 83 83.0 -0.24779440798761626 -0.06550007012425636 0.9785714285714285 0.9928571428571429 3.125e-05 26 57 -0.0656205415725708
augmented_r1 1 84 84.0 -0.24727558627000895 -0.06209803065475152 0.9775510204081632 0.9938775510204082 3.125e-05 27 57 -0.0656205415725708
augmented_r1 1 85 85.0 -0.24631719731548618 -0.055296866747797754 0.9724489795918367 0.9928571428571429 3.125e-05 28 57 -0.0656205415725708
augmented_r1 1 86 86.0 -0.24752992307712315 -0.05959353252333038 0.9744897959183674 0.9928571428571429 3.125e-05 29 57 -0.0656205415725708
augmented_r1 1 87 87.0 -0.24734691195308323 -0.06410813866829386 0.976530612244898 0.9928571428571429 3.125e-05 30 57 -0.0656205415725708
augmented_r1 2 1 1.0 1.661294198447447 3.491975529339849 0.30918367346938774 0.3989795918367347 0.001 0 1 3.491975529339849
augmented_r1 2 2 2.0 1.0253319220276675 1.4780586403243396 0.746938775510204 0.7816326530612245 0.001 0 2 1.4780586403243396
augmented_r1 2 3 3.0 0.83019814729907 1.9214606757066688 0.6857142857142857 0.6489795918367347 0.001 1 2 1.4780586403243396
augmented_r1 2 4 4.0 0.718534991381875 2.022648774361124 0.5459183673469388 0.8857142857142857 0.001 2 2 1.4780586403243396
augmented_r1 2 5 5.0 0.6620539351858121 1.93776974532069 0.5938775510204082 0.7775510204081633 0.001 3 2 1.4780586403243396
augmented_r1 2 6 6.0 0.5813331757953261 1.0698531291922744 0.6826530612244898 0.9816326530612245 0.001 0 6 1.0698531291922744
augmented_r1 2 7 7.0 0.5138399715700639 1.5665099976014119 0.6428571428571429 0.9387755102040817 0.001 1 6 1.0698531291922744
augmented_r1 2 8 8.0 0.4592256088230862 1.179132975364218 0.8204081632653061 0.8418367346938775 0.001 2 6 1.0698531291922744
augmented_r1 2 9 9.0 0.38024335565266154 0.7874754511580175 0.8581632653061224 0.939795918367347 0.001 0 9 0.7874754511580175
augmented_r1 2 10 10.0 0.3441376226006775 1.1687494511506995 0.823469387755102 0.8 0.001 1 9 0.7874754511580175
augmented_r1 2 11 11.0 0.3223999247624557 0.7419327774826361 0.923469387755102 0.8744897959183674 0.001 0 11 0.7419327774826361
augmented_r1 2 12 12.0 0.27763001199370346 1.0720071568781016 0.713265306122449 0.9551020408163265 0.001 1 11 0.7419327774826361
augmented_r1 2 13 13.0 0.22271388439065049 1.170917583485039 0.7622448979591837 0.9295918367346939 0.001 2 11 0.7419327774826361
augmented_r1 2 14 14.0 0.18178475334651895 1.1366760331757215 0.8336734693877551 0.8163265306122449 0.001 3 11 0.7419327774826361
augmented_r1 2 15 15.0 0.14846422503982626 0.5352483109552033 0.889795918367347 0.9785714285714285 0.001 0 15 0.5352483109552033
augmented_r1 2 16 16.0 0.13698228361711576 1.0091906961129635 0.7418367346938776 0.9785714285714285 0.001 1 15 0.5352483109552033
augmented_r1 2 17 17.0 0.12544591295356594 2.0419365775828457 0.6316326530612245 0.8959183673469387 0.001 2 15 0.5352483109552033
augmented_r1 2 18 18.0 0.08294111135814387 2.288623467270209 0.6040816326530613 0.7887755102040817 0.001 3 15 0.5352483109552033
augmented_r1 2 19 19.0 0.05440183712361457 0.35933294807161603 0.9040816326530612 0.9857142857142858 0.001 0 19 0.35933294807161603
augmented_r1 2 20 20.0 0.05522139252070887 1.9033553035891786 0.6377551020408163 0.9877551020408163 0.001 1 19 0.35933294807161603
augmented_r1 2 21 21.0 0.03313863821263428 0.530351211586777 0.8561224489795919 0.9928571428571429 0.001 2 19 0.35933294807161603
augmented_r1 2 22 22.0 -0.0065079244277285704 0.10141464033905341 0.9704081632653061 0.9918367346938776 0.001 0 22 0.10141464033905341
augmented_r1 2 23 23.0 -0.04934655543191834 0.5286294540580438 0.9622448979591837 0.8653061224489796 0.001 1 22 0.10141464033905341
augmented_r1 2 24 24.0 -0.08488786269251564 0.12017612846530214 0.9612244897959183 0.9826530612244898 0.001 2 22 0.10141464033905341
augmented_r1 2 25 25.0 -0.11079694109508464 0.07437646267365436 0.9724489795918367 0.9897959183673469 0.001 0 25 0.07437646267365436
augmented_r1 2 26 26.0 -0.11754701262542025 1.4168795069869684 0.7316326530612245 0.9795918367346939 0.001 1 25 0.07437646267365436
augmented_r1 2 27 27.0 -0.08519782995127896 3.2393837967697454 0.5214285714285715 0.9571428571428572 0.001 2 25 0.07437646267365436
augmented_r1 2 28 28.0 -0.09830512174735327 0.3188693985647085 0.9214285714285714 0.9928571428571429 0.001 3 25 0.07437646267365436
augmented_r1 2 29 29.0 -0.05820972154858001 2.6452382039050666 0.65 0.6948979591836735 0.001 4 25 0.07437646267365436
augmented_r1 2 30 30.0 -0.0920898627001104 3.53063133395448 0.5428571428571428 0.6775510204081633 0.001 5 25 0.07437646267365436
augmented_r1 2 31 31.0 -0.08895061057208074 0.8163896451191026 0.8091836734693878 0.9673469387755103 0.001 6 25 0.07437646267365436
augmented_r1 2 32 32.0 -0.14073165465202106 2.069747946213703 0.6938775510204082 0.8469387755102041 0.001 7 25 0.07437646267365436
augmented_r1 2 33 33.0 -0.1531260294964029 0.4722750359651994 0.8581632653061224 0.9928571428571429 0.001 8 25 0.07437646267365436
augmented_r1 2 34 34.0 -0.17604027146704349 0.14525542283544735 0.9408163265306122 0.9938775510204082 0.001 9 25 0.07437646267365436
augmented_r1 2 35 35.0 -0.1892143050162185 0.16840683878684531 0.9306122448979591 0.9877551020408163 0.001 10 25 0.07437646267365436
augmented_r1 2 36 36.0 -0.20252456870124494 0.02038578257268789 0.9642857142857143 0.9908163265306122 0.001 0 36 0.02038578257268789
augmented_r1 2 37 37.0 -0.20344337981990723 0.006324056216648647 0.9693877551020408 0.9908163265306122 0.001 0 37 0.006324056216648647
augmented_r1 2 38 38.0 -0.21726856083421886 0.23051352160317556 0.9428571428571428 0.9775510204081632 0.001 1 37 0.006324056216648647
augmented_r1 2 39 39.0 -0.213615822185996 2.2310114646444514 0.9448979591836735 0.6520408163265307 0.001 2 37 0.006324056216648647
augmented_r1 2 40 40.0 -0.04883487680204013 6.901514316091732 0.8948979591836734 0.32653061224489793 0.001 3 37 0.006324056216648647
augmented_r1 2 41 41.0 -0.045742521787090186 1.3274163455379253 0.7397959183673469 0.9816326530612245 0.001 4 37 0.006324056216648647
augmented_r1 2 42 42.0 -0.16107162282621648 0.059987547932838906 0.9551020408163265 0.9908163265306122 0.001 5 37 0.006324056216648647
augmented_r1 2 43 43.0 -0.1798331151212068 1.648307895173832 0.8397959183673469 0.8112244897959183 0.001 6 37 0.006324056216648647
augmented_r1 2 44 44.0 -0.18474000040314925 0.4228863044660919 0.889795918367347 0.986734693877551 0.001 7 37 0.006324056216648647
augmented_r1 2 45 45.0 -0.20887008838311574 1.2227312209654828 0.7275510204081632 0.9795918367346939 0.001 8 37 0.006324056216648647
augmented_r1 2 46 46.0 -0.22607357795272046 0.16597307847470652 0.9357142857142857 0.9887755102040816 0.001 9 37 0.006324056216648647
augmented_r1 2 47 47.0 -0.23319444481048376 -0.08134964534214564 0.9816326530612245 0.9938775510204082 0.001 0 47 -0.08134964534214564
augmented_r1 2 48 48.0 -0.23198191209430322 0.0889757268282832 0.9704081632653061 0.9785714285714285 0.001 1 47 -0.08134964534214564
augmented_r1 2 49 49.0 -0.23707869217388206 -0.06858885385552231 0.9744897959183674 0.9938775510204082 0.001 2 47 -0.08134964534214564
augmented_r1 2 50 50.0 -0.23437313696930098 0.22077501355385293 0.9489795918367347 0.9673469387755103 0.001 3 47 -0.08134964534214564
augmented_r1 2 51 51.0 -0.23757638554653146 -0.04901721818106515 0.9826530612244898 0.9908163265306122 0.001 4 47 -0.08134964534214564
augmented_r1 2 52 52.0 -0.24101336990980685 -0.005735170111364248 0.9653061224489796 0.9918367346938776 0.001 5 47 -0.08134964534214564
augmented_r1 2 53 53.0 -0.2417524346859413 -0.0009523236021703604 0.9653061224489796 0.9938775510204082 0.001 6 47 -0.08134964534214564
augmented_r1 2 54 54.0 -0.24345763472064863 -0.06554033415658134 0.976530612244898 0.9938775510204082 0.001 7 47 -0.08134964534214564
augmented_r1 2 55 55.0 -0.2442263974907503 0.006098958424159459 0.9724489795918367 0.9887755102040816 0.001 8 47 -0.08134964534214564
augmented_r1 2 56 56.0 -0.23983589911861308 0.5544283005656029 0.8653061224489796 0.9897959183673469 0.001 9 47 -0.08134964534214564
augmented_r1 2 57 57.0 -0.06598365907500237 30.089609060482104 0.29285714285714287 0.6479591836734694 0.001 10 47 -0.08134964534214564
augmented_r1 2 58 58.0 0.17531927780189463 0.5119000366755895 0.9040816326530612 0.9642857142857143 0.0005 11 47 -0.08134964534214564
augmented_r1 2 59 59.0 -0.14228703837150128 0.03793341286328374 0.9622448979591837 0.9897959183673469 0.0005 12 47 -0.08134964534214564
augmented_r1 2 60 60.0 -0.2066524044470629 -0.0871903726032802 0.9806122448979592 0.9918367346938776 0.0005 0 60 -0.0871903726032802
augmented_r1 2 61 61.0 -0.22591999702111623 -0.08931245901146713 0.9755102040816327 0.9938775510204082 0.0005 0 61 -0.08931245901146713
augmented_r1 2 62 62.0 -0.23160452592172678 -0.10076596980192223 0.976530612244898 0.9938775510204082 0.0005 0 62 -0.10076596980192223
augmented_r1 2 63 63.0 -0.23686008758021115 -0.1145659471044735 0.9836734693877551 0.9938775510204082 0.0005 0 63 -0.1145659471044735
augmented_r1 2 64 64.0 -0.2392606665424688 -0.10348410022502043 0.9806122448979592 0.9938775510204082 0.0005 1 63 -0.1145659471044735
augmented_r1 2 65 65.0 -0.24073170498182597 -0.04295724022145174 0.9693877551020408 0.9948979591836735 0.0005 2 63 -0.1145659471044735
augmented_r1 2 66 66.0 -0.24285297614576815 -0.11408579398174676 0.9897959183673469 0.9938775510204082 0.0005 3 63 -0.1145659471044735
augmented_r1 2 67 67.0 -0.242185221982446 -0.09224517831996995 0.9816326530612245 0.9938775510204082 0.0005 4 63 -0.1145659471044735
augmented_r1 2 68 68.0 -0.24305006186636371 -0.10521977531666658 0.9806122448979592 0.9938775510204082 0.0005 5 63 -0.1145659471044735
augmented_r1 2 69 69.0 -0.24536971752610034 -0.10178598725065893 0.9836734693877551 0.9938775510204082 0.0005 6 63 -0.1145659471044735
augmented_r1 2 70 70.0 -0.24280515360496718 -0.09175391002577178 0.9826530612244898 0.9948979591836735 0.0005 7 63 -0.1145659471044735
augmented_r1 2 71 71.0 -0.24463438354618594 -0.09464159060497673 0.9816326530612245 0.9938775510204082 0.0005 8 63 -0.1145659471044735
augmented_r1 2 72 72.0 -0.24531710472531174 -0.07659255193204297 0.9775510204081632 0.9938775510204082 0.0005 9 63 -0.1145659471044735
augmented_r1 2 73 73.0 -0.24566774943499364 -0.11480533444151586 0.9836734693877551 0.9948979591836735 0.0005 0 73 -0.11480533444151586
augmented_r1 2 74 74.0 -0.24490659482036456 -0.04560154360167834 0.9704081632653061 0.9948979591836735 0.0005 1 73 -0.11480533444151586
augmented_r1 2 75 75.0 -0.246899885775228 -0.11127843516213554 0.9836734693877551 0.9938775510204082 0.0005 2 73 -0.11480533444151586
augmented_r1 2 76 76.0 -0.2472853742834118 -0.06563524372723638 0.9724489795918367 0.9938775510204082 0.0005 3 73 -0.11480533444151586
augmented_r1 2 77 77.0 -0.24846042098102925 -0.11039987632206508 0.9816326530612245 0.9938775510204082 0.0005 4 73 -0.11480533444151586
augmented_r1 2 78 78.0 -0.2456320795318077 -0.061145706079444105 0.9714285714285714 0.9948979591836735 0.0005 5 73 -0.11480533444151586
augmented_r1 2 79 79.0 -0.24666810181808646 -0.00015942855757109973 0.9561224489795919 0.9938775510204082 0.0005 6 73 -0.11480533444151586
augmented_r1 2 80 80.0 -0.24907732009887695 -0.09546094427303392 0.9846938775510204 0.9938775510204082 0.0005 7 73 -0.11480533444151586
augmented_r1 2 81 81.0 -0.24726115182698233 -0.11239201292699696 0.986734693877551 0.9948979591836735 0.0005 8 73 -0.11480533444151586
augmented_r1 2 82 82.0 -0.24217212156874993 -0.013736341437514947 0.9744897959183674 0.9918367346938776 0.0005 9 73 -0.11480533444151586
augmented_r1 2 83 83.0 -0.24370101417566611 0.07155369495858951 0.9540816326530612 0.9908163265306122 0.0005 10 73 -0.11480533444151586
augmented_r1 2 84 84.0 -0.21328558599304948 1.178201319246876 0.8163265306122449 0.9244897959183673 0.00025 11 73 -0.11480533444151586
augmented_r1 2 85 85.0 -0.23402855680901194 0.41505878652845113 0.9010204081632653 0.9887755102040816 0.00025 12 73 -0.11480533444151586
augmented_r1 2 86 86.0 -0.2472510246379885 -0.11914178351966702 0.9857142857142858 0.9938775510204082 0.00025 0 86 -0.11914178351966702
augmented_r1 2 87 87.0 -0.24984915993509108 -0.10809405579858897 0.9806122448979592 0.9938775510204082 0.00025 1 86 -0.11914178351966702
augmented_r1 2 88 88.0 -0.25183477366019313 -0.11918865271977015 0.9846938775510204 0.9938775510204082 0.00025 0 88 -0.11918865271977015
augmented_r1 2 89 89.0 -0.25111683625499603 -0.1117707413070056 0.9846938775510204 0.9938775510204082 0.00025 1 88 -0.11918865271977015
augmented_r1 2 90 90.0 -0.25177518221880707 -0.11470504244979547 0.9857142857142858 0.9938775510204082 0.00025 2 88 -0.11918865271977015
augmented_r1 2 91 91.0 -0.25271923356417686 -0.12038567747388568 0.986734693877551 0.9938775510204082 0.00025 0 91 -0.12038567747388568
augmented_r1 2 92 92.0 -0.25184034205435407 -0.1055630333569585 0.9795918367346939 0.9938775510204082 0.00025 1 91 -0.12038567747388568
augmented_r1 2 93 93.0 -0.2511455016519284 -0.11076383006816008 0.9816326530612245 0.9938775510204082 0.00025 2 91 -0.12038567747388568
augmented_r1 2 94 94.0 -0.25218970844326805 -0.1047553977187799 0.9826530612244898 0.9938775510204082 0.00025 3 91 -0.12038567747388568
augmented_r1 2 95 95.0 -0.2538161300498142 -0.11024971884124134 0.9826530612244898 0.9938775510204082 0.00025 4 91 -0.12038567747388568
augmented_r1 2 96 96.0 -0.252061830452232 -0.11666610143622573 0.986734693877551 0.9938775510204082 0.00025 5 91 -0.12038567747388568
augmented_r1 2 97 97.0 -0.2528251489616771 -0.11714562688555036 0.986734693877551 0.9938775510204082 0.00025 6 91 -0.12038567747388568
augmented_r1 2 98 98.0 -0.25208892610686723 -0.10725919081240284 0.9846938775510204 0.9948979591836735 0.00025 7 91 -0.12038567747388568
augmented_r1 2 99 99.0 -0.2519756629691035 -0.11807608263833182 0.9857142857142858 0.9938775510204082 0.00025 8 91 -0.12038567747388568
augmented_r1 2 100 100.0 -0.2526407085707444 -0.11043044255704296 0.9826530612244898 0.9938775510204082 0.00025 9 91 -0.12038567747388568
augmented_r1 2 101 101.0 -0.2518644697602316 -0.10769094496357198 0.9846938775510204 0.9938775510204082 0.00025 10 91 -0.12038567747388568
augmented_r1 2 102 102.0 -0.252941823119312 -0.0952444212777274 0.9836734693877551 0.9938775510204082 0.000125 11 91 -0.12038567747388568
augmented_r1 2 103 103.0 -0.2538620015733955 -0.11979976284260653 0.9846938775510204 0.9948979591836735 0.000125 12 91 -0.12038567747388568
augmented_r1 2 104 104.0 -0.2543119512738502 -0.11533271001309765 0.9846938775510204 0.9938775510204082 0.000125 13 91 -0.12038567747388568
augmented_r1 2 105 105.0 -0.2541546467700115 -0.12014303110083756 0.9877551020408163 0.9948979591836735 0.000125 14 91 -0.12038567747388568
augmented_r1 2 106 106.0 -0.25454284762773416 -0.11893093634624871 0.9846938775510204 0.9938775510204082 0.000125 15 91 -0.12038567747388568
augmented_r1 2 107 107.0 -0.253856674465763 -0.11333485379510996 0.9836734693877551 0.9938775510204082 0.000125 16 91 -0.12038567747388568
augmented_r1 2 108 108.0 -0.2546389082102574 -0.11600707599094935 0.9857142857142858 0.9938775510204082 0.000125 17 91 -0.12038567747388568
augmented_r1 2 109 109.0 -0.2546595197561596 -0.1181784352477716 0.9857142857142858 0.9938775510204082 0.000125 18 91 -0.12038567747388568
augmented_r1 2 110 110.0 -0.25451321922212206 -0.11570248993075624 0.9846938775510204 0.9938775510204082 0.000125 19 91 -0.12038567747388568
augmented_r1 2 111 111.0 -0.2542388270889365 -0.11786202946487738 0.9857142857142858 0.9938775510204082 0.000125 20 91 -0.12038567747388568
augmented_r1 2 112 112.0 -0.2546804069228136 -0.12159911807702513 0.9857142857142858 0.9938775510204082 0.000125 0 112 -0.12159911807702513
augmented_r1 2 113 113.0 -0.2530626744180715 -0.11968159675598145 0.9857142857142858 0.9938775510204082 0.000125 1 112 -0.12159911807702513
augmented_r1 2 114 114.0 -0.2537851426150114 -0.12102885100306297 0.9857142857142858 0.9938775510204082 0.000125 2 112 -0.12159911807702513
augmented_r1 2 115 115.0 -0.25426647006193726 -0.12248907332517663 0.9846938775510204 0.9938775510204082 0.000125 0 115 -0.12248907332517663
augmented_r1 2 116 116.0 -0.2546338043156614 -0.11084199000378045 0.9857142857142858 0.9938775510204082 0.000125 1 115 -0.12248907332517663
augmented_r1 2 117 117.0 -0.25459257153776416 -0.11464002083758919 0.9836734693877551 0.9938775510204082 0.000125 2 115 -0.12248907332517663
augmented_r1 2 118 118.0 -0.25402357707605866 -0.1230505135594582 0.9857142857142858 0.9938775510204082 0.000125 0 118 -0.1230505135594582
augmented_r1 2 119 119.0 -0.25419418496864793 -0.12041594009010159 0.9836734693877551 0.9938775510204082 0.000125 1 118 -0.1230505135594582
augmented_r1 2 120 120.0 -0.25496091073716276 -0.11930098874228341 0.9857142857142858 0.9938775510204082 0.000125 2 118 -0.1230505135594582
augmented_r1 2 121 121.0 -0.2537908626587565 -0.10125578082337672 0.9826530612244898 0.9938775510204082 0.000125 3 118 -0.1230505135594582
augmented_r1 2 122 122.0 -0.2540868633290177 -0.11171590989949752 0.9857142857142858 0.9938775510204082 0.000125 4 118 -0.1230505135594582
augmented_r1 2 123 123.0 -0.25487476178748036 -0.11735629792116126 0.9836734693877551 0.9948979591836735 0.000125 5 118 -0.1230505135594582
augmented_r1 2 124 124.0 -0.25459860521611766 -0.10344021417656724 0.9806122448979592 0.9948979591836735 0.000125 6 118 -0.1230505135594582
augmented_r1 2 125 125.0 -0.25419233960559895 -0.10997910888827576 0.9836734693877551 0.9938775510204082 0.000125 7 118 -0.1230505135594582
augmented_r1 2 126 126.0 -0.253756129844482 -0.09002997096703977 0.9795918367346939 0.9938775510204082 0.000125 8 118 -0.1230505135594582
augmented_r1 2 127 127.0 -0.25464027035090253 -0.10707415172031948 0.9816326530612245 0.9938775510204082 0.000125 9 118 -0.1230505135594582
augmented_r1 2 128 128.0 -0.25316804677207416 -0.04629330343129683 0.9653061224489796 0.9938775510204082 0.000125 10 118 -0.1230505135594582
augmented_r1 2 129 129.0 -0.25436183229880177 -0.0978903390923325 0.9795918367346939 0.9938775510204082 6.25e-05 11 118 -0.1230505135594582
augmented_r1 2 130 130.0 -0.2550474798684763 -0.10532846012893989 0.9826530612244898 0.9938775510204082 6.25e-05 12 118 -0.1230505135594582
augmented_r1 2 131 131.0 -0.25536444622226806 -0.11858800576657665 0.9857142857142858 0.9938775510204082 6.25e-05 13 118 -0.1230505135594582
augmented_r1 2 132 132.0 -0.2561778323627633 -0.11079707486288888 0.9836734693877551 0.9938775510204082 6.25e-05 14 118 -0.1230505135594582
augmented_r1 2 133 133.0 -0.25629361569746156 -0.1067058412396178 0.9816326530612245 0.9938775510204082 6.25e-05 15 118 -0.1230505135594582
augmented_r1 2 134 134.0 -0.25564294907378976 -0.11398350073366749 0.9836734693877551 0.9938775510204082 6.25e-05 16 118 -0.1230505135594582
augmented_r1 2 135 135.0 -0.25532781704414775 -0.09884888639255446 0.9816326530612245 0.9938775510204082 6.25e-05 17 118 -0.1230505135594582
augmented_r1 2 136 136.0 -0.25591421468226516 -0.12055390659643679 0.9846938775510204 0.9938775510204082 6.25e-05 18 118 -0.1230505135594582
augmented_r1 2 137 137.0 -0.2559320521636059 -0.1141683461714764 0.9836734693877551 0.9938775510204082 6.25e-05 19 118 -0.1230505135594582
augmented_r1 2 138 138.0 -0.2557098880119341 -0.10604993956429618 0.9816326530612245 0.9938775510204082 6.25e-05 20 118 -0.1230505135594582
augmented_r1 2 139 139.0 -0.2558478342637224 -0.11332354156338438 0.9826530612244898 0.9938775510204082 6.25e-05 21 118 -0.1230505135594582
augmented_r1 2 140 140.0 -0.2555867830461337 -0.11636513203990703 0.9846938775510204 0.9938775510204082 3.125e-05 22 118 -0.1230505135594582
augmented_r1 2 141 141.0 -0.25652591607487313 -0.12148197135146784 0.9846938775510204 0.9938775510204082 3.125e-05 23 118 -0.1230505135594582
augmented_r1 2 142 142.0 -0.2562789243835782 -0.1192308995188499 0.9836734693877551 0.9938775510204082 3.125e-05 24 118 -0.1230505135594582
augmented_r1 2 143 143.0 -0.2563527758371489 -0.12152026964693653 0.9857142857142858 0.9938775510204082 3.125e-05 25 118 -0.1230505135594582
augmented_r1 2 144 144.0 -0.2562365724019879 -0.11627294579330756 0.9836734693877551 0.9938775510204082 3.125e-05 26 118 -0.1230505135594582
augmented_r1 2 145 145.0 -0.25678936362645327 -0.11558668759404396 0.9836734693877551 0.9938775510204082 3.125e-05 27 118 -0.1230505135594582
augmented_r1 2 146 146.0 -0.25623086853780586 -0.11075426656372693 0.9826530612244898 0.9938775510204082 3.125e-05 28 118 -0.1230505135594582
augmented_r1 2 147 147.0 -0.25595445371572395 -0.11583156828977624 0.9836734693877551 0.9938775510204082 3.125e-05 29 118 -0.1230505135594582
augmented_r1 2 148 148.0 -0.25611865417664015 -0.1144270760672433 0.9826530612244898 0.9938775510204082 3.125e-05 30 118 -0.1230505135594582
augmented_r1 3 1 1.0 1.6127669413523733 1.8559274965403032 0.4530612244897959 0.8948979591836734 0.001 0 1 1.8559274965403032
augmented_r1 3 2 2.0 1.044484339055829 1.3797835121349413 0.7316326530612245 0.8663265306122448 0.001 0 2 1.3797835121349413
augmented_r1 3 3 3.0 0.8568038354123445 1.4159741396806678 0.8653061224489796 0.6418367346938776 0.001 1 2 1.3797835121349413
augmented_r1 3 4 4.0 0.7548822817940957 1.864450369075853 0.8408163265306122 0.523469387755102 0.001 2 2 1.3797835121349413
augmented_r1 3 5 5.0 0.6470835013547596 3.3038482442194104 0.45714285714285713 0.6663265306122449 0.001 3 2 1.3797835121349413
augmented_r1 3 6 6.0 0.5713744702741768 3.1356567129796864 0.37142857142857144 0.7204081632653061 0.001 4 2 1.3797835121349413
augmented_r1 3 7 7.0 0.5095436560582747 1.0157667145437124 0.7091836734693877 0.9785714285714285 0.001 0 7 1.0157667145437124
augmented_r1 3 8 8.0 0.4540610689360393 1.4838430516573848 0.6744897959183673 0.9591836734693877 0.001 1 7 1.0157667145437124
augmented_r1 3 9 9.0 0.38197578007504984 0.9462774909272486 0.9183673469387755 0.7673469387755102 0.001 0 9 0.9462774909272486
augmented_r1 3 10 10.0 0.3601440457501197 1.2342869865651034 0.8816326530612245 0.7336734693877551 0.001 1 9 0.9462774909272486
augmented_r1 3 11 11.0 0.33281390268154376 0.8686470420993104 0.7418367346938776 0.9826530612244898 0.001 0 11 0.8686470420993104
augmented_r1 3 12 12.0 0.265343954400263 2.5255742978076547 0.5244897959183673 0.65 0.001 1 11 0.8686470420993104
augmented_r1 3 13 13.0 0.21922928010989903 1.1524804640789421 0.7571428571428571 0.8938775510204081 0.001 2 11 0.8686470420993104
augmented_r1 3 14 14.0 0.1899412868783737 1.3067865391166842 0.7683673469387755 0.8428571428571429 0.001 3 11 0.8686470420993104
augmented_r1 3 15 15.0 0.14220288002215026 1.176039305511786 0.7428571428571429 0.9918367346938776 0.001 4 11 0.8686470420993104
augmented_r1 3 16 16.0 0.12588986057722185 2.056811928262516 0.7030612244897959 0.6836734693877551 0.001 5 11 0.8686470420993104
augmented_r1 3 17 17.0 0.09323434893564371 1.7396675455326938 0.6153061224489796 0.9346938775510204 0.001 6 11 0.8686470420993104
augmented_r1 3 18 18.0 0.1306748369093976 1.0523469433492543 0.7744897959183673 0.9673469387755103 0.001 7 11 0.8686470420993104
augmented_r1 3 19 19.0 0.07177010810326513 0.466702245206249 0.8795918367346939 0.986734693877551 0.001 0 19 0.466702245206249
augmented_r1 3 20 20.0 0.029357763403824552 1.5621417561355901 0.6051020408163266 0.9724489795918367 0.001 1 19 0.466702245206249
augmented_r1 3 21 21.0 0.004259376946872221 2.2486082524669415 0.5091836734693878 0.9428571428571428 0.001 2 19 0.466702245206249
augmented_r1 3 22 22.0 -0.00902699766730483 0.6792953250359516 0.8622448979591837 0.95 0.001 3 19 0.466702245206249
augmented_r1 3 23 23.0 -0.02900379054718433 1.4891065582937124 0.6683673469387755 0.9795918367346939 0.001 4 19 0.466702245206249
augmented_r1 3 24 24.0 -0.049826502664707166 0.5911024293121027 0.8551020408163266 0.9816326530612245 0.001 5 19 0.466702245206249
augmented_r1 3 25 25.0 -0.07843854819110346 1.9206579928495446 0.7397959183673469 0.7387755102040816 0.001 6 19 0.466702245206249
augmented_r1 3 26 26.0 -0.09815199822660906 1.055722579177545 0.7326530612244898 0.9653061224489796 0.001 7 19 0.466702245206249
augmented_r1 3 27 27.0 -0.12797757194521642 0.14768521761407657 0.9520408163265306 0.9857142857142858 0.001 0 27 0.14768521761407657
augmented_r1 3 28 28.0 -0.1394537074209829 0.11695111771019137 0.9622448979591837 0.9846938775510204 0.001 0 28 0.11695111771019137
augmented_r1 3 29 29.0 -0.1443640907894088 3.096987919904748 0.5153061224489796 0.9571428571428572 0.001 1 28 0.11695111771019137
augmented_r1 3 30 30.0 -0.13264066397575588 4.922193963187081 0.5806122448979592 0.4673469387755102 0.001 2 28 0.11695111771019137
augmented_r1 3 31 31.0 -0.1024419096616848 0.2105009305233858 0.939795918367347 0.986734693877551 0.001 3 28 0.11695111771019137
augmented_r1 3 32 32.0 -0.042043350850026064 2.2831100191388813 0.5704081632653061 0.9918367346938776 0.001 4 28 0.11695111771019137
augmented_r1 3 33 33.0 -0.07992057929080126 0.262799697019616 0.9163265306122449 0.9918367346938776 0.001 5 28 0.11695111771019137
augmented_r1 3 34 34.0 -0.1454177828090493 2.3927570829586107 0.5275510204081633 0.9897959183673469 0.001 6 28 0.11695111771019137
augmented_r1 3 35 35.0 -0.16810884245189817 0.4643829481942313 0.9224489795918367 0.9357142857142857 0.001 7 28 0.11695111771019137
augmented_r1 3 36 36.0 -0.1780432016536749 1.1654403292402928 0.8091836734693878 0.9591836734693877 0.001 8 28 0.11695111771019137
augmented_r1 3 37 37.0 -0.17257317837075759 -0.01905327183859689 0.9714285714285714 0.9918367346938776 0.001 0 37 -0.01905327183859689
augmented_r1 3 38 38.0 -0.20289144254087915 0.022491619538287728 0.960204081632653 0.9897959183673469 0.001 1 37 -0.01905327183859689
augmented_r1 3 39 39.0 -0.2061649006007208 0.28436199888891106 0.9224489795918367 0.9887755102040816 0.001 2 37 -0.01905327183859689
augmented_r1 3 40 40.0 -0.217768548106368 0.03454674117419185 0.9653061224489796 0.9928571428571429 0.001 3 37 -0.01905327183859689
augmented_r1 3 41 41.0 -0.22155960096968774 0.012915706634521485 0.963265306122449 0.9938775510204082 0.001 4 37 -0.01905327183859689
augmented_r1 3 42 42.0 -0.22716543274579457 0.02614584358371034 0.960204081632653 0.9948979591836735 0.001 5 37 -0.01905327183859689
augmented_r1 3 43 43.0 -0.22621630283036234 0.46005955229000167 0.8459183673469388 0.9918367346938776 0.001 6 37 -0.01905327183859689
augmented_r1 3 44 44.0 -0.2217244957178439 4.292809819202033 0.32551020408163267 0.9908163265306122 0.001 7 37 -0.01905327183859689
augmented_r1 3 45 45.0 -0.20158080147225046 1.5488849352817147 0.7336734693877551 0.9275510204081633 0.001 8 37 -0.01905327183859689
augmented_r1 3 46 46.0 0.00576284794281463 4.433246176583427 0.6020408163265306 0.6214285714285714 0.001 9 37 -0.01905327183859689
augmented_r1 3 47 47.0 -0.06621882412794011 1.6469443525586809 0.7173469387755103 0.9622448979591837 0.001 10 37 -0.01905327183859689
augmented_r1 3 48 48.0 -0.18179907530370323 1.0096156718779583 0.8367346938775511 0.9244897959183673 0.0005 11 37 -0.01905327183859689
augmented_r1 3 49 49.0 -0.21892198770088442 0.05121244021824428 0.95 0.9948979591836735 0.0005 12 37 -0.01905327183859689
augmented_r1 3 50 50.0 -0.2334683530719184 -0.08327698707580566 0.9704081632653061 0.9959183673469387 0.0005 0 50 -0.08327698707580566
augmented_r1 3 51 51.0 -0.23605977155055125 -0.005992597949748137 0.9653061224489796 0.9948979591836735 0.0005 1 50 -0.08327698707580566
augmented_r1 3 52 52.0 -0.23900199488407364 -0.03727973140015894 0.9642857142857143 0.9948979591836735 0.0005 2 50 -0.08327698707580566
augmented_r1 3 53 53.0 -0.23997661302266096 -0.037689066906364595 0.9653061224489796 0.9938775510204082 0.0005 3 50 -0.08327698707580566
augmented_r1 3 54 54.0 -0.24103715862948624 -0.04407155319136016 0.9704081632653061 0.9959183673469387 0.0005 4 50 -0.08327698707580566
augmented_r1 3 55 55.0 -0.24062606147133217 -0.07122130880550462 0.9734693877551021 0.9948979591836735 0.0005 5 50 -0.08327698707580566
augmented_r1 3 56 56.0 -0.24306834387984863 -0.03896545342036656 0.9693877551020408 0.9959183673469387 0.0005 6 50 -0.08327698707580566
augmented_r1 3 57 57.0 -0.2439295413869649 -0.05284233141918571 0.9714285714285714 0.9948979591836735 0.0005 7 50 -0.08327698707580566
augmented_r1 3 58 58.0 -0.24295459827725258 -0.045045867258188675 0.9693877551020408 0.9948979591836735 0.0005 8 50 -0.08327698707580566
augmented_r1 3 59 59.0 -0.24180934876135896 -0.07203664147123999 0.976530612244898 0.9938775510204082 0.0005 9 50 -0.08327698707580566
augmented_r1 3 60 60.0 -0.24373732555253474 -0.07114516958898427 0.9693877551020408 0.9948979591836735 0.0005 10 50 -0.08327698707580566
augmented_r1 3 61 61.0 -0.24547697688252937 -0.051881440318360623 0.9704081632653061 0.9948979591836735 0.00025 11 50 -0.08327698707580566
augmented_r1 3 62 62.0 -0.24782416807539182 -0.07702659636127705 0.9724489795918367 0.9948979591836735 0.00025 12 50 -0.08327698707580566
augmented_r1 3 63 63.0 -0.24927121665983162 -0.053977995989274004 0.9734693877551021 0.9948979591836735 0.00025 13 50 -0.08327698707580566
augmented_r1 3 64 64.0 -0.24873884066202073 -0.06975404194423131 0.9704081632653061 0.9948979591836735 0.00025 14 50 -0.08327698707580566
augmented_r1 3 65 65.0 -0.2479114460501409 -0.066228656379544 0.9714285714285714 0.9948979591836735 0.00025 15 50 -0.08327698707580566
augmented_r1 3 66 66.0 -0.24823321088898254 -0.07083863044271664 0.9693877551020408 0.9938775510204082 0.00025 16 50 -0.08327698707580566
augmented_r1 3 67 67.0 -0.2496659085255994 -0.05352927713978047 0.9663265306122449 0.9948979591836735 0.00025 17 50 -0.08327698707580566
augmented_r1 3 68 68.0 -0.2486595767387411 -0.04943895048024703 0.9683673469387755 0.9938775510204082 0.00025 18 50 -0.08327698707580566
augmented_r1 3 69 69.0 -0.2464366425073964 -0.08158397528589988 0.9714285714285714 0.9948979591836735 0.00025 19 50 -0.08327698707580566
augmented_r1 3 70 70.0 -0.24637230853302827 -0.053573481404051486 0.9673469387755103 0.9948979591836735 0.00025 20 50 -0.08327698707580566
augmented_r1 3 71 71.0 -0.2490613641546252 -0.03151647412047094 0.9704081632653061 0.9959183673469387 0.00025 21 50 -0.08327698707580566
augmented_r1 3 72 72.0 -0.24873293663662127 -0.059951337016358665 0.9693877551020408 0.9948979591836735 0.000125 22 50 -0.08327698707580566
augmented_r1 3 73 73.0 -0.25154034608718867 -0.05116042993506607 0.9673469387755103 0.9948979591836735 0.000125 23 50 -0.08327698707580566
augmented_r1 3 74 74.0 -0.2516084212473291 -0.06936544155587955 0.9714285714285714 0.9948979591836735 0.000125 24 50 -0.08327698707580566
augmented_r1 3 75 75.0 -0.2518170366382469 -0.0663961901956675 0.9693877551020408 0.9948979591836735 0.000125 25 50 -0.08327698707580566
augmented_r1 3 76 76.0 -0.2522406806958788 -0.06340883751304782 0.9693877551020408 0.9948979591836735 0.000125 26 50 -0.08327698707580566
augmented_r1 3 77 77.0 -0.25203283946188376 -0.07082397986431511 0.9714285714285714 0.9948979591836735 0.000125 27 50 -0.08327698707580566
augmented_r1 3 78 78.0 -0.25168683609527404 -0.04985368057173126 0.9693877551020408 0.9948979591836735 0.000125 28 50 -0.08327698707580566
augmented_r1 3 79 79.0 -0.25247096125234325 -0.047097301969722824 0.9714285714285714 0.9948979591836735 0.000125 29 50 -0.08327698707580566
augmented_r1 3 80 80.0 -0.25241060758578576 -0.0619694286463212 0.9693877551020408 0.9948979591836735 0.000125 30 50 -0.08327698707580566
augmented_r1 4 1 1.0 1.6945355969345466 2.0202235552729393 0.6224489795918368 0.6316326530612245 0.001 0 1 2.0202235552729393
augmented_r1 4 2 2.0 1.053054397099677 1.2811186517987931 0.8061224489795918 0.8969387755102041 0.001 0 2 1.2811186517987931
augmented_r1 4 3 3.0 0.850233372454745 0.8389169298872656 0.9010204081632653 0.9846938775510204 0.001 0 3 0.8389169298872656
augmented_r1 4 4 4.0 0.7236384257532172 1.178520502849501 0.7877551020408163 0.9571428571428572 0.001 1 3 0.8389169298872656
augmented_r1 4 5 5.0 0.6727540022776011 1.050936653662701 0.8112244897959183 0.9561224489795919 0.001 2 3 0.8389169298872656
augmented_r1 4 6 6.0 0.5773823974189897 1.4749831233705792 0.6408163265306123 0.9438775510204082 0.001 3 3 0.8389169298872656
augmented_r1 4 7 7.0 0.514742115993582 1.7882827622549875 0.5336734693877551 0.9836734693877551 0.001 4 3 0.8389169298872656
augmented_r1 4 8 8.0 0.464224855574055 1.1047958646501814 0.8051020408163265 0.8795918367346939 0.001 5 3 0.8389169298872656
augmented_r1 4 9 9.0 0.41316219435136425 1.8534389719671132 0.5020408163265306 0.9795918367346939 0.001 6 3 0.8389169298872656
augmented_r1 4 10 10.0 0.3698865981925578 2.2436755783703863 0.4030612244897959 0.9040816326530612 0.001 7 3 0.8389169298872656
augmented_r1 4 11 11.0 0.3310322296711406 0.5229816357700192 0.9255102040816326 0.9734693877551021 0.001 0 11 0.5229816357700192
augmented_r1 4 12 12.0 0.27208650024219694 0.6165741268469362 0.9142857142857143 0.9489795918367347 0.001 1 11 0.5229816357700192
augmented_r1 4 13 13.0 0.23298562756734062 0.9376781560936752 0.7561224489795918 0.9571428571428572 0.001 2 11 0.5229816357700192
augmented_r1 4 14 14.0 0.17993899147671782 0.4548814334431473 0.9061224489795918 0.9918367346938776 0.001 0 14 0.4548814334431473
augmented_r1 4 15 15.0 0.17295181924410424 2.2403596294169525 0.4602040816326531 0.9285714285714286 0.001 1 14 0.4548814334431473
augmented_r1 4 16 16.0 0.1202396410354635 0.4160443683059848 0.9306122448979591 0.9836734693877551 0.001 0 16 0.4160443683059848
augmented_r1 4 17 17.0 0.09762469403482923 0.7201547705397314 0.7948979591836735 0.9795918367346939 0.001 1 16 0.4160443683059848
augmented_r1 4 18 18.0 0.08915257148184237 1.5092693075841788 0.7877551020408163 0.7306122448979592 0.001 2 16 0.4160443683059848
augmented_r1 4 19 19.0 0.07475974886621933 0.29067602692818156 0.9316326530612244 0.9857142857142858 0.001 0 19 0.29067602692818156
augmented_r1 4 20 20.0 0.012648543957629314 0.7593948125839234 0.8214285714285714 0.976530612244898 0.001 1 19 0.29067602692818156
augmented_r1 4 21 21.0 -0.01891083491156981 0.24868420751727358 0.9285714285714286 0.9857142857142858 0.001 0 21 0.24868420751727358
augmented_r1 4 22 22.0 -0.03281315169548696 0.2885734460791763 0.9591836734693877 0.9357142857142857 0.001 1 21 0.24868420751727358
augmented_r1 4 23 23.0 -0.048010063750387806 2.6636945189261922 0.5989795918367347 0.8622448979591837 0.001 2 21 0.24868420751727358
augmented_r1 4 24 24.0 -0.03394562622876369 1.0446305615561349 0.8275510204081633 0.9418367346938775 0.001 3 21 0.24868420751727358
augmented_r1 4 25 25.0 0.003954315748314288 1.6748027898827378 0.8061224489795918 0.75 0.001 4 21 0.24868420751727358
augmented_r1 4 26 26.0 -0.024443583492793335 1.6507703002618284 0.6693877551020408 0.9642857142857143 0.001 5 21 0.24868420751727358
augmented_r1 4 27 27.0 -0.0805246562672051 0.20758728859375936 0.9642857142857143 0.9571428571428572 0.001 0 27 0.20758728859375936
augmented_r1 4 28 28.0 -0.12846564256327833 0.2357772291923056 0.9275510204081633 0.9816326530612245 0.001 1 27 0.20758728859375936
augmented_r1 4 29 29.0 -0.150212046264574 0.29515982258076573 0.9102040816326531 0.9938775510204082 0.001 2 27 0.20758728859375936
augmented_r1 4 30 30.0 -0.15057641338122416 0.6201665785847877 0.9438775510204082 0.8816326530612245 0.001 3 27 0.20758728859375936
augmented_r1 4 31 31.0 -0.1090129674211503 1.5240420059281952 0.7479591836734694 0.926530612244898 0.001 4 27 0.20758728859375936
augmented_r1 4 32 32.0 -0.0840419559006901 2.7080387349031407 0.7091836734693877 0.686734693877551 0.001 5 27 0.20758728859375936
augmented_r1 4 33 33.0 -0.10103220388773512 0.268263865490349 0.9163265306122449 0.9887755102040816 0.001 6 27 0.20758728859375936
augmented_r1 4 34 34.0 -0.140723677072209 0.5608226209270711 0.8153061224489796 0.9928571428571429 0.001 7 27 0.20758728859375936
augmented_r1 4 35 35.0 -0.1595225658570427 0.3328163402421134 0.9571428571428572 0.9295918367346939 0.001 8 27 0.20758728859375936
augmented_r1 4 36 36.0 -0.16471065227086037 0.1575918401990618 0.9387755102040817 0.9897959183673469 0.001 0 36 0.1575918401990618
augmented_r1 4 37 37.0 -0.18140860865779534 0.4122688750831448 0.9275510204081633 0.95 0.001 1 36 0.1575918401990618
augmented_r1 4 38 38.0 -0.1519854237045205 0.17563753128051757 0.9408163265306122 0.9887755102040816 0.001 2 36 0.1575918401990618
augmented_r1 4 39 39.0 -0.18930036652050286 0.08402238135435143 0.9571428571428572 0.9908163265306122 0.001 0 39 0.08402238135435143
augmented_r1 4 40 40.0 -0.2057203844196408 0.0006983562391631457 0.9704081632653061 0.9928571428571429 0.001 0 40 0.0006983562391631457
augmented_r1 4 41 41.0 -0.21904330826108692 0.05143947893259477 0.9755102040816327 0.9836734693877551 0.001 1 40 0.0006983562391631457
augmented_r1 4 42 42.0 -0.2156536974692637 0.3614834639490867 0.9061224489795918 0.9826530612244898 0.001 2 40 0.0006983562391631457
augmented_r1 4 43 43.0 -0.21686092875407492 0.09533139199626689 0.9612244897959183 0.9857142857142858 0.001 3 40 0.0006983562391631457
augmented_r1 4 44 44.0 -0.21738881319152514 0.41924196797974256 0.8918367346938776 0.9918367346938776 0.001 4 40 0.0006983562391631457
augmented_r1 4 45 45.0 -0.0995233833275759 0.5827366814321401 0.9132653061224489 0.9683673469387755 0.001 5 40 0.0006983562391631457
augmented_r1 4 46 46.0 -0.0438028588600176 2.189594569498179 0.6663265306122449 0.8459183673469388 0.001 6 40 0.0006983562391631457
augmented_r1 4 47 47.0 -0.15080558807266553 1.577281642933281 0.7602040816326531 0.9581632653061225 0.001 7 40 0.0006983562391631457
augmented_r1 4 48 48.0 -0.20449586391881872 0.7735121089584973 0.8030612244897959 0.9938775510204082 0.001 8 40 0.0006983562391631457
augmented_r1 4 49 49.0 -0.2197587541758987 -0.09687286274773733 0.976530612244898 0.9948979591836735 0.001 0 49 -0.09687286274773733
augmented_r1 4 50 50.0 -0.23006714077575932 -0.07768550551667505 0.9795918367346939 0.9938775510204082 0.001 1 49 -0.09687286274773733
augmented_r1 4 51 51.0 -0.2352099227894451 -0.04699052596578793 0.9846938775510204 0.9887755102040816 0.001 2 49 -0.09687286274773733
augmented_r1 4 52 52.0 -0.2370755129979515 -0.07125772602704107 0.9744897959183674 0.9928571428571429 0.001 3 49 -0.09687286274773733
augmented_r1 4 53 53.0 -0.23599824608319248 -0.07373795995906908 0.9795918367346939 0.9938775510204082 0.001 4 49 -0.09687286274773733
augmented_r1 4 54 54.0 -0.2364722405895557 0.019163172585623604 0.960204081632653 0.9928571428571429 0.001 5 49 -0.09687286274773733
augmented_r1 4 55 55.0 -0.23433754525831813 0.02934837681906564 0.9622448979591837 0.9928571428571429 0.001 6 49 -0.09687286274773733
augmented_r1 4 56 56.0 -0.2272556388156283 0.18698617244253354 0.9408163265306122 0.9857142857142858 0.001 7 49 -0.09687286274773733
augmented_r1 4 57 57.0 -0.22585161804774107 0.2448175688179172 0.9448979591836735 0.976530612244898 0.001 8 49 -0.09687286274773733
augmented_r1 4 58 58.0 -0.19147525264412718 1.1771384808481955 0.8061224489795918 0.9581632653061225 0.001 9 49 -0.09687286274773733
augmented_r1 4 59 59.0 -0.16176447492808144 0.5437237462218927 0.8673469387755102 0.9846938775510204 0.001 10 49 -0.09687286274773733
augmented_r1 4 60 60.0 -0.08857408508191691 6.035968003954206 0.29897959183673467 0.7571428571428571 0.0005 11 49 -0.09687286274773733
augmented_r1 4 61 61.0 -0.18633951171657684 -0.03095658068754235 0.9653061224489796 0.9938775510204082 0.0005 12 49 -0.09687286274773733
augmented_r1 4 62 62.0 -0.23573480069610242 -0.047315291969143615 0.9673469387755103 0.9908163265306122 0.0005 13 49 -0.09687286274773733
augmented_r1 4 63 63.0 -0.24234462439121032 -0.09145816442917805 0.9755102040816327 0.9918367346938776 0.0005 14 49 -0.09687286274773733
augmented_r1 4 64 64.0 -0.24278225210975962 -0.08778484743468616 0.9704081632653061 0.9918367346938776 0.0005 15 49 -0.09687286274773733
augmented_r1 4 65 65.0 -0.24419733869775123 -0.10875869429841334 0.9795918367346939 0.9908163265306122 0.0005 0 65 -0.10875869429841334
augmented_r1 4 66 66.0 -0.24395810288837483 -0.10480823322218291 0.9795918367346939 0.9928571428571429 0.0005 1 65 -0.10875869429841334
augmented_r1 4 67 67.0 -0.24596883765795097 -0.07638389480357267 0.9744897959183674 0.9928571428571429 0.0005 2 65 -0.10875869429841334
augmented_r1 4 68 68.0 -0.24392158923991095 -0.08224081993103027 0.9744897959183674 0.9918367346938776 0.0005 3 65 -0.10875869429841334
augmented_r1 4 69 69.0 -0.2454778554219849 -0.07819341883367421 0.976530612244898 0.9918367346938776 0.0005 4 65 -0.10875869429841334
augmented_r1 4 70 70.0 -0.2462724863103017 -0.11269499671702482 0.9816326530612245 0.9928571428571429 0.0005 0 70 -0.11269499671702482
augmented_r1 4 71 71.0 -0.24640403806324498 -0.07243397089899803 0.9714285714285714 0.9928571428571429 0.0005 1 70 -0.11269499671702482
augmented_r1 4 72 72.0 -0.24503668946566173 -0.10301249173222755 0.9795918367346939 0.9959183673469387 0.0005 2 70 -0.11269499671702482
augmented_r1 4 73 73.0 -0.24406199730151468 -0.09817751864997708 0.9775510204081632 0.9938775510204082 0.0005 3 70 -0.11269499671702482
augmented_r1 4 74 74.0 -0.24543928786185565 -0.09260929068740534 0.9775510204081632 0.9938775510204082 0.0005 4 70 -0.11269499671702482
augmented_r1 4 75 75.0 -0.24653288049693547 -0.10428517400001994 0.9785714285714285 0.9938775510204082 0.0005 5 70 -0.11269499671702482
augmented_r1 4 76 76.0 -0.24840194660590229 -0.09178049856302689 0.9806122448979592 0.9928571428571429 0.0005 6 70 -0.11269499671702482
augmented_r1 4 77 77.0 -0.24624421774556407 -0.07293753137393874 0.9734693877551021 0.9938775510204082 0.0005 7 70 -0.11269499671702482
augmented_r1 4 78 78.0 -0.2444680892387629 -0.08361896933341513 0.9795918367346939 0.9918367346938776 0.0005 8 70 -0.11269499671702482
augmented_r1 4 79 79.0 -0.24789456091736645 -0.07296071247178681 0.9795918367346939 0.9948979591836735 0.0005 9 70 -0.11269499671702482
augmented_r1 4 80 80.0 -0.2470005249576681 -0.10406798586553456 0.9806122448979592 0.9928571428571429 0.0005 10 70 -0.11269499671702482
augmented_r1 4 81 81.0 -0.24514715145568225 -0.0942539507029008 0.9775510204081632 0.9948979591836735 0.00025 11 70 -0.11269499671702482
augmented_r1 4 82 82.0 -0.2503915202114401 -0.10188387024159334 0.9785714285714285 0.9938775510204082 0.00025 12 70 -0.11269499671702482
augmented_r1 4 83 83.0 -0.25149457553706817 -0.10303241136122723 0.9785714285714285 0.9938775510204082 0.00025 13 70 -0.11269499671702482
augmented_r1 4 84 84.0 -0.25230090295083407 -0.09080364898759491 0.976530612244898 0.9938775510204082 0.00025 14 70 -0.11269499671702482
augmented_r1 4 85 85.0 -0.25129977338053233 -0.1043575432835793 0.9806122448979592 0.9928571428571429 0.00025 15 70 -0.11269499671702482
augmented_r1 4 86 86.0 -0.25060828320286355 -0.08370700320419 0.976530612244898 0.9928571428571429 0.00025 16 70 -0.11269499671702482
augmented_r1 4 87 87.0 -0.2508161319584615 -0.09316542586501764 0.9795918367346939 0.9928571428571429 0.00025 17 70 -0.11269499671702482
augmented_r1 4 88 88.0 -0.2519130594504188 -0.09937649746330417 0.9785714285714285 0.9928571428571429 0.00025 18 70 -0.11269499671702482
augmented_r1 4 89 89.0 -0.25131277447119116 -0.09424874150023169 0.976530612244898 0.9938775510204082 0.00025 19 70 -0.11269499671702482
augmented_r1 4 90 90.0 -0.25103437091565056 -0.11000481624992527 0.986734693877551 0.9938775510204082 0.00025 20 70 -0.11269499671702482
augmented_r1 4 91 91.0 -0.24934571118339646 -0.07012932300567627 0.9775510204081632 0.9928571428571429 0.00025 21 70 -0.11269499671702482
augmented_r1 4 92 92.0 -0.2510011150141061 -0.0937158759759397 0.9795918367346939 0.9938775510204082 0.000125 22 70 -0.11269499671702482
augmented_r1 4 93 93.0 -0.25211489858055897 -0.09266488211495535 0.9806122448979592 0.9928571428571429 0.000125 23 70 -0.11269499671702482
augmented_r1 4 94 94.0 -0.25280538029525695 -0.09915028202290438 0.9795918367346939 0.9938775510204082 0.000125 24 70 -0.11269499671702482
augmented_r1 4 95 95.0 -0.253405779721896 -0.1004388935711919 0.9795918367346939 0.9938775510204082 0.000125 25 70 -0.11269499671702482
augmented_r1 4 96 96.0 -0.2527709003745887 -0.09542917378094731 0.976530612244898 0.9938775510204082 0.000125 26 70 -0.11269499671702482
augmented_r1 4 97 97.0 -0.2532262266683297 -0.09902330855933987 0.9795918367346939 0.9948979591836735 0.000125 27 70 -0.11269499671702482
augmented_r1 4 98 98.0 -0.2531465329584943 -0.1042996173002282 0.9795918367346939 0.9938775510204082 0.000125 28 70 -0.11269499671702482
augmented_r1 4 99 99.0 -0.25202130226995856 -0.09487096874081359 0.9785714285714285 0.9928571428571429 0.000125 29 70 -0.11269499671702482
augmented_r1 4 100 100.0 -0.25334391529539524 -0.10547512599400112 0.9816326530612245 0.9948979591836735 0.000125 30 70 -0.11269499671702482
augmented_r1 5 1 1.0 1.6437405217413572 2.3775444507598875 0.4459183673469388 0.7551020408163265 0.001 0 1 2.3775444507598875
augmented_r1 5 2 2.0 1.0138044887870428 2.2012992810229868 0.39183673469387753 0.9418367346938775 0.001 0 2 2.2012992810229868
augmented_r1 5 3 3.0 0.8274829156876043 1.8861676960575338 0.6173469387755102 0.9163265306122449 0.001 0 3 1.8861676960575338
augmented_r1 5 4 4.0 0.7305439289894312 1.332741372439326 0.8408163265306122 0.7663265306122449 0.001 0 4 1.332741372439326
augmented_r1 5 5 5.0 0.6289591875013524 0.8580643264614806 0.8704081632653061 0.9642857142857143 0.001 0 5 0.8580643264614806
augmented_r1 5 6 6.0 0.5476079511469297 0.9449064145282823 0.9255102040816326 0.826530612244898 0.001 1 5 0.8580643264614806
augmented_r1 5 7 7.0 0.5099814699770806 1.725924437386649 0.5755102040816327 0.7653061224489796 0.001 2 5 0.8580643264614806
augmented_r1 5 8 8.0 0.44113570992858964 0.9520142299788339 0.789795918367347 0.9795918367346939 0.001 3 5 0.8580643264614806
augmented_r1 5 9 9.0 0.37716855474672045 1.4043271259385712 0.8387755102040816 0.7295918367346939 0.001 4 5 0.8580643264614806
augmented_r1 5 10 10.0 0.3443376094143444 1.1225190488659607 0.7591836734693878 0.9510204081632653 0.001 5 5 0.8580643264614806
augmented_r1 5 11 11.0 0.31050702635937805 0.9226897993866279 0.8255102040816327 0.9428571428571428 0.001 6 5 0.8580643264614806
augmented_r1 5 12 12.0 0.31240789640290706 0.5515926798995661 0.9061224489795918 0.9591836734693877 0.001 0 12 0.5515926798995661
augmented_r1 5 13 13.0 0.23774346956814954 0.5620092087862443 0.9010204081632653 0.9775510204081632 0.001 1 12 0.5515926798995661
augmented_r1 5 14 14.0 0.17284505788272367 0.3972520784455903 0.9418367346938775 0.9704081632653061 0.001 0 14 0.3972520784455903
augmented_r1 5 15 15.0 0.15385409206138434 0.8359954308490364 0.8244897959183674 0.9704081632653061 0.001 1 14 0.3972520784455903
augmented_r1 5 16 16.0 0.11559873500088914 0.9552942971793973 0.7602040816326531 0.9938775510204082 0.001 2 14 0.3972520784455903
augmented_r1 5 17 17.0 0.09701334929606939 2.214771416722512 0.5612244897959183 0.7806122448979592 0.001 3 14 0.3972520784455903
augmented_r1 5 18 18.0 0.08511033017041193 0.7069243204836942 0.8255102040816327 0.9795918367346939 0.001 4 14 0.3972520784455903
augmented_r1 5 19 19.0 0.06220037859783787 0.5614059287674573 0.9489795918367347 0.889795918367347 0.001 5 14 0.3972520784455903
augmented_r1 5 20 20.0 0.04954762936071326 0.4059029744595897 0.8887755102040816 0.9908163265306122 0.001 6 14 0.3972520784455903
augmented_r1 5 21 21.0 0.04267199984800258 0.7774103913988386 0.8642857142857143 0.9132653061224489 0.001 7 14 0.3972520784455903
augmented_r1 5 22 22.0 -0.012883401084801202 0.1406766490060456 0.9775510204081632 0.9734693877551021 0.001 0 22 0.1406766490060456
augmented_r1 5 23 23.0 -0.03699552639473366 0.18975838033520445 0.95 0.9795918367346939 0.001 1 22 0.1406766490060456
augmented_r1 5 24 24.0 -0.06625989952035455 0.4592057267013861 0.8459183673469388 0.9887755102040816 0.001 2 22 0.1406766490060456
augmented_r1 5 25 25.0 -0.06466365039105097 0.4389305100149038 0.9469387755102041 0.9081632653061225 0.001 3 22 0.1406766490060456
augmented_r1 5 26 26.0 -0.09504269143964722 0.7752590709803056 0.736734693877551 0.9887755102040816 0.001 4 22 0.1406766490060456
augmented_r1 5 27 27.0 -0.11218057639805555 0.8375902667337535 0.9040816326530612 0.8520408163265306 0.001 5 22 0.1406766490060456
augmented_r1 5 28 28.0 -0.12135255466630877 0.36924027715410507 0.9081632653061225 0.9744897959183674 0.001 6 22 0.1406766490060456
augmented_r1 5 29 29.0 -0.11788320278937417 1.1130262511117117 0.7887755102040817 0.963265306122449 0.001 7 22 0.1406766490060456
augmented_r1 5 30 30.0 -0.1069688009393253 1.754772153192637 0.6255102040816326 0.9816326530612245 0.001 8 22 0.1406766490060456
augmented_r1 5 31 31.0 -0.06301528180235362 2.477163819877469 0.5224489795918368 0.9806122448979592 0.001 9 22 0.1406766490060456
augmented_r1 5 32 32.0 -0.08532276507458576 0.2743327238121811 0.936734693877551 0.9653061224489796 0.001 10 22 0.1406766490060456
augmented_r1 5 33 33.0 -0.1491810142101075 1.6090519282282616 0.6632653061224489 0.9734693877551021 0.0005 11 22 0.1406766490060456
augmented_r1 5 34 34.0 -0.18655150993488293 0.02475167756177941 0.9571428571428572 0.9928571428571429 0.0005 0 34 0.02475167756177941
augmented_r1 5 35 35.0 -0.19879340741291296 -0.07063572504082505 0.9755102040816327 0.9948979591836735 0.0005 0 35 -0.07063572504082505
augmented_r1 5 36 36.0 -0.20386272014080262 -0.09391758368939769 0.9826530612244898 0.9938775510204082 0.0005 0 36 -0.09391758368939769
augmented_r1 5 37 37.0 -0.20486406613305327 -0.07907513136766395 0.9795918367346939 0.9959183673469387 0.0005 1 36 -0.09391758368939769
augmented_r1 5 38 38.0 -0.20919971651669475 0.11214781999588012 0.9295918367346939 0.9928571428571429 0.0005 2 36 -0.09391758368939769
augmented_r1 5 39 39.0 -0.21277488693019989 -0.09411268672164605 0.9836734693877551 0.9948979591836735 0.0005 0 39 -0.09411268672164605
augmented_r1 5 40 40.0 -0.2125473760552045 -0.03941264931036501 0.9734693877551021 0.9897959183673469 0.0005 1 39 -0.09411268672164605
augmented_r1 5 41 41.0 -0.21550628495551866 -0.06881101909948854 0.9775510204081632 0.9938775510204082 0.0005 2 39 -0.09411268672164605
augmented_r1 5 42 42.0 -0.2206023239407602 -0.11150391953332084 0.9877551020408163 0.9959183673469387 0.0005 0 42 -0.11150391953332084
augmented_r1 5 43 43.0 -0.22094909883984856 -0.03490432671138218 0.9785714285714285 0.9877551020408163 0.0005 1 42 -0.11150391953332084
augmented_r1 5 44 44.0 -0.22305827448165694 -0.10591945331923816 0.9785714285714285 0.9938775510204082 0.0005 2 42 -0.11150391953332084
augmented_r1 5 45 45.0 -0.2271239456944286 -0.1089154676515229 0.986734693877551 0.9928571428571429 0.0005 3 42 -0.11150391953332084
augmented_r1 5 46 46.0 -0.22742145452724497 -0.07639354807989938 0.9775510204081632 0.9948979591836735 0.0005 4 42 -0.11150391953332084
augmented_r1 5 47 47.0 -0.22242208307459307 0.966814365678904 0.9387755102040817 0.8357142857142857 0.0005 5 42 -0.11150391953332084
augmented_r1 5 48 48.0 -0.21329788862982502 -0.004035951653305365 0.9744897959183674 0.986734693877551 0.0005 6 42 -0.11150391953332084
augmented_r1 5 49 49.0 -0.22455559540379333 -0.000161505718620456 0.9642857142857143 0.9938775510204082 0.0005 7 42 -0.11150391953332084
augmented_r1 5 50 50.0 -0.23046720165909826 -0.04122451130224734 0.9704081632653061 0.9938775510204082 0.0005 8 42 -0.11150391953332084
augmented_r1 5 51 51.0 -0.23591312932470307 0.04381190708705357 0.9551020408163265 0.9938775510204082 0.0005 9 42 -0.11150391953332084
augmented_r1 5 52 52.0 -0.23705481373609005 -0.10580813738764548 0.9836734693877551 0.9938775510204082 0.0005 10 42 -0.11150391953332084
augmented_r1 5 53 53.0 -0.23630322440883758 -0.02696705399727335 0.9653061224489796 0.9938775510204082 0.00025 11 42 -0.11150391953332084
augmented_r1 5 54 54.0 -0.2373672295742234 -0.07817282774010482 0.9744897959183674 0.9948979591836735 0.00025 12 42 -0.11150391953332084
augmented_r1 5 55 55.0 -0.24236943659001028 -0.11556815079280308 0.9846938775510204 0.9948979591836735 0.00025 0 55 -0.11556815079280308
augmented_r1 5 56 56.0 -0.24317006795881446 -0.08894316712204291 0.9877551020408163 0.9908163265306122 0.00025 1 55 -0.11556815079280308
augmented_r1 5 57 57.0 -0.24260944125330886 -0.11306658958902165 0.9826530612244898 0.9948979591836735 0.00025 2 55 -0.11556815079280308
augmented_r1 5 58 58.0 -0.24238376237563636 -0.051992096219744 0.9857142857142858 0.9836734693877551 0.00025 3 55 -0.11556815079280308
augmented_r1 5 59 59.0 -0.24439508618412373 -0.07043044129196478 0.9755102040816327 0.9959183673469387 0.00025 4 55 -0.11556815079280308
augmented_r1 5 60 60.0 -0.2450340422672734 -0.11124412867487693 0.9816326530612245 0.9948979591836735 0.00025 5 55 -0.11556815079280308
augmented_r1 5 61 61.0 -0.244651235643431 -0.09177773388064638 0.9795918367346939 0.9938775510204082 0.00025 6 55 -0.11556815079280308
augmented_r1 5 62 62.0 -0.2440706101862128 -0.06485988509898283 0.9755102040816327 0.9948979591836735 0.00025 7 55 -0.11556815079280308
augmented_r1 5 63 63.0 -0.2441117650695243 -0.09884309087480818 0.9806122448979592 0.9938775510204082 0.00025 8 55 -0.11556815079280308
augmented_r1 5 64 64.0 -0.24294425658729474 0.014029836654663086 0.9591836734693877 0.9959183673469387 0.00025 9 55 -0.11556815079280308
augmented_r1 5 65 65.0 -0.24255130245530818 0.00904749802180699 0.9591836734693877 0.9938775510204082 0.00025 10 55 -0.11556815079280308
augmented_r1 5 66 66.0 -0.23392018539170703 0.03441193541701959 0.9612244897959183 0.9928571428571429 0.000125 11 55 -0.11556815079280308
augmented_r1 5 67 67.0 -0.24099811217593325 -0.07723688933314109 0.9734693877551021 0.9938775510204082 0.000125 12 55 -0.11556815079280308
augmented_r1 5 68 68.0 -0.2476975089087034 -0.10192435517603038 0.9877551020408163 0.9938775510204082 0.000125 13 55 -0.11556815079280308
augmented_r1 5 69 69.0 -0.248461565319863 -0.11331176806469354 0.9836734693877551 0.9938775510204082 0.000125 14 55 -0.11556815079280308
augmented_r1 5 70 70.0 -0.24932584941684793 -0.12033348618721476 0.9836734693877551 0.9938775510204082 0.000125 0 70 -0.12033348618721476
augmented_r1 5 71 71.0 -0.24879566420764204 -0.1054936511175973 0.9816326530612245 0.9938775510204082 0.000125 1 70 -0.12033348618721476
augmented_r1 5 72 72.0 -0.24937060363066504 -0.12638496671404156 0.9857142857142858 0.9948979591836735 0.000125 0 72 -0.12638496671404156
augmented_r1 5 73 73.0 -0.2499313265477534 -0.1176671281152842 0.9836734693877551 0.9948979591836735 0.000125 1 72 -0.12638496671404156
augmented_r1 5 74 74.0 -0.2501390056073314 -0.11550504820687431 0.9846938775510204 0.9938775510204082 0.000125 2 72 -0.12638496671404156
augmented_r1 5 75 75.0 -0.2488761251750882 -0.1269608531679426 0.9846938775510204 0.9948979591836735 0.000125 0 75 -0.1269608531679426
augmented_r1 5 76 76.0 -0.2501321117876878 -0.09812503104307213 0.9785714285714285 0.9948979591836735 0.000125 1 75 -0.1269608531679426
augmented_r1 5 77 77.0 -0.24930734705827587 -0.10945109639848982 0.9816326530612245 0.9948979591836735 0.000125 2 75 -0.1269608531679426
augmented_r1 5 78 78.0 -0.25028510146177846 -0.11844303559283821 0.9857142857142858 0.9938775510204082 0.000125 3 75 -0.1269608531679426
augmented_r1 5 79 79.0 -0.2502320514069435 -0.11283753064213967 0.986734693877551 0.9959183673469387 0.000125 4 75 -0.1269608531679426
augmented_r1 5 80 80.0 -0.25065440448154064 -0.09921285181629415 0.9806122448979592 0.9948979591836735 0.000125 5 75 -0.1269608531679426
augmented_r1 5 81 81.0 -0.25050095561088564 -0.11153191595661396 0.9877551020408163 0.9948979591836735 0.000125 6 75 -0.1269608531679426
augmented_r1 5 82 82.0 -0.25052895512951 -0.08339789594922747 0.9744897959183674 0.9938775510204082 0.000125 7 75 -0.1269608531679426
augmented_r1 5 83 83.0 -0.24898756270077463 -0.07063886048842449 0.9714285714285714 0.9938775510204082 0.000125 8 75 -0.1269608531679426
augmented_r1 5 84 84.0 -0.24788978012702273 -0.080110350433661 0.976530612244898 0.9938775510204082 0.000125 9 75 -0.1269608531679426
augmented_r1 5 85 85.0 -0.24928052410233092 -0.0618895199834084 0.9693877551020408 0.9959183673469387 0.000125 10 75 -0.1269608531679426
augmented_r1 5 86 86.0 -0.2502546177849789 -0.10204592334980868 0.9806122448979592 0.9938775510204082 6.25e-05 11 75 -0.1269608531679426
augmented_r1 5 87 87.0 -0.2520863904608849 -0.10906334312594666 0.9826530612244898 0.9938775510204082 6.25e-05 12 75 -0.1269608531679426
augmented_r1 5 88 88.0 -0.25242100988146504 -0.13052359016574158 0.9877551020408163 0.9948979591836735 6.25e-05 0 88 -0.13052359016574158
augmented_r1 5 89 89.0 -0.2534738347252228 -0.12741752692631314 0.986734693877551 0.9938775510204082 6.25e-05 1 88 -0.13052359016574158
augmented_r1 5 90 90.0 -0.25313166967587636 -0.120087760321948 0.9826530612244898 0.9948979591836735 6.25e-05 2 88 -0.13052359016574158
augmented_r1 5 91 91.0 -0.25298353178740307 -0.1298097240681551 0.9826530612244898 0.9948979591836735 6.25e-05 3 88 -0.13052359016574158
augmented_r1 5 92 92.0 -0.25277861851321204 -0.11410719423877949 0.986734693877551 0.9938775510204082 6.25e-05 4 88 -0.13052359016574158
augmented_r1 5 93 93.0 -0.2518847043060791 -0.11267978025942432 0.9826530612244898 0.9959183673469387 6.25e-05 5 88 -0.13052359016574158
augmented_r1 5 94 94.0 -0.252921184246723 -0.1252975147597644 0.986734693877551 0.9948979591836735 6.25e-05 6 88 -0.13052359016574158
augmented_r1 5 95 95.0 -0.25252139608913043 -0.12865337644304548 0.9846938775510204 0.9948979591836735 6.25e-05 7 88 -0.13052359016574158
augmented_r1 5 96 96.0 -0.2527247809898404 -0.11751442052880112 0.9816326530612245 0.9959183673469387 6.25e-05 8 88 -0.13052359016574158
augmented_r1 5 97 97.0 -0.2530293937060598 -0.11298082312759088 0.9806122448979592 0.9948979591836735 6.25e-05 9 88 -0.13052359016574158
augmented_r1 5 98 98.0 -0.2519175823958852 -0.09475100040435791 0.9775510204081632 0.9948979591836735 6.25e-05 10 88 -0.13052359016574158
augmented_r1 5 99 99.0 -0.2527533002295821 -0.1195037063287229 0.9877551020408163 0.9938775510204082 3.125e-05 11 88 -0.13052359016574158
augmented_r1 5 100 100.0 -0.2536197578533638 -0.12769813488940804 0.986734693877551 0.9948979591836735 3.125e-05 12 88 -0.13052359016574158
augmented_r1 5 101 101.0 -0.25349032575847125 -0.12448341067956419 0.9887755102040816 0.9938775510204082 3.125e-05 13 88 -0.13052359016574158
augmented_r1 5 102 102.0 -0.25359144015470203 -0.1250136458143896 0.9846938775510204 0.9959183673469387 3.125e-05 14 88 -0.13052359016574158
augmented_r1 5 103 103.0 -0.2537854753241883 -0.12628095539248718 0.986734693877551 0.9948979591836735 3.125e-05 15 88 -0.13052359016574158
augmented_r1 5 104 104.0 -0.2535834407676527 -0.12211565922717658 0.9877551020408163 0.9948979591836735 3.125e-05 16 88 -0.13052359016574158
augmented_r1 5 105 105.0 -0.253464291136859 -0.11392088033715073 0.9836734693877551 0.9959183673469387 3.125e-05 17 88 -0.13052359016574158
augmented_r1 5 106 106.0 -0.25393663538189515 -0.12814545680065545 0.9857142857142858 0.9948979591836735 3.125e-05 18 88 -0.13052359016574158
augmented_r1 5 107 107.0 -0.25393856984076585 -0.13033254438517045 0.9836734693877551 0.9948979591836735 3.125e-05 19 88 -0.13052359016574158
augmented_r1 5 108 108.0 -0.2543007900267907 -0.12897273764318348 0.9846938775510204 0.9948979591836735 3.125e-05 20 88 -0.13052359016574158
augmented_r1 5 109 109.0 -0.25382151232488687 -0.11936689931519177 0.986734693877551 0.9948979591836735 3.125e-05 21 88 -0.13052359016574158
augmented_r1 5 110 110.0 -0.2539953783702374 -0.1242061692841199 0.986734693877551 0.9948979591836735 1.5625e-05 22 88 -0.13052359016574158
augmented_r1 5 111 111.0 -0.25471245019586314 -0.1274623068011537 0.9908163265306122 0.9948979591836735 1.5625e-05 23 88 -0.13052359016574158
augmented_r1 5 112 112.0 -0.25461106220808993 -0.1283874244106059 0.9887755102040816 0.9948979591836735 1.5625e-05 24 88 -0.13052359016574158
augmented_r1 5 113 113.0 -0.25475729888967097 -0.12876403039815473 0.986734693877551 0.9938775510204082 1.5625e-05 25 88 -0.13052359016574158
augmented_r1 5 114 114.0 -0.253883734974491 -0.13033425224070647 0.9877551020408163 0.9959183673469387 1.5625e-05 26 88 -0.13052359016574158
augmented_r1 5 115 115.0 -0.2546976598565599 -0.12196828248549481 0.9857142857142858 0.9948979591836735 1.5625e-05 27 88 -0.13052359016574158
augmented_r1 5 116 116.0 -0.2545213571094785 -0.13135325227464947 0.9897959183673469 0.9948979591836735 1.5625e-05 0 116 -0.13135325227464947
augmented_r1 5 117 117.0 -0.2544127929713907 -0.1270019701548985 0.9887755102040816 0.9948979591836735 1.5625e-05 1 116 -0.13135325227464947
augmented_r1 5 118 118.0 -0.2542280644056638 -0.12633686503585503 0.9877551020408163 0.9948979591836735 1.5625e-05 2 116 -0.13135325227464947
augmented_r1 5 119 119.0 -0.2548552495049067 -0.13139093992661457 0.9887755102040816 0.9948979591836735 1.5625e-05 0 119 -0.13139093992661457
augmented_r1 5 120 120.0 -0.2549454880691473 -0.13032325871136724 0.9877551020408163 0.9948979591836735 1.5625e-05 1 119 -0.13139093992661457
augmented_r1 5 121 121.0 -0.2546459330897736 -0.12162990862009476 0.9816326530612245 0.9948979591836735 1.5625e-05 2 119 -0.13139093992661457
augmented_r1 5 122 122.0 -0.25479440495906175 -0.12425437460140307 0.9877551020408163 0.9938775510204082 1.5625e-05 3 119 -0.13139093992661457
augmented_r1 5 123 123.0 -0.2545790050552479 -0.1284180719025281 0.9887755102040816 0.9948979591836735 1.5625e-05 4 119 -0.13139093992661457
augmented_r1 5 124 124.0 -0.25461752840566787 -0.12355606555938721 0.9877551020408163 0.9948979591836735 1.5625e-05 5 119 -0.13139093992661457
augmented_r1 5 125 125.0 -0.2546904587875536 -0.12991203921181815 0.9897959183673469 0.9948979591836735 1.5625e-05 6 119 -0.13139093992661457
augmented_r1 5 126 126.0 -0.25494069320961826 -0.12580437465589875 0.9887755102040816 0.9948979591836735 1.5625e-05 7 119 -0.13139093992661457
augmented_r1 5 127 127.0 -0.25453275074160103 -0.12863787728912976 0.9877551020408163 0.9948979591836735 1.5625e-05 8 119 -0.13139093992661457
augmented_r1 5 128 128.0 -0.25511451707446897 -0.12232578190005555 0.986734693877551 0.9948979591836735 1.5625e-05 9 119 -0.13139093992661457
augmented_r1 5 129 129.0 -0.2547159444133206 -0.12923117462469608 0.9887755102040816 0.9948979591836735 1.5625e-05 10 119 -0.13139093992661457
augmented_r1 5 130 130.0 -0.2543274517011707 -0.1240130799157279 0.9877551020408163 0.9948979591836735 7.8125e-06 11 119 -0.13139093992661457
augmented_r1 5 131 131.0 -0.25482895852650395 -0.12841391514758674 0.986734693877551 0.9948979591836735 7.8125e-06 12 119 -0.13139093992661457
augmented_r1 5 132 132.0 -0.2549553351460724 -0.12480518428646788 0.9857142857142858 0.9948979591836735 7.8125e-06 13 119 -0.13139093992661457
augmented_r1 5 133 133.0 -0.2546215964294378 -0.1262079837370892 0.986734693877551 0.9948979591836735 7.8125e-06 14 119 -0.13139093992661457
augmented_r1 5 134 134.0 -0.25519956908764974 -0.12871198508204246 0.986734693877551 0.9948979591836735 7.8125e-06 15 119 -0.13139093992661457
augmented_r1 5 135 135.0 -0.2550961687464201 -0.12790804055272317 0.9887755102040816 0.9948979591836735 7.8125e-06 16 119 -0.13139093992661457
augmented_r1 5 136 136.0 -0.25516558708086157 -0.12564723248384438 0.9877551020408163 0.9959183673469387 7.8125e-06 17 119 -0.13139093992661457
augmented_r1 5 137 137.0 -0.25476040528462357 -0.125224562080539 0.9857142857142858 0.9948979591836735 7.8125e-06 18 119 -0.13139093992661457
augmented_r1 5 138 138.0 -0.2551256499125965 -0.1268298883827365 0.9877551020408163 0.9948979591836735 7.8125e-06 19 119 -0.13139093992661457
augmented_r1 5 139 139.0 -0.25511102981043576 -0.12728597825887253 0.9877551020408163 0.9948979591836735 7.8125e-06 20 119 -0.13139093992661457
augmented_r1 5 140 140.0 -0.25560069993253304 -0.12601041209941008 0.9857142857142858 0.9948979591836735 7.8125e-06 21 119 -0.13139093992661457
augmented_r1 5 141 141.0 -0.25530351623317843 -0.12525640653104197 0.9877551020408163 0.9948979591836735 3.90625e-06 22 119 -0.13139093992661457
augmented_r1 5 142 142.0 -0.25511239035476946 -0.1232261511744285 0.9877551020408163 0.9948979591836735 3.90625e-06 23 119 -0.13139093992661457
augmented_r1 5 143 143.0 -0.25507221679713477 -0.12854873744808898 0.9877551020408163 0.9948979591836735 3.90625e-06 24 119 -0.13139093992661457
augmented_r1 5 144 144.0 -0.2552158067402816 -0.12744836369339302 0.9877551020408163 0.9948979591836735 3.90625e-06 25 119 -0.13139093992661457
augmented_r1 5 145 145.0 -0.25545032566588305 -0.1261355156801185 0.9877551020408163 0.9948979591836735 3.90625e-06 26 119 -0.13139093992661457
augmented_r1 5 146 146.0 -0.25487564706391114 -0.12774067654901622 0.9877551020408163 0.9948979591836735 3.90625e-06 27 119 -0.13139093992661457
augmented_r1 5 147 147.0 -0.2555104990574754 -0.1255817053269367 0.986734693877551 0.9948979591836735 3.90625e-06 28 119 -0.13139093992661457
augmented_r1 5 148 148.0 -0.2549597446722601 -0.12342159164195159 0.986734693877551 0.9948979591836735 3.90625e-06 29 119 -0.13139093992661457
augmented_r1 5 149 149.0 -0.2552390837204007 -0.1278101634006111 0.9877551020408163 0.9948979591836735 3.90625e-06 30 119 -0.13139093992661457
augmented_r1 6 1 1.0 1.717430023025828 2.434204523903983 0.4418367346938776 0.8591836734693877 0.001 0 1 2.434204523903983
augmented_r1 6 2 2.0 1.1598847599068502 1.3387733712488292 0.6816326530612244 0.9071428571428571 0.001 0 2 1.3387733712488292
augmented_r1 6 3 3.0 0.9056319278097131 1.1346080429699956 0.8785714285714286 0.8908163265306123 0.001 0 3 1.1346080429699956
augmented_r1 6 4 4.0 0.7779921455595421 1.6044662816183908 0.5744897959183674 0.9581632653061225 0.001 1 3 1.1346080429699956
augmented_r1 6 5 5.0 0.6805770516774354 1.100527798886202 0.7428571428571429 0.9612244897959183 0.001 0 5 1.100527798886202
augmented_r1 6 6 6.0 0.6057712133505427 0.6746745732365822 0.9244897959183673 0.9775510204081632 0.001 0 6 0.6746745732365822
augmented_r1 6 7 7.0 0.5512198299724191 1.4709745601731903 0.9153061224489796 0.6255102040816326 0.001 1 6 0.6746745732365822
augmented_r1 6 8 8.0 0.4724053035959892 0.7957019852132213 0.8397959183673469 0.9775510204081632 0.001 2 6 0.6746745732365822
augmented_r1 6 9 9.0 0.40014623989584874 0.9739914762730502 0.8030612244897959 0.9102040816326531 0.001 3 6 0.6746745732365822
augmented_r1 6 10 10.0 0.39355877785860166 0.6945981142472247 0.9061224489795918 0.9193877551020408 0.001 4 6 0.6746745732365822
augmented_r1 6 11 11.0 0.36528321613629083 0.9347657938392795 0.7948979591836735 0.9520408163265306 0.001 5 6 0.6746745732365822
augmented_r1 6 12 12.0 0.2787513833017821 1.3021574983791429 0.6877551020408164 0.9744897959183674 0.001 6 6 0.6746745732365822
augmented_r1 6 13 13.0 0.22991104777758628 1.5197942208270638 0.6112244897959184 0.9622448979591837 0.001 7 6 0.6746745732365822
augmented_r1 6 14 14.0 0.18716090748486494 2.161745265065407 0.5663265306122449 0.753061224489796 0.001 8 6 0.6746745732365822
augmented_r1 6 15 15.0 0.17445946169938492 0.9242838789005668 0.8142857142857143 0.9244897959183673 0.001 9 6 0.6746745732365822
augmented_r1 6 16 16.0 0.15163179713923228 2.9976564601976046 0.5387755102040817 0.676530612244898 0.001 10 6 0.6746745732365822
augmented_r1 6 17 17.0 0.13919821764413087 0.6849662856179841 0.8530612244897959 0.9591836734693877 0.0005 11 6 0.6746745732365822
augmented_r1 6 18 18.0 0.052011869303269974 0.2314223802819544 0.9479591836734694 0.9918367346938776 0.0005 0 18 0.2314223802819544
augmented_r1 6 19 19.0 0.019451826229130092 0.16141928458700375 0.960204081632653 0.9908163265306122 0.0005 0 19 0.16141928458700375
augmented_r1 6 20 20.0 -0.0014894542724394658 0.11496848451847932 0.9653061224489796 0.9928571428571429 0.0005 0 20 0.11496848451847932
augmented_r1 6 21 21.0 -0.013682070586879418 0.11753661875822106 0.9724489795918367 0.9897959183673469 0.0005 1 20 0.11496848451847932
augmented_r1 6 22 22.0 -0.027378918444953396 0.2669094034603664 0.9428571428571428 0.976530612244898 0.0005 2 20 0.11496848451847932
augmented_r1 6 23 23.0 -0.03721302006388598 0.13179626245887913 0.9734693877551021 0.9826530612244898 0.0005 3 20 0.11496848451847932
augmented_r1 6 24 24.0 -0.04799831990377502 0.216272661880571 0.9418367346938775 0.9877551020408163 0.0005 4 20 0.11496848451847932
augmented_r1 6 25 25.0 -0.055993934355158724 0.2523593299242915 0.9377551020408164 0.9887755102040816 0.0005 5 20 0.11496848451847932
augmented_r1 6 26 26.0 -0.06246355088039576 0.20962835720607212 0.9438775510204082 0.9897959183673469 0.0005 6 20 0.11496848451847932
augmented_r1 6 27 27.0 -0.06940879415394337 0.9348861472947257 0.789795918367347 0.9897959183673469 0.0005 7 20 0.11496848451847932
augmented_r1 6 28 28.0 -0.05570356419992296 0.5520059159823827 0.8377551020408164 0.9887755102040816 0.0005 8 20 0.11496848451847932
augmented_r1 6 29 29.0 -0.04075454212674432 1.3270186599420042 0.65 0.9836734693877551 0.0005 9 20 0.11496848451847932
augmented_r1 6 30 30.0 -0.06821281413192161 0.8026418683480243 0.85 0.9469387755102041 0.0005 10 20 0.11496848451847932
augmented_r1 6 31 31.0 -0.07940766498060915 0.41649975411745965 0.8918367346938776 0.9846938775510204 0.00025 11 20 0.11496848451847932
augmented_r1 6 32 32.0 -0.11908618263693976 0.008746588230133056 0.9755102040816327 0.9918367346938776 0.00025 0 32 0.008746588230133056
augmented_r1 6 33 33.0 -0.1301491847917052 -0.02841268607548305 0.9836734693877551 0.9897959183673469 0.00025 0 33 -0.02841268607548305
augmented_r1 6 34 34.0 -0.13455308890591627 -0.03985009704317365 0.9836734693877551 0.9928571428571429 0.00025 0 34 -0.03985009704317365
augmented_r1 6 35 35.0 -0.1394337085069335 -0.0407688561750918 0.9857142857142858 0.9918367346938776 0.00025 0 35 -0.0407688561750918
augmented_r1 6 36 36.0 -0.14103186725758446 -0.039197426669451654 0.9846938775510204 0.9918367346938776 0.00025 1 35 -0.0407688561750918
augmented_r1 6 37 37.0 -0.14642765294190596 -0.018695053032466342 0.9836734693877551 0.9908163265306122 0.00025 2 35 -0.0407688561750918
augmented_r1 6 38 38.0 -0.15157355130719857 -0.05156334662924007 0.9857142857142858 0.9938775510204082 0.00025 0 38 -0.05156334662924007
augmented_r1 6 39 39.0 -0.15396467225961777 -0.0613968834585073 0.986734693877551 0.9928571428571429 0.00025 0 39 -0.0613968834585073
augmented_r1 6 40 40.0 -0.15775863314237695 -0.049716284323711786 0.986734693877551 0.9918367346938776 0.00025 1 39 -0.0613968834585073
augmented_r1 6 41 41.0 -0.1594897111978414 -0.04654929491938377 0.9826530612244898 0.9918367346938776 0.00025 2 39 -0.0613968834585073
augmented_r1 6 42 42.0 -0.16476958860227642 -0.05553349816069311 0.9836734693877551 0.9908163265306122 0.00025 3 39 -0.0613968834585073
augmented_r1 6 43 43.0 -0.16682244702679863 0.02230181645373909 0.9663265306122449 0.9928571428571429 0.00025 4 39 -0.0613968834585073
augmented_r1 6 44 44.0 -0.170665070813621 -0.050328084887290486 0.9826530612244898 0.9928571428571429 0.00025 5 39 -0.0613968834585073
augmented_r1 6 45 45.0 -0.1726640936357565 -0.04126299425047271 0.986734693877551 0.9836734693877551 0.00025 6 39 -0.0613968834585073
augmented_r1 6 46 46.0 -0.16636747124516527 -0.041332571847098216 0.986734693877551 0.9846938775510204 0.00025 7 39 -0.0613968834585073
augmented_r1 6 47 47.0 -0.17493913401488115 -0.05912064776128652 0.9836734693877551 0.9918367346938776 0.00025 8 39 -0.0613968834585073
augmented_r1 6 48 48.0 -0.17754311040483492 0.45787554249471546 0.8663265306122448 0.9918367346938776 0.00025 9 39 -0.0613968834585073
augmented_r1 6 49 49.0 -0.18292003642738922 -0.029464607336083238 0.9785714285714285 0.9928571428571429 0.00025 10 39 -0.0613968834585073
augmented_r1 6 50 50.0 -0.18451837142164254 -0.05048453418575988 0.9816326530612245 0.9918367346938776 0.000125 11 39 -0.0613968834585073
augmented_r1 6 51 51.0 -0.18853439983864886 -0.08734369448253086 0.9887755102040816 0.9908163265306122 0.000125 0 51 -0.08734369448253086
augmented_r1 6 52 52.0 -0.19331705846193428 -0.08603180257641539 0.9857142857142858 0.9908163265306122 0.000125 1 51 -0.08734369448253086
augmented_r1 6 53 53.0 -0.19594897068039266 -0.09212518589837211 0.9887755102040816 0.9928571428571429 0.000125 0 53 -0.09212518589837211
augmented_r1 6 54 54.0 -0.19690104684556986 -0.08701072785319114 0.9897959183673469 0.9928571428571429 0.000125 1 53 -0.09212518589837211
augmented_r1 6 55 55.0 -0.1973079517652812 -0.09000100213654187 0.986734693877551 0.9918367346938776 0.000125 2 53 -0.09212518589837211
augmented_r1 6 56 56.0 -0.198949465089314 -0.08831974462587006 0.9897959183673469 0.9897959183673469 0.000125 3 53 -0.09212518589837211
augmented_r1 6 57 57.0 -0.20017380756082936 -0.0905871006907249 0.9897959183673469 0.9918367346938776 0.000125 4 53 -0.09212518589837211
augmented_r1 6 58 58.0 -0.20025765000285747 -0.07421294304789329 0.986734693877551 0.9897959183673469 0.000125 5 53 -0.09212518589837211
augmented_r1 6 59 59.0 -0.2019558751307127 -0.06933889121425395 0.9816326530612245 0.9908163265306122 0.000125 6 53 -0.09212518589837211
augmented_r1 6 60 60.0 -0.2033442436323023 -0.09424707159704092 0.9846938775510204 0.9928571428571429 0.000125 0 60 -0.09424707159704092
augmented_r1 6 61 61.0 -0.20349777026226235 -0.06656447332732532 0.9826530612244898 0.9908163265306122 0.000125 1 60 -0.09424707159704092
augmented_r1 6 62 62.0 -0.20521645782971132 -0.09975510276093776 0.9887755102040816 0.9938775510204082 0.000125 0 62 -0.09975510276093776
augmented_r1 6 63 63.0 -0.20615491299427913 -0.022567780163823343 0.9734693877551021 0.9918367346938776 0.000125 1 62 -0.09975510276093776
augmented_r1 6 64 64.0 -0.20708881453173408 -0.0637365569873732 0.9877551020408163 0.9918367346938776 0.000125 2 62 -0.09975510276093776
augmented_r1 6 65 65.0 -0.2080924345642883 -0.05123769701743613 0.9795918367346939 0.9908163265306122 0.000125 3 62 -0.09975510276093776
augmented_r1 6 66 66.0 -0.2102134383325408 -0.06929471273811497 0.9795918367346939 0.9928571428571429 0.000125 4 62 -0.09975510276093776
augmented_r1 6 67 67.0 -0.2109775686339795 -0.06610854353223528 0.9806122448979592 0.9897959183673469 0.000125 5 62 -0.09975510276093776
augmented_r1 6 68 68.0 -0.212235693681581 -0.08061383816660667 0.9846938775510204 0.9908163265306122 0.000125 6 62 -0.09975510276093776
augmented_r1 6 69 69.0 -0.19829353713145106 2.2663550805072394 0.7285714285714285 0.7551020408163265 0.000125 7 62 -0.09975510276093776
augmented_r1 6 70 70.0 -0.18361844929358767 0.013723733473797234 0.9591836734693877 0.9908163265306122 0.000125 8 62 -0.09975510276093776
augmented_r1 6 71 71.0 -0.2019740293310601 0.5569686152497116 0.8622448979591837 0.9857142857142858 0.000125 9 62 -0.09975510276093776
augmented_r1 6 72 72.0 -0.21128931394015124 -0.04321286289059386 0.9755102040816327 0.9908163265306122 0.000125 10 62 -0.09975510276093776
augmented_r1 6 73 73.0 -0.2165506245112668 -0.08582126680685549 0.9826530612244898 0.9897959183673469 6.25e-05 11 62 -0.09975510276093776
augmented_r1 6 74 74.0 -0.2193145720297458 -0.09227712932898073 0.9857142857142858 0.9918367346938776 6.25e-05 12 62 -0.09975510276093776
augmented_r1 6 75 75.0 -0.21977202864165096 -0.10385388306209019 0.986734693877551 0.9928571428571429 6.25e-05 0 75 -0.10385388306209019
augmented_r1 6 76 76.0 -0.22051172661229365 -0.10246159787080726 0.9877551020408163 0.9918367346938776 6.25e-05 1 75 -0.10385388306209019
augmented_r1 6 77 77.0 -0.22177536753811622 -0.1109088024314569 0.9897959183673469 0.9918367346938776 6.25e-05 0 77 -0.1109088024314569
augmented_r1 6 78 78.0 -0.22221385169126637 -0.10342531666463735 0.9887755102040816 0.9918367346938776 6.25e-05 1 77 -0.1109088024314569
augmented_r1 6 79 79.0 -0.22155067899581035 -0.10433295770567291 0.9857142857142858 0.9928571428571429 6.25e-05 2 77 -0.1109088024314569
augmented_r1 6 80 80.0 -0.22301290815005342 -0.10951494562382601 0.9908163265306122 0.9918367346938776 6.25e-05 3 77 -0.1109088024314569
augmented_r1 6 81 81.0 -0.222882057340157 -0.09626555321167926 0.9826530612244898 0.9918367346938776 6.25e-05 4 77 -0.1109088024314569
augmented_r1 6 82 82.0 -0.224143795489832 -0.10407340015683855 0.9887755102040816 0.9928571428571429 6.25e-05 5 77 -0.1109088024314569
augmented_r1 6 83 83.0 -0.22426576969897374 -0.1079749727735714 0.9887755102040816 0.9918367346938776 6.25e-05 6 77 -0.1109088024314569
augmented_r1 6 84 84.0 -0.2243411774750033 -0.11252159902027675 0.9877551020408163 0.9928571428571429 6.25e-05 0 84 -0.11252159902027675
augmented_r1 6 85 85.0 -0.22540221674789693 -0.10395300704605726 0.9857142857142858 0.9928571428571429 6.25e-05 1 84 -0.11252159902027675
augmented_r1 6 86 86.0 -0.22621850219575915 -0.11508181484378115 0.9918367346938776 0.9918367346938776 6.25e-05 0 86 -0.11508181484378115
augmented_r1 6 87 87.0 -0.22643729336847243 -0.11609001962506041 0.9887755102040816 0.9918367346938776 6.25e-05 0 87 -0.11609001962506041
augmented_r1 6 88 88.0 -0.22663095927595606 -0.10246517001366129 0.986734693877551 0.9918367346938776 6.25e-05 1 87 -0.11609001962506041
augmented_r1 6 89 89.0 -0.2270024691556618 -0.11218675642597432 0.9887755102040816 0.9928571428571429 6.25e-05 2 87 -0.11609001962506041
augmented_r1 6 90 90.0 -0.22690428859041434 -0.102170180301277 0.986734693877551 0.9918367346938776 6.25e-05 3 87 -0.11609001962506041
augmented_r1 6 91 91.0 -0.22836608016593749 -0.11077973745307144 0.9897959183673469 0.9928571428571429 6.25e-05 4 87 -0.11609001962506041
augmented_r1 6 92 92.0 -0.22841391093180063 -0.11549027331021368 0.9908163265306122 0.9918367346938776 6.25e-05 5 87 -0.11609001962506041
augmented_r1 6 93 93.0 -0.2289879736822408 -0.0977747165426916 0.9836734693877551 0.9938775510204082 6.25e-05 6 87 -0.11609001962506041
augmented_r1 6 94 94.0 -0.22894353023508274 -0.1048849911105876 0.9887755102040816 0.9918367346938776 6.25e-05 7 87 -0.11609001962506041
augmented_r1 6 95 95.0 -0.22996460390372325 -0.11235225979162722 0.9887755102040816 0.9928571428571429 6.25e-05 8 87 -0.11609001962506041
augmented_r1 6 96 96.0 -0.22971089290479504 -0.10065231201600056 0.9836734693877551 0.9938775510204082 6.25e-05 9 87 -0.11609001962506041
augmented_r1 6 97 97.0 -0.22992232811218274 -0.10993949831748495 0.9897959183673469 0.9928571428571429 6.25e-05 10 87 -0.11609001962506041
augmented_r1 6 98 98.0 -0.22983897324859473 -0.08583198615482875 0.9877551020408163 0.9897959183673469 3.125e-05 11 87 -0.11609001962506041
augmented_r1 6 99 99.0 -0.23178300879729968 -0.10587874942896318 0.9846938775510204 0.9928571428571429 3.125e-05 12 87 -0.11609001962506041
augmented_r1 6 100 100.0 -0.2325612767090107 -0.11170406122596896 0.9887755102040816 0.9928571428571429 3.125e-05 13 87 -0.11609001962506041
augmented_r1 6 101 101.0 -0.23268754992006693 -0.10979284048080444 0.986734693877551 0.9928571428571429 3.125e-05 14 87 -0.11609001962506041
augmented_r1 6 102 102.0 -0.23337306943309885 -0.11175780466624669 0.9887755102040816 0.9928571428571429 3.125e-05 15 87 -0.11609001962506041
augmented_r1 6 103 103.0 -0.23264320625590024 -0.11210210566618005 0.9887755102040816 0.9938775510204082 3.125e-05 16 87 -0.11609001962506041
augmented_r1 6 104 104.0 -0.233256814564243 -0.10810490019467413 0.9887755102040816 0.9928571428571429 3.125e-05 17 87 -0.11609001962506041
augmented_r1 6 105 105.0 -0.23345399511655893 -0.10472118416611029 0.9826530612244898 0.9938775510204082 3.125e-05 18 87 -0.11609001962506041
augmented_r1 6 106 106.0 -0.23376568192738703 -0.11891992967955921 0.9887755102040816 0.9938775510204082 3.125e-05 0 106 -0.11891992967955921
augmented_r1 6 107 107.0 -0.23444811955831618 -0.10672527721949986 0.9887755102040816 0.9928571428571429 3.125e-05 1 106 -0.11891992967955921
augmented_r1 6 108 108.0 -0.23450854072990712 -0.11605957332922488 0.9897959183673469 0.9928571428571429 3.125e-05 2 106 -0.11891992967955921
augmented_r1 6 109 109.0 -0.23398531522201074 -0.11504534677583345 0.9877551020408163 0.9928571428571429 3.125e-05 3 106 -0.11891992967955921
augmented_r1 6 110 110.0 -0.23487056987262886 -0.10895686149597168 0.986734693877551 0.9928571428571429 3.125e-05 4 106 -0.11891992967955921
augmented_r1 6 111 111.0 -0.2345574688381138 -0.10261535717516529 0.9826530612244898 0.9918367346938776 3.125e-05 5 106 -0.11891992967955921
augmented_r1 6 112 112.0 -0.23478688762992067 -0.11908439495125596 0.9908163265306122 0.9928571428571429 3.125e-05 0 112 -0.11908439495125596
augmented_r1 6 113 113.0 -0.2349476075908351 -0.10174390588487897 0.9846938775510204 0.9928571428571429 3.125e-05 1 112 -0.11908439495125596
augmented_r1 6 114 114.0 -0.2355903949566554 -0.11405080629854786 0.9887755102040816 0.9928571428571429 3.125e-05 2 112 -0.11908439495125596
augmented_r1 6 115 115.0 -0.2354262812647341 -0.10248796331639193 0.9857142857142858 0.9928571428571429 3.125e-05 3 112 -0.11908439495125596
augmented_r1 6 116 116.0 -0.23601058243190057 -0.11687151728844156 0.9887755102040816 0.9938775510204082 3.125e-05 4 112 -0.11908439495125596
augmented_r1 6 117 117.0 -0.2362755672043148 -0.12086802283111883 0.9897959183673469 0.9928571428571429 3.125e-05 0 117 -0.12086802283111883
augmented_r1 6 118 118.0 -0.23639344798398462 -0.07061249236671292 0.9785714285714285 0.9928571428571429 3.125e-05 1 117 -0.12086802283111883
augmented_r1 6 119 119.0 -0.23680167356730047 -0.11597757631418656 0.9897959183673469 0.9928571428571429 3.125e-05 2 117 -0.12086802283111883
augmented_r1 6 120 120.0 -0.23593527243670906 -0.11723916384638572 0.9887755102040816 0.9918367346938776 3.125e-05 3 117 -0.12086802283111883
augmented_r1 6 121 121.0 -0.2368542583920552 -0.10607443439717196 0.9877551020408163 0.9918367346938776 3.125e-05 4 117 -0.12086802283111883
augmented_r1 6 122 122.0 -0.2370515093985223 -0.11607274546915171 0.9887755102040816 0.9928571428571429 3.125e-05 5 117 -0.12086802283111883
augmented_r1 6 123 123.0 -0.2373876860614695 -0.11363204814949814 0.9816326530612245 0.9928571428571429 3.125e-05 6 117 -0.12086802283111883
augmented_r1 6 124 124.0 -0.23716206860120223 -0.10855008290738476 0.9877551020408163 0.9938775510204082 3.125e-05 7 117 -0.12086802283111883
augmented_r1 6 125 125.0 -0.23763098837947283 -0.11669125483960521 0.9877551020408163 0.9928571428571429 3.125e-05 8 117 -0.12086802283111883
augmented_r1 6 126 126.0 -0.23764488597485459 -0.10925286546045421 0.986734693877551 0.9928571428571429 3.125e-05 9 117 -0.12086802283111883
augmented_r1 6 127 127.0 -0.23796145330490548 -0.1096585538922524 0.9877551020408163 0.9918367346938776 3.125e-05 10 117 -0.12086802283111883
augmented_r1 6 128 128.0 -0.23729637355843405 -0.10953768199803877 0.9846938775510204 0.9928571428571429 1.5625e-05 11 117 -0.12086802283111883
augmented_r1 6 129 129.0 -0.23918105548909724 -0.1223641264195345 0.9887755102040816 0.9928571428571429 1.5625e-05 0 129 -0.1223641264195345
augmented_r1 6 130 130.0 -0.23900688059807257 -0.11342033391096154 0.9887755102040816 0.9928571428571429 1.5625e-05 1 129 -0.1223641264195345
augmented_r1 6 131 131.0 -0.2388229601717623 -0.10342497995921544 0.9795918367346939 0.9928571428571429 1.5625e-05 2 129 -0.1223641264195345
augmented_r1 6 132 132.0 -0.2394884795532192 -0.11825579331845654 0.9887755102040816 0.9928571428571429 1.5625e-05 3 129 -0.1223641264195345
augmented_r1 6 133 133.0 -0.24019264904304466 -0.10907852941629838 0.986734693877551 0.9928571428571429 1.5625e-05 4 129 -0.1223641264195345
augmented_r1 6 134 134.0 -0.23928936053772595 -0.10800635157799235 0.9877551020408163 0.9918367346938776 1.5625e-05 5 129 -0.1223641264195345
augmented_r1 6 135 135.0 -0.23949641341033223 -0.11822525335817921 0.9857142857142858 0.9928571428571429 1.5625e-05 6 129 -0.1223641264195345
augmented_r1 6 136 136.0 -0.2400462305713555 -0.10781300116558465 0.9877551020408163 0.9928571428571429 1.5625e-05 7 129 -0.1223641264195345
augmented_r1 6 137 137.0 -0.23908866761329226 -0.11783564917895259 0.9897959183673469 0.9918367346938776 1.5625e-05 8 129 -0.1223641264195345
augmented_r1 6 138 138.0 -0.24016142632817333 -0.11367939005092699 0.9887755102040816 0.9928571428571429 1.5625e-05 9 129 -0.1223641264195345
augmented_r1 6 139 139.0 -0.23985221707382584 -0.1154991736217421 0.9887755102040816 0.9928571428571429 1.5625e-05 10 129 -0.1223641264195345
augmented_r1 6 140 140.0 -0.23994493005603645 -0.10875070703272917 0.986734693877551 0.9928571428571429 7.8125e-06 11 129 -0.1223641264195345
augmented_r1 6 141 141.0 -0.24058248549767425 -0.11663224551142479 0.9887755102040816 0.9938775510204082 7.8125e-06 12 129 -0.1223641264195345
augmented_r1 6 142 142.0 -0.2406883564960724 -0.11482302826278064 0.9877551020408163 0.9928571428571429 7.8125e-06 13 129 -0.1223641264195345
augmented_r1 6 143 143.0 -0.24110944369571943 -0.11529604512818005 0.9877551020408163 0.9928571428571429 7.8125e-06 14 129 -0.1223641264195345
augmented_r1 6 144 144.0 -0.24115878543797484 -0.11785076661985748 0.9897959183673469 0.9928571428571429 7.8125e-06 15 129 -0.1223641264195345
augmented_r1 6 145 145.0 -0.2408813932945227 -0.11859073273989619 0.9877551020408163 0.9928571428571429 7.8125e-06 16 129 -0.1223641264195345
augmented_r1 6 146 146.0 -0.24116783760592875 -0.11710277941762184 0.9877551020408163 0.9938775510204082 7.8125e-06 17 129 -0.1223641264195345
augmented_r1 6 147 147.0 -0.24099595872478166 -0.11966096892648814 0.986734693877551 0.9928571428571429 7.8125e-06 18 129 -0.1223641264195345
augmented_r1 6 148 148.0 -0.2409785382053931 -0.12208083381458204 0.9908163265306122 0.9928571428571429 7.8125e-06 19 129 -0.1223641264195345
augmented_r1 6 149 149.0 -0.24047676790750844 -0.11577768666403634 0.9897959183673469 0.9928571428571429 7.8125e-06 20 129 -0.1223641264195345
augmented_r1 6 150 150.0 -0.24110647948070704 -0.11440576631195691 0.9877551020408163 0.9938775510204082 7.8125e-06 21 129 -0.1223641264195345
augmented_r1 6 151 151.0 -0.2415264377093997 -0.11603755610329765 0.9877551020408163 0.9928571428571429 3.90625e-06 22 129 -0.1223641264195345
augmented_r1 6 152 152.0 -0.2415951969836768 -0.11445276883183693 0.9877551020408163 0.9928571428571429 3.90625e-06 23 129 -0.1223641264195345
augmented_r1 6 153 153.0 -0.24136157210069087 -0.11430599811125775 0.9877551020408163 0.9928571428571429 3.90625e-06 24 129 -0.1223641264195345
augmented_r1 6 154 154.0 -0.24132874677032976 -0.11823013461365992 0.9877551020408163 0.9928571428571429 3.90625e-06 25 129 -0.1223641264195345
augmented_r1 6 155 155.0 -0.24129541043092378 -0.11467909812927246 0.9857142857142858 0.9928571428571429 3.90625e-06 26 129 -0.1223641264195345
augmented_r1 6 156 156.0 -0.24146408050968277 -0.11533886632140802 0.9877551020408163 0.9928571428571429 3.90625e-06 27 129 -0.1223641264195345
augmented_r1 6 157 157.0 -0.24173432226025188 -0.1168958989941344 0.9877551020408163 0.9928571428571429 3.90625e-06 28 129 -0.1223641264195345
augmented_r1 6 158 158.0 -0.24155233385776098 -0.11615143089878316 0.986734693877551 0.9928571428571429 3.90625e-06 29 129 -0.1223641264195345
augmented_r1 6 159 159.0 -0.24176006283589077 -0.11413710117340088 0.9877551020408163 0.9928571428571429 3.90625e-06 30 129 -0.1223641264195345
augmented_r1 7 1 1.0 1.6858991306584583 2.121444439401432 0.4336734693877551 0.8581632653061224 0.001 0 1 2.121444439401432
augmented_r1 7 2 2.0 1.0436534250642948 1.6294820736865607 0.7418367346938776 0.7571428571428571 0.001 0 2 1.6294820736865607
augmented_r1 7 3 3.0 0.858569314952769 1.3917598369170208 0.7183673469387755 0.9346938775510204 0.001 0 3 1.3917598369170208
augmented_r1 7 4 4.0 0.7232366037325485 1.7260127593059928 0.7193877551020408 0.7928571428571428 0.001 1 3 1.3917598369170208
augmented_r1 7 5 5.0 0.6268982110216138 0.842776701401691 0.8591836734693877 0.9510204081632653 0.001 0 5 0.842776701401691
augmented_r1 7 6 6.0 0.5818915252137931 1.7982650318924263 0.4989795918367347 0.960204081632653 0.001 1 5 0.842776701401691
augmented_r1 7 7 7.0 0.5218597541221206 0.9027341871845479 0.8183673469387756 0.9724489795918367 0.001 2 5 0.842776701401691
augmented_r1 7 8 8.0 0.45406102419873556 0.8740436716955535 0.8193877551020409 0.9877551020408163 0.001 3 5 0.842776701401691
augmented_r1 7 9 9.0 0.40017612536171054 1.1816614005030417 0.8653061224489796 0.7663265306122449 0.001 4 5 0.842776701401691
augmented_r1 7 10 10.0 0.3427224408968762 0.8566929680960519 0.8887755102040816 0.8979591836734694 0.001 5 5 0.842776701401691
augmented_r1 7 11 11.0 0.30334393308750346 1.7616272430030666 0.5316326530612245 0.9571428571428572 0.001 6 5 0.842776701401691
augmented_r1 7 12 12.0 0.2501571779623391 0.99033858289524 0.7836734693877551 0.976530612244898 0.001 7 5 0.842776701401691
augmented_r1 7 13 13.0 0.23732045806920696 1.4833762626258695 0.6642857142857143 0.9673469387755103 0.001 8 5 0.842776701401691
augmented_r1 7 14 14.0 0.20201962355640982 0.9616113159121299 0.7775510204081633 0.9071428571428571 0.001 9 5 0.842776701401691
augmented_r1 7 15 15.0 0.15337574950035085 0.7100687087798605 0.8591836734693877 0.963265306122449 0.001 0 15 0.7100687087798605
augmented_r1 7 16 16.0 0.11829591503589196 1.9179028807854166 0.6561224489795918 0.8928571428571429 0.001 1 15 0.7100687087798605
augmented_r1 7 17 17.0 0.10284266415586052 0.6069944814759858 0.8683673469387755 0.9653061224489796 0.001 0 17 0.6069944814759858
augmented_r1 7 18 18.0 0.07359706110917488 1.346195860784881 0.7408163265306122 0.9683673469387755 0.001 1 17 0.6069944814759858
augmented_r1 7 19 19.0 0.07494396355495202 1.2030257672679667 0.7877551020408163 0.9102040816326531 0.001 2 17 0.6069944814759858
augmented_r1 7 20 20.0 0.04358473654178614 2.4920034564271267 0.4857142857142857 0.9806122448979592 0.001 3 17 0.6069944814759858
augmented_r1 7 21 21.0 0.041953857438541575 2.042113891912966 0.5724489795918367 0.8948979591836734 0.001 4 17 0.6069944814759858
augmented_r1 7 22 22.0 0.003053431044477687 2.5718295467143157 0.5112244897959184 0.7908163265306123 0.001 5 17 0.6069944814759858
augmented_r1 7 23 23.0 -0.03331766921825643 0.5660816618374416 0.8846938775510204 0.9755102040816327 0.001 0 23 0.5660816618374416
augmented_r1 7 24 24.0 -0.05736750753911798 1.4598592378655257 0.763265306122449 0.8622448979591837 0.001 1 23 0.5660816618374416
augmented_r1 7 25 25.0 -0.08418898075426702 0.6776371744214272 0.9020408163265307 0.8918367346938776 0.001 2 23 0.5660816618374416
augmented_r1 7 26 26.0 -0.0868262522500913 0.5077808876426853 0.9153061224489796 0.9510204081632653 0.001 0 26 0.5077808876426853
augmented_r1 7 27 27.0 -0.09519720594286649 0.41831111275419897 0.9387755102040817 0.9306122448979591 0.001 0 27 0.41831111275419897
augmented_r1 7 28 28.0 -0.10694238336531076 0.8684352210589817 0.8520408163265306 0.9153061224489796 0.001 1 27 0.41831111275419897
augmented_r1 7 29 29.0 -0.08153921078942983 1.9329629041710679 0.7459183673469387 0.7969387755102041 0.001 2 27 0.41831111275419897
augmented_r1 7 30 30.0 -0.056361995444641946 2.4153869336965132 0.5163265306122449 0.9091836734693878 0.001 3 27 0.41831111275419897
augmented_r1 7 31 31.0 -0.09192803960684154 1.7841659107986763 0.7479591836734694 0.926530612244898 0.001 4 27 0.41831111275419897
augmented_r1 7 32 32.0 -0.1194019809236756 1.8535919471662872 0.6755102040816326 0.9663265306122449 0.001 5 27 0.41831111275419897
augmented_r1 7 33 33.0 -0.158647396756041 0.040907195392920044 0.960204081632653 0.9897959183673469 0.001 0 33 0.040907195392920044
augmented_r1 7 34 34.0 -0.18110076132764397 0.1262758425303868 0.9479591836734694 0.9877551020408163 0.001 1 33 0.040907195392920044
augmented_r1 7 35 35.0 -0.1855245799137363 0.7156072616577148 0.8122448979591836 0.9918367346938776 0.001 2 33 0.040907195392920044
augmented_r1 7 36 36.0 -0.19583271459401114 0.5407766819000244 0.8438775510204082 0.9846938775510204 0.001 3 33 0.040907195392920044
augmented_r1 7 37 37.0 -0.19595186322372823 0.3766478373079884 0.9448979591836735 0.9459183673469388 0.001 4 33 0.040907195392920044
augmented_r1 7 38 38.0 -0.19482606606109001 1.0544011359312095 0.9275510204081633 0.8010204081632653 0.001 5 33 0.040907195392920044
augmented_r1 7 39 39.0 -0.15977593189036907 2.2277636508552394 0.6061224489795919 0.8877551020408163 0.001 6 33 0.040907195392920044
augmented_r1 7 40 40.0 -0.11683287785045678 5.775980782022281 0.4785714285714286 0.6040816326530613 0.001 7 33 0.040907195392920044
augmented_r1 7 41 41.0 -0.08971318847419887 1.8155031204223633 0.7683673469387755 0.8642857142857143 0.001 8 33 0.040907195392920044
augmented_r1 7 42 42.0 -0.16485868788717878 2.225309402115491 0.6204081632653061 0.9571428571428572 0.001 9 33 0.040907195392920044
augmented_r1 7 43 43.0 -0.20127556722271298 0.36110417988835547 0.8663265306122448 0.9938775510204082 0.001 10 33 0.040907195392920044
augmented_r1 7 44 44.0 -0.19972029781536357 3.0819196720512547 0.6714285714285714 0.7673469387755102 0.0005 11 33 0.040907195392920044
augmented_r1 7 45 45.0 -0.21915333524271946 -0.03444809037811902 0.9683673469387755 0.9959183673469387 0.0005 0 45 -0.03444809037811902
augmented_r1 7 46 46.0 -0.23113088698696668 0.00285650516042904 0.9591836734693877 0.9948979591836735 0.0005 1 45 -0.03444809037811902
augmented_r1 7 47 47.0 -0.2329150762441101 -0.04451435098842699 0.9724489795918367 0.9948979591836735 0.0005 0 47 -0.04451435098842699
augmented_r1 7 48 48.0 -0.23620433145580214 -0.05056174725902324 0.9755102040816327 0.9959183673469387 0.0005 0 48 -0.05056174725902324
augmented_r1 7 49 49.0 -0.23418767967388623 -0.0040545760368814274 0.9673469387755103 0.9928571428571429 0.0005 1 48 -0.05056174725902324
augmented_r1 7 50 50.0 -0.23425871810207463 -0.001040728238164162 0.960204081632653 0.9948979591836735 0.0005 2 48 -0.05056174725902324
augmented_r1 7 51 51.0 -0.23873783497176168 -0.034909875052315846 0.9714285714285714 0.9938775510204082 0.0005 3 48 -0.05056174725902324
augmented_r1 7 52 52.0 -0.2383019428766158 0.03504896796479517 0.9622448979591837 0.9918367346938776 0.0005 4 48 -0.05056174725902324
augmented_r1 7 53 53.0 -0.2361463117588665 -0.049747184831268935 0.9724489795918367 0.9959183673469387 0.0005 5 48 -0.05056174725902324
augmented_r1 7 54 54.0 -0.23650169459138196 -0.039935348958385235 0.9734693877551021 0.9928571428571429 0.0005 6 48 -0.05056174725902324
augmented_r1 7 55 55.0 -0.23874595291875353 0.019542047928790655 0.9591836734693877 0.9938775510204082 0.0005 7 48 -0.05056174725902324
augmented_r1 7 56 56.0 -0.23711819931208628 -0.05581713987856495 0.9734693877551021 0.9928571428571429 0.0005 0 56 -0.05581713987856495
augmented_r1 7 57 57.0 -0.24165282428562235 -0.024192119617851414 0.9714285714285714 0.9948979591836735 0.0005 1 56 -0.05581713987856495
augmented_r1 7 58 58.0 -0.2408886672527315 -0.046920970508030485 0.9724489795918367 0.9938775510204082 0.0005 2 56 -0.05581713987856495
augmented_r1 7 59 59.0 -0.23920629068336538 0.02556850666902503 0.9673469387755103 0.9928571428571429 0.0005 3 56 -0.05581713987856495
augmented_r1 7 60 60.0 -0.24154396155613203 -0.03610605317719129 0.9755102040816327 0.9959183673469387 0.0005 4 56 -0.05581713987856495
augmented_r1 7 61 61.0 -0.2433907978382102 -0.018372568305657835 0.9663265306122449 0.9938775510204082 0.0005 5 56 -0.05581713987856495
augmented_r1 7 62 62.0 -0.24220412401410596 0.03700501772822166 0.9540816326530612 0.9938775510204082 0.0005 6 56 -0.05581713987856495
augmented_r1 7 63 63.0 -0.2431592163691129 0.16200999629740812 0.939795918367347 0.9908163265306122 0.0005 7 56 -0.05581713987856495
augmented_r1 7 64 64.0 -0.24301794527121365 0.039941091926730406 0.9520408163265306 0.9938775510204082 0.0005 8 56 -0.05581713987856495
augmented_r1 7 65 65.0 -0.22427391570316788 1.1891873150455707 0.810204081632653 0.9693877551020408 0.0005 9 56 -0.05581713987856495
augmented_r1 7 66 66.0 -0.20628310881362305 0.9117808264129016 0.8948979591836734 0.9387755102040817 0.0005 10 56 -0.05581713987856495
augmented_r1 7 67 67.0 -0.2057521018016571 0.3637290195542939 0.9102040816326531 0.9928571428571429 0.00025 11 56 -0.05581713987856495
augmented_r1 7 68 68.0 -0.23042513141294418 0.07681168585407491 0.9581632653061225 0.9918367346938776 0.00025 12 56 -0.05581713987856495
augmented_r1 7 69 69.0 -0.24157416750180197 -0.023266811760104433 0.9673469387755103 0.9959183673469387 0.00025 13 56 -0.05581713987856495
augmented_r1 7 70 70.0 -0.24666985922167098 -0.04634223762823611 0.9683673469387755 0.9948979591836735 0.00025 14 56 -0.05581713987856495
augmented_r1 7 71 71.0 -0.24757512934468737 -0.04578697292172179 0.9704081632653061 0.9948979591836735 0.00025 15 56 -0.05581713987856495
augmented_r1 7 72 72.0 -0.2472158761333997 -0.055911834385930274 0.9724489795918367 0.9928571428571429 0.00025 0 72 -0.055911834385930274
augmented_r1 7 73 73.0 -0.24813096698067483 -0.028756527998009505 0.9683673469387755 0.9938775510204082 0.00025 1 72 -0.055911834385930274
augmented_r1 7 74 74.0 -0.2489919600246497 -0.058551524123367 0.9744897959183674 0.9948979591836735 0.00025 0 74 -0.058551524123367
augmented_r1 7 75 75.0 -0.24862721928996062 -0.0718714577811105 0.9775510204081632 0.9959183673469387 0.00025 0 75 -0.0718714577811105
augmented_r1 7 76 76.0 -0.24815928037741267 -0.055687068433177715 0.9734693877551021 0.9959183673469387 0.00025 1 75 -0.0718714577811105
augmented_r1 7 77 77.0 -0.24852530846961562 -0.044331484911393146 0.9704081632653061 0.9948979591836735 0.00025 2 75 -0.0718714577811105
augmented_r1 7 78 78.0 -0.24955047150930923 -0.05904687034840486 0.9775510204081632 0.9938775510204082 0.00025 3 75 -0.0718714577811105
augmented_r1 7 79 79.0 -0.24900671097023402 -0.057235133891202966 0.9755102040816327 0.9959183673469387 0.00025 4 75 -0.0718714577811105
augmented_r1 7 80 80.0 -0.2482905208496305 -0.028588095489813357 0.9704081632653061 0.9948979591836735 0.00025 5 75 -0.0718714577811105
augmented_r1 7 81 81.0 -0.24946744746096935 -0.054865957766163105 0.9734693877551021 0.9948979591836735 0.00025 6 75 -0.0718714577811105
augmented_r1 7 82 82.0 -0.2495770299916261 -0.04437397061562052 0.9724489795918367 0.9959183673469387 0.00025 7 75 -0.0718714577811105
augmented_r1 7 83 83.0 -0.24774223276554755 -0.03668234396953972 0.9744897959183674 0.9938775510204082 0.00025 8 75 -0.0718714577811105
augmented_r1 7 84 84.0 -0.24825635383305525 -0.0331444331577846 0.9724489795918367 0.9938775510204082 0.00025 9 75 -0.0718714577811105
augmented_r1 7 85 85.0 -0.24815726096230747 -0.05719687549435363 0.9744897959183674 0.9938775510204082 0.00025 10 75 -0.0718714577811105
augmented_r1 7 86 86.0 -0.24992573439831414 -0.03534529063166404 0.9724489795918367 0.9938775510204082 0.000125 11 75 -0.0718714577811105
augmented_r1 7 87 87.0 -0.2500949074233926 -0.05312073230743408 0.9734693877551021 0.9959183673469387 0.000125 12 75 -0.0718714577811105
augmented_r1 7 88 88.0 -0.2519685518346588 -0.046656971075096906 0.9704081632653061 0.9948979591836735 0.000125 13 75 -0.0718714577811105
augmented_r1 7 89 89.0 -0.2518842198661496 -0.03626364785797742 0.9673469387755103 0.9948979591836735 0.000125 14 75 -0.0718714577811105
augmented_r1 7 90 90.0 -0.2509128951885675 -0.06417072646471919 0.9734693877551021 0.9948979591836735 0.000125 15 75 -0.0718714577811105
augmented_r1 7 91 91.0 -0.2514152977610522 -0.05125133310045515 0.9724489795918367 0.9938775510204082 0.000125 16 75 -0.0718714577811105
augmented_r1 7 92 92.0 -0.2520001015498646 -0.05479312234995316 0.9734693877551021 0.9948979591836735 0.000125 17 75 -0.0718714577811105
augmented_r1 7 93 93.0 -0.25188508999115006 -0.06216610159192767 0.9775510204081632 0.9938775510204082 0.000125 18 75 -0.0718714577811105
augmented_r1 7 94 94.0 -0.25110787740361945 -0.06340052838228187 0.9734693877551021 0.9948979591836735 0.000125 19 75 -0.0718714577811105
augmented_r1 7 95 95.0 -0.251257333953544 -0.05882064371692891 0.9734693877551021 0.9948979591836735 0.000125 20 75 -0.0718714577811105
augmented_r1 7 96 96.0 -0.2509981408694956 -0.06219889144508206 0.9734693877551021 0.9959183673469387 0.000125 21 75 -0.0718714577811105
augmented_r1 7 97 97.0 -0.2518818616542392 -0.04284374373299735 0.9734693877551021 0.9938775510204082 6.25e-05 22 75 -0.0718714577811105
augmented_r1 7 98 98.0 -0.25286188587728975 -0.06163622359840237 0.9744897959183674 0.9948979591836735 6.25e-05 23 75 -0.0718714577811105
augmented_r1 7 99 99.0 -0.2529239891552676 -0.056249212732120434 0.9744897959183674 0.9938775510204082 6.25e-05 24 75 -0.0718714577811105
augmented_r1 7 100 100.0 -0.25286118845153926 -0.06757221611178651 0.9744897959183674 0.9938775510204082 6.25e-05 25 75 -0.0718714577811105
augmented_r1 7 101 101.0 -0.2532962200536654 -0.051004623393623195 0.9704081632653061 0.9948979591836735 6.25e-05 26 75 -0.0718714577811105
augmented_r1 7 102 102.0 -0.25287548063345733 -0.053036592931163556 0.9714285714285714 0.9959183673469387 6.25e-05 27 75 -0.0718714577811105
augmented_r1 7 103 103.0 -0.25302861803399396 -0.06841967397806596 0.9734693877551021 0.9959183673469387 6.25e-05 28 75 -0.0718714577811105
augmented_r1 7 104 104.0 -0.253001724218056 -0.06637095237264828 0.9785714285714285 0.9948979591836735 6.25e-05 29 75 -0.0718714577811105
augmented_r1 7 105 105.0 -0.2531745503612177 -0.07200386670170998 0.9755102040816327 0.9938775510204082 6.25e-05 0 105 -0.07200386670170998
augmented_r1 7 106 106.0 -0.2526927626084264 -0.06919750486101423 0.9744897959183674 0.9948979591836735 6.25e-05 1 105 -0.07200386670170998
augmented_r1 7 107 107.0 -0.2526378239277975 -0.06187632181206528 0.9724489795918367 0.9948979591836735 6.25e-05 2 105 -0.07200386670170998
augmented_r1 7 108 108.0 -0.2537418008932892 -0.060198881674786 0.9734693877551021 0.9948979591836735 6.25e-05 3 105 -0.07200386670170998
augmented_r1 7 109 109.0 -0.25341083970440015 -0.06600856683692154 0.9755102040816327 0.9938775510204082 6.25e-05 4 105 -0.07200386670170998
augmented_r1 7 110 110.0 -0.25320581211807835 -0.06554688774809546 0.9734693877551021 0.9938775510204082 6.25e-05 5 105 -0.07200386670170998
augmented_r1 7 111 111.0 -0.252886380058389 -0.05330881488566496 0.9714285714285714 0.9948979591836735 6.25e-05 6 105 -0.07200386670170998
augmented_r1 7 112 112.0 -0.25258276352165937 -0.06337433639837771 0.976530612244898 0.9938775510204082 6.25e-05 7 105 -0.07200386670170998
augmented_r1 7 113 113.0 -0.25239582187308 -0.05631435841930156 0.9734693877551021 0.9938775510204082 6.25e-05 8 105 -0.07200386670170998
augmented_r1 7 114 114.0 -0.25326892770099685 -0.05684071365667849 0.9734693877551021 0.9938775510204082 6.25e-05 9 105 -0.07200386670170998
augmented_r1 7 115 115.0 -0.25325464983176926 -0.07090212131033138 0.9775510204081632 0.9938775510204082 6.25e-05 10 105 -0.07200386670170998
augmented_r1 7 116 116.0 -0.25269096129275 -0.06554039351794184 0.9755102040816327 0.9938775510204082 3.125e-05 11 105 -0.07200386670170998
augmented_r1 7 117 117.0 -0.25305745109773686 -0.05655879633767264 0.9714285714285714 0.9938775510204082 3.125e-05 12 105 -0.07200386670170998
augmented_r1 7 118 118.0 -0.25333741387074177 -0.06405504431043352 0.9714285714285714 0.9938775510204082 3.125e-05 13 105 -0.07200386670170998
augmented_r1 7 119 119.0 -0.2531349097280896 -0.06434604391759756 0.976530612244898 0.9938775510204082 3.125e-05 14 105 -0.07200386670170998
augmented_r1 7 120 120.0 -0.2535836912262077 -0.07389148303440639 0.976530612244898 0.9948979591836735 3.125e-05 0 120 -0.07389148303440639
augmented_r1 7 121 121.0 -0.2539707526422553 -0.051776714714205994 0.9724489795918367 0.9938775510204082 3.125e-05 1 120 -0.07389148303440639
augmented_r1 7 122 122.0 -0.2533600305461148 -0.06638222713859714 0.9744897959183674 0.9938775510204082 3.125e-05 2 120 -0.07389148303440639
augmented_r1 7 123 123.0 -0.2534138975065511 -0.0715671378739026 0.9724489795918367 0.9938775510204082 3.125e-05 3 120 -0.07389148303440639
augmented_r1 7 124 124.0 -0.25408963669011986 -0.06981804808791803 0.9755102040816327 0.9938775510204082 3.125e-05 4 120 -0.07389148303440639
augmented_r1 7 125 125.0 -0.25403762761971865 -0.0689879543927251 0.9744897959183674 0.9938775510204082 3.125e-05 5 120 -0.07389148303440639
augmented_r1 7 126 126.0 -0.2533734281713509 -0.07575215855423285 0.9775510204081632 0.9938775510204082 3.125e-05 0 126 -0.07575215855423285
augmented_r1 7 127 127.0 -0.2536016562771808 -0.07270983481893734 0.9755102040816327 0.9948979591836735 3.125e-05 1 126 -0.07575215855423285
augmented_r1 7 128 128.0 -0.2536791684786623 -0.06259020299327617 0.9744897959183674 0.9938775510204082 3.125e-05 2 126 -0.07575215855423285
augmented_r1 7 129 129.0 -0.2529968855817157 -0.06483157556884143 0.9724489795918367 0.9948979591836735 3.125e-05 3 126 -0.07575215855423285
augmented_r1 7 130 130.0 -0.2537352967900793 -0.05961806968766816 0.9714285714285714 0.9938775510204082 3.125e-05 4 126 -0.07575215855423285
augmented_r1 7 131 131.0 -0.25347786957818275 -0.06041145957246118 0.9714285714285714 0.9938775510204082 3.125e-05 5 126 -0.07575215855423285
augmented_r1 7 132 132.0 -0.2538440550017563 -0.05396632077742596 0.9744897959183674 0.9938775510204082 3.125e-05 6 126 -0.07575215855423285
augmented_r1 7 133 133.0 -0.2540860522134273 -0.07400784541149528 0.9744897959183674 0.9948979591836735 3.125e-05 7 126 -0.07575215855423285
augmented_r1 7 134 134.0 -0.25367130910706315 -0.05593498288368692 0.9704081632653061 0.9948979591836735 3.125e-05 8 126 -0.07575215855423285
augmented_r1 7 135 135.0 -0.2544793122419703 -0.05670307850351139 0.9734693877551021 0.9938775510204082 3.125e-05 9 126 -0.07575215855423285
augmented_r1 7 136 136.0 -0.2545119938772481 -0.06690633637564523 0.9744897959183674 0.9938775510204082 3.125e-05 10 126 -0.07575215855423285
augmented_r1 7 137 137.0 -0.2541284182642029 -0.06844962616356051 0.9744897959183674 0.9938775510204082 1.5625e-05 11 126 -0.07575215855423285
augmented_r1 7 138 138.0 -0.25445372602152816 -0.06662073913885623 0.9755102040816327 0.9938775510204082 1.5625e-05 12 126 -0.07575215855423285
augmented_r1 7 139 139.0 -0.25409102772670716 -0.06788078960107298 0.9734693877551021 0.9948979591836735 1.5625e-05 13 126 -0.07575215855423285
augmented_r1 7 140 140.0 -0.25440401585600997 -0.06668074374296228 0.9755102040816327 0.9938775510204082 1.5625e-05 14 126 -0.07575215855423285
augmented_r1 7 141 141.0 -0.25490892918284136 -0.07231079753564329 0.9755102040816327 0.9938775510204082 1.5625e-05 15 126 -0.07575215855423285
augmented_r1 7 142 142.0 -0.2543648642082405 -0.06768326905308937 0.9744897959183674 0.9938775510204082 1.5625e-05 16 126 -0.07575215855423285
augmented_r1 7 143 143.0 -0.25479501472296523 -0.06307074683053153 0.9744897959183674 0.9938775510204082 1.5625e-05 17 126 -0.07575215855423285
augmented_r1 7 144 144.0 -0.2546487665154747 -0.07150896422717036 0.9734693877551021 0.9938775510204082 1.5625e-05 18 126 -0.07575215855423285
augmented_r1 7 145 145.0 -0.2547362739261691 -0.06869185652051653 0.9755102040816327 0.9938775510204082 1.5625e-05 19 126 -0.07575215855423285
augmented_r1 7 146 146.0 -0.25444939033150726 -0.05470850078427062 0.9744897959183674 0.9938775510204082 1.5625e-05 20 126 -0.07575215855423285
augmented_r1 7 147 147.0 -0.25478005955774463 -0.06328792961276307 0.9734693877551021 0.9938775510204082 1.5625e-05 21 126 -0.07575215855423285
augmented_r1 7 148 148.0 -0.25435031872687425 -0.0680286388007962 0.9734693877551021 0.9938775510204082 7.8125e-06 22 126 -0.07575215855423285
augmented_r1 7 149 149.0 -0.2549104332599216 -0.07203086006398103 0.9755102040816327 0.9938775510204082 7.8125e-06 23 126 -0.07575215855423285
augmented_r1 7 150 150.0 -0.2548280323412112 -0.06580818769883136 0.9734693877551021 0.9938775510204082 7.8125e-06 24 126 -0.07575215855423285
augmented_r1 7 151 151.0 -0.25490553225921164 -0.06822988986968995 0.9734693877551021 0.9938775510204082 7.8125e-06 25 126 -0.07575215855423285
augmented_r1 7 152 152.0 -0.25504345440399195 -0.06030281368567019 0.9744897959183674 0.9938775510204082 7.8125e-06 26 126 -0.07575215855423285
augmented_r1 7 153 153.0 -0.25429835083589625 -0.06690486547898274 0.9744897959183674 0.9938775510204082 7.8125e-06 27 126 -0.07575215855423285
augmented_r1 7 154 154.0 -0.254725819330999 -0.06523912731482058 0.9724489795918367 0.9938775510204082 7.8125e-06 28 126 -0.07575215855423285
augmented_r1 7 155 155.0 -0.25469828720694504 -0.06453265559916593 0.9734693877551021 0.9938775510204082 7.8125e-06 29 126 -0.07575215855423285
augmented_r1 7 156 156.0 -0.25459047203652707 -0.06276362915428317 0.9734693877551021 0.9938775510204082 7.8125e-06 30 126 -0.07575215855423285
augmented_r1 8 1 1.0 1.6787362131161199 2.3015781675066265 0.6214285714285714 0.5683673469387756 0.001 0 1 2.3015781675066265
augmented_r1 8 2 2.0 1.0299404028378667 1.8057695155241051 0.5102040816326531 0.8642857142857143 0.001 0 2 1.8057695155241051
augmented_r1 8 3 3.0 0.824691277036221 1.495489383230404 0.6346938775510204 0.8908163265306123 0.001 0 3 1.495489383230404
augmented_r1 8 4 4.0 0.7178641132912309 2.3334299311345936 0.4336734693877551 0.7683673469387755 0.001 1 3 1.495489383230404
augmented_r1 8 5 5.0 0.6214176269752893 1.70143712248121 0.42959183673469387 0.9846938775510204 0.001 2 3 1.495489383230404
augmented_r1 8 6 6.0 0.5677513955833151 1.3083874425109552 0.7795918367346939 0.7571428571428571 0.001 0 6 1.3083874425109552
augmented_r1 8 7 7.0 0.5072372665039475 0.7359514129405119 0.8918367346938776 0.9622448979591837 0.001 0 7 0.7359514129405119
augmented_r1 8 8 8.0 0.4448490961405347 0.9039578068013094 0.7479591836734694 0.9887755102040816 0.001 1 7 0.7359514129405119
augmented_r1 8 9 9.0 0.37575701794946836 0.5749639739795607 0.9163265306122449 0.9755102040816327 0.001 0 9 0.5749639739795607
augmented_r1 8 10 10.0 0.34388500703663594 1.204960003191111 0.7255102040816327 0.9479591836734694 0.001 1 9 0.5749639739795607
augmented_r1 8 11 11.0 0.3134013454967123 2.736393662861415 0.513265306122449 0.976530612244898 0.001 2 9 0.5749639739795607
augmented_r1 8 12 12.0 0.2911382807123623 0.5734740179412219 0.9081632653061225 0.9520408163265306 0.001 0 12 0.5734740179412219
augmented_r1 8 13 13.0 0.21882044968689457 0.3769271997772917 0.9459183673469388 0.9908163265306122 0.001 0 13 0.3769271997772917
augmented_r1 8 14 14.0 0.17524210698107834 0.28156221131889186 0.9551020408163265 0.9938775510204082 0.001 0 14 0.28156221131889186
augmented_r1 8 15 15.0 0.16542388488637064 0.5805446996980784 0.9112244897959184 0.9357142857142857 0.001 1 14 0.28156221131889186
augmented_r1 8 16 16.0 0.13654302820204822 0.769475685333719 0.8683673469387755 0.9214285714285714 0.001 2 14 0.28156221131889186
augmented_r1 8 17 17.0 0.10000248638218877 1.5920843075732796 0.6591836734693878 0.9755102040816327 0.001 3 14 0.28156221131889186
augmented_r1 8 18 18.0 0.10247523120139006 3.7572874575245137 0.30918367346938774 0.7 0.001 4 14 0.28156221131889186
augmented_r1 8 19 19.0 0.06605609679189639 1.4745026938769281 0.7244897959183674 0.9459183673469388 0.001 5 14 0.28156221131889186
augmented_r1 8 20 20.0 0.030999491228821383 1.1141062872750418 0.7275510204081632 0.9438775510204082 0.001 6 14 0.28156221131889186
augmented_r1 8 21 21.0 -0.018472674079121 0.5772862716596954 0.9428571428571428 0.8857142857142857 0.001 7 14 0.28156221131889186
augmented_r1 8 22 22.0 -0.04396524493714868 0.5429686169235074 0.8561224489795919 0.9908163265306122 0.001 8 14 0.28156221131889186
augmented_r1 8 23 23.0 -0.022935831595484475 1.6085065325912165 0.6969387755102041 0.8887755102040816 0.001 9 14 0.28156221131889186
augmented_r1 8 24 24.0 -0.024373603040285668 1.3496941537273173 0.8183673469387756 0.826530612244898 0.001 10 14 0.28156221131889186
augmented_r1 8 25 25.0 -0.05245815089654771 0.5051119704635776 0.8989795918367347 0.9540816326530612 0.0005 11 14 0.28156221131889186
augmented_r1 8 26 26.0 -0.10455806683909606 0.029824408219785107 0.9714285714285714 0.9918367346938776 0.0005 0 26 0.029824408219785107
augmented_r1 8 27 27.0 -0.13157220369461067 0.023514380990242473 0.9653061224489796 0.9948979591836735 0.0005 0 27 0.023514380990242473
augmented_r1 8 28 28.0 -0.1424490855165465 -0.018716920881855243 0.9795918367346939 0.9928571428571429 0.0005 0 28 -0.018716920881855243
augmented_r1 8 29 29.0 -0.14919475582692496 -0.018150528109803492 0.976530612244898 0.9928571428571429 0.0005 1 28 -0.018716920881855243
augmented_r1 8 30 30.0 -0.1505556523502279 0.029498192485497923 0.9704081632653061 0.9908163265306122 0.0005 2 28 -0.018716920881855243
augmented_r1 8 31 31.0 -0.15984055996482285 -0.008155538111316914 0.9714285714285714 0.9938775510204082 0.0005 3 28 -0.018716920881855243
augmented_r1 8 32 32.0 -0.16621976906853916 -0.023568863771399672 0.9744897959183674 0.9928571428571429 0.0005 0 32 -0.023568863771399672
augmented_r1 8 33 33.0 -0.17181902114662104 -0.04615425576969069 0.9836734693877551 0.9928571428571429 0.0005 0 33 -0.04615425576969069
augmented_r1 8 34 34.0 -0.1767824350894715 -0.03238944034187161 0.9775510204081632 0.9918367346938776 0.0005 1 33 -0.04615425576969069
augmented_r1 8 35 35.0 -0.1812850103776562 0.007598672107774384 0.9693877551020408 0.9928571428571429 0.0005 2 33 -0.04615425576969069
augmented_r1 8 36 36.0 -0.18489902508134362 0.009444716268656205 0.976530612244898 0.9908163265306122 0.0005 3 33 -0.04615425576969069
augmented_r1 8 37 37.0 -0.18466666964471637 0.16825410078982916 0.9428571428571428 0.9846938775510204 0.0005 4 33 -0.04615425576969069
augmented_r1 8 38 38.0 -0.187522649413285 0.9025268007297905 0.8173469387755102 0.9806122448979592 0.0005 5 33 -0.04615425576969069
augmented_r1 8 39 39.0 -0.18632295277245306 0.21310938864338155 0.9316326530612244 0.9908163265306122 0.0005 6 33 -0.04615425576969069
augmented_r1 8 40 40.0 -0.18779777733780717 0.47815663984843665 0.8969387755102041 0.976530612244898 0.0005 7 33 -0.04615425576969069
augmented_r1 8 41 41.0 -0.18086344847828487 0.9714770183271292 0.7826530612244897 0.9816326530612245 0.0005 8 33 -0.04615425576969069
augmented_r1 8 42 42.0 -0.12628344584745113 1.451775074978264 0.9295918367346939 0.7346938775510204 0.0005 9 33 -0.04615425576969069
augmented_r1 8 43 43.0 -0.09901432029453126 3.3578270016884315 0.5214285714285715 0.9714285714285714 0.0005 10 33 -0.04615425576969069
augmented_r1 8 44 44.0 -0.16363101726870508 0.03312894154568108 0.9571428571428572 0.9908163265306122 0.00025 11 33 -0.04615425576969069
augmented_r1 8 45 45.0 -0.20554707142855436 -0.08532814055073018 0.9857142857142858 0.9928571428571429 0.00025 0 45 -0.08532814055073018
augmented_r1 8 46 46.0 -0.21643416041739139 -0.0697963471315345 0.9744897959183674 0.9928571428571429 0.00025 1 45 -0.08532814055073018
augmented_r1 8 47 47.0 -0.21989639620861032 -0.08042386235023032 0.9816326530612245 0.9928571428571429 0.00025 2 45 -0.08532814055073018
augmented_r1 8 48 48.0 -0.22146691336612295 -0.07791813052430445 0.9755102040816327 0.9938775510204082 0.00025 3 45 -0.08532814055073018
augmented_r1 8 49 49.0 -0.2230825147680732 -0.09173173782776813 0.9836734693877551 0.9938775510204082 0.00025 0 49 -0.09173173782776813
augmented_r1 8 50 50.0 -0.22538105685549653 -0.07862916406320065 0.9795918367346939 0.9938775510204082 0.00025 1 49 -0.09173173782776813
augmented_r1 8 51 51.0 -0.22500138254637508 -0.0790496565857712 0.9775510204081632 0.9948979591836735 0.00025 2 49 -0.09173173782776813
augmented_r1 8 52 52.0 -0.22651206851817238 -0.091227646019994 0.9816326530612245 0.9938775510204082 0.00025 3 49 -0.09173173782776813
augmented_r1 8 53 53.0 -0.22875948096750218 -0.0789915632228462 0.9775510204081632 0.9948979591836735 0.00025 4 49 -0.09173173782776813
augmented_r1 8 54 54.0 -0.22932545263768325 -0.08553009252158963 0.9806122448979592 0.9928571428571429 0.00025 5 49 -0.09173173782776813
augmented_r1 8 55 55.0 -0.23022623160618086 -0.02602843459771604 0.9724489795918367 0.9908163265306122 0.00025 6 49 -0.09173173782776813
augmented_r1 8 56 56.0 -0.23117050638103614 -0.07453516210828509 0.9744897959183674 0.9928571428571429 0.00025 7 49 -0.09173173782776813
augmented_r1 8 57 57.0 -0.23174559123073443 -0.08301666634423392 0.9806122448979592 0.9928571428571429 0.00025 8 49 -0.09173173782776813
augmented_r1 8 58 58.0 -0.2339880942919554 -0.0713999217870284 0.9755102040816327 0.9928571428571429 0.00025 9 49 -0.09173173782776813
augmented_r1 8 59 59.0 -0.2345382718946844 -0.09508887359074183 0.9816326530612245 0.9948979591836735 0.00025 0 59 -0.09508887359074183
augmented_r1 8 60 60.0 -0.23630611765563245 -0.06803070282449528 0.9734693877551021 0.9938775510204082 0.00025 1 59 -0.09508887359074183
augmented_r1 8 61 61.0 -0.2359866172792259 -0.08676763116096964 0.9826530612244898 0.9948979591836735 0.00025 2 59 -0.09508887359074183
augmented_r1 8 62 62.0 -0.23763651716346584 -0.07423455033983503 0.9836734693877551 0.9928571428571429 0.00025 3 59 -0.09508887359074183
augmented_r1 8 63 63.0 -0.24023545039982563 -0.08810007766801484 0.9826530612244898 0.9948979591836735 0.00025 4 59 -0.09508887359074183
augmented_r1 8 64 64.0 -0.23932955411689366 -0.05034590108054025 0.9704081632653061 0.9938775510204082 0.00025 5 59 -0.09508887359074183
augmented_r1 8 65 65.0 -0.2403167304644193 -0.050168413045454996 0.9785714285714285 0.9908163265306122 0.00025 6 59 -0.09508887359074183
augmented_r1 8 66 66.0 -0.2385449230643873 -0.05126866515801878 0.9775510204081632 0.9928571428571429 0.00025 7 59 -0.09508887359074183
augmented_r1 8 67 67.0 -0.2406173367636668 -0.05121659064779476 0.9714285714285714 0.9948979591836735 0.00025 8 59 -0.09508887359074183
augmented_r1 8 68 68.0 -0.22275577966484003 0.3440714510119691 0.9102040816326531 0.9918367346938776 0.00025 9 59 -0.09508887359074183
augmented_r1 8 69 69.0 -0.22060439216511604 0.34539366741569677 0.9428571428571428 0.9551020408163265 0.00025 10 59 -0.09508887359074183
augmented_r1 8 70 70.0 -0.2357682204224876 0.21281983901043328 0.9540816326530612 0.9704081632653061 0.000125 11 59 -0.09508887359074183
augmented_r1 8 71 71.0 -0.24400638546447997 -0.09109833824391268 0.9775510204081632 0.9948979591836735 0.000125 12 59 -0.09508887359074183
augmented_r1 8 72 72.0 -0.24609820971530078 -0.08784878837819002 0.9785714285714285 0.9948979591836735 0.000125 13 59 -0.09508887359074183
augmented_r1 8 73 73.0 -0.24695526733757742 -0.08965720108577184 0.9785714285714285 0.9948979591836735 0.000125 14 59 -0.09508887359074183
augmented_r1 8 74 74.0 -0.24666613900439607 -0.09194788786829734 0.9816326530612245 0.9938775510204082 0.000125 15 59 -0.09508887359074183
augmented_r1 8 75 75.0 -0.2475069953104176 -0.08247113179187385 0.976530612244898 0.9948979591836735 0.000125 16 59 -0.09508887359074183
augmented_r1 8 76 76.0 -0.24763626060429564 -0.09120655205785012 0.9806122448979592 0.9948979591836735 0.000125 17 59 -0.09508887359074183
augmented_r1 8 77 77.0 -0.24802263157507315 -0.08132227148328508 0.976530612244898 0.9948979591836735 0.000125 18 59 -0.09508887359074183
augmented_r1 8 78 78.0 -0.24773241358348796 -0.07489325416331388 0.9775510204081632 0.9928571428571429 0.000125 19 59 -0.09508887359074183
augmented_r1 8 79 79.0 -0.24766193205153353 -0.08862763813563755 0.9816326530612245 0.9938775510204082 0.000125 20 59 -0.09508887359074183
augmented_r1 8 80 80.0 -0.24789535980358807 -0.08554589505098303 0.9775510204081632 0.9948979591836735 0.000125 21 59 -0.09508887359074183
augmented_r1 8 81 81.0 -0.24870480984598195 -0.07965324995469074 0.9806122448979592 0.9938775510204082 6.25e-05 22 59 -0.09508887359074183
augmented_r1 8 82 82.0 -0.24964570555425047 -0.09344298450314269 0.9806122448979592 0.9948979591836735 6.25e-05 23 59 -0.09508887359074183
augmented_r1 8 83 83.0 -0.25030195198976823 -0.09310114967579744 0.9806122448979592 0.9948979591836735 6.25e-05 24 59 -0.09508887359074183
augmented_r1 8 84 84.0 -0.2503271606960894 -0.08694129622712428 0.9775510204081632 0.9948979591836735 6.25e-05 25 59 -0.09508887359074183
augmented_r1 8 85 85.0 -0.2500815077148347 -0.09252677158433564 0.9795918367346939 0.9948979591836735 6.25e-05 26 59 -0.09508887359074183
augmented_r1 8 86 86.0 -0.2504031140318363 -0.08575488158634731 0.9785714285714285 0.9948979591836735 6.25e-05 27 59 -0.09508887359074183
augmented_r1 8 87 87.0 -0.25000475246258014 -0.09123408940373635 0.9795918367346939 0.9948979591836735 6.25e-05 28 59 -0.09508887359074183
augmented_r1 8 88 88.0 -0.25004682276284645 -0.08503808975219726 0.976530612244898 0.9948979591836735 6.25e-05 29 59 -0.09508887359074183
augmented_r1 8 89 89.0 -0.2503197979396763 -0.0901367966009646 0.9806122448979592 0.9948979591836735 6.25e-05 30 59 -0.09508887359074183
augmented_r1 9 1 1.0 1.5338571042945264 1.4877282955208604 0.6377551020408163 0.8979591836734694 0.001 0 1 1.4877282955208604
augmented_r1 9 2 2.0 0.945192350212466 1.488160762494924 0.8530612244897959 0.6806122448979591 0.001 1 1 1.4877282955208604
augmented_r1 9 3 3.0 0.7916603115435031 1.0810391163339421 0.8020408163265306 0.9520408163265306 0.001 0 3 1.0810391163339421
augmented_r1 9 4 4.0 0.7027235777876997 1.4588662741135578 0.7642857142857142 0.7489795918367347 0.001 1 3 1.0810391163339421
augmented_r1 9 5 5.0 0.6066729730494824 1.2924795277264653 0.7183673469387755 0.8346938775510204 0.001 2 3 1.0810391163339421
augmented_r1 9 6 6.0 0.5434964895518974 0.9839359171536504 0.7602040816326531 0.9887755102040816 0.001 0 6 0.9839359171536504
augmented_r1 9 7 7.0 0.4925563624919245 1.245489611431044 0.7071428571428572 0.9295918367346939 0.001 1 6 0.9839359171536504
augmented_r1 9 8 8.0 0.42306948817431034 1.2262284312929426 0.7040816326530612 0.986734693877551 0.001 2 6 0.9839359171536504
augmented_r1 9 9 9.0 0.37974696922616097 1.7087415670862003 0.5081632653061224 0.9785714285714285 0.001 3 6 0.9839359171536504
augmented_r1 9 10 10.0 0.3378657191328931 1.5114835057939802 0.7285714285714285 0.9244897959183673 0.001 4 6 0.9839359171536504
augmented_r1 9 11 11.0 0.27505471657148234 0.48400985197145113 0.9346938775510204 0.9704081632653061 0.001 0 11 0.48400985197145113
augmented_r1 9 12 12.0 0.23592614453865948 1.303921777861459 0.7183673469387755 0.9173469387755102 0.001 1 11 0.48400985197145113
augmented_r1 9 13 13.0 0.21443780559980485 0.37467445536535615 0.9377551020408164 0.9897959183673469 0.001 0 13 0.37467445536535615
augmented_r1 9 14 14.0 0.18465643091684464 0.5557970039698542 0.8816326530612245 0.9897959183673469 0.001 1 13 0.37467445536535615
augmented_r1 9 15 15.0 0.14256150044477153 0.5492411990554965 0.9051020408163265 0.9755102040816327 0.001 2 13 0.37467445536535615
augmented_r1 9 16 16.0 0.11669452213126315 0.44045605756798567 0.9214285714285714 0.9673469387755103 0.001 3 13 0.37467445536535615
augmented_r1 9 17 17.0 0.09107376100039731 0.5283516037220858 0.8622448979591837 0.9704081632653061 0.001 4 13 0.37467445536535615
augmented_r1 9 18 18.0 0.06046639999042464 0.54214475057563 0.8673469387755102 0.9908163265306122 0.001 5 13 0.37467445536535615
augmented_r1 9 19 19.0 0.06942248585220905 1.1552742953203163 0.7540816326530613 0.9459183673469388 0.001 6 13 0.37467445536535615
augmented_r1 9 20 20.0 0.056281567377444566 0.364649273911301 0.9316326530612244 0.960204081632653 0.001 0 20 0.364649273911301
augmented_r1 9 21 21.0 -0.0016840940922214613 0.8989664622715541 0.7887755102040817 0.9897959183673469 0.001 1 20 0.364649273911301
augmented_r1 9 22 22.0 -0.04263453953275884 0.7435101766975558 0.8081632653061225 0.9948979591836735 0.001 2 20 0.364649273911301
augmented_r1 9 23 23.0 -0.06603221075133307 0.30571195689999325 0.9061224489795918 0.9918367346938776 0.001 0 23 0.30571195689999325
augmented_r1 9 24 24.0 -0.0904908072282875 0.05788261963396656 0.9683673469387755 0.9959183673469387 0.001 0 24 0.05788261963396656
augmented_r1 9 25 25.0 -0.11377181267662585 0.3221418234766746 0.9173469387755102 0.9897959183673469 0.001 1 24 0.05788261963396656
augmented_r1 9 26 26.0 -0.10505857231721952 2.3255409396424587 0.7336734693877551 0.746938775510204 0.001 2 24 0.05788261963396656
augmented_r1 9 27 27.0 0.025878015481175697 2.7298564414588773 0.5255102040816326 0.8979591836734694 0.001 3 24 0.05788261963396656
augmented_r1 9 28 28.0 0.009366238355311923 2.6530249167461784 0.5275510204081633 0.9204081632653062 0.001 4 24 0.05788261963396656
augmented_r1 9 29 29.0 -0.09121971884154755 1.066461590358189 0.8765306122448979 0.7948979591836735 0.001 5 24 0.05788261963396656
augmented_r1 9 30 30.0 -0.14363812469537832 0.24795976001389172 0.9357142857142857 0.9928571428571429 0.001 6 24 0.05788261963396656
augmented_r1 9 31 31.0 -0.15792625019672618 -0.023608600120155178 0.9755102040816327 0.9948979591836735 0.001 0 31 -0.023608600120155178
augmented_r1 9 32 32.0 -0.17497004044364378 -0.028119945526123048 0.9744897959183674 0.9948979591836735 0.001 0 32 -0.028119945526123048
augmented_r1 9 33 33.0 -0.18418900126822146 0.5374243278892673 0.8836734693877552 0.9653061224489796 0.001 1 32 -0.028119945526123048
augmented_r1 9 34 34.0 -0.19449069299213032 0.29584545043050026 0.9061224489795918 0.9948979591836735 0.001 2 32 -0.028119945526123048
augmented_r1 9 35 35.0 -0.1951005563268432 0.1855345156728005 0.9551020408163265 0.976530612244898 0.001 3 32 -0.028119945526123048
augmented_r1 9 36 36.0 0.06520524357212602 0.9822498175562645 0.8520408163265306 0.939795918367347 0.001 4 32 -0.028119945526123048
augmented_r1 9 37 37.0 -0.0754460146142524 0.9049197873290704 0.7826530612244897 0.9591836734693877 0.001 5 32 -0.028119945526123048
augmented_r1 9 38 38.0 -0.16259231185350317 1.246798273981834 0.6948979591836735 0.9826530612244898 0.001 6 32 -0.028119945526123048
augmented_r1 9 39 39.0 -0.2008285400437811 0.017509705193188726 0.9622448979591837 0.9928571428571429 0.001 7 32 -0.028119945526123048
augmented_r1 9 40 40.0 -0.21282033215746574 -0.07362297384106382 0.9785714285714285 0.9928571428571429 0.001 0 40 -0.07362297384106382
augmented_r1 9 41 41.0 -0.22002576799539886 -0.07565208259893923 0.9744897959183674 0.9948979591836735 0.001 0 41 -0.07565208259893923
augmented_r1 9 42 42.0 -0.2265250558643194 -0.08028495214423355 0.9795918367346939 0.9928571428571429 0.001 0 42 -0.08028495214423355
augmented_r1 9 43 43.0 -0.22222779241411242 0.058797796891660106 0.939795918367347 0.9928571428571429 0.001 1 42 -0.08028495214423355
augmented_r1 9 44 44.0 -0.2240797194956218 0.26487080856245393 0.9285714285714286 0.9897959183673469 0.001 2 42 -0.08028495214423355
augmented_r1 9 45 45.0 -0.22574828553621842 0.24035397451751087 0.926530612244898 0.9928571428571429 0.001 3 42 -0.08028495214423355
augmented_r1 9 46 46.0 -0.213453236272321 0.35584766426864933 0.8989795918367347 0.9918367346938776 0.001 4 42 -0.08028495214423355
augmented_r1 9 47 47.0 -0.14581329206742863 3.139128284065091 0.6489795918367347 0.7448979591836735 0.001 5 42 -0.08028495214423355
augmented_r1 9 48 48.0 -0.06329975899814531 0.46897982723858894 0.9112244897959184 0.9571428571428572 0.001 6 42 -0.08028495214423355
augmented_r1 9 49 49.0 -0.0753860112162974 1.3547392305062742 0.7051020408163265 0.9897959183673469 0.001 7 42 -0.08028495214423355
augmented_r1 9 50 50.0 -0.18772295895241847 0.4008518073023582 0.9561224489795919 0.9112244897959184 0.001 8 42 -0.08028495214423355
augmented_r1 9 51 51.0 -0.22039668561651443 0.01619107771892937 0.9551020408163265 0.9938775510204082 0.001 9 42 -0.08028495214423355
augmented_r1 9 52 52.0 -0.22408499920092223 0.00411178141224141 0.963265306122449 0.9959183673469387 0.001 10 42 -0.08028495214423355
augmented_r1 9 53 53.0 -0.23071121806942546 -0.08069980485098703 0.9785714285714285 0.9959183673469387 0.001 0 53 -0.08069980485098703
augmented_r1 9 54 54.0 -0.23822680585123548 -0.03254105898798729 0.9653061224489796 0.9928571428571429 0.001 1 53 -0.08069980485098703
augmented_r1 9 55 55.0 -0.2404930744720923 0.05090835970275256 0.9612244897959183 0.9887755102040816 0.001 2 53 -0.08069980485098703
augmented_r1 9 56 56.0 -0.2392120487139109 -0.029843946379058215 0.9775510204081632 0.9897959183673469 0.001 3 53 -0.08069980485098703
augmented_r1 9 57 57.0 -0.23943462465981488 -0.08858975050400715 0.9806122448979592 0.996938775510204 0.001 0 57 -0.08858975050400715
augmented_r1 9 58 58.0 -0.23858420073958997 0.07177461215427944 0.9530612244897959 0.9948979591836735 0.001 1 57 -0.08858975050400715
augmented_r1 9 59 59.0 -0.24143917407439722 -0.07060965421248455 0.9785714285714285 0.9938775510204082 0.001 2 57 -0.08858975050400715
augmented_r1 9 60 60.0 -0.2408955465161795 -0.09278469328977623 0.9795918367346939 0.9938775510204082 0.001 0 60 -0.09278469328977623
augmented_r1 9 61 61.0 -0.2388582816461623 -0.01080727041984091 0.9714285714285714 0.9918367346938776 0.001 1 60 -0.09278469328977623
augmented_r1 9 62 62.0 -0.23861402476099042 0.14485842841012136 0.9683673469387755 0.9826530612244898 0.001 2 60 -0.09278469328977623
augmented_r1 9 63 63.0 -0.23244705610907299 0.11514903623230603 0.95 0.9908163265306122 0.001 3 60 -0.09278469328977623
augmented_r1 9 64 64.0 -0.14829167413863062 33.93390952908263 0.22346938775510203 0.3693877551020408 0.001 4 60 -0.09278469328977623
augmented_r1 9 65 65.0 0.3446436308753853 1.1514162929690615 0.7663265306122449 0.9744897959183674 0.001 5 60 -0.09278469328977623
augmented_r1 9 66 66.0 -0.09303393560921232 0.32967203344617574 0.9255102040816326 0.9724489795918367 0.001 6 60 -0.09278469328977623
augmented_r1 9 67 67.0 -0.17777024303519395 -0.008062265357192682 0.9653061224489796 0.9928571428571429 0.001 7 60 -0.09278469328977623
augmented_r1 9 68 68.0 -0.20633187764241812 0.025714978393243285 0.9612244897959183 0.9908163265306122 0.001 8 60 -0.09278469328977623
augmented_r1 9 69 69.0 -0.22783273555882888 -0.00492167667466767 0.9683673469387755 0.9928571428571429 0.001 9 60 -0.09278469328977623
augmented_r1 9 70 70.0 -0.233256692243499 -0.06269410289063745 0.9704081632653061 0.9928571428571429 0.001 10 60 -0.09278469328977623
augmented_r1 9 71 71.0 -0.23587704519223365 -0.09866764058872145 0.9795918367346939 0.9948979591836735 0.001 0 71 -0.09866764058872145
augmented_r1 9 72 72.0 -0.240005141596766 -0.11616525066142179 0.9795918367346939 0.9959183673469387 0.001 0 72 -0.11616525066142179
augmented_r1 9 73 73.0 -0.24058704415722645 -0.08530885589366057 0.9775510204081632 0.9928571428571429 0.001 1 72 -0.11616525066142179
augmented_r1 9 74 74.0 -0.23668488650445335 0.08508186243018326 0.9408163265306122 0.9959183673469387 0.001 2 72 -0.11616525066142179
augmented_r1 9 75 75.0 -0.23153389641982125 -0.011783054896763392 0.9612244897959183 0.9959183673469387 0.001 3 72 -0.11616525066142179
augmented_r1 9 76 76.0 -0.2381867523416302 -0.041673628164797416 0.9704081632653061 0.9938775510204082 0.001 4 72 -0.11616525066142179
augmented_r1 9 77 77.0 -0.23292535048314672 0.487769299137349 0.8540816326530613 0.9938775510204082 0.001 5 72 -0.11616525066142179
augmented_r1 9 78 78.0 -0.2401960375792754 0.04612216998119743 0.9540816326530612 0.9948979591836735 0.001 6 72 -0.11616525066142179
augmented_r1 9 79 79.0 -0.24105881005052107 0.06493161746433802 0.9591836734693877 0.9887755102040816 0.001 7 72 -0.11616525066142179
augmented_r1 9 80 80.0 -0.238453980797375 0.06274943546373017 0.9551020408163265 0.9918367346938776 0.001 8 72 -0.11616525066142179
augmented_r1 9 81 81.0 -0.23409997805432195 0.028302575130851902 0.963265306122449 0.9938775510204082 0.001 9 72 -0.11616525066142179
augmented_r1 9 82 82.0 -0.191867355103391 1.0391908562913232 0.8224489795918367 0.960204081632653 0.001 10 72 -0.11616525066142179
augmented_r1 9 83 83.0 -0.1263819062271499 1.6141062858153363 0.6857142857142857 0.9520408163265306 0.0005 11 72 -0.11616525066142179
augmented_r1 9 84 84.0 -0.21204816735012663 0.023399485373983578 0.9571428571428572 0.9938775510204082 0.0005 12 72 -0.11616525066142179
augmented_r1 9 85 85.0 -0.2405945335633637 -0.09932365904048998 0.9806122448979592 0.9938775510204082 0.0005 13 72 -0.11616525066142179
augmented_r1 9 86 86.0 -0.24721807493061787 -0.1019522034392065 0.9785714285714285 0.9948979591836735 0.0005 14 72 -0.11616525066142179
augmented_r1 9 87 87.0 -0.2466965194891325 -0.0460710063272593 0.963265306122449 0.9959183673469387 0.0005 15 72 -0.11616525066142179
augmented_r1 9 88 88.0 -0.2484055034582906 -0.1251692990867459 0.9836734693877551 0.996938775510204 0.0005 0 88 -0.1251692990867459
augmented_r1 9 89 89.0 -0.24947261653377206 -0.12455751312022306 0.986734693877551 0.9948979591836735 0.0005 1 88 -0.1251692990867459
augmented_r1 9 90 90.0 -0.2481978626831304 -0.11342275775208766 0.986734693877551 0.9959183673469387 0.0005 2 88 -0.1251692990867459
augmented_r1 9 91 91.0 -0.2502121851761342 -0.12268162162936463 0.9846938775510204 0.996938775510204 0.0005 3 88 -0.1251692990867459
augmented_r1 9 92 92.0 -0.2502121158853965 -0.12733365905528166 0.9846938775510204 0.996938775510204 0.0005 0 92 -0.12733365905528166
augmented_r1 9 93 93.0 -0.2507399721033076 -0.12589111328125 0.9826530612244898 0.9959183673469387 0.0005 1 92 -0.12733365905528166
augmented_r1 9 94 94.0 -0.25084006285808114 -0.11758273669651577 0.986734693877551 0.9928571428571429 0.0005 2 92 -0.12733365905528166
augmented_r1 9 95 95.0 -0.24971303997178323 -0.118087920850637 0.9826530612244898 0.996938775510204 0.0005 3 92 -0.12733365905528166
augmented_r1 9 96 96.0 -0.2514361384182262 -0.12003184921887457 0.9836734693877551 0.996938775510204 0.0005 4 92 -0.12733365905528166
augmented_r1 9 97 97.0 -0.25094171047643593 -0.10879390434342988 0.9816326530612245 0.9948979591836735 0.0005 5 92 -0.12733365905528166
augmented_r1 9 98 98.0 -0.2503452107303531 -0.1245445154151138 0.9826530612244898 0.996938775510204 0.0005 6 92 -0.12733365905528166
augmented_r1 9 99 99.0 -0.2507675580419955 -0.12366083592784648 0.9826530612244898 0.9948979591836735 0.0005 7 92 -0.12733365905528166
augmented_r1 9 100 100.0 -0.249927993422468 -0.11698906859573052 0.9806122448979592 0.996938775510204 0.0005 8 92 -0.12733365905528166
augmented_r1 9 101 101.0 -0.25039755340278336 -0.10619086148787518 0.9816326530612245 0.9948979591836735 0.0005 9 92 -0.12733365905528166
augmented_r1 9 102 102.0 -0.2519326753850098 -0.12363850291894407 0.9846938775510204 0.9959183673469387 0.0005 10 92 -0.12733365905528166
augmented_r1 9 103 103.0 -0.24969777090139297 -0.09675600723344452 0.9775510204081632 0.9959183673469387 0.00025 11 92 -0.12733365905528166
augmented_r1 9 104 104.0 -0.2513102169368032 -0.127242340360369 0.9836734693877551 0.9959183673469387 0.00025 12 92 -0.12733365905528166
augmented_r1 9 105 105.0 -0.25305672767104964 -0.12018448138723568 0.9826530612244898 0.996938775510204 0.00025 13 92 -0.12733365905528166
augmented_r1 9 106 106.0 -0.25308524590971465 -0.11912478086899737 0.9806122448979592 0.9959183673469387 0.00025 14 92 -0.12733365905528166
augmented_r1 9 107 107.0 -0.2536640000300033 -0.11593225196916229 0.9816326530612245 0.9959183673469387 0.00025 15 92 -0.12733365905528166
augmented_r1 9 108 108.0 -0.25343392436957823 -0.1299754269269048 0.9836734693877551 0.996938775510204 0.00025 0 108 -0.1299754269269048
augmented_r1 9 109 109.0 -0.2537536024235619 -0.12647417078212816 0.9795918367346939 0.996938775510204 0.00025 1 108 -0.1299754269269048
augmented_r1 9 110 110.0 -0.25278540015815876 -0.0997063378898465 0.976530612244898 0.996938775510204 0.00025 2 108 -0.1299754269269048
augmented_r1 9 111 111.0 -0.25174971225853676 -0.13073909915223414 0.9816326530612245 0.996938775510204 0.00025 0 111 -0.13073909915223414
augmented_r1 9 112 112.0 -0.2524875731453049 -0.11553821758348115 0.9806122448979592 0.996938775510204 0.00025 1 111 -0.13073909915223414
augmented_r1 9 113 113.0 -0.25252193718458704 -0.13014521744786475 0.9846938775510204 0.996938775510204 0.00025 2 111 -0.13073909915223414
augmented_r1 9 114 114.0 -0.25254189086079437 -0.10182432495817846 0.9785714285714285 0.9959183673469387 0.00025 3 111 -0.13073909915223414
augmented_r1 9 115 115.0 -0.253026587471765 -0.11556452585726368 0.9826530612244898 0.996938775510204 0.00025 4 111 -0.13073909915223414
augmented_r1 9 116 116.0 -0.25319749079019005 -0.11872551927761156 0.9826530612244898 0.996938775510204 0.00025 5 111 -0.13073909915223414
augmented_r1 9 117 117.0 -0.25315189740358024 -0.12028446732735147 0.9826530612244898 0.9959183673469387 0.00025 6 111 -0.13073909915223414
augmented_r1 9 118 118.0 -0.2531000156593063 -0.12138171585238709 0.9816326530612245 0.996938775510204 0.00025 7 111 -0.13073909915223414
augmented_r1 9 119 119.0 -0.25305284820141927 -0.12248878673631318 0.9816326530612245 0.996938775510204 0.00025 8 111 -0.13073909915223414
augmented_r1 9 120 120.0 -0.25385321807276917 -0.11618491581508092 0.9846938775510204 0.996938775510204 0.00025 9 111 -0.13073909915223414
augmented_r1 9 121 121.0 -0.2535689702588106 -0.09376826383629623 0.9734693877551021 0.996938775510204 0.00025 10 111 -0.13073909915223414
augmented_r1 9 122 122.0 -0.25355910475666393 -0.124260882942044 0.9816326530612245 0.996938775510204 0.000125 11 111 -0.13073909915223414
augmented_r1 9 123 123.0 -0.2540260557418404 -0.11896475188586177 0.9816326530612245 0.996938775510204 0.000125 12 111 -0.13073909915223414
augmented_r1 9 124 124.0 -0.2552103627501863 -0.11972476560242322 0.9857142857142858 0.996938775510204 0.000125 13 111 -0.13073909915223414
augmented_r1 9 125 125.0 -0.25498942280703113 -0.1226518455816775 0.9826530612244898 0.996938775510204 0.000125 14 111 -0.13073909915223414
augmented_r1 9 126 126.0 -0.2544602552328227 -0.12662872197676678 0.9816326530612245 0.996938775510204 0.000125 15 111 -0.13073909915223414
augmented_r1 9 127 127.0 -0.2544516212714027 -0.1254262773358092 0.9846938775510204 0.996938775510204 0.000125 16 111 -0.13073909915223414
augmented_r1 9 128 128.0 -0.2541454287209513 -0.12451923526063258 0.9816326530612245 0.996938775510204 0.000125 17 111 -0.13073909915223414
augmented_r1 9 129 129.0 -0.25445321246920743 -0.1240565046972158 0.9826530612244898 0.996938775510204 0.000125 18 111 -0.13073909915223414
augmented_r1 9 130 130.0 -0.25415242318938225 -0.10950331639270393 0.9806122448979592 0.996938775510204 0.000125 19 111 -0.13073909915223414
augmented_r1 9 131 131.0 -0.25470921823343146 -0.11797116337990274 0.9806122448979592 0.996938775510204 0.000125 20 111 -0.13073909915223414
augmented_r1 9 132 132.0 -0.25468907310807914 -0.11902770606838926 0.9836734693877551 0.996938775510204 0.000125 21 111 -0.13073909915223414
augmented_r1 9 133 133.0 -0.25453218020907975 -0.12595765250069754 0.9816326530612245 0.9959183673469387 6.25e-05 22 111 -0.13073909915223414
augmented_r1 9 134 134.0 -0.2554948299352115 -0.12815358638763427 0.9816326530612245 0.996938775510204 6.25e-05 23 111 -0.13073909915223414
augmented_r1 9 135 135.0 -0.25517516565279585 -0.12399853589583416 0.9816326530612245 0.996938775510204 6.25e-05 24 111 -0.13073909915223414
augmented_r1 9 136 136.0 -0.25548465983520247 -0.12228336480199074 0.9816326530612245 0.996938775510204 6.25e-05 25 111 -0.13073909915223414
augmented_r1 9 137 137.0 -0.2558586719195192 -0.12411792862172029 0.9816326530612245 0.996938775510204 6.25e-05 26 111 -0.13073909915223414
augmented_r1 9 138 138.0 -0.2556909884964938 -0.12585124969482422 0.9816326530612245 0.996938775510204 6.25e-05 27 111 -0.13073909915223414
augmented_r1 9 139 139.0 -0.2551929032429207 -0.12448691786551962 0.9806122448979592 0.996938775510204 6.25e-05 28 111 -0.13073909915223414
augmented_r1 9 140 140.0 -0.25554175053300826 -0.12276469250114597 0.9826530612244898 0.996938775510204 6.25e-05 29 111 -0.13073909915223414
augmented_r1 9 141 141.0 -0.25597036885933827 -0.12085422058494724 0.9816326530612245 0.996938775510204 6.25e-05 30 111 -0.13073909915223414
augmented_r2 0 1 1.0 1.6277972707812418 1.8347120659691947 0.5479591836734694 0.8714285714285714 0.001 0 1 1.8347120659691947
augmented_r2 0 2 2.0 0.9676308518496831 1.5250511568419787 0.7948979591836735 0.7581632653061224 0.001 0 2 1.5250511568419787
augmented_r2 0 3 3.0 0.746724510839878 1.1315973870608271 0.7959183673469388 0.9561224489795919 0.001 0 3 1.1315973870608271
augmented_r2 0 4 4.0 0.599273245832751 0.984077145128834 0.7744897959183673 0.936734693877551 0.001 0 4 0.984077145128834
augmented_r2 0 5 5.0 0.5004452000667515 0.6152599848046595 0.9010204081632653 0.9846938775510204 0.001 0 5 0.6152599848046595
augmented_r2 0 6 6.0 0.41436010270415086 2.229543310282182 0.5459183673469388 0.8591836734693877 0.001 1 5 0.6152599848046595
augmented_r2 0 7 7.0 0.33162587708031294 1.3023236274719239 0.6846938775510204 0.9724489795918367 0.001 2 5 0.6152599848046595
augmented_r2 0 8 8.0 0.27671018363714983 0.8580088308879308 0.7683673469387755 0.9826530612244898 0.001 3 5 0.6152599848046595
augmented_r2 0 9 9.0 0.24611551924422492 4.442468598424172 0.5193877551020408 0.5857142857142857 0.001 4 5 0.6152599848046595
augmented_r2 0 10 10.0 0.17960154420612226 0.764337970772568 0.8357142857142857 0.9591836734693877 0.001 5 5 0.6152599848046595
augmented_r2 0 11 11.0 0.104837085089671 0.690167932850974 0.8459183673469388 0.9316326530612244 0.001 6 5 0.6152599848046595
augmented_r2 0 12 12.0 0.09204479456295729 1.2816556998661586 0.7428571428571429 0.9306122448979591 0.001 7 5 0.6152599848046595
augmented_r2 0 13 13.0 0.06037172615128075 1.9026798798113453 0.7989795918367347 0.6806122448979591 0.001 8 5 0.6152599848046595
augmented_r2 0 14 14.0 0.02405597854363247 2.9869176436443716 0.39387755102040817 0.9857142857142858 0.001 9 5 0.6152599848046595
augmented_r2 0 15 15.0 -0.010342344550374022 0.26230405569076537 0.9193877551020408 0.9928571428571429 0.001 0 15 0.26230405569076537
augmented_r2 0 16 16.0 -0.05935075859095426 1.3863826338125735 0.7122448979591837 0.8877551020408163 0.001 1 15 0.26230405569076537
augmented_r2 0 17 17.0 -0.05964595413361063 0.19845816505198577 0.9581632653061225 0.9714285714285714 0.001 0 17 0.19845816505198577
augmented_r2 0 18 18.0 -0.08162571526770346 0.8985904241094784 0.7653061224489796 0.9846938775510204 0.001 1 17 0.19845816505198577
augmented_r2 0 19 19.0 -0.0833240700491601 0.15948253602397686 0.9448979591836735 0.9816326530612245 0.001 0 19 0.15948253602397686
augmented_r2 0 20 20.0 -0.13400582688732052 0.13809881794209383 0.9612244897959183 0.9744897959183674 0.001 0 20 0.13809881794209383
augmented_r2 0 21 21.0 -0.15696459986010758 0.9638391183347118 0.8 0.9826530612244898 0.001 1 20 0.13809881794209383
augmented_r2 0 22 22.0 -0.13867208809486659 3.687956600773091 0.5551020408163265 0.6918367346938775 0.001 2 20 0.13809881794209383
augmented_r2 0 23 23.0 -0.15592019542995195 0.1851830667378951 0.9285714285714286 0.9846938775510204 0.001 3 20 0.13809881794209383
augmented_r2 0 24 24.0 -0.13144458790788296 0.9344957351684571 0.813265306122449 0.9806122448979592 0.001 4 20 0.13809881794209383
augmented_r2 0 25 25.0 -0.16302576434135715 0.7898209493987415 0.8948979591836734 0.9071428571428571 0.001 5 20 0.13809881794209383
augmented_r2 0 26 26.0 -0.1837674143156436 0.41078464936236947 0.9122448979591836 0.9724489795918367 0.001 6 20 0.13809881794209383
augmented_r2 0 27 27.0 -0.18490205276871619 0.7862359436190858 0.8397959183673469 0.9877551020408163 0.001 7 20 0.13809881794209383
augmented_r2 0 28 28.0 -0.19299894679138813 1.640458528362975 0.7204081632653061 0.9530612244897959 0.001 8 20 0.13809881794209383
augmented_r2 0 29 29.0 -0.16803719689903782 1.3107193830061932 0.7336734693877551 0.9816326530612245 0.001 9 20 0.13809881794209383
augmented_r2 0 30 30.0 -0.1753232670240789 1.0377085851163281 0.7642857142857142 0.9836734693877551 0.001 10 20 0.13809881794209383
augmented_r2 0 31 31.0 -0.16636621395491774 0.6155488495924035 0.8540816326530613 0.9755102040816327 0.0005 11 20 0.13809881794209383
augmented_r2 0 32 32.0 -0.21425287932948883 -0.0727721136443469 0.9785714285714285 0.9918367346938776 0.0005 0 32 -0.0727721136443469
augmented_r2 0 33 33.0 -0.23687582762832018 -0.10557279392164581 0.9836734693877551 0.9938775510204082 0.0005 0 33 -0.10557279392164581
augmented_r2 0 34 34.0 -0.240809887917215 -0.09882218156542097 0.9826530612244898 0.9938775510204082 0.0005 1 33 -0.10557279392164581
augmented_r2 0 35 35.0 -0.24140087748394787 -0.11256522013216602 0.9826530612244898 0.9938775510204082 0.0005 0 35 -0.11256522013216602
augmented_r2 0 36 36.0 -0.24254625310416397 -0.0904156222635386 0.9846938775510204 0.9918367346938776 0.0005 1 35 -0.11256522013216602
augmented_r2 0 37 37.0 -0.24152159294304293 -0.0931323377453551 0.9846938775510204 0.9938775510204082 0.0005 2 35 -0.11256522013216602
augmented_r2 0 38 38.0 -0.24171163611764077 -0.063184084211077 0.9755102040816327 0.9918367346938776 0.0005 3 35 -0.11256522013216602
augmented_r2 0 39 39.0 -0.24436568417283375 -0.09333835377985117 0.9806122448979592 0.9928571428571429 0.0005 4 35 -0.11256522013216602
augmented_r2 0 40 40.0 -0.24266482150899032 -0.08060924568954779 0.9795918367346939 0.9928571428571429 0.0005 5 35 -0.11256522013216602
augmented_r2 0 41 41.0 -0.2403628738308426 -0.07280150578946483 0.9826530612244898 0.9928571428571429 0.0005 6 35 -0.11256522013216602
augmented_r2 0 42 42.0 -0.2439748706746665 -0.08020730067272576 0.976530612244898 0.9928571428571429 0.0005 7 35 -0.11256522013216602
augmented_r2 0 43 43.0 -0.2444057477644104 -0.027009090112180126 0.9653061224489796 0.9928571428571429 0.0005 8 35 -0.11256522013216602
augmented_r2 0 44 44.0 -0.24521617902274864 0.08548372327064982 0.9704081632653061 0.9785714285714285 0.0005 9 35 -0.11256522013216602
augmented_r2 0 45 45.0 -0.24521663839767652 -0.01299339654494305 0.9683673469387755 0.9908163265306122 0.0005 10 35 -0.11256522013216602
augmented_r2 0 46 46.0 -0.2278078103295074 0.43631805887027664 0.8908163265306123 0.9836734693877551 0.00025 11 35 -0.11256522013216602
augmented_r2 0 47 47.0 -0.2348261208063943 -0.07445209804846316 0.9785714285714285 0.9908163265306122 0.00025 12 35 -0.11256522013216602
augmented_r2 0 48 48.0 -0.24780272548735088 -0.09166687410704943 0.9806122448979592 0.9918367346938776 0.00025 13 35 -0.11256522013216602
augmented_r2 0 49 49.0 -0.24895017652147047 -0.09510136623771823 0.9826530612244898 0.9928571428571429 0.00025 14 35 -0.11256522013216602
augmented_r2 0 50 50.0 -0.24940726400152183 -0.08865808516132588 0.9816326530612245 0.9928571428571429 0.00025 15 35 -0.11256522013216602
augmented_r2 0 51 51.0 -0.2510177481268389 -0.09752994410845699 0.9826530612244898 0.9918367346938776 0.00025 16 35 -0.11256522013216602
augmented_r2 0 52 52.0 -0.25077446584698754 -0.09596313846354582 0.9816326530612245 0.9918367346938776 0.00025 17 35 -0.11256522013216602
augmented_r2 0 53 53.0 -0.2514091022236548 -0.0863700312011096 0.9816326530612245 0.9918367346938776 0.00025 18 35 -0.11256522013216602
augmented_r2 0 54 54.0 -0.25070056047041633 -0.10378587781166544 0.9836734693877551 0.9918367346938776 0.00025 19 35 -0.11256522013216602
augmented_r2 0 55 55.0 -0.2506018412819332 -0.10060296301939049 0.9826530612244898 0.9928571428571429 0.00025 20 35 -0.11256522013216602
augmented_r2 0 56 56.0 -0.25143265000647486 -0.09585583696559984 0.9806122448979592 0.9928571428571429 0.00025 21 35 -0.11256522013216602
augmented_r2 0 57 57.0 -0.25024048715768976 -0.09643551865402533 0.9836734693877551 0.9918367346938776 0.000125 22 35 -0.11256522013216602
augmented_r2 0 58 58.0 -0.25323160612308354 -0.09755095365096111 0.9816326530612245 0.9918367346938776 0.000125 23 35 -0.11256522013216602
augmented_r2 0 59 59.0 -0.25366904214133246 -0.10208505173118747 0.9816326530612245 0.9928571428571429 0.000125 24 35 -0.11256522013216602
augmented_r2 0 60 60.0 -0.2536879933920483 -0.10622016848350058 0.9816326530612245 0.9928571428571429 0.000125 25 35 -0.11256522013216602
augmented_r2 0 61 61.0 -0.2530844290714971 -0.0916894868928559 0.9795918367346939 0.9928571428571429 0.000125 26 35 -0.11256522013216602
augmented_r2 0 62 62.0 -0.2532882557723694 -0.10058179631525156 0.9816326530612245 0.9928571428571429 0.000125 27 35 -0.11256522013216602
augmented_r2 0 63 63.0 -0.2540089949282815 -0.10747690200805664 0.9806122448979592 0.9928571428571429 0.000125 28 35 -0.11256522013216602
augmented_r2 0 64 64.0 -0.252664953757209 -0.08678914040935283 0.976530612244898 0.9928571428571429 0.000125 29 35 -0.11256522013216602
augmented_r2 0 65 65.0 -0.252860290492141 -0.10694332803998674 0.9816326530612245 0.9928571428571429 0.000125 30 35 -0.11256522013216602
augmented_r2 1 1 1.0 1.4856857179482268 2.8208773311303585 0.5479591836734694 0.7571428571428571 0.001 0 1 2.8208773311303585
augmented_r2 1 2 2.0 0.8855024065538645 2.033243550086508 0.613265306122449 0.7428571428571429 0.001 0 2 2.033243550086508
augmented_r2 1 3 3.0 0.6962588432407741 1.0186478955405098 0.7857142857142857 0.9581632653061225 0.001 0 3 1.0186478955405098
augmented_r2 1 4 4.0 0.5592883798169574 1.4975682458099053 0.6622448979591836 0.9846938775510204 0.001 1 3 1.0186478955405098
augmented_r2 1 5 5.0 0.4793776869860828 1.5191213393697933 0.6540816326530612 0.9193877551020408 0.001 2 3 1.0186478955405098
augmented_r2 1 6 6.0 0.3786896241626066 1.5586987159690078 0.7122448979591837 0.8673469387755102 0.001 3 3 1.0186478955405098
augmented_r2 1 7 7.0 0.3392332837676946 0.8120855287629731 0.7969387755102041 0.9908163265306122 0.001 0 7 0.8120855287629731
augmented_r2 1 8 8.0 0.25558988969563257 0.387503091778074 0.9387755102040817 0.9938775510204082 0.001 0 8 0.387503091778074
augmented_r2 1 9 9.0 0.2017946894293385 2.391062102999006 0.6214285714285714 0.8857142857142857 0.001 1 8 0.387503091778074
augmented_r2 1 10 10.0 0.16462758598294241 1.8042797896326805 0.6581632653061225 0.9744897959183674 0.001 2 8 0.387503091778074
augmented_r2 1 11 11.0 0.13079921871223707 0.43545027411713894 0.9010204081632653 0.9877551020408163 0.001 3 8 0.387503091778074
augmented_r2 1 12 12.0 0.07366353713426015 0.850476052079882 0.8581632653061224 0.8938775510204081 0.001 4 8 0.387503091778074
augmented_r2 1 13 13.0 0.03749841248150779 1.2579676545396143 0.753061224489796 0.8642857142857143 0.001 5 8 0.387503091778074
augmented_r2 1 14 14.0 0.009105659519092035 0.6671411567804765 0.8857142857142857 0.9153061224489796 0.001 6 8 0.387503091778074
augmented_r2 1 15 15.0 -0.010878873699289528 1.9064511571611678 0.4989795918367347 0.9775510204081632 0.001 7 8 0.387503091778074
augmented_r2 1 16 16.0 -0.045627001843648644 0.41116400640838 0.8857142857142857 0.9877551020408163 0.001 8 8 0.387503091778074
augmented_r2 1 17 17.0 -0.08820618470347516 0.42532743288546193 0.889795918367347 0.9908163265306122 0.001 9 8 0.387503091778074
augmented_r2 1 18 18.0 -0.10938984030427758 0.4513193845748901 0.8724489795918368 0.9887755102040816 0.001 10 8 0.387503091778074
augmented_r2 1 19 19.0 -0.10798783604243702 1.2044343033615423 0.8061224489795918 0.889795918367347 0.0005 11 8 0.387503091778074
augmented_r2 1 20 20.0 -0.1512937907369762 0.03490195931220541 0.9540816326530612 0.9928571428571429 0.0005 0 20 0.03490195931220541
augmented_r2 1 21 21.0 -0.18077512331109094 -0.06270880407216597 0.9806122448979592 0.9948979591836735 0.0005 0 21 -0.06270880407216597
augmented_r2 1 22 22.0 -0.18809518363269176 0.021106288627702363 0.9581632653061225 0.9959183673469387 0.0005 1 21 -0.06270880407216597
augmented_r2 1 23 23.0 -0.19664803116878823 0.0013164330501945652 0.976530612244898 0.986734693877551 0.0005 2 21 -0.06270880407216597
augmented_r2 1 24 24.0 -0.20230389693613332 -0.05281609004857589 0.9734693877551021 0.9948979591836735 0.0005 3 21 -0.06270880407216597
augmented_r2 1 25 25.0 -0.2075774800787871 -0.09211035237020376 0.9846938775510204 0.9938775510204082 0.0005 0 25 -0.09211035237020376
augmented_r2 1 26 26.0 -0.21193283079732844 -0.038199899147967904 0.9704081632653061 0.9928571428571429 0.0005 1 25 -0.09211035237020376
augmented_r2 1 27 27.0 -0.20991491147857524 -0.031500534135468154 0.976530612244898 0.9928571428571429 0.0005 2 25 -0.09211035237020376
augmented_r2 1 28 28.0 -0.21684582342307004 0.04720613031971212 0.9571428571428572 0.9938775510204082 0.0005 3 25 -0.09211035237020376
augmented_r2 1 29 29.0 -0.2029850432849814 0.9756287326618117 0.8204081632653061 0.9275510204081633 0.0005 4 25 -0.09211035237020376
augmented_r2 1 30 30.0 -0.18282314189711082 2.896043179959667 0.710204081632653 0.7255102040816327 0.0005 5 25 -0.09211035237020376
augmented_r2 1 31 31.0 -0.18013877168771716 1.6617897067751204 0.95 0.6948979591836735 0.0005 6 25 -0.09211035237020376
augmented_r2 1 32 32.0 -0.20129444587324602 0.17384834581491898 0.9306122448979591 0.9938775510204082 0.0005 7 25 -0.09211035237020376
augmented_r2 1 33 33.0 -0.20959537784803495 0.02028499817361637 0.960204081632653 0.9918367346938776 0.0005 8 25 -0.09211035237020376
augmented_r2 1 34 34.0 -0.21363479914733402 2.4918433987364477 0.5918367346938775 0.8469387755102041 0.0005 9 25 -0.09211035237020376
augmented_r2 1 35 35.0 -0.22580920046329636 -0.08197507614992103 0.9806122448979592 0.9928571428571429 0.0005 10 25 -0.09211035237020376
augmented_r2 1 36 36.0 -0.23534916744379666 0.4532260646625441 0.8836734693877552 0.9928571428571429 0.00025 11 25 -0.09211035237020376
augmented_r2 1 37 37.0 -0.24069132238217752 -0.09416531689312993 0.9775510204081632 0.9938775510204082 0.00025 0 37 -0.09416531689312993
augmented_r2 1 38 38.0 -0.2455540326374211 -0.10305377755846296 0.9795918367346939 0.9938775510204082 0.00025 0 38 -0.10305377755846296
augmented_r2 1 39 39.0 -0.2460360494340374 -0.0922196626663208 0.9744897959183674 0.9938775510204082 0.00025 1 38 -0.10305377755846296
augmented_r2 1 40 40.0 -0.24683487443141977 -0.08890321498014489 0.976530612244898 0.9928571428571429 0.00025 2 38 -0.10305377755846296
augmented_r2 1 41 41.0 -0.24766948254768653 -0.09646292219356614 0.9785714285714285 0.9938775510204082 0.00025 3 38 -0.10305377755846296
augmented_r2 1 42 42.0 -0.24735432344934213 -0.08110811564387108 0.9795918367346939 0.9938775510204082 0.00025 4 38 -0.10305377755846296
augmented_r2 1 43 43.0 -0.24859735671444957 -0.07166011138838164 0.9795918367346939 0.9938775510204082 0.00025 5 38 -0.10305377755846296
augmented_r2 1 44 44.0 -0.24782063719618935 -0.0464417146176708 0.9785714285714285 0.9887755102040816 0.00025 6 38 -0.10305377755846296
augmented_r2 1 45 45.0 -0.24770358287456748 -0.09186422922173325 0.9795918367346939 0.9938775510204082 0.00025 7 38 -0.10305377755846296
augmented_r2 1 46 46.0 -0.24859798688529566 -0.07869520090064223 0.9806122448979592 0.9938775510204082 0.00025 8 38 -0.10305377755846296
augmented_r2 1 47 47.0 -0.24629575942882406 -0.08531154467135059 0.9816326530612245 0.9938775510204082 0.00025 9 38 -0.10305377755846296
augmented_r2 1 48 48.0 -0.24989186719099077 -0.04311760542344074 0.9673469387755103 0.9938775510204082 0.00025 10 38 -0.10305377755846296
augmented_r2 1 49 49.0 -0.24946362427173566 -0.05028727589821329 0.9744897959183674 0.9938775510204082 0.000125 11 38 -0.10305377755846296
augmented_r2 1 50 50.0 -0.2516317083531578 -0.08524979036681506 0.9755102040816327 0.9928571428571429 0.000125 12 38 -0.10305377755846296
augmented_r2 1 51 51.0 -0.2529549390155858 -0.09324410740210086 0.9785714285714285 0.9938775510204082 0.000125 13 38 -0.10305377755846296
augmented_r2 1 52 52.0 -0.2530843608748784 -0.09348655720146334 0.976530612244898 0.9938775510204082 0.000125 14 38 -0.10305377755846296
augmented_r2 1 53 53.0 -0.25297683856561715 -0.09341700709595972 0.9775510204081632 0.9938775510204082 0.000125 15 38 -0.10305377755846296
augmented_r2 1 54 54.0 -0.25374517953531506 -0.09046529215209338 0.9806122448979592 0.9938775510204082 0.000125 16 38 -0.10305377755846296
augmented_r2 1 55 55.0 -0.253052734914729 -0.08562019065934784 0.976530612244898 0.9938775510204082 0.000125 17 38 -0.10305377755846296
augmented_r2 1 56 56.0 -0.25300827858084174 -0.06643268332189443 0.9785714285714285 0.9938775510204082 0.000125 18 38 -0.10305377755846296
augmented_r2 1 57 57.0 -0.253618261940736 -0.08915059225899832 0.976530612244898 0.9938775510204082 0.000125 19 38 -0.10305377755846296
augmented_r2 1 58 58.0 -0.25405824420957895 -0.09646646830500388 0.9775510204081632 0.9938775510204082 0.000125 20 38 -0.10305377755846296
augmented_r2 1 59 59.0 -0.2533395414558346 -0.08536072166598573 0.976530612244898 0.9928571428571429 0.000125 21 38 -0.10305377755846296
augmented_r2 1 60 60.0 -0.2532742712739121 -0.07117918267542002 0.976530612244898 0.9938775510204082 6.25e-05 22 38 -0.10305377755846296
augmented_r2 1 61 61.0 -0.2549516250449226 -0.07987543952708341 0.976530612244898 0.9938775510204082 6.25e-05 23 38 -0.10305377755846296
augmented_r2 1 62 62.0 -0.25522475396365857 -0.08625325767361387 0.9775510204081632 0.9938775510204082 6.25e-05 24 38 -0.10305377755846296
augmented_r2 1 63 63.0 -0.2554362000408902 -0.08886233738490514 0.9775510204081632 0.9938775510204082 6.25e-05 25 38 -0.10305377755846296
augmented_r2 1 64 64.0 -0.2552297223682198 -0.08065241745540074 0.9775510204081632 0.9938775510204082 6.25e-05 26 38 -0.10305377755846296
augmented_r2 1 65 65.0 -0.2553145096188632 -0.08700148183472302 0.9744897959183674 0.9928571428571429 6.25e-05 27 38 -0.10305377755846296
augmented_r2 1 66 66.0 -0.25493534847220006 -0.08746699946267264 0.9785714285714285 0.9928571428571429 6.25e-05 28 38 -0.10305377755846296
augmented_r2 1 67 67.0 -0.2556633195481914 -0.09277787841096216 0.9785714285714285 0.9938775510204082 6.25e-05 29 38 -0.10305377755846296
augmented_r2 1 68 68.0 -0.25588817748795245 -0.08166462937179877 0.9785714285714285 0.9928571428571429 6.25e-05 30 38 -0.10305377755846296
augmented_r2 2 1 1.0 1.513636496851804 1.6177747025781748 0.7061224489795919 0.7561224489795918 0.001 0 1 1.6177747025781748
augmented_r2 2 2 2.0 0.8832823365778905 1.2907014078023482 0.8438775510204082 0.7938775510204081 0.001 0 2 1.2907014078023482
augmented_r2 2 3 3.0 0.6866384945007604 1.5407481159482683 0.5979591836734693 0.9622448979591837 0.001 1 2 1.2907014078023482
augmented_r2 2 4 4.0 0.5761000812662423 1.6919930638099203 0.5846938775510204 0.9836734693877551 0.001 2 2 1.2907014078023482
augmented_r2 2 5 5.0 0.4765614749375119 0.6773855647262261 0.8959183673469387 0.9734693877551021 0.001 0 5 0.6773855647262261
augmented_r2 2 6 6.0 0.3878578851078285 0.8726399815812402 0.8775510204081632 0.8724489795918368 0.001 1 5 0.6773855647262261
augmented_r2 2 7 7.0 0.33446400735863174 0.6346882703352947 0.8653061224489796 0.9724489795918367 0.001 0 7 0.6346882703352947
augmented_r2 2 8 8.0 0.2678224075751921 1.586643521153197 0.5510204081632653 0.9806122448979592 0.001 1 7 0.6346882703352947
augmented_r2 2 9 9.0 0.1971941149753073 0.8597987396376473 0.8622448979591837 0.8816326530612245 0.001 2 7 0.6346882703352947
augmented_r2 2 10 10.0 0.17195308204987045 0.5683921723949666 0.8908163265306123 0.9653061224489796 0.001 0 10 0.5683921723949666
augmented_r2 2 11 11.0 0.13500939474392465 1.6094349900070501 0.6959183673469388 0.8663265306122448 0.001 1 10 0.5683921723949666
augmented_r2 2 12 12.0 0.09767868644404348 0.9017565549636374 0.7316326530612245 0.9826530612244898 0.001 2 10 0.5683921723949666
augmented_r2 2 13 13.0 0.030123187200230692 0.7755778658146761 0.8142857142857143 0.9285714285714286 0.001 3 10 0.5683921723949666
augmented_r2 2 14 14.0 -0.0009388905730580045 1.3587428219464361 0.6836734693877551 0.9714285714285714 0.001 4 10 0.5683921723949666
augmented_r2 2 15 15.0 -0.026614370831672396 4.146614035781549 0.4520408163265306 0.7928571428571428 0.001 5 10 0.5683921723949666
augmented_r2 2 16 16.0 -0.04250352524236162 1.182018849801044 0.7316326530612245 0.9887755102040816 0.001 6 10 0.5683921723949666
augmented_r2 2 17 17.0 -0.0767149761914859 0.7419873006489812 0.826530612244898 0.9806122448979592 0.001 7 10 0.5683921723949666
augmented_r2 2 18 18.0 -0.09849239461860958 4.419601948407232 0.6602040816326531 0.6540816326530612 0.001 8 10 0.5683921723949666
augmented_r2 2 19 19.0 -0.08185201257180291 4.0311431164644205 0.34285714285714286 0.9377551020408164 0.001 9 10 0.5683921723949666
augmented_r2 2 20 20.0 -0.07049630397535601 0.6810875043577077 0.8622448979591837 0.9510204081632653 0.001 10 10 0.5683921723949666
augmented_r2 2 21 21.0 -0.1550325607815184 0.25421504633767267 0.9336734693877551 0.9785714285714285 0.001 0 21 0.25421504633767267
augmented_r2 2 22 22.0 -0.16733719923769658 0.20938499192802273 0.9224489795918367 0.9908163265306122 0.001 0 22 0.20938499192802273
augmented_r2 2 23 23.0 -0.13551909848069324 0.6759208414019371 0.8683673469387755 0.9877551020408163 0.001 1 22 0.20938499192802273
augmented_r2 2 24 24.0 -0.16304205806324215 0.6747185473539391 0.8530612244897959 0.986734693877551 0.001 2 22 0.20938499192802273
augmented_r2 2 25 25.0 -0.1880936391297255 0.37630867568814025 0.9418367346938775 0.9540816326530612 0.001 3 22 0.20938499192802273
augmented_r2 2 26 26.0 -0.1773286573664941 2.384389081293223 0.8775510204081632 0.6704081632653062 0.001 4 22 0.20938499192802273
augmented_r2 2 27 27.0 -0.1961830666575169 1.9892449398430025 0.5693877551020409 0.9653061224489796 0.001 5 22 0.20938499192802273
augmented_r2 2 28 28.0 -0.16229385650641445 1.2936005081449236 0.7 0.9785714285714285 0.001 6 22 0.20938499192802273
augmented_r2 2 29 29.0 -0.1557280358295591 0.5458594774713321 0.9459183673469388 0.889795918367347 0.001 7 22 0.20938499192802273
augmented_r2 2 30 30.0 -0.16736249340008397 0.2509271777406031 0.9387755102040817 0.9826530612244898 0.001 8 22 0.20938499192802273
augmented_r2 2 31 31.0 -0.21557264640027243 0.49846135158928073 0.8653061224489796 0.9887755102040816 0.001 9 22 0.20938499192802273
augmented_r2 2 32 32.0 -0.21853795478042723 0.12136193489541813 0.9438775510204082 0.9887755102040816 0.001 0 32 0.12136193489541813
augmented_r2 2 33 33.0 -0.2239649237367548 0.1950961667664197 0.9346938775510204 0.9908163265306122 0.001 1 32 0.12136193489541813
augmented_r2 2 34 34.0 -0.2222008563736837 0.7422738848900309 0.8459183673469388 0.9775510204081632 0.001 2 32 0.12136193489541813
augmented_r2 2 35 35.0 -0.22651073373995476 -0.03950483604353301 0.9724489795918367 0.9948979591836735 0.001 0 35 -0.03950483604353301
augmented_r2 2 36 36.0 -0.23620730355003675 0.2966321225069007 0.9010204081632653 0.9938775510204082 0.001 1 35 -0.03950483604353301
augmented_r2 2 37 37.0 -0.23573371191431072 1.20099152448226 0.7693877551020408 0.9908163265306122 0.001 2 35 -0.03950483604353301
augmented_r2 2 38 38.0 -0.21924033848857408 0.22466386824238058 0.936734693877551 0.9836734693877551 0.001 3 35 -0.03950483604353301
augmented_r2 2 39 39.0 -0.10951518911573746 4.435634214050916 0.36122448979591837 0.9295918367346939 0.001 4 35 -0.03950483604353301
augmented_r2 2 40 40.0 -0.13668247308611417 1.8799628569155322 0.6724489795918367 0.9561224489795919 0.001 5 35 -0.03950483604353301
augmented_r2 2 41 41.0 -0.20694338647485092 -0.04330301576731156 0.9724489795918367 0.9918367346938776 0.001 0 41 -0.04330301576731156
augmented_r2 2 42 42.0 -0.23997636261576288 0.00857721591482357 0.963265306122449 0.9908163265306122 0.001 1 41 -0.04330301576731156
augmented_r2 2 43 43.0 -0.24074401963651093 -0.08940398693084717 0.9775510204081632 0.9928571428571429 0.001 0 43 -0.08940398693084717
augmented_r2 2 44 44.0 -0.24469813882765423 -0.07390794948655732 0.9785714285714285 0.9928571428571429 0.001 1 43 -0.08940398693084717
augmented_r2 2 45 45.0 -0.24571335126124355 -0.08801930534596346 0.9816326530612245 0.9928571428571429 0.001 2 43 -0.08940398693084717
augmented_r2 2 46 46.0 -0.24526757156671503 0.21967639290556615 0.9489795918367347 0.9806122448979592 0.001 3 43 -0.08940398693084717
augmented_r2 2 47 47.0 -0.21449699042175266 1.0460052597279452 0.823469387755102 0.9387755102040817 0.001 4 43 -0.08940398693084717
augmented_r2 2 48 48.0 -0.13348841830666294 3.147500767999766 0.5938775510204082 0.9112244897959184 0.001 5 43 -0.08940398693084717
augmented_r2 2 49 49.0 -0.18713391762904047 0.3936504743537124 0.9010204081632653 0.9775510204081632 0.001 6 43 -0.08940398693084717
augmented_r2 2 50 50.0 -0.23125655224276662 0.03919257290509282 0.9591836734693877 0.9887755102040816 0.001 7 43 -0.08940398693084717
augmented_r2 2 51 51.0 -0.2451114997872118 0.006206595654390296 0.9653061224489796 0.9908163265306122 0.001 8 43 -0.08940398693084717
augmented_r2 2 52 52.0 -0.24506373258662495 -0.06940353549256617 0.9775510204081632 0.9918367346938776 0.001 9 43 -0.08940398693084717
augmented_r2 2 53 53.0 -0.24740547708773494 -0.015789728748555085 0.9673469387755103 0.9928571428571429 0.001 10 43 -0.08940398693084717
augmented_r2 2 54 54.0 -0.24643306835490134 -0.06988815969350387 0.976530612244898 0.9918367346938776 0.0005 11 43 -0.08940398693084717
augmented_r2 2 55 55.0 -0.25188461630484227 -0.08319702878290293 0.9795918367346939 0.9928571428571429 0.0005 12 43 -0.08940398693084717
augmented_r2 2 56 56.0 -0.25263101526902654 -0.09350498744419643 0.9826530612244898 0.9928571428571429 0.0005 0 56 -0.09350498744419643
augmented_r2 2 57 57.0 -0.2518453636460239 -0.09749176696855194 0.9806122448979592 0.9938775510204082 0.0005 0 57 -0.09749176696855194
augmented_r2 2 58 58.0 -0.25237076585829205 -0.09552015771671217 0.9826530612244898 0.9928571428571429 0.0005 1 57 -0.09749176696855194
augmented_r2 2 59 59.0 -0.2528044172337913 -0.08992464153134093 0.9816326530612245 0.9938775510204082 0.0005 2 57 -0.09749176696855194
augmented_r2 2 60 60.0 -0.2523682903262523 -0.054567970548357284 0.9724489795918367 0.9938775510204082 0.0005 3 57 -0.09749176696855194
augmented_r2 2 61 61.0 -0.2512144540467275 -0.09381519969628782 0.9836734693877551 0.9928571428571429 0.0005 4 57 -0.09749176696855194
augmented_r2 2 62 62.0 -0.2527694877466447 -0.08890032427651541 0.9826530612244898 0.9928571428571429 0.0005 5 57 -0.09749176696855194
augmented_r2 2 63 63.0 -0.25246487501796705 -0.09414826120649065 0.9836734693877551 0.9938775510204082 0.0005 6 57 -0.09749176696855194
augmented_r2 2 64 64.0 -0.2506667814207453 -0.05071395173364756 0.9714285714285714 0.9938775510204082 0.0005 7 57 -0.09749176696855194
augmented_r2 2 65 65.0 -0.2529096529126898 -0.07630304754996786 0.9806122448979592 0.9928571428571429 0.0005 8 57 -0.09749176696855194
augmented_r2 2 66 66.0 -0.252195460145175 -0.05083217231594787 0.9704081632653061 0.9928571428571429 0.0005 9 57 -0.09749176696855194
augmented_r2 2 67 67.0 -0.25340287006037 -0.06481100491115026 0.9693877551020408 0.9938775510204082 0.0005 10 57 -0.09749176696855194
augmented_r2 2 68 68.0 -0.2532264276499786 -0.0009863371751746353 0.9622448979591837 0.9948979591836735 0.00025 11 57 -0.09749176696855194
augmented_r2 2 69 69.0 -0.25249155189680017 -0.09341466621476777 0.9816326530612245 0.9938775510204082 0.00025 12 57 -0.09749176696855194
augmented_r2 2 70 70.0 -0.25506482899693383 -0.10210281634817318 0.9846938775510204 0.9948979591836735 0.00025 0 70 -0.10210281634817318
augmented_r2 2 71 71.0 -0.25491034292360765 -0.08973086950730304 0.9795918367346939 0.9938775510204082 0.00025 1 70 -0.10210281634817318
augmented_r2 2 72 72.0 -0.25470675963300776 -0.0856840537518871 0.9816326530612245 0.9938775510204082 0.00025 2 70 -0.10210281634817318
augmented_r2 2 73 73.0 -0.2548948040083681 -0.10871968950544085 0.9816326530612245 0.9938775510204082 0.00025 0 73 -0.10871968950544085
augmented_r2 2 74 74.0 -0.2543161197483696 -0.09957437953170464 0.9816326530612245 0.9948979591836735 0.00025 1 73 -0.10871968950544085
augmented_r2 2 75 75.0 -0.25531867110837053 -0.07551193480588952 0.9806122448979592 0.9928571428571429 0.00025 2 73 -0.10871968950544085
augmented_r2 2 76 76.0 -0.2552844273616177 -0.09295675851860825 0.9795918367346939 0.9948979591836735 0.00025 3 73 -0.10871968950544085
augmented_r2 2 77 77.0 -0.2552261140348614 -0.07482752362076117 0.9795918367346939 0.9938775510204082 0.00025 4 73 -0.10871968950544085
augmented_r2 2 78 78.0 -0.25471770052037435 -0.04964971785642663 0.976530612244898 0.9938775510204082 0.00025 5 73 -0.10871968950544085
augmented_r2 2 79 79.0 -0.25434604625434754 -0.08167679893727205 0.9734693877551021 0.9928571428571429 0.00025 6 73 -0.10871968950544085
augmented_r2 2 80 80.0 -0.25474329129718015 0.04875499569639868 0.9785714285714285 0.9806122448979592 0.00025 7 73 -0.10871968950544085
augmented_r2 2 81 81.0 -0.2547271124016345 -0.07471668720245361 0.9785714285714285 0.9938775510204082 0.00025 8 73 -0.10871968950544085
augmented_r2 2 82 82.0 -0.2556510644540656 -0.09462754775066765 0.9806122448979592 0.9948979591836735 0.00025 9 73 -0.10871968950544085
augmented_r2 2 83 83.0 -0.2553865028812129 0.003258195701910525 0.9653061224489796 0.9948979591836735 0.00025 10 73 -0.10871968950544085
augmented_r2 2 84 84.0 -0.25513588432532414 0.18744819212932975 0.9408163265306122 0.9877551020408163 0.000125 11 73 -0.10871968950544085
augmented_r2 2 85 85.0 -0.25635673419219396 -0.08372964177812849 0.9785714285714285 0.9938775510204082 0.000125 12 73 -0.10871968950544085
augmented_r2 2 86 86.0 -0.25721571605129706 -0.08998288232453015 0.9795918367346939 0.9948979591836735 0.000125 13 73 -0.10871968950544085
augmented_r2 2 87 87.0 -0.25621078231434175 -0.07722010077262412 0.9775510204081632 0.9948979591836735 0.000125 14 73 -0.10871968950544085
augmented_r2 2 88 88.0 -0.25650061997860835 -0.09366352168881163 0.9826530612244898 0.9948979591836735 0.000125 15 73 -0.10871968950544085
augmented_r2 2 89 89.0 -0.2565304538164954 -0.0938772843808544 0.9795918367346939 0.9948979591836735 0.000125 16 73 -0.10871968950544085
augmented_r2 2 90 90.0 -0.25589273575620536 -0.08524911598283418 0.9795918367346939 0.9938775510204082 0.000125 17 73 -0.10871968950544085
augmented_r2 2 91 91.0 -0.2566230605634406 -0.09171667342283288 0.9806122448979592 0.9948979591836735 0.000125 18 73 -0.10871968950544085
augmented_r2 2 92 92.0 -0.2570844697193951 -0.09567338203897281 0.9816326530612245 0.9948979591836735 0.000125 19 73 -0.10871968950544085
augmented_r2 2 93 93.0 -0.2567436641355558 -0.0820075477872576 0.9775510204081632 0.9948979591836735 0.000125 20 73 -0.10871968950544085
augmented_r2 2 94 94.0 -0.2561435327781753 -0.0774844622125431 0.9785714285714285 0.9928571428571429 0.000125 21 73 -0.10871968950544085
augmented_r2 2 95 95.0 -0.2571069207906653 -0.08112565789903914 0.976530612244898 0.9948979591836735 6.25e-05 22 73 -0.10871968950544085
augmented_r2 2 96 96.0 -0.2572630331994216 -0.09391762285816427 0.9816326530612245 0.9948979591836735 6.25e-05 23 73 -0.10871968950544085
augmented_r2 2 97 97.0 -0.25776312220434006 -0.09639502301508067 0.9816326530612245 0.9948979591836735 6.25e-05 24 73 -0.10871968950544085
augmented_r2 2 98 98.0 -0.257547611497323 -0.10210138340385592 0.9806122448979592 0.9948979591836735 6.25e-05 25 73 -0.10871968950544085
augmented_r2 2 99 99.0 -0.2577150558673991 -0.08930055413927351 0.9785714285714285 0.9948979591836735 6.25e-05 26 73 -0.10871968950544085
augmented_r2 2 100 100.0 -0.25796934081334433 -0.10685276985168457 0.9826530612244898 0.9948979591836735 6.25e-05 27 73 -0.10871968950544085
augmented_r2 2 101 101.0 -0.2578014534000478 -0.09248573244834432 0.9795918367346939 0.9938775510204082 6.25e-05 28 73 -0.10871968950544085
augmented_r2 2 102 102.0 -0.2578034409636271 -0.09097755928428805 0.9795918367346939 0.9948979591836735 6.25e-05 29 73 -0.10871968950544085
augmented_r2 2 103 103.0 -0.257913287784464 -0.10434421957755576 0.9836734693877551 0.9948979591836735 6.25e-05 30 73 -0.10871968950544085
augmented_r2 3 1 1.0 1.4224457719564647 1.3745663472584315 0.8285714285714286 0.8040816326530612 0.001 0 1 1.3745663472584315
augmented_r2 3 2 2.0 0.8734612483514931 1.4480236895230352 0.686734693877551 0.9204081632653062 0.001 1 1 1.3745663472584315
augmented_r2 3 3 3.0 0.6998674788661486 5.498878463433713 0.25612244897959185 0.6571428571428571 0.001 2 1 1.3745663472584315
augmented_r2 3 4 4.0 0.5928430912583014 1.388646650314331 0.6857142857142857 0.8734693877551021 0.001 3 1 1.3745663472584315
augmented_r2 3 5 5.0 0.48192032383766265 0.9515468806636577 0.8040816326530612 0.9857142857142858 0.001 0 5 0.9515468806636577
augmented_r2 3 6 6.0 0.3962563814245858 1.3666209868022374 0.8489795918367347 0.7551020408163265 0.001 1 5 0.9515468806636577
augmented_r2 3 7 7.0 0.3168057953351296 0.8488383169076881 0.763265306122449 0.9755102040816327 0.001 0 7 0.8488383169076881
augmented_r2 3 8 8.0 0.27161460483529876 0.9979824358103226 0.7428571428571429 0.9775510204081632 0.001 1 7 0.8488383169076881
augmented_r2 3 9 9.0 0.19375469624944008 0.6373567629833611 0.8489795918367347 0.9857142857142858 0.001 0 9 0.6373567629833611
augmented_r2 3 10 10.0 0.1919348462872579 1.3501189465425452 0.8112244897959183 0.8030612244897959 0.001 1 9 0.6373567629833611
augmented_r2 3 11 11.0 0.11935545873252372 1.5879813807351248 0.6653061224489796 0.9714285714285714 0.001 2 9 0.6373567629833611
augmented_r2 3 12 12.0 0.07531420569535348 0.545356184365798 0.8806122448979592 0.986734693877551 0.001 0 12 0.545356184365798
augmented_r2 3 13 13.0 0.0412169575239014 1.1390204872403826 0.6908163265306122 0.9887755102040816 0.001 1 12 0.545356184365798
augmented_r2 3 14 14.0 -0.0009253166457254962 0.7365691970805732 0.810204081632653 0.9918367346938776 0.001 2 12 0.545356184365798
augmented_r2 3 15 15.0 -0.028960179492966025 1.3220713231028343 0.6551020408163265 0.9795918367346939 0.001 3 12 0.545356184365798
augmented_r2 3 16 16.0 -0.050210525855956846 2.0498631924999002 0.5479591836734694 0.9775510204081632 0.001 4 12 0.545356184365798
augmented_r2 3 17 17.0 -0.080375450378192 1.5553647849024559 0.7642857142857142 0.8183673469387756 0.001 5 12 0.545356184365798
augmented_r2 3 18 18.0 -0.07675784313195226 1.8325500420161656 0.713265306122449 0.936734693877551 0.001 6 12 0.545356184365798
augmented_r2 3 19 19.0 -0.08033138852721927 3.4295980200475578 0.6826530612244898 0.4326530612244898 0.001 7 12 0.545356184365798
augmented_r2 3 20 20.0 -0.09776382240012119 1.2148452116518604 0.6775510204081633 0.9928571428571429 0.001 8 12 0.545356184365798
augmented_r2 3 21 21.0 -0.1476942944498844 0.28380542409663295 0.9091836734693878 0.9908163265306122 0.001 0 21 0.28380542409663295
augmented_r2 3 22 22.0 -0.17208085332836534 0.0601573328582608 0.9469387755102041 0.9959183673469387 0.001 0 22 0.0601573328582608
augmented_r2 3 23 23.0 -0.1794548300775662 0.33986840977960703 0.9438775510204082 0.9489795918367347 0.001 1 22 0.0601573328582608
augmented_r2 3 24 24.0 -0.08955138386043753 2.099566192043071 0.6622448979591836 0.9418367346938775 0.001 2 22 0.0601573328582608
augmented_r2 3 25 25.0 -0.1579950649605432 0.4088114373537959 0.9112244897959184 0.9816326530612245 0.001 3 22 0.0601573328582608
augmented_r2 3 26 26.0 -0.19782445320834005 0.16109439012955645 0.9479591836734694 0.9785714285714285 0.001 4 22 0.0601573328582608
augmented_r2 3 27 27.0 -0.20466984824533188 0.25690860407693045 0.936734693877551 0.9826530612244898 0.001 5 22 0.0601573328582608
augmented_r2 3 28 28.0 -0.2126773894267977 1.0087724841370875 0.8 0.9918367346938776 0.001 6 22 0.0601573328582608
augmented_r2 3 29 29.0 -0.1846449323322462 1.008766829237646 0.8244897959183674 0.963265306122449 0.001 7 22 0.0601573328582608
augmented_r2 3 30 30.0 -0.18422948881040205 0.4376211862174832 0.9326530612244898 0.9663265306122449 0.001 8 22 0.0601573328582608
augmented_r2 3 31 31.0 -0.1928856312480723 0.8780032561749828 0.823469387755102 0.9561224489795919 0.001 9 22 0.0601573328582608
augmented_r2 3 32 32.0 -0.21180465767882398 0.45817992297970517 0.8653061224489796 0.9897959183673469 0.001 10 22 0.0601573328582608
augmented_r2 3 33 33.0 -0.23494565580828322 -0.026614984200925243 0.9642857142857143 0.9938775510204082 0.001 0 33 -0.026614984200925243
augmented_r2 3 34 34.0 -0.2336366195389297 0.2764292454232975 0.9132653061224489 0.9908163265306122 0.001 1 33 -0.026614984200925243
augmented_r2 3 35 35.0 -0.1954604238402158 1.220497894773678 0.7336734693877551 0.9816326530612245 0.001 2 33 -0.026614984200925243
augmented_r2 3 36 36.0 -0.12054582472824306 0.5130225556237357 0.9122448979591836 0.9591836734693877 0.001 3 33 -0.026614984200925243
augmented_r2 3 37 37.0 -0.1719986651498234 2.4194594324851524 0.5673469387755102 0.9846938775510204 0.001 4 33 -0.026614984200925243
augmented_r2 3 38 38.0 -0.20637889309460963 0.5893341405051095 0.8714285714285714 0.9918367346938776 0.001 5 33 -0.026614984200925243
augmented_r2 3 39 39.0 -0.23227238693354182 -0.07249071889994096 0.9755102040816327 0.9928571428571429 0.001 0 39 -0.07249071889994096
augmented_r2 3 40 40.0 -0.2391426193668921 0.15759144461884791 0.9448979591836735 0.9897959183673469 0.001 1 39 -0.07249071889994096
augmented_r2 3 41 41.0 -0.24262343897985097 -0.018765703026129274 0.9653061224489796 0.9948979591836735 0.001 2 39 -0.07249071889994096
augmented_r2 3 42 42.0 -0.24511986002130345 -0.10002367739774742 0.9785714285714285 0.9948979591836735 0.001 0 42 -0.10002367739774742
augmented_r2 3 43 43.0 -0.2433437920013252 0.08882451981914287 0.9530612244897959 0.9897959183673469 0.001 1 42 -0.10002367739774742
augmented_r2 3 44 44.0 -0.2449734104698867 -0.09708714387854751 0.9816326530612245 0.9938775510204082 0.001 2 42 -0.10002367739774742
augmented_r2 3 45 45.0 -0.22109194465583776 3.163459423610142 0.9153061224489796 0.6520408163265307 0.001 3 42 -0.10002367739774742
augmented_r2 3 46 46.0 -0.12495946539780611 2.1265346780115246 0.6418367346938776 0.9510204081632653 0.001 4 42 -0.10002367739774742
augmented_r2 3 47 47.0 -0.14633502687488173 0.14899939955497274 0.9612244897959183 0.9693877551020408 0.001 5 42 -0.10002367739774742
augmented_r2 3 48 48.0 -0.2118524474550831 0.06419921261923654 0.9438775510204082 0.9938775510204082 0.001 6 42 -0.10002367739774742
augmented_r2 3 49 49.0 -0.23396442877087956 -0.06708652194665403 0.9693877551020408 0.9948979591836735 0.001 7 42 -0.10002367739774742
augmented_r2 3 50 50.0 -0.24153164040426628 0.06993515150887626 0.960204081632653 0.9846938775510204 0.001 8 42 -0.10002367739774742
augmented_r2 3 51 51.0 -0.24353253486589888 0.2966302394866943 0.8877551020408163 0.9938775510204082 0.001 9 42 -0.10002367739774742
augmented_r2 3 52 52.0 -0.24629603786791313 -0.08826978498575638 0.9785714285714285 0.9938775510204082 0.001 10 42 -0.10002367739774742
augmented_r2 3 53 53.0 -0.24538204530463262 0.031490126434637576 0.9551020408163265 0.9948979591836735 0.0005 11 42 -0.10002367739774742
augmented_r2 3 54 54.0 -0.2507494163993221 -0.12786841246546532 0.9816326530612245 0.9959183673469387 0.0005 0 54 -0.12786841246546532
augmented_r2 3 55 55.0 -0.251687465515504 -0.12012399070116939 0.9816326530612245 0.9959183673469387 0.0005 1 54 -0.12786841246546532
augmented_r2 3 56 56.0 -0.2521085318581231 -0.12972761854833487 0.9826530612244898 0.9959183673469387 0.0005 0 56 -0.12972761854833487
augmented_r2 3 57 57.0 -0.25212877804453115 -0.08916019809489348 0.9744897959183674 0.9959183673469387 0.0005 1 56 -0.12972761854833487
augmented_r2 3 58 58.0 -0.2514492167061538 -0.09730011541016248 0.9775510204081632 0.9938775510204082 0.0005 2 56 -0.12972761854833487
augmented_r2 3 59 59.0 -0.251468671665687 -0.0999089357804279 0.9775510204081632 0.9959183673469387 0.0005 3 56 -0.12972761854833487
augmented_r2 3 60 60.0 -0.25166623920054415 -0.11675436594048325 0.9857142857142858 0.9959183673469387 0.0005 4 56 -0.12972761854833487
augmented_r2 3 61 61.0 -0.25237645871930753 -0.10967890243141018 0.9795918367346939 0.9959183673469387 0.0005 5 56 -0.12972761854833487
augmented_r2 3 62 62.0 -0.250889455485977 -0.037729884167106785 0.9693877551020408 0.9948979591836735 0.0005 6 56 -0.12972761854833487
augmented_r2 3 63 63.0 -0.25050862480051705 -0.07909967218126569 0.9744897959183674 0.9959183673469387 0.0005 7 56 -0.12972761854833487
augmented_r2 3 64 64.0 -0.24941629427043557 -0.05940421162819376 0.9704081632653061 0.9948979591836735 0.0005 8 56 -0.12972761854833487
augmented_r2 3 65 65.0 -0.25067269315099033 -0.02454568755869963 0.9693877551020408 0.9938775510204082 0.0005 9 56 -0.12972761854833487
augmented_r2 3 66 66.0 -0.24978130034882784 -0.006417397576935437 0.9591836734693877 0.9959183673469387 0.0005 10 56 -0.12972761854833487
augmented_r2 3 67 67.0 -0.2506646692039739 -0.031763817339527364 0.9673469387755103 0.9938775510204082 0.00025 11 56 -0.12972761854833487
augmented_r2 3 68 68.0 -0.25431502545439955 -0.09439434080707784 0.9775510204081632 0.9948979591836735 0.00025 12 56 -0.12972761854833487
augmented_r2 3 69 69.0 -0.2547086964100208 -0.09891566597685522 0.9755102040816327 0.9959183673469387 0.00025 13 56 -0.12972761854833487
augmented_r2 3 70 70.0 -0.25426759266248067 -0.09241730777584777 0.9704081632653061 0.9959183673469387 0.00025 14 56 -0.12972761854833487
augmented_r2 3 71 71.0 -0.25516569019581437 -0.10300043018496767 0.9744897959183674 0.9959183673469387 0.00025 15 56 -0.12972761854833487
augmented_r2 3 72 72.0 -0.255101021052033 -0.08092648739717445 0.976530612244898 0.9959183673469387 0.00025 16 56 -0.12972761854833487
augmented_r2 3 73 73.0 -0.25429155992146724 -0.09987107004438128 0.9795918367346939 0.9959183673469387 0.00025 17 56 -0.12972761854833487
augmented_r2 3 74 74.0 -0.25438422888195616 -0.018677653098592952 0.963265306122449 0.9959183673469387 0.00025 18 56 -0.12972761854833487
augmented_r2 3 75 75.0 -0.25430984894666514 -0.08276220730372838 0.9734693877551021 0.9959183673469387 0.00025 19 56 -0.12972761854833487
augmented_r2 3 76 76.0 -0.25421176264228296 -0.06562630059767742 0.9744897959183674 0.9948979591836735 0.00025 20 56 -0.12972761854833487
augmented_r2 3 77 77.0 -0.2550360873137197 -0.0863346309077983 0.9744897959183674 0.9959183673469387 0.00025 21 56 -0.12972761854833487
augmented_r2 3 78 78.0 -0.2544475195704934 0.06477803794705138 0.9530612244897959 0.9959183673469387 0.000125 22 56 -0.12972761854833487
augmented_r2 3 79 79.0 -0.25418936044438645 -0.10394684441235601 0.9806122448979592 0.9948979591836735 0.000125 23 56 -0.12972761854833487
augmented_r2 3 80 80.0 -0.2563344692745604 -0.11084687904435761 0.9775510204081632 0.9959183673469387 0.000125 24 56 -0.12972761854833487
augmented_r2 3 81 81.0 -0.257029922042604 -0.08946114802847104 0.9724489795918367 0.9959183673469387 0.000125 25 56 -0.12972761854833487
augmented_r2 3 82 82.0 -0.2566579197494567 -0.0967897400564077 0.9755102040816327 0.9959183673469387 0.000125 26 56 -0.12972761854833487
augmented_r2 3 83 83.0 -0.25654209056678373 -0.10041067502936539 0.976530612244898 0.9959183673469387 0.000125 27 56 -0.12972761854833487
augmented_r2 3 84 84.0 -0.25646094525211716 -0.10746038057366196 0.976530612244898 0.9959183673469387 0.000125 28 56 -0.12972761854833487
augmented_r2 3 85 85.0 -0.256739014225379 -0.10176575329838967 0.976530612244898 0.9959183673469387 0.000125 29 56 -0.12972761854833487
augmented_r2 3 86 86.0 -0.2561508281814624 -0.09566217441948092 0.976530612244898 0.9959183673469387 0.000125 30 56 -0.12972761854833487
augmented_r2 4 1 1.0 1.5235569744058626 4.775096416473389 0.37551020408163266 0.34183673469387754 0.001 0 1 4.775096416473389
augmented_r2 4 2 2.0 0.8823964974606806 1.2614645086989111 0.736734693877551 0.9224489795918367 0.001 0 2 1.2614645086989111
augmented_r2 4 3 3.0 0.6909199851853944 1.6440365022542525 0.6255102040816326 0.9520408163265306 0.001 1 2 1.2614645086989111
augmented_r2 4 4 4.0 0.5974820148224799 1.4614501544407437 0.8020408163265306 0.7153061224489796 0.001 2 2 1.2614645086989111
augmented_r2 4 5 5.0 0.47982666413847336 0.7766950220477824 0.8408163265306122 0.9857142857142858 0.001 0 5 0.7766950220477824
augmented_r2 4 6 6.0 0.3935965056283014 0.9122444478832945 0.8244897959183674 0.9857142857142858 0.001 1 5 0.7766950220477824
augmented_r2 4 7 7.0 0.32274432519903534 1.43883053331959 0.8020408163265306 0.6775510204081633 0.001 2 5 0.7766950220477824
augmented_r2 4 8 8.0 0.2837382261767692 1.3629746300833565 0.823469387755102 0.7571428571428571 0.001 3 5 0.7766950220477824
augmented_r2 4 9 9.0 0.24190300272580378 0.7951408291349605 0.8510204081632653 0.9061224489795918 0.001 4 5 0.7766950220477824
augmented_r2 4 10 10.0 0.14906758059556469 2.381101605356956 0.5867346938775511 0.7673469387755102 0.001 5 5 0.7766950220477824
augmented_r2 4 11 11.0 0.11557789552583965 0.6858014386527392 0.7938775510204081 0.986734693877551 0.001 0 11 0.6858014386527392
augmented_r2 4 12 12.0 0.07052838390131612 0.4505159266140996 0.9214285714285714 0.9510204081632653 0.001 0 12 0.4505159266140996
augmented_r2 4 13 13.0 0.04649551442805552 0.8023137773786272 0.8887755102040816 0.8806122448979592 0.001 1 12 0.4505159266140996
augmented_r2 4 14 14.0 0.0036337610441775025 0.8497864506682571 0.753061224489796 0.976530612244898 0.001 2 12 0.4505159266140996
augmented_r2 4 15 15.0 -0.011693631259978321 1.318012015673579 0.6448979591836734 0.9785714285714285 0.001 3 12 0.4505159266140996
augmented_r2 4 16 16.0 -0.049457240842124064 1.347723758463957 0.7051020408163265 0.9663265306122449 0.001 4 12 0.4505159266140996
augmented_r2 4 17 17.0 -0.047191677547106424 0.23285638507531614 0.9510204081632653 0.9795918367346939 0.001 0 17 0.23285638507531614
augmented_r2 4 18 18.0 -0.09244944077384065 0.3151623755085225 0.9081632653061225 0.9857142857142858 0.001 1 17 0.23285638507531614
augmented_r2 4 19 19.0 -0.09455702029688212 2.4741589546203615 0.5357142857142857 0.9704081632653061 0.001 2 17 0.23285638507531614
augmented_r2 4 20 20.0 -0.10948421868493197 1.1956669101909716 0.826530612244898 0.9163265306122449 0.001 3 17 0.23285638507531614
augmented_r2 4 21 21.0 -0.1204603349011112 0.6796722329392725 0.8622448979591837 0.9948979591836735 0.001 4 17 0.23285638507531614
augmented_r2 4 22 22.0 -0.15582573146001918 0.733793580532074 0.8244897959183674 0.9897959183673469 0.001 5 17 0.23285638507531614
augmented_r2 4 23 23.0 -0.19158763643044371 0.2125530999533984 0.9561224489795919 0.9622448979591837 0.001 0 23 0.2125530999533984
augmented_r2 4 24 24.0 -0.19300225461437223 0.07958146212052326 0.95 0.996938775510204 0.001 0 24 0.07958146212052326
augmented_r2 4 25 25.0 -0.13650350778347067 2.3936480638932207 0.8673469387755102 0.6806122448979591 0.001 1 24 0.07958146212052326
augmented_r2 4 26 26.0 -0.12436412399629827 1.3959824489087476 0.7816326530612245 0.8520408163265306 0.001 2 24 0.07958146212052326
augmented_r2 4 27 27.0 -0.15389405463574612 0.7631045506924999 0.886734693877551 0.9653061224489796 0.001 3 24 0.07958146212052326
augmented_r2 4 28 28.0 -0.18949457873468814 0.16591759798478106 0.9316326530612244 0.9928571428571429 0.001 4 24 0.07958146212052326
augmented_r2 4 29 29.0 -0.2152355464965079 0.025960421075626294 0.9561224489795919 0.996938775510204 0.001 0 29 0.025960421075626294
augmented_r2 4 30 30.0 -0.2230185484934869 0.09098371534931417 0.9551020408163265 0.9887755102040816 0.001 1 29 0.025960421075626294
augmented_r2 4 31 31.0 -0.21165048276017975 0.27443869065265264 0.9387755102040817 0.976530612244898 0.001 2 29 0.025960421075626294
augmented_r2 4 32 32.0 -0.17508643084654907 0.569122026404556 0.9132653061224489 0.9653061224489796 0.001 3 29 0.025960421075626294
augmented_r2 4 33 33.0 -0.1758187030055344 0.886786657936719 0.9459183673469388 0.8295918367346938 0.001 4 29 0.025960421075626294
augmented_r2 4 34 34.0 -0.18922383817598148 -0.0060518065277411015 0.9622448979591837 0.9938775510204082 0.001 0 34 -0.0060518065277411015
augmented_r2 4 35 35.0 -0.22253252653258862 0.14607241883569835 0.9357142857142857 0.9938775510204082 0.001 1 34 -0.0060518065277411015
augmented_r2 4 36 36.0 -0.2097817540586186 0.4811060156141009 0.9581632653061225 0.8887755102040816 0.001 2 34 -0.0060518065277411015
augmented_r2 4 37 37.0 -0.22470040052807433 0.8818382730289381 0.8163265306122449 0.9897959183673469 0.001 3 34 -0.0060518065277411015
augmented_r2 4 38 38.0 -0.2340533835114979 0.08798452640066341 0.9622448979591837 0.9887755102040816 0.001 4 34 -0.0060518065277411015
augmented_r2 4 39 39.0 -0.23317185166906887 0.1599094011345688 0.9377551020408164 0.9938775510204082 0.001 5 34 -0.0060518065277411015
augmented_r2 4 40 40.0 -0.2220308649877365 2.2218549008272133 0.8938775510204081 0.6918367346938775 0.001 6 34 -0.0060518065277411015
augmented_r2 4 41 41.0 -0.08695216059928251 1.769922239439828 0.7346938775510204 0.9724489795918367 0.001 7 34 -0.0060518065277411015
augmented_r2 4 42 42.0 -0.14893063644573923 0.9608426439518831 0.8030612244897959 0.9714285714285714 0.001 8 34 -0.0060518065277411015
augmented_r2 4 43 43.0 -0.22533491586922277 0.0002983307351871413 0.9571428571428572 0.9959183673469387 0.001 9 34 -0.0060518065277411015
augmented_r2 4 44 44.0 -0.23340614891831438 0.003618982860020229 0.9683673469387755 0.9928571428571429 0.001 10 34 -0.0060518065277411015
augmented_r2 4 45 45.0 -0.24082383070807434 -0.09197217980209663 0.9785714285714285 0.9948979591836735 0.001 0 45 -0.09197217980209663
augmented_r2 4 46 46.0 -0.24481605304237145 -0.07108971877973908 0.9775510204081632 0.9948979591836735 0.001 1 45 -0.09197217980209663
augmented_r2 4 47 47.0 -0.24462172146402852 -0.04852306550862838 0.9795918367346939 0.9877551020408163 0.001 2 45 -0.09197217980209663
augmented_r2 4 48 48.0 -0.24435223675970785 -0.0369484229963653 0.9714285714285714 0.9938775510204082 0.001 3 45 -0.09197217980209663
augmented_r2 4 49 49.0 -0.23518592583600934 0.20243539664210106 0.9336734693877551 0.9887755102040816 0.001 4 45 -0.09197217980209663
augmented_r2 4 50 50.0 -0.1646532865943942 1.361116395677839 0.7479591836734694 0.9683673469387755 0.001 5 45 -0.09197217980209663
augmented_r2 4 51 51.0 -0.16202766828506376 0.33474815962265947 0.8969387755102041 0.9918367346938776 0.001 6 45 -0.09197217980209663
augmented_r2 4 52 52.0 -0.2094644827608955 -0.02139551152988356 0.9663265306122449 0.9928571428571429 0.001 7 45 -0.09197217980209663
augmented_r2 4 53 53.0 -0.2286227281461626 0.07708140830604397 0.9591836734693877 0.9928571428571429 0.001 8 45 -0.09197217980209663
augmented_r2 4 54 54.0 -0.2426403348530073 0.07313631505382304 0.9530612244897959 0.9928571428571429 0.001 9 45 -0.09197217980209663
augmented_r2 4 55 55.0 -0.24261276889619585 -0.10467893250134526 0.9785714285714285 0.9959183673469387 0.001 0 55 -0.10467893250134526
augmented_r2 4 56 56.0 -0.2457010944278518 -0.056637921625254106 0.9755102040816327 0.9948979591836735 0.001 1 55 -0.10467893250134526
augmented_r2 4 57 57.0 -0.24345789445813626 -0.013971697067727848 0.9673469387755103 0.9908163265306122 0.001 2 55 -0.10467893250134526
augmented_r2 4 58 58.0 -0.24167912094037178 -0.015247225274845046 0.9622448979591837 0.9959183673469387 0.001 3 55 -0.10467893250134526
augmented_r2 4 59 59.0 -0.24538222192709183 -0.013116711499739666 0.9724489795918367 0.9948979591836735 0.001 4 55 -0.10467893250134526
augmented_r2 4 60 60.0 -0.24395877291587828 0.047507953643798825 0.9469387755102041 0.9979591836734694 0.001 5 55 -0.10467893250134526
augmented_r2 4 61 61.0 -0.24574798315998275 -0.004975638097646285 0.9673469387755103 0.9897959183673469 0.001 6 55 -0.10467893250134526
augmented_r2 4 62 62.0 -0.24505883039591922 0.0912234286872708 0.9438775510204082 0.9948979591836735 0.001 7 55 -0.10467893250134526
augmented_r2 4 63 63.0 -0.1157505943227656 4.157795057491381 0.5020408163265306 0.789795918367347 0.001 8 55 -0.10467893250134526
augmented_r2 4 64 64.0 -0.061478893263610626 0.8376908059022865 0.8122448979591836 0.9846938775510204 0.001 9 55 -0.10467893250134526
augmented_r2 4 65 65.0 -0.19685981224603824 0.02177149081716732 0.960204081632653 0.9918367346938776 0.001 10 55 -0.10467893250134526
augmented_r2 4 66 66.0 -0.2237273654333871 0.14923209024935352 0.9377551020408164 0.9948979591836735 0.0005 11 55 -0.10467893250134526
augmented_r2 4 67 67.0 -0.24169086564689884 -0.09769774164472307 0.9785714285714285 0.9948979591836735 0.0005 12 55 -0.10467893250134526
augmented_r2 4 68 68.0 -0.24765740419776858 -0.10176374279722876 0.9755102040816327 0.9948979591836735 0.0005 13 55 -0.10467893250134526
augmented_r2 4 69 69.0 -0.24884540948778747 -0.09323908455517828 0.9795918367346939 0.9948979591836735 0.0005 14 55 -0.10467893250134526
augmented_r2 4 70 70.0 -0.2503128095761242 -0.09288327839909767 0.9785714285714285 0.9948979591836735 0.0005 15 55 -0.10467893250134526
augmented_r2 4 71 71.0 -0.2511817387843014 -0.0959568403205093 0.9785714285714285 0.9959183673469387 0.0005 16 55 -0.10467893250134526
augmented_r2 4 72 72.0 -0.2509155952446934 -0.09495303290230887 0.9775510204081632 0.9959183673469387 0.0005 17 55 -0.10467893250134526
augmented_r2 4 73 73.0 -0.24995770712165954 -0.10423034405221744 0.9785714285714285 0.9959183673469387 0.0005 18 55 -0.10467893250134526
augmented_r2 4 74 74.0 -0.2504886383386962 -0.0719015223639352 0.9755102040816327 0.9948979591836735 0.0005 19 55 -0.10467893250134526
augmented_r2 4 75 75.0 -0.24969267666009415 -0.08964265706587811 0.9744897959183674 0.9948979591836735 0.0005 20 55 -0.10467893250134526
augmented_r2 4 76 76.0 -0.25100004100785644 -0.10358273788374298 0.9785714285714285 0.9948979591836735 0.0005 21 55 -0.10467893250134526
augmented_r2 4 77 77.0 -0.24972090056382917 -0.0750505578761198 0.9744897959183674 0.9948979591836735 0.00025 22 55 -0.10467893250134526
augmented_r2 4 78 78.0 -0.2524723571662413 -0.09792600602519755 0.9775510204081632 0.9959183673469387 0.00025 23 55 -0.10467893250134526
augmented_r2 4 79 79.0 -0.2539264574703476 -0.09119077653301005 0.976530612244898 0.9948979591836735 0.00025 24 55 -0.10467893250134526
augmented_r2 4 80 80.0 -0.25369165567743696 -0.10011196039160904 0.9785714285714285 0.9959183673469387 0.00025 25 55 -0.10467893250134526
augmented_r2 4 81 81.0 -0.2536753474500738 -0.09659161081119459 0.9785714285714285 0.9959183673469387 0.00025 26 55 -0.10467893250134526
augmented_r2 4 82 82.0 -0.2531526529618523 -0.09024737416481485 0.9775510204081632 0.9938775510204082 0.00025 27 55 -0.10467893250134526
augmented_r2 4 83 83.0 -0.25325546683463684 -0.10784028598240443 0.9795918367346939 0.9948979591836735 0.00025 0 83 -0.10784028598240443
augmented_r2 4 84 84.0 -0.2531046043306389 -0.09512430161845928 0.976530612244898 0.9959183673469387 0.00025 1 83 -0.10784028598240443
augmented_r2 4 85 85.0 -0.25317703698375044 -0.09510152242621597 0.9795918367346939 0.9948979591836735 0.00025 2 83 -0.10784028598240443
augmented_r2 4 86 86.0 -0.25377858012071114 -0.09096094296903026 0.9755102040816327 0.9948979591836735 0.00025 3 83 -0.10784028598240443
augmented_r2 4 87 87.0 -0.25311780955097857 -0.10576355554619614 0.9795918367346939 0.9959183673469387 0.00025 4 83 -0.10784028598240443
augmented_r2 4 88 88.0 -0.2527639760997506 -0.08584198319182104 0.9775510204081632 0.9948979591836735 0.00025 5 83 -0.10784028598240443
augmented_r2 4 89 89.0 -0.25369218853635206 -0.09775050513598384 0.9795918367346939 0.9959183673469387 0.00025 6 83 -0.10784028598240443
augmented_r2 4 90 90.0 -0.25308050575707164 -0.07783949569779999 0.9755102040816327 0.9948979591836735 0.00025 7 83 -0.10784028598240443
augmented_r2 4 91 91.0 -0.2534620395929778 -0.06592132218030035 0.9744897959183674 0.9948979591836735 0.00025 8 83 -0.10784028598240443
augmented_r2 4 92 92.0 -0.25390298063218647 -0.09486730487979188 0.976530612244898 0.9959183673469387 0.00025 9 83 -0.10784028598240443
augmented_r2 4 93 93.0 -0.2538726575213895 -0.0782406607452704 0.9734693877551021 0.9948979591836735 0.00025 10 83 -0.10784028598240443
augmented_r2 4 94 94.0 -0.2538467987236978 -0.09399608251999836 0.9775510204081632 0.9959183673469387 0.000125 11 83 -0.10784028598240443
augmented_r2 4 95 95.0 -0.2557115842832015 -0.09544461065409135 0.9785714285714285 0.9959183673469387 0.000125 12 83 -0.10784028598240443
augmented_r2 4 96 96.0 -0.25550753008634036 -0.09186385067141786 0.9785714285714285 0.9959183673469387 0.000125 13 83 -0.10784028598240443
augmented_r2 4 97 97.0 -0.2557649711217065 -0.09498450756072999 0.9795918367346939 0.9959183673469387 0.000125 14 83 -0.10784028598240443
augmented_r2 4 98 98.0 -0.25577623959981843 -0.0951341132728421 0.9775510204081632 0.9959183673469387 0.000125 15 83 -0.10784028598240443
augmented_r2 4 99 99.0 -0.2555337151703279 -0.09937069513359849 0.9795918367346939 0.9959183673469387 0.000125 16 83 -0.10784028598240443
augmented_r2 4 100 100.0 -0.25558404540542545 -0.10067518633239124 0.9785714285714285 0.9959183673469387 0.000125 17 83 -0.10784028598240443
augmented_r2 4 101 101.0 -0.25550161174688457 -0.09765312087779142 0.9795918367346939 0.9959183673469387 0.000125 18 83 -0.10784028598240443
augmented_r2 4 102 102.0 -0.25566121889753873 -0.09210642843830343 0.9775510204081632 0.9959183673469387 0.000125 19 83 -0.10784028598240443
augmented_r2 4 103 103.0 -0.25572532302337725 -0.09331012015440027 0.9775510204081632 0.9959183673469387 0.000125 20 83 -0.10784028598240443
augmented_r2 4 104 104.0 -0.25526384622736925 -0.07057425002662503 0.9755102040816327 0.9948979591836735 0.000125 21 83 -0.10784028598240443
augmented_r2 4 105 105.0 -0.25408255641718525 -0.07074933684602076 0.9744897959183674 0.9959183673469387 6.25e-05 22 83 -0.10784028598240443
augmented_r2 4 106 106.0 -0.256235268344189 -0.09304505367668307 0.9795918367346939 0.9959183673469387 6.25e-05 23 83 -0.10784028598240443
augmented_r2 4 107 107.0 -0.25634799570253924 -0.09349055387535873 0.9775510204081632 0.9959183673469387 6.25e-05 24 83 -0.10784028598240443
augmented_r2 4 108 108.0 -0.2561122836821762 -0.09976254823256513 0.9775510204081632 0.9959183673469387 6.25e-05 25 83 -0.10784028598240443
augmented_r2 4 109 109.0 -0.2562568846025792 -0.09280361788613456 0.9775510204081632 0.9959183673469387 6.25e-05 26 83 -0.10784028598240443
augmented_r2 4 110 110.0 -0.25665815006305637 -0.09506757259368896 0.9795918367346939 0.9959183673469387 6.25e-05 27 83 -0.10784028598240443
augmented_r2 4 111 111.0 -0.25673762924788746 -0.09151869793327487 0.9795918367346939 0.9959183673469387 6.25e-05 28 83 -0.10784028598240443
augmented_r2 4 112 112.0 -0.25693829636341425 -0.09220369008122659 0.9785714285714285 0.9959183673469387 6.25e-05 29 83 -0.10784028598240443
augmented_r2 4 113 113.0 -0.25685184644407455 -0.10240912096840994 0.9806122448979592 0.9959183673469387 6.25e-05 30 83 -0.10784028598240443
augmented_r2 5 1 1.0 1.483605486956358 1.06880849186255 0.8459183673469388 0.9448979591836735 0.001 0 1 1.06880849186255
augmented_r2 5 2 2.0 0.8712419114761253 1.4924663387999242 0.7704081632653061 0.7683673469387755 0.001 1 1 1.06880849186255
augmented_r2 5 3 3.0 0.7117999170137488 1.0272124173689863 0.7948979591836735 0.9693877551020408 0.001 0 3 1.0272124173689863
augmented_r2 5 4 4.0 0.5779887130492137 1.6105327294797314 0.6918367346938775 0.6979591836734694 0.001 1 3 1.0272124173689863
augmented_r2 5 5 5.0 0.4839089989905668 1.2824256371478646 0.7877551020408163 0.8071428571428572 0.001 2 3 1.0272124173689863
augmented_r2 5 6 6.0 0.42302537136603835 2.5730412853007416 0.6 0.6520408163265307 0.001 3 3 1.0272124173689863
augmented_r2 5 7 7.0 0.32547285055362835 0.8901316068610367 0.8142857142857143 0.9857142857142858 0.001 0 7 0.8901316068610367
augmented_r2 5 8 8.0 0.29091653874813034 1.5261653102174098 0.6193877551020408 0.9734693877551021 0.001 1 7 0.8901316068610367
augmented_r2 5 9 9.0 0.22281718941969048 1.1833038772855486 0.7642857142857142 0.9112244897959184 0.001 2 7 0.8901316068610367
augmented_r2 5 10 10.0 0.18634126238200976 1.3660530353079037 0.6571428571428571 0.9683673469387755 0.001 3 7 0.8901316068610367
augmented_r2 5 11 11.0 0.10345993638212563 0.22214411472787662 0.9520408163265306 0.9928571428571429 0.001 0 11 0.22214411472787662
augmented_r2 5 12 12.0 0.07999907197011676 0.5233560642417596 0.8765306122448979 0.9744897959183674 0.001 1 11 0.22214411472787662
augmented_r2 5 13 13.0 0.07578015351803337 0.2633522622439326 0.9418367346938775 0.9795918367346939 0.001 2 11 0.22214411472787662
augmented_r2 5 14 14.0 0.010186628102908372 1.3320681036735067 0.7428571428571429 0.8969387755102041 0.001 3 11 0.22214411472787662
augmented_r2 5 15 15.0 -0.008136020219461682 0.27757082861296983 0.9173469387755102 0.9877551020408163 0.001 4 11 0.22214411472787662
augmented_r2 5 16 16.0 -0.05717790043315771 0.535500206509415 0.9418367346938775 0.8969387755102041 0.001 5 11 0.22214411472787662
augmented_r2 5 17 17.0 -0.08791409863791175 0.4933214567145523 0.8448979591836735 0.9928571428571429 0.001 6 11 0.22214411472787662
augmented_r2 5 18 18.0 -0.11895599859533763 1.0662914568064163 0.7857142857142857 0.9724489795918367 0.001 7 11 0.22214411472787662
augmented_r2 5 19 19.0 -0.09787930329478375 2.35411427556252 0.7591836734693878 0.7081632653061225 0.001 8 11 0.22214411472787662
augmented_r2 5 20 20.0 -0.06850821005904992 1.5165247080277424 0.8428571428571429 0.7928571428571428 0.001 9 11 0.22214411472787662
augmented_r2 5 21 21.0 -0.0967152467927468 0.04830476556505476 0.9642857142857143 0.9877551020408163 0.001 0 21 0.04830476556505476
augmented_r2 5 22 22.0 -0.1592659377863917 0.4062303212224221 0.8918367346938776 0.9836734693877551 0.001 1 21 0.04830476556505476
augmented_r2 5 23 23.0 -0.17110649023453975 0.3108151092821238 0.9081632653061225 0.9928571428571429 0.001 2 21 0.04830476556505476
augmented_r2 5 24 24.0 -0.19880318544263703 0.02377946474114243 0.960204081632653 0.9959183673469387 0.001 0 24 0.02377946474114243
augmented_r2 5 25 25.0 -0.2089641459975397 0.07062429116696728 0.95 0.9948979591836735 0.001 1 24 0.02377946474114243
augmented_r2 5 26 26.0 -0.2094513133520422 0.34516272155606015 0.9285714285714286 0.9775510204081632 0.001 2 24 0.02377946474114243
augmented_r2 5 27 27.0 -0.0956862243786476 1.0516319999889452 0.8816326530612245 0.8846938775510204 0.001 3 24 0.02377946474114243
augmented_r2 5 28 28.0 -0.10470590881540227 1.2994844509630787 0.7448979591836735 0.9642857142857143 0.001 4 24 0.02377946474114243
augmented_r2 5 29 29.0 -0.1654376587089937 -0.03593027689019028 0.9785714285714285 0.9928571428571429 0.001 0 29 -0.03593027689019028
augmented_r2 5 30 30.0 -0.20907497705159606 -0.0010759650444497869 0.9673469387755103 0.9959183673469387 0.001 1 29 -0.03593027689019028
augmented_r2 5 31 31.0 -0.22648928434674162 -0.0511827464006385 0.9785714285714285 0.9928571428571429 0.001 0 31 -0.0511827464006385
augmented_r2 5 32 32.0 -0.23514764707917057 -0.08623175085807333 0.9816326530612245 0.9948979591836735 0.001 0 32 -0.08623175085807333
augmented_r2 5 33 33.0 -0.23667474700230914 -0.08662968363080706 0.9816326530612245 0.9938775510204082 0.001 0 33 -0.08662968363080706
augmented_r2 5 34 34.0 -0.23743496295624514 -0.07586427513433962 0.9846938775510204 0.9887755102040816 0.001 1 33 -0.08662968363080706
augmented_r2 5 35 35.0 -0.19469338044989445 3.361865557456503 0.8510204081632653 0.5755102040816327 0.001 2 33 -0.08662968363080706
augmented_r2 5 36 36.0 -0.10429469611020696 1.1129805778970523 0.7826530612244897 0.9642857142857143 0.001 3 33 -0.08662968363080706
augmented_r2 5 37 37.0 -0.1492127385680725 0.23484604115388832 0.9714285714285714 0.9540816326530612 0.001 4 33 -0.08662968363080706
augmented_r2 5 38 38.0 -0.21340633263071737 0.012409032120996592 0.9622448979591837 0.9948979591836735 0.001 5 33 -0.08662968363080706
augmented_r2 5 39 39.0 -0.23175982043455806 -0.060180044174194335 0.9724489795918367 0.9948979591836735 0.001 6 33 -0.08662968363080706
augmented_r2 5 40 40.0 -0.23615045765937157 -0.008411286801707989 0.9622448979591837 0.9948979591836735 0.001 7 33 -0.08662968363080706
augmented_r2 5 41 41.0 -0.24141526857061082 -0.0724019006806977 0.9734693877551021 0.9948979591836735 0.001 8 33 -0.08662968363080706
augmented_r2 5 42 42.0 -0.24431486781289774 -0.12367610055573132 0.9887755102040816 0.9959183673469387 0.001 0 42 -0.12367610055573132
augmented_r2 5 43 43.0 -0.24392795548830012 -0.04196394949543233 0.9724489795918367 0.9959183673469387 0.001 1 42 -0.12367610055573132
augmented_r2 5 44 44.0 -0.2403063380860851 -0.015835820412149235 0.9714285714285714 0.9938775510204082 0.001 2 42 -0.12367610055573132
augmented_r2 5 45 45.0 -0.20069377162138574 2.18686345839987 0.7969387755102041 0.8428571428571429 0.001 3 42 -0.12367610055573132
augmented_r2 5 46 46.0 -0.07006136199493675 0.48889253674721234 0.8816326530612245 0.9918367346938776 0.001 4 42 -0.12367610055573132
augmented_r2 5 47 47.0 -0.17277758557002676 1.390265196196887 0.6908163265306122 0.986734693877551 0.001 5 42 -0.12367610055573132
augmented_r2 5 48 48.0 -0.2246736990038424 -0.10696508981743637 0.9836734693877551 0.9948979591836735 0.001 6 42 -0.12367610055573132
augmented_r2 5 49 49.0 -0.24051379366104686 -0.10545170307159424 0.9836734693877551 0.9948979591836735 0.001 7 42 -0.12367610055573132
augmented_r2 5 50 50.0 -0.24294656586431365 -0.09572285146129375 0.9836734693877551 0.9938775510204082 0.001 8 42 -0.12367610055573132
augmented_r2 5 51 51.0 -0.24468524566641486 -0.11366669839742233 0.9887755102040816 0.9948979591836735 0.001 9 42 -0.12367610055573132
augmented_r2 5 52 52.0 -0.24550709303176052 -0.12190298109638448 0.9826530612244898 0.9959183673469387 0.001 10 42 -0.12367610055573132
augmented_r2 5 53 53.0 -0.24757412386455374 -0.11656716599756357 0.9877551020408163 0.9948979591836735 0.0005 11 42 -0.12367610055573132
augmented_r2 5 54 54.0 -0.2495961809144411 -0.13170186062248385 0.9887755102040816 0.9948979591836735 0.0005 0 54 -0.13170186062248385
augmented_r2 5 55 55.0 -0.25063716634773187 -0.12810739935660848 0.9877551020408163 0.9948979591836735 0.0005 1 54 -0.13170186062248385
augmented_r2 5 56 56.0 -0.2504466068894236 -0.13180357290773975 0.9897959183673469 0.9938775510204082 0.0005 0 56 -0.13180357290773975
augmented_r2 5 57 57.0 -0.24907074854330102 -0.09893446893108135 0.9836734693877551 0.9948979591836735 0.0005 1 56 -0.13180357290773975
augmented_r2 5 58 58.0 -0.25032722680395464 -0.1357998380855638 0.9897959183673469 0.9948979591836735 0.0005 0 58 -0.1357998380855638
augmented_r2 5 59 59.0 -0.2500466795853981 -0.10134143196806615 0.976530612244898 0.9959183673469387 0.0005 1 58 -0.1357998380855638
augmented_r2 5 60 60.0 -0.24918397341868187 -0.11058613913399833 0.9826530612244898 0.9959183673469387 0.0005 2 58 -0.1357998380855638
augmented_r2 5 61 61.0 -0.247151432699666 -0.10344748497009278 0.9857142857142858 0.9959183673469387 0.0005 3 58 -0.1357998380855638
augmented_r2 5 62 62.0 -0.24631629708142333 -0.04094488377473792 0.9714285714285714 0.9948979591836735 0.0005 4 58 -0.1357998380855638
augmented_r2 5 63 63.0 -0.24918081717272697 0.01028801713671003 0.9683673469387755 0.9938775510204082 0.0005 5 58 -0.1357998380855638
augmented_r2 5 64 64.0 -0.24956276439736874 0.6491646844513562 0.8357142857142857 0.9918367346938776 0.0005 6 58 -0.1357998380855638
augmented_r2 5 65 65.0 -0.2433684958568425 0.1449347700391497 0.9377551020408164 0.9938775510204082 0.0005 7 58 -0.1357998380855638
augmented_r2 5 66 66.0 -0.24675227738623373 -0.028488590279403998 0.9734693877551021 0.9948979591836735 0.0005 8 58 -0.1357998380855638
augmented_r2 5 67 67.0 -0.23856899590126307 0.09581480658784204 0.9510204081632653 0.9948979591836735 0.0005 9 58 -0.1357998380855638
augmented_r2 5 68 68.0 -0.20589809834104883 3.6295714738417644 0.5673469387755102 0.786734693877551 0.0005 10 58 -0.1357998380855638
augmented_r2 5 69 69.0 -0.1965856734051244 0.002577644464920978 0.9663265306122449 0.9928571428571429 0.00025 11 58 -0.1357998380855638
augmented_r2 5 70 70.0 -0.2412735941217354 -0.11653217588152204 0.9826530612244898 0.9948979591836735 0.00025 12 58 -0.1357998380855638
augmented_r2 5 71 71.0 -0.25075429824061596 -0.11985861087331967 0.9836734693877551 0.9948979591836735 0.00025 13 58 -0.1357998380855638
augmented_r2 5 72 72.0 -0.2512538314630939 -0.12897072081663172 0.9816326530612245 0.9959183673469387 0.00025 14 58 -0.1357998380855638
augmented_r2 5 73 73.0 -0.25099758652093496 -0.12973687454145783 0.9836734693877551 0.9959183673469387 0.00025 15 58 -0.1357998380855638
augmented_r2 5 74 74.0 -0.2531359895589855 -0.1236987795148577 0.9806122448979592 0.9959183673469387 0.00025 16 58 -0.1357998380855638
augmented_r2 5 75 75.0 -0.2536112474115103 -0.12648614134107317 0.986734693877551 0.9948979591836735 0.00025 17 58 -0.1357998380855638
augmented_r2 5 76 76.0 -0.25316263582673754 -0.12849924077793043 0.9857142857142858 0.9959183673469387 0.00025 18 58 -0.1357998380855638
augmented_r2 5 77 77.0 -0.2529786161824013 -0.13153121714689295 0.9846938775510204 0.9959183673469387 0.00025 19 58 -0.1357998380855638
augmented_r2 5 78 78.0 -0.2545019317584654 -0.12580480380934111 0.986734693877551 0.9959183673469387 0.00025 20 58 -0.1357998380855638
augmented_r2 5 79 79.0 -0.25349832977746295 -0.13261965634871503 0.9897959183673469 0.9959183673469387 0.00025 21 58 -0.1357998380855638
augmented_r2 5 80 80.0 -0.25371774484090637 -0.13699152420978156 0.9897959183673469 0.9959183673469387 0.00025 0 80 -0.13699152420978156
augmented_r2 5 81 81.0 -0.25427562984531116 -0.13223373257384008 0.9857142857142858 0.9959183673469387 0.00025 1 80 -0.13699152420978156
augmented_r2 5 82 82.0 -0.25331960419784805 -0.1427139564436309 0.9877551020408163 0.9948979591836735 0.00025 0 82 -0.1427139564436309
augmented_r2 5 83 83.0 -0.2539971777987195 -0.13553791630024814 0.9887755102040816 0.9959183673469387 0.00025 1 82 -0.1427139564436309
augmented_r2 5 84 84.0 -0.25280757859318814 -0.1252151547646036 0.986734693877551 0.9948979591836735 0.00025 2 82 -0.1427139564436309
augmented_r2 5 85 85.0 -0.2541902386519524 -0.1438295262200492 0.9897959183673469 0.9959183673469387 0.00025 0 85 -0.1438295262200492
augmented_r2 5 86 86.0 -0.2541748565663253 -0.12826581974418796 0.9877551020408163 0.9948979591836735 0.00025 1 85 -0.1438295262200492
augmented_r2 5 87 87.0 -0.2537984331460468 -0.14043548885656862 0.9887755102040816 0.9959183673469387 0.00025 2 85 -0.1438295262200492
augmented_r2 5 88 88.0 -0.2535901209130244 -0.12405224478974634 0.986734693877551 0.9948979591836735 0.00025 3 85 -0.1438295262200492
augmented_r2 5 89 89.0 -0.2542405139262453 -0.1321984135374731 0.9897959183673469 0.9959183673469387 0.00025 4 85 -0.1438295262200492
augmented_r2 5 90 90.0 -0.25393063809178057 -0.1216320412499564 0.9846938775510204 0.9948979591836735 0.00025 5 85 -0.1438295262200492
augmented_r2 5 91 91.0 -0.2539645297937084 -0.13093690190996443 0.9857142857142858 0.9948979591836735 0.00025 6 85 -0.1438295262200492
augmented_r2 5 92 92.0 -0.25354981966814566 -0.11038797436928263 0.9846938775510204 0.9959183673469387 0.00025 7 85 -0.1438295262200492
augmented_r2 5 93 93.0 -0.2541051947030445 -0.11175487965953593 0.9816326530612245 0.9948979591836735 0.00025 8 85 -0.1438295262200492
augmented_r2 5 94 94.0 -0.25471975857640344 -0.09661818669766796 0.9846938775510204 0.9959183673469387 0.00025 9 85 -0.1438295262200492
augmented_r2 5 95 95.0 -0.25169106009126857 -0.0901423960315938 0.9816326530612245 0.9959183673469387 0.00025 10 85 -0.1438295262200492
augmented_r2 5 96 96.0 -0.24898195753718105 0.09634109224591936 0.9448979591836735 0.9938775510204082 0.000125 11 85 -0.1438295262200492
augmented_r2 5 97 97.0 -0.25360889733272496 -0.11651044183847856 0.9836734693877551 0.9959183673469387 0.000125 12 85 -0.1438295262200492
augmented_r2 5 98 98.0 -0.25541622107530565 -0.12423361515512271 0.9846938775510204 0.9959183673469387 0.000125 13 85 -0.1438295262200492
augmented_r2 5 99 99.0 -0.2561257792381841 -0.13451309739326944 0.9897959183673469 0.9959183673469387 0.000125 14 85 -0.1438295262200492
augmented_r2 5 100 100.0 -0.2555398354733481 -0.13068093377716689 0.9908163265306122 0.9959183673469387 0.000125 15 85 -0.1438295262200492
augmented_r2 5 101 101.0 -0.255816536357391 -0.128059720993042 0.9887755102040816 0.9948979591836735 0.000125 16 85 -0.1438295262200492
augmented_r2 5 102 102.0 -0.2564097553326362 -0.12457630682964714 0.9887755102040816 0.9959183673469387 0.000125 17 85 -0.1438295262200492
augmented_r2 5 103 103.0 -0.254476829767575 -0.10032951491219656 0.9795918367346939 0.9959183673469387 0.000125 18 85 -0.1438295262200492
augmented_r2 5 104 104.0 -0.25592940866616715 -0.12691873822893415 0.986734693877551 0.9948979591836735 0.000125 19 85 -0.1438295262200492
augmented_r2 5 105 105.0 -0.25556426678588795 -0.12151716777256556 0.9877551020408163 0.9948979591836735 0.000125 20 85 -0.1438295262200492
augmented_r2 5 106 106.0 -0.2560705206538207 -0.12247361309674322 0.986734693877551 0.9948979591836735 0.000125 21 85 -0.1438295262200492
augmented_r2 5 107 107.0 -0.2557189391345994 -0.1262887005903283 0.986734693877551 0.9959183673469387 6.25e-05 22 85 -0.1438295262200492
augmented_r2 5 108 108.0 -0.25625256950110153 -0.1302656198034481 0.9877551020408163 0.9948979591836735 6.25e-05 23 85 -0.1438295262200492
augmented_r2 5 109 109.0 -0.25662018734823694 -0.12585917492302096 0.9857142857142858 0.9959183673469387 6.25e-05 24 85 -0.1438295262200492
augmented_r2 5 110 110.0 -0.2566161233271946 -0.13531505380358014 0.9877551020408163 0.9959183673469387 6.25e-05 25 85 -0.1438295262200492
augmented_r2 5 111 111.0 -0.2561724846342892 -0.1247078394403263 0.9857142857142858 0.9959183673469387 6.25e-05 26 85 -0.1438295262200492
augmented_r2 5 112 112.0 -0.2565866785109269 -0.1287872246333531 0.9857142857142858 0.9959183673469387 6.25e-05 27 85 -0.1438295262200492
augmented_r2 5 113 113.0 -0.25656139187956123 -0.12785734741055235 0.986734693877551 0.9959183673469387 6.25e-05 28 85 -0.1438295262200492
augmented_r2 5 114 114.0 -0.2567790824260105 -0.12477404682003722 0.9846938775510204 0.9959183673469387 6.25e-05 29 85 -0.1438295262200492
augmented_r2 5 115 115.0 -0.2566722466572054 -0.12185816083635603 0.986734693877551 0.9959183673469387 6.25e-05 30 85 -0.1438295262200492
augmented_r2 6 1 1.0 1.4375068591779894 2.7795016872639557 0.40408163265306124 0.6224489795918368 0.001 0 1 2.7795016872639557
augmented_r2 6 2 2.0 0.8788945613326224 1.285082136368265 0.7448979591836735 0.9061224489795918 0.001 0 2 1.285082136368265
augmented_r2 6 3 3.0 0.6944476139764588 0.8169376173797919 0.9193877551020408 0.9377551020408164 0.001 0 3 0.8169376173797919
augmented_r2 6 4 4.0 0.5666085241972826 1.146217349597386 0.8071428571428572 0.9173469387755102 0.001 1 3 0.8169376173797919
augmented_r2 6 5 5.0 0.47745560475295995 0.7998856894823969 0.8459183673469388 0.9755102040816327 0.001 0 5 0.7998856894823969
augmented_r2 6 6 6.0 0.4033082272017145 1.5758210269772277 0.7040816326530612 0.9469387755102041 0.001 1 5 0.7998856894823969
augmented_r2 6 7 7.0 0.3284107238915212 0.6143857848887541 0.8806122448979592 0.9857142857142858 0.001 0 7 0.6143857848887541
augmented_r2 6 8 8.0 0.25052090716633324 0.9324351339924092 0.7724489795918368 0.9744897959183674 0.001 1 7 0.6143857848887541
augmented_r2 6 9 9.0 0.2074302199598579 1.5475326684056496 0.726530612244898 0.8520408163265306 0.001 2 7 0.6143857848887541
augmented_r2 6 10 10.0 0.16836870360172695 1.0468772800601258 0.7540816326530613 0.9387755102040817 0.001 3 7 0.6143857848887541
augmented_r2 6 11 11.0 0.12618600337749533 1.70977683651204 0.6030612244897959 0.9081632653061225 0.001 4 7 0.6143857848887541
augmented_r2 6 12 12.0 0.09080484447724137 0.3684633561543056 0.9081632653061225 0.9785714285714285 0.001 0 12 0.3684633561543056
augmented_r2 6 13 13.0 0.04256898933504704 1.7549126070372911 0.6887755102040817 0.7775510204081633 0.001 1 12 0.3684633561543056
augmented_r2 6 14 14.0 -0.001957002902190957 0.7044729201161132 0.8387755102040816 0.9275510204081633 0.001 2 12 0.3684633561543056
augmented_r2 6 15 15.0 -0.027468532036858395 1.1691597880149374 0.8030612244897959 0.9306122448979591 0.001 3 12 0.3684633561543056
augmented_r2 6 16 16.0 -0.035916045051571366 0.6466435023716518 0.8704081632653061 0.9714285714285714 0.001 4 12 0.3684633561543056
augmented_r2 6 17 17.0 -0.04273500893322622 0.7144140652247838 0.923469387755102 0.8489795918367347 0.001 5 12 0.3684633561543056
augmented_r2 6 18 18.0 -0.06783411909478518 1.005827336408654 0.7377551020408163 0.9428571428571428 0.001 6 12 0.3684633561543056
augmented_r2 6 19 19.0 -0.10103021255553829 0.12089913231985909 0.9622448979591837 0.9806122448979592 0.001 0 19 0.12089913231985909
augmented_r2 6 20 20.0 -0.1566445177520438 0.29996323488196547 0.8918367346938776 0.9918367346938776 0.001 1 19 0.12089913231985909
augmented_r2 6 21 21.0 -0.1659358560882437 0.6923061475461844 0.8765306122448979 0.9214285714285714 0.001 2 19 0.12089913231985909
augmented_r2 6 22 22.0 -0.14242016486464834 2.704751066285737 0.45918367346938777 0.9510204081632653 0.001 3 19 0.12089913231985909
augmented_r2 6 23 23.0 -0.12324161958444003 3.190259156908308 0.5561224489795918 0.8785714285714286 0.001 4 19 0.12089913231985909
augmented_r2 6 24 24.0 -0.11478953864854802 0.9188360866235227 0.8775510204081632 0.8734693877551021 0.001 5 19 0.12089913231985909
augmented_r2 6 25 25.0 -0.16237063424594902 0.32870037944949404 0.9428571428571428 0.9520408163265306 0.001 6 19 0.12089913231985909
augmented_r2 6 26 26.0 -0.1976975413011607 0.05707158604446722 0.9704081632653061 0.9826530612244898 0.001 0 26 0.05707158604446722
augmented_r2 6 27 27.0 -0.20977738262231613 1.7695940003103139 0.7479591836734694 0.8469387755102041 0.001 1 26 0.05707158604446722
augmented_r2 6 28 28.0 -0.221310527671834 -0.02944160967457051 0.9704081632653061 0.9897959183673469 0.001 0 28 -0.02944160967457051
augmented_r2 6 29 29.0 -0.22838648778897594 0.2614985130271133 0.9346938775510204 0.9806122448979592 0.001 1 28 -0.02944160967457051
augmented_r2 6 30 30.0 -0.2170348620324292 0.9496684984285004 0.7724489795918368 0.9887755102040816 0.001 2 28 -0.02944160967457051
augmented_r2 6 31 31.0 -0.14455498078838536 5.22921034754539 0.47653061224489796 0.6316326530612245 0.001 3 28 -0.02944160967457051
augmented_r2 6 32 32.0 -0.10878232609331695 0.344167811529977 0.9142857142857143 0.9734693877551021 0.001 4 28 -0.02944160967457051
augmented_r2 6 33 33.0 -0.10575119468815862 0.35838380151865434 0.9418367346938775 0.9530612244897959 0.001 5 28 -0.02944160967457051
augmented_r2 6 34 34.0 -0.19974082918809946 0.04288722106388637 0.9530612244897959 0.9908163265306122 0.001 6 28 -0.02944160967457051
augmented_r2 6 35 35.0 -0.22371738580353656 0.044899383369757205 0.9673469387755103 0.9846938775510204 0.001 7 28 -0.02944160967457051
augmented_r2 6 36 36.0 -0.2352251825125321 -0.001739591968302824 0.960204081632653 0.9938775510204082 0.001 8 28 -0.02944160967457051
augmented_r2 6 37 37.0 -0.2366604479923866 -0.019405274001919492 0.9714285714285714 0.9938775510204082 0.001 9 28 -0.02944160967457051
augmented_r2 6 38 38.0 -0.2396264965693527 0.055419126822023976 0.9663265306122449 0.9836734693877551 0.001 10 28 -0.02944160967457051
augmented_r2 6 39 39.0 -0.23807165213635825 0.08698190134398791 0.9612244897959183 0.986734693877551 0.0005 11 28 -0.02944160967457051
augmented_r2 6 40 40.0 -0.24389408173559704 -0.08625729181328598 0.9785714285714285 0.9918367346938776 0.0005 0 40 -0.08625729181328598
augmented_r2 6 41 41.0 -0.2436842422183415 -0.06884816471411258 0.9744897959183674 0.9928571428571429 0.0005 1 40 -0.08625729181328598
augmented_r2 6 42 42.0 -0.24819750275527 -0.08538533911413076 0.976530612244898 0.9928571428571429 0.0005 2 40 -0.08625729181328598
augmented_r2 6 43 43.0 -0.24952724674264926 -0.09610721529746542 0.9795918367346939 0.9938775510204082 0.0005 0 43 -0.09610721529746542
augmented_r2 6 44 44.0 -0.2492494617567349 -0.08980076896901033 0.9826530612244898 0.9918367346938776 0.0005 1 43 -0.09610721529746542
augmented_r2 6 45 45.0 -0.24827231162833444 -0.05843033158049291 0.9785714285714285 0.9897959183673469 0.0005 2 43 -0.09610721529746542
augmented_r2 6 46 46.0 -0.2504090678424017 -0.060306174901066996 0.9785714285714285 0.9897959183673469 0.0005 3 43 -0.09610721529746542
augmented_r2 6 47 47.0 -0.24539889938322768 -0.033035736181298084 0.9734693877551021 0.9938775510204082 0.0005 4 43 -0.09610721529746542
augmented_r2 6 48 48.0 -0.24915101841583454 -0.07944667728579774 0.9836734693877551 0.9887755102040816 0.0005 5 43 -0.09610721529746542
augmented_r2 6 49 49.0 -0.24930243091051732 0.02194897204029317 0.9653061224489796 0.9908163265306122 0.0005 6 43 -0.09610721529746542
augmented_r2 6 50 50.0 -0.244730143078152 0.04461596060772331 0.9581632653061225 0.986734693877551 0.0005 7 43 -0.09610721529746542
augmented_r2 6 51 51.0 -0.20978120498974467 1.3890185253960745 0.8683673469387755 0.8244897959183674 0.0005 8 43 -0.09610721529746542
augmented_r2 6 52 52.0 -0.1664195759219194 0.1138856824563474 0.9520408163265306 0.9857142857142858 0.0005 9 43 -0.09610721529746542
augmented_r2 6 53 53.0 -0.22196771149249894 0.19149250108368543 0.9469387755102041 0.9795918367346939 0.0005 10 43 -0.09610721529746542
augmented_r2 6 54 54.0 -0.24197493714008939 -0.05067790868330975 0.976530612244898 0.9938775510204082 0.00025 11 43 -0.09610721529746542
augmented_r2 6 55 55.0 -0.2491978754759322 -0.1061905320809812 0.9826530612244898 0.9948979591836735 0.00025 0 55 -0.1061905320809812
augmented_r2 6 56 56.0 -0.251496022579654 -0.10366811265750807 0.9816326530612245 0.9928571428571429 0.00025 1 55 -0.1061905320809812
augmented_r2 6 57 57.0 -0.2521964776853378 -0.10136974441761873 0.9806122448979592 0.9938775510204082 0.00025 2 55 -0.1061905320809812
augmented_r2 6 58 58.0 -0.25302648758241236 -0.11037686892918178 0.9846938775510204 0.9938775510204082 0.00025 0 58 -0.11037686892918178
augmented_r2 6 59 59.0 -0.25251287374963977 -0.1045805600224709 0.9857142857142858 0.9938775510204082 0.00025 1 58 -0.11037686892918178
augmented_r2 6 60 60.0 -0.2529331609011044 -0.1028060042128271 0.9826530612244898 0.9938775510204082 0.00025 2 58 -0.11037686892918178
augmented_r2 6 61 61.0 -0.25368736556921123 -0.11190284125658931 0.9846938775510204 0.9938775510204082 0.00025 0 61 -0.11190284125658931
augmented_r2 6 62 62.0 -0.2523527983538013 -0.0960011457910343 0.9816326530612245 0.9938775510204082 0.00025 1 61 -0.11190284125658931
augmented_r2 6 63 63.0 -0.2532212334886946 -0.10169156230225855 0.9816326530612245 0.9938775510204082 0.00025 2 61 -0.11190284125658931
augmented_r2 6 64 64.0 -0.2535650707522599 -0.09407745867359395 0.9785714285714285 0.9938775510204082 0.00025 3 61 -0.11190284125658931
augmented_r2 6 65 65.0 -0.2533266806797276 -0.09132991177695138 0.9795918367346939 0.9938775510204082 0.00025 4 61 -0.11190284125658931
augmented_r2 6 66 66.0 -0.2533234529847267 -0.11373023305620467 0.9836734693877551 0.9938775510204082 0.00025 0 66 -0.11373023305620467
augmented_r2 6 67 67.0 -0.25385677920578864 -0.10029185694091174 0.9826530612244898 0.9918367346938776 0.00025 1 66 -0.11373023305620467
augmented_r2 6 68 68.0 -0.2527958421655671 -0.09012520215949234 0.9836734693877551 0.9918367346938776 0.00025 2 66 -0.11373023305620467
augmented_r2 6 69 69.0 -0.25348989562456764 -0.09054199286869594 0.9806122448979592 0.9928571428571429 0.00025 3 66 -0.11373023305620467
augmented_r2 6 70 70.0 -0.25370963613945924 -0.08425644027943514 0.9806122448979592 0.9928571428571429 0.00025 4 66 -0.11373023305620467
augmented_r2 6 71 71.0 -0.25402664254697516 -0.10010832621126758 0.986734693877551 0.9948979591836735 0.00025 5 66 -0.11373023305620467
augmented_r2 6 72 72.0 -0.2536836292432702 -0.04571724667841075 0.9775510204081632 0.9918367346938776 0.00025 6 66 -0.11373023305620467
augmented_r2 6 73 73.0 -0.2534130452706788 -0.07577087441269233 0.9795918367346939 0.9938775510204082 0.00025 7 66 -0.11373023305620467
augmented_r2 6 74 74.0 -0.25325181889819237 -0.07085878459774718 0.976530612244898 0.9938775510204082 0.00025 8 66 -0.11373023305620467
augmented_r2 6 75 75.0 -0.25360444667285753 -0.09171844307257204 0.9785714285714285 0.9928571428571429 0.00025 9 66 -0.11373023305620467
augmented_r2 6 76 76.0 -0.2542281817304591 -0.07470544941571294 0.9785714285714285 0.9918367346938776 0.00025 10 66 -0.11373023305620467
augmented_r2 6 77 77.0 -0.25305752605330256 -0.09736177580697196 0.9846938775510204 0.9918367346938776 0.000125 11 66 -0.11373023305620467
augmented_r2 6 78 78.0 -0.25546305235948163 -0.10251967128442259 0.9816326530612245 0.9928571428571429 0.000125 12 66 -0.11373023305620467
augmented_r2 6 79 79.0 -0.2561707964157759 -0.07923241391473887 0.9806122448979592 0.9948979591836735 0.000125 13 66 -0.11373023305620467
augmented_r2 6 80 80.0 -0.25585514927940045 -0.07975656353697484 0.976530612244898 0.9938775510204082 0.000125 14 66 -0.11373023305620467
augmented_r2 6 81 81.0 -0.25612919519133354 -0.09539044000664536 0.9806122448979592 0.9918367346938776 0.000125 15 66 -0.11373023305620467
augmented_r2 6 82 82.0 -0.2555619966785519 -0.09968568792148512 0.9826530612244898 0.9948979591836735 0.000125 16 66 -0.11373023305620467
augmented_r2 6 83 83.0 -0.2564039839959402 -0.07003710999780771 0.9775510204081632 0.9928571428571429 0.000125 17 66 -0.11373023305620467
augmented_r2 6 84 84.0 -0.25580056052114725 -0.08145353015588254 0.976530612244898 0.9938775510204082 0.000125 18 66 -0.11373023305620467
augmented_r2 6 85 85.0 -0.2553184960686434 -0.06144491409768864 0.9734693877551021 0.9938775510204082 0.000125 19 66 -0.11373023305620467
augmented_r2 6 86 86.0 -0.2550524440144254 -0.09560024786968621 0.9826530612244898 0.9948979591836735 0.000125 20 66 -0.11373023305620467
augmented_r2 6 87 87.0 -0.2554846113786288 -0.0760947796763206 0.976530612244898 0.9938775510204082 0.000125 21 66 -0.11373023305620467
augmented_r2 6 88 88.0 -0.25563536604813664 -0.11161629764401183 0.9795918367346939 0.9948979591836735 6.25e-05 22 66 -0.11373023305620467
augmented_r2 6 89 89.0 -0.25666266912825436 -0.10911721258747334 0.9816326530612245 0.9928571428571429 6.25e-05 23 66 -0.11373023305620467
augmented_r2 6 90 90.0 -0.2568119839464293 -0.10640959301773383 0.9816326530612245 0.9938775510204082 6.25e-05 24 66 -0.11373023305620467
augmented_r2 6 91 91.0 -0.25716825577897584 -0.1147065882780114 0.9846938775510204 0.9948979591836735 6.25e-05 0 91 -0.1147065882780114
augmented_r2 6 92 92.0 -0.2568369056624019 -0.0936262101543193 0.9795918367346939 0.9928571428571429 6.25e-05 1 91 -0.1147065882780114
augmented_r2 6 93 93.0 -0.2566320066170961 -0.09775621939678582 0.9816326530612245 0.9938775510204082 6.25e-05 2 91 -0.1147065882780114
augmented_r2 6 94 94.0 -0.2572735206775426 -0.0893323007895022 0.9785714285714285 0.9928571428571429 6.25e-05 3 91 -0.1147065882780114
augmented_r2 6 95 95.0 -0.2573595302321315 -0.09762734831595907 0.9806122448979592 0.9928571428571429 6.25e-05 4 91 -0.1147065882780114
augmented_r2 6 96 96.0 -0.257003312212474 -0.09604448590959822 0.9806122448979592 0.9938775510204082 6.25e-05 5 91 -0.1147065882780114
augmented_r2 6 97 97.0 -0.25705142740539605 -0.10004585373158358 0.9775510204081632 0.9928571428571429 6.25e-05 6 91 -0.1147065882780114
augmented_r2 6 98 98.0 -0.2567974328994751 -0.10275256828385956 0.9816326530612245 0.9928571428571429 6.25e-05 7 91 -0.1147065882780114
augmented_r2 6 99 99.0 -0.25681371635969086 -0.09170650608685552 0.9785714285714285 0.9938775510204082 6.25e-05 8 91 -0.1147065882780114
augmented_r2 6 100 100.0 -0.2565297753984113 -0.097040834718821 0.9836734693877551 0.9928571428571429 6.25e-05 9 91 -0.1147065882780114
augmented_r2 6 101 101.0 -0.25689422599003825 -0.0556633253486789 0.9734693877551021 0.9918367346938776 6.25e-05 10 91 -0.1147065882780114
augmented_r2 6 102 102.0 -0.25673115542166636 -0.08457324845450265 0.9755102040816327 0.9938775510204082 3.125e-05 11 91 -0.1147065882780114
augmented_r2 6 103 103.0 -0.25698781691802497 -0.08717115314639344 0.976530612244898 0.9928571428571429 3.125e-05 12 91 -0.1147065882780114
augmented_r2 6 104 104.0 -0.25782390203634575 -0.09282477777831409 0.9795918367346939 0.9928571428571429 3.125e-05 13 91 -0.1147065882780114
augmented_r2 6 105 105.0 -0.25750808676512904 -0.09086177543717988 0.9785714285714285 0.9938775510204082 3.125e-05 14 91 -0.1147065882780114
augmented_r2 6 106 106.0 -0.257724341008348 -0.08325977812007981 0.9755102040816327 0.9928571428571429 3.125e-05 15 91 -0.1147065882780114
augmented_r2 6 107 107.0 -0.25778163921252123 -0.09725356929156245 0.9806122448979592 0.9928571428571429 3.125e-05 16 91 -0.1147065882780114
augmented_r2 6 108 108.0 -0.25799562106996576 -0.09420541646529217 0.9785714285714285 0.9928571428571429 3.125e-05 17 91 -0.1147065882780114
augmented_r2 6 109 109.0 -0.25772065621685764 -0.09329572648418193 0.9795918367346939 0.9928571428571429 3.125e-05 18 91 -0.1147065882780114
augmented_r2 6 110 110.0 -0.2576933449233695 -0.08839014063076098 0.9785714285714285 0.9928571428571429 3.125e-05 19 91 -0.1147065882780114
augmented_r2 6 111 111.0 -0.2574485890678181 -0.08487801405848289 0.976530612244898 0.9928571428571429 3.125e-05 20 91 -0.1147065882780114
augmented_r2 6 112 112.0 -0.2573636454397713 -0.08068605929004903 0.9775510204081632 0.9928571428571429 3.125e-05 21 91 -0.1147065882780114
augmented_r2 6 113 113.0 -0.25772774092546524 -0.09945812857880884 0.9795918367346939 0.9948979591836735 1.5625e-05 22 91 -0.1147065882780114
augmented_r2 6 114 114.0 -0.2582239907094679 -0.09864003658294677 0.9806122448979592 0.9928571428571429 1.5625e-05 23 91 -0.1147065882780114
augmented_r2 6 115 115.0 -0.2581148112797688 -0.09058206081390381 0.9795918367346939 0.9928571428571429 1.5625e-05 24 91 -0.1147065882780114
augmented_r2 6 116 116.0 -0.2580252327166252 -0.09864782411224989 0.9795918367346939 0.9938775510204082 1.5625e-05 25 91 -0.1147065882780114
augmented_r2 6 117 117.0 -0.2580803642128242 -0.09498892268356011 0.9795918367346939 0.9928571428571429 1.5625e-05 26 91 -0.1147065882780114
augmented_r2 6 118 118.0 -0.25802022451765866 -0.09808093917613127 0.9795918367346939 0.9928571428571429 1.5625e-05 27 91 -0.1147065882780114
augmented_r2 6 119 119.0 -0.2577489544568202 -0.10408385578466921 0.9806122448979592 0.9928571428571429 1.5625e-05 28 91 -0.1147065882780114
augmented_r2 6 120 120.0 -0.25834839050784414 -0.09698796661532655 0.9806122448979592 0.9928571428571429 1.5625e-05 29 91 -0.1147065882780114
augmented_r2 6 121 121.0 -0.25801504023540534 -0.09511803315610302 0.9806122448979592 0.9928571428571429 1.5625e-05 30 91 -0.1147065882780114
augmented_r2 7 1 1.0 1.3917648478503264 1.6613779651875398 0.610204081632653 0.9479591836734694 0.001 0 1 1.6613779651875398
augmented_r2 7 2 2.0 0.8433168557074942 1.9546989766918883 0.5163265306122449 0.9612244897959183 0.001 1 1 1.6613779651875398
augmented_r2 7 3 3.0 0.6832572458296153 1.9868965382478676 0.7081632653061225 0.6602040816326531 0.001 2 1 1.6613779651875398
augmented_r2 7 4 4.0 0.5779204249277663 1.1688357440792785 0.7459183673469387 0.976530612244898 0.001 0 4 1.1688357440792785
augmented_r2 7 5 5.0 0.47918457517235696 0.648169591232222 0.8928571428571429 0.9744897959183674 0.001 0 5 0.648169591232222
augmented_r2 7 6 6.0 0.3845033170288493 0.5283147116096653 0.9346938775510204 0.9908163265306122 0.001 0 6 0.5283147116096653
augmented_r2 7 7 7.0 0.3402098068385351 0.825839837473266 0.7785714285714286 0.9785714285714285 0.001 1 6 0.5283147116096653
augmented_r2 7 8 8.0 0.24812760860432262 0.5793857360372738 0.9061224489795918 0.963265306122449 0.001 2 6 0.5283147116096653
augmented_r2 7 9 9.0 0.21349018142562168 1.156941271801384 0.746938775510204 0.9673469387755103 0.001 3 6 0.5283147116096653
augmented_r2 7 10 10.0 0.1703168470309224 0.5267584827481484 0.9122448979591836 0.9489795918367347 0.001 0 10 0.5267584827481484
augmented_r2 7 11 11.0 0.10417347525520647 1.0941591515833018 0.7081632653061225 0.9704081632653061 0.001 1 10 0.5267584827481484
augmented_r2 7 12 12.0 0.07145096605569168 2.4665416347737215 0.6775510204081633 0.6663265306122449 0.001 2 10 0.5267584827481484
augmented_r2 7 13 13.0 0.04263396165027958 0.726064184247231 0.8204081632653061 0.9683673469387755 0.001 3 10 0.5267584827481484
augmented_r2 7 14 14.0 0.005925937613071768 2.515157530259113 0.5346938775510204 0.8846938775510204 0.001 4 10 0.5267584827481484
augmented_r2 7 15 15.0 0.015057064925472903 1.4340569116631332 0.8693877551020408 0.75 0.001 5 10 0.5267584827481484
augmented_r2 7 16 16.0 -0.05812532061002746 2.326299056228326 0.49183673469387756 0.9959183673469387 0.001 6 10 0.5267584827481484
augmented_r2 7 17 17.0 -0.08149004266044298 1.2533562825650586 0.7418367346938776 0.9928571428571429 0.001 7 10 0.5267584827481484
augmented_r2 7 18 18.0 -0.08859847600375872 1.3893507986652607 0.6336734693877552 0.9928571428571429 0.001 8 10 0.5267584827481484
augmented_r2 7 19 19.0 -0.09985189638577503 0.3978900230660731 0.9275510204081633 0.9653061224489796 0.001 0 19 0.3978900230660731
augmented_r2 7 20 20.0 -0.11773883085888122 1.1471739457578076 0.6918367346938775 0.9918367346938776 0.001 1 19 0.3978900230660731
augmented_r2 7 21 21.0 -0.12849772811318613 0.7762015761161337 0.9346938775510204 0.8663265306122448 0.001 2 19 0.3978900230660731
augmented_r2 7 22 22.0 -0.14952689670145877 0.7064524027766014 0.85 0.9918367346938776 0.001 3 19 0.3978900230660731
augmented_r2 7 23 23.0 -0.17073009688616983 0.3450423376900809 0.8948979591836734 0.9887755102040816 0.001 0 23 0.3450423376900809
augmented_r2 7 24 24.0 -0.18807457863571417 0.9795454336672413 0.7571428571428571 0.986734693877551 0.001 1 23 0.3450423376900809
augmented_r2 7 25 25.0 -0.1904497211828919 2.408001539658527 0.6816326530612244 0.8142857142857143 0.001 2 23 0.3450423376900809
augmented_r2 7 26 26.0 -0.16232304403306724 0.14472499477620027 0.960204081632653 0.9806122448979592 0.001 0 26 0.14472499477620027
augmented_r2 7 27 27.0 -0.13010138438469404 0.5274478771248642 0.8540816326530613 0.9836734693877551 0.001 1 26 0.14472499477620027
augmented_r2 7 28 28.0 -0.1664571562765081 0.9965947180378194 0.9408163265306122 0.786734693877551 0.001 2 26 0.14472499477620027
augmented_r2 7 29 29.0 -0.21095128483072398 0.19172100193646488 0.926530612244898 0.9948979591836735 0.001 3 26 0.14472499477620027
augmented_r2 7 30 30.0 -0.22610153393944393 0.499150909209738 0.8561224489795919 0.9938775510204082 0.001 4 26 0.14472499477620027
augmented_r2 7 31 31.0 -0.22636203830917687 0.42736002766356174 0.886734693877551 0.9918367346938776 0.001 5 26 0.14472499477620027
augmented_r2 7 32 32.0 -0.21619983386603814 0.6412946579407672 0.939795918367347 0.8959183673469387 0.001 6 26 0.14472499477620027
augmented_r2 7 33 33.0 -0.13753264744148888 1.3662887981959753 0.8673469387755102 0.8285714285714286 0.001 7 26 0.14472499477620027
augmented_r2 7 34 34.0 -0.15651521228442986 1.1301847608721987 0.753061224489796 0.9785714285714285 0.001 8 26 0.14472499477620027
augmented_r2 7 35 35.0 -0.19957979279563487 1.670032146025677 0.6989795918367347 0.9887755102040816 0.001 9 26 0.14472499477620027
augmented_r2 7 36 36.0 -0.23289105147427708 0.069272729815269 0.9479591836734694 0.996938775510204 0.001 0 36 0.069272729815269
augmented_r2 7 37 37.0 -0.23869238480347255 -0.007224776793499382 0.9683673469387755 0.9938775510204082 0.001 0 37 -0.007224776793499382
augmented_r2 7 38 38.0 -0.23982415339812477 -0.012426765111027931 0.9673469387755103 0.9938775510204082 0.001 0 38 -0.012426765111027931
augmented_r2 7 39 39.0 -0.2401653869979264 -0.002054682069895219 0.9591836734693877 0.9959183673469387 0.001 1 38 -0.012426765111027931
augmented_r2 7 40 40.0 -0.23494427016987063 0.37677886242769204 0.923469387755102 0.9714285714285714 0.001 2 38 -0.012426765111027931
augmented_r2 7 41 41.0 -0.23204509743038473 1.2529989899421226 0.8010204081632653 0.9459183673469388 0.001 3 38 -0.012426765111027931
augmented_r2 7 42 42.0 -0.19046964957062204 2.9575639666343223 0.6887755102040817 0.7877551020408163 0.001 4 38 -0.012426765111027931
augmented_r2 7 43 43.0 -0.11804344885753479 2.0580172825832754 0.7377551020408163 0.8908163265306123 0.001 5 38 -0.012426765111027931
augmented_r2 7 44 44.0 -0.1900570467397079 0.32735658275837803 0.9040816326530612 0.9897959183673469 0.001 6 38 -0.012426765111027931
augmented_r2 7 45 45.0 -0.20606524929695585 0.4746588989179962 0.9051020408163265 0.9561224489795919 0.001 7 38 -0.012426765111027931
augmented_r2 7 46 46.0 -0.2299630445052348 0.10750978576893709 0.9510204081632653 0.9948979591836735 0.001 8 38 -0.012426765111027931
augmented_r2 7 47 47.0 -0.2419488914756619 0.11016836896234629 0.9571428571428572 0.9836734693877551 0.001 9 38 -0.012426765111027931
augmented_r2 7 48 48.0 -0.2441877565858383 -0.06620212039169 0.976530612244898 0.9948979591836735 0.001 0 48 -0.06620212039169
augmented_r2 7 49 49.0 -0.2457741389547314 -0.06417312524756606 0.9744897959183674 0.996938775510204 0.001 1 48 -0.06620212039169
augmented_r2 7 50 50.0 -0.24356577112544617 6.475789206368582e-05 0.9693877551020408 0.9918367346938776 0.001 2 48 -0.06620212039169
augmented_r2 7 51 51.0 -0.24067875973365033 0.32414590777183067 0.9336734693877551 0.9785714285714285 0.001 3 48 -0.06620212039169
augmented_r2 7 52 52.0 -0.21842787173248637 2.0299970111068415 0.6581632653061225 0.9908163265306122 0.001 4 48 -0.06620212039169
augmented_r2 7 53 53.0 -0.12027026158503412 4.432973890888448 0.6234693877551021 0.673469387755102 0.001 5 48 -0.06620212039169
augmented_r2 7 54 54.0 -0.15060443724422717 1.5969322730083855 0.6693877551020408 0.9683673469387755 0.001 6 48 -0.06620212039169
augmented_r2 7 55 55.0 -0.22358318484139086 0.0773630293048158 0.95 0.9918367346938776 0.001 7 48 -0.06620212039169
augmented_r2 7 56 56.0 -0.23958323775487075 -0.004769373913200534 0.9724489795918367 0.9887755102040816 0.001 8 48 -0.06620212039169
augmented_r2 7 57 57.0 -0.24223432824046054 0.07201084166157003 0.9520408163265306 0.9948979591836735 0.001 9 48 -0.06620212039169
augmented_r2 7 58 58.0 -0.2447545706338774 -0.05590806931865459 0.9704081632653061 0.9948979591836735 0.001 10 48 -0.06620212039169
augmented_r2 7 59 59.0 -0.24775247851091534 -0.0032306821978822045 0.9663265306122449 0.9948979591836735 0.0005 11 48 -0.06620212039169
augmented_r2 7 60 60.0 -0.24962756416002446 -0.07427942460897018 0.9714285714285714 0.9948979591836735 0.0005 0 60 -0.07427942460897018
augmented_r2 7 61 61.0 -0.25092474967980477 -0.039911137308393206 0.9693877551020408 0.996938775510204 0.0005 1 60 -0.07427942460897018
augmented_r2 7 62 62.0 -0.2504602212372973 -0.08071187029079516 0.9744897959183674 0.9959183673469387 0.0005 0 62 -0.08071187029079516
augmented_r2 7 63 63.0 -0.25069085861873375 -0.05975797565615907 0.9724489795918367 0.9938775510204082 0.0005 1 62 -0.08071187029079516
augmented_r2 7 64 64.0 -0.2509948197662013 -0.043564888409205846 0.9693877551020408 0.9948979591836735 0.0005 2 62 -0.08071187029079516
augmented_r2 7 65 65.0 -0.252060392541582 -0.06662125587463379 0.9704081632653061 0.9959183673469387 0.0005 3 62 -0.08071187029079516
augmented_r2 7 66 66.0 -0.25074582796316647 -0.043824067894293335 0.9693877551020408 0.9938775510204082 0.0005 4 62 -0.08071187029079516
augmented_r2 7 67 67.0 -0.2503275822403482 -0.05392286047643545 0.9724489795918367 0.9948979591836735 0.0005 5 62 -0.08071187029079516
augmented_r2 7 68 68.0 -0.25150558007226104 -0.0490140759215063 0.9693877551020408 0.9948979591836735 0.0005 6 62 -0.08071187029079516
augmented_r2 7 69 69.0 -0.24855224512950094 -0.06440939416690748 0.9755102040816327 0.9959183673469387 0.0005 7 62 -0.08071187029079516
augmented_r2 7 70 70.0 -0.2507893174738866 -0.04554904383056018 0.9734693877551021 0.9938775510204082 0.0005 8 62 -0.08071187029079516
augmented_r2 7 71 71.0 -0.2512295334826832 -0.033890203553803115 0.9693877551020408 0.9938775510204082 0.0005 9 62 -0.08071187029079516
augmented_r2 7 72 72.0 -0.2506581273724534 -0.06014140576732402 0.9724489795918367 0.9959183673469387 0.0005 10 62 -0.08071187029079516
augmented_r2 7 73 73.0 -0.2516770199710856 -0.04316797548410844 0.9714285714285714 0.996938775510204 0.00025 11 62 -0.08071187029079516
augmented_r2 7 74 74.0 -0.2544249237749018 -0.06170911934910989 0.9683673469387755 0.996938775510204 0.00025 12 62 -0.08071187029079516
augmented_r2 7 75 75.0 -0.25430235662368494 -0.06213806356702532 0.9714285714285714 0.9938775510204082 0.00025 13 62 -0.08071187029079516
augmented_r2 7 76 76.0 -0.2546601326777979 -0.05373499685404252 0.9704081632653061 0.996938775510204 0.00025 14 62 -0.08071187029079516
augmented_r2 7 77 77.0 -0.25350506823300134 -0.05108395790567204 0.9683673469387755 0.9959183673469387 0.00025 15 62 -0.08071187029079516
augmented_r2 7 78 78.0 -0.25414819332333743 -0.08015980477235755 0.9755102040816327 0.9959183673469387 0.00025 16 62 -0.08071187029079516
augmented_r2 7 79 79.0 -0.2543644779863182 -0.06043380815155652 0.9704081632653061 0.9959183673469387 0.00025 17 62 -0.08071187029079516
augmented_r2 7 80 80.0 -0.254945105093368 -0.06290124338500354 0.9683673469387755 0.9959183673469387 0.00025 18 62 -0.08071187029079516
augmented_r2 7 81 81.0 -0.2547018224656634 -0.06404349657954002 0.9734693877551021 0.9948979591836735 0.00025 19 62 -0.08071187029079516
augmented_r2 7 82 82.0 -0.25306805516945086 -0.06058398898766965 0.9693877551020408 0.996938775510204 0.00025 20 62 -0.08071187029079516
augmented_r2 7 83 83.0 -0.25310062760335555 -0.055533098687930986 0.9724489795918367 0.9948979591836735 0.00025 21 62 -0.08071187029079516
augmented_r2 7 84 84.0 -0.2535039279702317 -0.038595920679520584 0.9704081632653061 0.9938775510204082 0.000125 22 62 -0.08071187029079516
augmented_r2 7 85 85.0 -0.25495924007311693 -0.06673764014730649 0.9714285714285714 0.9959183673469387 0.000125 23 62 -0.08071187029079516
augmented_r2 7 86 86.0 -0.2562549261021343 -0.04556182890522237 0.9704081632653061 0.9948979591836735 0.000125 24 62 -0.08071187029079516
augmented_r2 7 87 87.0 -0.2553847622238306 -0.07531442204300239 0.9744897959183674 0.9959183673469387 0.000125 25 62 -0.08071187029079516
augmented_r2 7 88 88.0 -0.256203281329817 -0.06783787377026616 0.9744897959183674 0.996938775510204 0.000125 26 62 -0.08071187029079516
augmented_r2 7 89 89.0 -0.25582744793812595 -0.059664561310592966 0.9724489795918367 0.9959183673469387 0.000125 27 62 -0.08071187029079516
augmented_r2 7 90 90.0 -0.25580855183953405 -0.05710896618512212 0.9704081632653061 0.9959183673469387 0.000125 28 62 -0.08071187029079516
augmented_r2 7 91 91.0 -0.25599991447347437 -0.06960874966212681 0.9724489795918367 0.9948979591836735 0.000125 29 62 -0.08071187029079516
augmented_r2 7 92 92.0 -0.25581520199253915 -0.07628834539530228 0.9734693877551021 0.996938775510204 0.000125 30 62 -0.08071187029079516
augmented_r2 8 1 1.0 1.5163040849882137 1.9266824250318566 0.5346938775510204 0.7826530612244897 0.001 0 1 1.9266824250318566
augmented_r2 8 2 2.0 0.8624473097096875 2.2347977735558335 0.4357142857142857 0.8887755102040816 0.001 1 1 1.9266824250318566
augmented_r2 8 3 3.0 0.6892147525114466 0.895022715111168 0.8326530612244898 0.9785714285714285 0.001 0 3 0.895022715111168
augmented_r2 8 4 4.0 0.569271350466965 1.8432390719043965 0.6908163265306122 0.6530612244897959 0.001 1 3 0.895022715111168
augmented_r2 8 5 5.0 0.4941720597713377 0.9814921327999659 0.7755102040816326 0.9795918367346939 0.001 2 3 0.895022715111168
augmented_r2 8 6 6.0 0.4063491555355296 0.8020500076060393 0.8163265306122449 0.9795918367346939 0.001 0 6 0.8020500076060393
augmented_r2 8 7 7.0 0.3441344130254884 0.8876703836479966 0.7908163265306123 0.936734693877551 0.001 1 6 0.8020500076060393
augmented_r2 8 8 8.0 0.25661172012319916 1.3052884111599046 0.726530612244898 0.9683673469387755 0.001 2 6 0.8020500076060393
augmented_r2 8 9 9.0 0.2134134109736115 2.102138921192714 0.610204081632653 0.8081632653061225 0.001 3 6 0.8020500076060393
augmented_r2 8 10 10.0 0.17192783834358885 0.38802368519257524 0.9275510204081633 0.9857142857142858 0.001 0 10 0.38802368519257524
augmented_r2 8 11 11.0 0.10640632207031184 0.2680607771386906 0.9428571428571428 0.9918367346938776 0.001 0 11 0.2680607771386906
augmented_r2 8 12 12.0 0.08129360250039458 1.7369190761021205 0.6438775510204081 0.8959183673469387 0.001 1 11 0.2680607771386906
augmented_r2 8 13 13.0 0.04609249363079132 3.577940681029339 0.5438775510204081 0.8367346938775511 0.001 2 11 0.2680607771386906
augmented_r2 8 14 14.0 0.011281877590888507 0.5146683799977205 0.9163265306122449 0.9724489795918367 0.001 3 11 0.2680607771386906
augmented_r2 8 15 15.0 -0.01643408673617316 0.6663157645536929 0.8397959183673469 0.963265306122449 0.001 4 11 0.2680607771386906
augmented_r2 8 16 16.0 -0.03634432188651288 5.238161912256357 0.49183673469387756 0.5653061224489796 0.001 5 11 0.2680607771386906
augmented_r2 8 17 17.0 -0.06610839529360284 0.6145163808550154 0.8438775510204082 0.9785714285714285 0.001 6 11 0.2680607771386906
augmented_r2 8 18 18.0 -0.10417151978108428 2.2571473958540937 0.49183673469387756 0.9724489795918367 0.001 7 11 0.2680607771386906
augmented_r2 8 19 19.0 -0.09971087600526012 2.17278971380117 0.5540816326530612 0.9816326530612245 0.001 8 11 0.2680607771386906
augmented_r2 8 20 20.0 -0.10830813935034679 0.8764564120039648 0.8846938775510204 0.8816326530612245 0.001 9 11 0.2680607771386906
augmented_r2 8 21 21.0 -0.14069404694579732 1.343962911683686 0.85 0.8142857142857143 0.001 10 11 0.2680607771386906
augmented_r2 8 22 22.0 -0.14778173142005446 2.9644557699865226 0.5020408163265306 0.9846938775510204 0.0005 11 11 0.2680607771386906
augmented_r2 8 23 23.0 -0.18734888596335758 -0.006670355553529701 0.9642857142857143 0.9928571428571429 0.0005 0 23 -0.006670355553529701
augmented_r2 8 24 24.0 -0.21106704259913622 -0.06940499690114235 0.9744897959183674 0.9948979591836735 0.0005 0 24 -0.06940499690114235
augmented_r2 8 25 25.0 -0.21465951075594245 -0.06756859166281563 0.9704081632653061 0.9928571428571429 0.0005 1 24 -0.06940499690114235
augmented_r2 8 26 26.0 -0.22022004092021416 -0.08182567382345395 0.976530612244898 0.9928571428571429 0.0005 0 26 -0.08182567382345395
augmented_r2 8 27 27.0 -0.22378907509437274 0.019577566944822974 0.9581632653061225 0.9948979591836735 0.0005 1 26 -0.08182567382345395
augmented_r2 8 28 28.0 -0.22460504384509739 -0.03886325091731792 0.9693877551020408 0.9908163265306122 0.0005 2 26 -0.08182567382345395
augmented_r2 8 29 29.0 -0.2270565768842416 -0.04198116477654905 0.9714285714285714 0.9897959183673469 0.0005 3 26 -0.08182567382345395
augmented_r2 8 30 30.0 -0.2179975821841796 0.17333147087875678 0.939795918367347 0.9877551020408163 0.0005 4 26 -0.08182567382345395
augmented_r2 8 31 31.0 -0.20508682247776314 0.21597144944327218 0.926530612244898 0.9887755102040816 0.0005 5 26 -0.08182567382345395
augmented_r2 8 32 32.0 -0.21239624777931077 0.5190986234314587 0.863265306122449 0.9744897959183674 0.0005 6 26 -0.08182567382345395
augmented_r2 8 33 33.0 -0.21518275673061757 0.10449882234845842 0.9571428571428572 0.9846938775510204 0.0005 7 26 -0.08182567382345395
augmented_r2 8 34 34.0 -0.23428410272539826 0.4073289968529526 0.9489795918367347 0.9255102040816326 0.0005 8 26 -0.08182567382345395
augmented_r2 8 35 35.0 -0.23877139826505497 -0.0656827839053407 0.9734693877551021 0.9938775510204082 0.0005 9 26 -0.08182567382345395
augmented_r2 8 36 36.0 -0.23881856070547156 -0.002941823978813327 0.9622448979591837 0.986734693877551 0.0005 10 26 -0.08182567382345395
augmented_r2 8 37 37.0 -0.23716093153239756 0.20694753734432922 0.9306122448979591 0.9918367346938776 0.00025 11 26 -0.08182567382345395
augmented_r2 8 38 38.0 -0.24517728190467974 -0.07145510109103456 0.9744897959183674 0.9928571428571429 0.00025 12 26 -0.08182567382345395
augmented_r2 8 39 39.0 -0.24780196688910563 -0.10161043283890704 0.9744897959183674 0.9938775510204082 0.00025 0 39 -0.10161043283890704
augmented_r2 8 40 40.0 -0.24866777943702142 -0.09863808349687225 0.9795918367346939 0.9938775510204082 0.00025 1 39 -0.10161043283890704
augmented_r2 8 41 41.0 -0.24895921499971957 -0.08119860571257922 0.9704081632653061 0.9938775510204082 0.00025 2 39 -0.10161043283890704
augmented_r2 8 42 42.0 -0.24749800744611875 -0.0937318889462218 0.9775510204081632 0.9928571428571429 0.00025 3 39 -0.10161043283890704
augmented_r2 8 43 43.0 -0.24898375872101908 -0.10536425892187624 0.9785714285714285 0.9928571428571429 0.00025 0 43 -0.10536425892187624
augmented_r2 8 44 44.0 -0.2491739801182008 -0.10575281941160863 0.9836734693877551 0.9938775510204082 0.00025 0 44 -0.10575281941160863
augmented_r2 8 45 45.0 -0.2492827899538813 -0.10118060939166011 0.9816326530612245 0.9938775510204082 0.00025 1 44 -0.10575281941160863
augmented_r2 8 46 46.0 -0.24963591168008187 -0.10036478967082743 0.9806122448979592 0.9938775510204082 0.00025 2 44 -0.10575281941160863
augmented_r2 8 47 47.0 -0.2491150837025282 -0.008867498319976184 0.9693877551020408 0.9928571428571429 0.00025 3 44 -0.10575281941160863
augmented_r2 8 48 48.0 -0.2500687514445091 -0.07605101040431432 0.9806122448979592 0.9928571428571429 0.00025 4 44 -0.10575281941160863
augmented_r2 8 49 49.0 -0.25033970909839404 -0.07405904166552485 0.9806122448979592 0.9908163265306122 0.00025 5 44 -0.10575281941160863
augmented_r2 8 50 50.0 -0.24784861692437493 0.5415299678335385 0.8693877551020408 0.986734693877551 0.00025 6 44 -0.10575281941160863
augmented_r2 8 51 51.0 -0.2492400279607236 -0.09620736131862719 0.9785714285714285 0.9948979591836735 0.00025 7 44 -0.10575281941160863
augmented_r2 8 52 52.0 -0.24890998326761576 -0.005366114694245008 0.9653061224489796 0.9887755102040816 0.00025 8 44 -0.10575281941160863
augmented_r2 8 53 53.0 -0.24711814725367712 0.07401722110047633 0.9581632653061225 0.9918367346938776 0.00025 9 44 -0.10575281941160863
augmented_r2 8 54 54.0 -0.24824116608823116 0.06553395816258022 0.9520408163265306 0.9897959183673469 0.00025 10 44 -0.10575281941160863
augmented_r2 8 55 55.0 -0.1751549794578608 5.190778202913245 0.5153061224489796 0.7561224489795918 0.000125 11 44 -0.10575281941160863
augmented_r2 8 56 56.0 -0.215233540409746 0.01231677921450868 0.963265306122449 0.9918367346938776 0.000125 12 44 -0.10575281941160863
augmented_r2 8 57 57.0 -0.24766511865979837 -0.09069028241293771 0.9795918367346939 0.9938775510204082 0.000125 13 44 -0.10575281941160863
augmented_r2 8 58 58.0 -0.2515527594009502 -0.08722834149185492 0.9795918367346939 0.9938775510204082 0.000125 14 44 -0.10575281941160863
augmented_r2 8 59 59.0 -0.25222415351158056 -0.09489828421145069 0.9806122448979592 0.9938775510204082 0.000125 15 44 -0.10575281941160863
augmented_r2 8 60 60.0 -0.25285111024632273 -0.09757512150978556 0.9795918367346939 0.9938775510204082 0.000125 16 44 -0.10575281941160863
augmented_r2 8 61 61.0 -0.2534885523198887 -0.09547394149157466 0.9795918367346939 0.9938775510204082 0.000125 17 44 -0.10575281941160863
augmented_r2 8 62 62.0 -0.25392598049404813 -0.09625987811964386 0.9785714285714285 0.9938775510204082 0.000125 18 44 -0.10575281941160863
augmented_r2 8 63 63.0 -0.25427373543681714 -0.10044252726496482 0.9806122448979592 0.9938775510204082 0.000125 19 44 -0.10575281941160863
augmented_r2 8 64 64.0 -0.25455766432759086 -0.1042220300557662 0.9816326530612245 0.9938775510204082 0.000125 20 44 -0.10575281941160863
augmented_r2 8 65 65.0 -0.25426077453116824 -0.09950785442274444 0.9826530612244898 0.9938775510204082 0.000125 21 44 -0.10575281941160863
augmented_r2 8 66 66.0 -0.2547226629766459 -0.09413572914746343 0.9816326530612245 0.9938775510204082 6.25e-05 22 44 -0.10575281941160863
augmented_r2 8 67 67.0 -0.2551845012269077 -0.10656194930173912 0.9806122448979592 0.9948979591836735 6.25e-05 0 67 -0.10656194930173912
augmented_r2 8 68 68.0 -0.25566951470921884 -0.1026338139358832 0.9816326530612245 0.9948979591836735 6.25e-05 1 67 -0.10656194930173912
augmented_r2 8 69 69.0 -0.2557361023155426 -0.10321083944671008 0.9806122448979592 0.9938775510204082 6.25e-05 2 67 -0.10656194930173912
augmented_r2 8 70 70.0 -0.25567975550724736 -0.10641050436058823 0.9806122448979592 0.9938775510204082 6.25e-05 3 67 -0.10656194930173912
augmented_r2 8 71 71.0 -0.25619432946701315 -0.1080326508502571 0.9806122448979592 0.9948979591836735 6.25e-05 0 71 -0.1080326508502571
augmented_r2 8 72 72.0 -0.25576284664311005 -0.10619630327030104 0.9826530612244898 0.9948979591836735 6.25e-05 1 71 -0.1080326508502571
augmented_r2 8 73 73.0 -0.25599860000582525 -0.0976609789595312 0.9775510204081632 0.9948979591836735 6.25e-05 2 71 -0.1080326508502571
augmented_r2 8 74 74.0 -0.25629040124919344 -0.09321934446996571 0.9816326530612245 0.9948979591836735 6.25e-05 3 71 -0.1080326508502571
augmented_r2 8 75 75.0 -0.25632111444256206 -0.09942103356731181 0.9785714285714285 0.9948979591836735 6.25e-05 4 71 -0.1080326508502571
augmented_r2 8 76 76.0 -0.25617994215455736 -0.10327880139253577 0.9806122448979592 0.9948979591836735 6.25e-05 5 71 -0.1080326508502571
augmented_r2 8 77 77.0 -0.2555135712701515 -0.1044983265351276 0.9806122448979592 0.9938775510204082 6.25e-05 6 71 -0.1080326508502571
augmented_r2 8 78 78.0 -0.2561448826746722 -0.09795435253454714 0.976530612244898 0.9948979591836735 6.25e-05 7 71 -0.1080326508502571
augmented_r2 8 79 79.0 -0.25608726698488893 -0.10169788428715297 0.9826530612244898 0.9948979591836735 6.25e-05 8 71 -0.1080326508502571
augmented_r2 8 80 80.0 -0.25577479124347496 -0.09936922715634716 0.9816326530612245 0.9948979591836735 6.25e-05 9 71 -0.1080326508502571
augmented_r2 8 81 81.0 -0.25608143520870047 -0.10438076671288939 0.9816326530612245 0.9948979591836735 6.25e-05 10 71 -0.1080326508502571
augmented_r2 8 82 82.0 -0.2560179115107013 -0.09513397752022257 0.9785714285714285 0.9948979591836735 3.125e-05 11 71 -0.1080326508502571
augmented_r2 8 83 83.0 -0.2568386822878045 -0.10198746311421297 0.9806122448979592 0.9948979591836735 3.125e-05 12 71 -0.1080326508502571
augmented_r2 8 84 84.0 -0.2568931646377657 -0.09880847979565056 0.9806122448979592 0.9948979591836735 3.125e-05 13 71 -0.1080326508502571
augmented_r2 8 85 85.0 -0.2571727239532515 -0.10390027883101483 0.9785714285714285 0.9948979591836735 3.125e-05 14 71 -0.1080326508502571
augmented_r2 8 86 86.0 -0.25639861420357857 -0.09761783590122144 0.9806122448979592 0.9948979591836735 3.125e-05 15 71 -0.1080326508502571
augmented_r2 8 87 87.0 -0.25625505948644145 -0.09958213008179957 0.976530612244898 0.9948979591836735 3.125e-05 16 71 -0.1080326508502571
augmented_r2 8 88 88.0 -0.25696851713580154 -0.1004804937206969 0.9806122448979592 0.9948979591836735 3.125e-05 17 71 -0.1080326508502571
augmented_r2 8 89 89.0 -0.2569601666415993 -0.09874429848729348 0.9816326530612245 0.9948979591836735 3.125e-05 18 71 -0.1080326508502571
augmented_r2 8 90 90.0 -0.2571155407145589 -0.10144949494575968 0.9785714285714285 0.9948979591836735 3.125e-05 19 71 -0.1080326508502571
augmented_r2 8 91 91.0 -0.2566594073610331 -0.09845556823574766 0.9806122448979592 0.9948979591836735 3.125e-05 20 71 -0.1080326508502571
augmented_r2 8 92 92.0 -0.2568429203224071 -0.09658529223227988 0.9795918367346939 0.9948979591836735 3.125e-05 21 71 -0.1080326508502571
augmented_r2 8 93 93.0 -0.2569146287451689 -0.09965484726185701 0.9806122448979592 0.9948979591836735 1.5625e-05 22 71 -0.1080326508502571
augmented_r2 8 94 94.0 -0.25691017904189783 -0.10289185533718187 0.9795918367346939 0.9948979591836735 1.5625e-05 23 71 -0.1080326508502571
augmented_r2 8 95 95.0 -0.2570451648130269 -0.10829307692391532 0.9806122448979592 0.9948979591836735 1.5625e-05 0 95 -0.10829307692391532
augmented_r2 8 96 96.0 -0.257162406644913 -0.10132786157179852 0.9806122448979592 0.9948979591836735 1.5625e-05 1 95 -0.10829307692391532
augmented_r2 8 97 97.0 -0.2571623341870927 -0.10048882717988929 0.9795918367346939 0.9948979591836735 1.5625e-05 2 95 -0.10829307692391532
augmented_r2 8 98 98.0 -0.2574251860441047 -0.09886880115586884 0.9795918367346939 0.9948979591836735 1.5625e-05 3 95 -0.10829307692391532
augmented_r2 8 99 99.0 -0.2571089229292935 -0.10191099059825041 0.9795918367346939 0.9948979591836735 1.5625e-05 4 95 -0.10829307692391532
augmented_r2 8 100 100.0 -0.25749018183942785 -0.10373297808121662 0.9806122448979592 0.9948979591836735 1.5625e-05 5 95 -0.10829307692391532
augmented_r2 8 101 101.0 -0.25738232717383247 -0.09780792557463354 0.9775510204081632 0.9948979591836735 1.5625e-05 6 95 -0.10829307692391532
augmented_r2 8 102 102.0 -0.2577143075482157 -0.09705434478059106 0.9795918367346939 0.9948979591836735 1.5625e-05 7 95 -0.10829307692391532
augmented_r2 8 103 103.0 -0.2574294953190414 -0.10251868355030916 0.9785714285714285 0.9948979591836735 1.5625e-05 8 95 -0.10829307692391532
augmented_r2 8 104 104.0 -0.25725044680991394 -0.10460515460189508 0.9806122448979592 0.9948979591836735 1.5625e-05 9 95 -0.10829307692391532
augmented_r2 8 105 105.0 -0.2574782784248811 -0.10001901412496761 0.9785714285714285 0.9948979591836735 1.5625e-05 10 95 -0.10829307692391532
augmented_r2 8 106 106.0 -0.2572859474198269 -0.09814099924904959 0.9795918367346939 0.9948979591836735 7.8125e-06 11 95 -0.10829307692391532
augmented_r2 8 107 107.0 -0.257810229788308 -0.09800845652210469 0.9816326530612245 0.9948979591836735 7.8125e-06 12 95 -0.10829307692391532
augmented_r2 8 108 108.0 -0.25760940652148245 -0.10136198316301619 0.9806122448979592 0.9948979591836735 7.8125e-06 13 95 -0.10829307692391532
augmented_r2 8 109 109.0 -0.2577322041080476 -0.10243465413852613 0.9806122448979592 0.9948979591836735 7.8125e-06 14 95 -0.10829307692391532
augmented_r2 8 110 110.0 -0.25768110882202805 -0.10350434731463996 0.9806122448979592 0.9948979591836735 7.8125e-06 15 95 -0.10829307692391532
augmented_r2 8 111 111.0 -0.25787348059547655 -0.10051789381066147 0.9795918367346939 0.9948979591836735 7.8125e-06 16 95 -0.10829307692391532
augmented_r2 8 112 112.0 -0.25771609638326537 -0.09896741886528171 0.9795918367346939 0.9948979591836735 7.8125e-06 17 95 -0.10829307692391532
augmented_r2 8 113 113.0 -0.2576305101660135 -0.10086086574865848 0.9795918367346939 0.9948979591836735 7.8125e-06 18 95 -0.10829307692391532
augmented_r2 8 114 114.0 -0.2572699340676162 -0.1019201049999315 0.9785714285714285 0.9948979591836735 7.8125e-06 19 95 -0.10829307692391532
augmented_r2 8 115 115.0 -0.2577316381509011 -0.09854063306535993 0.9795918367346939 0.9948979591836735 7.8125e-06 20 95 -0.10829307692391532
augmented_r2 8 116 116.0 -0.25782186036420207 -0.10301792670269402 0.9785714285714285 0.9948979591836735 7.8125e-06 21 95 -0.10829307692391532
augmented_r2 8 117 117.0 -0.2577933918153158 -0.09771951461324886 0.9785714285714285 0.9948979591836735 3.90625e-06 22 95 -0.10829307692391532
augmented_r2 8 118 118.0 -0.2578019287588299 -0.09897194735857905 0.9806122448979592 0.9948979591836735 3.90625e-06 23 95 -0.10829307692391532
augmented_r2 8 119 119.0 -0.2575538064844239 -0.10184355998525814 0.9785714285714285 0.9948979591836735 3.90625e-06 24 95 -0.10829307692391532
augmented_r2 8 120 120.0 -0.25807711736850497 -0.097762858624361 0.9795918367346939 0.9948979591836735 3.90625e-06 25 95 -0.10829307692391532
augmented_r2 8 121 121.0 -0.25792295086790806 -0.09841286211597676 0.9785714285714285 0.9948979591836735 3.90625e-06 26 95 -0.10829307692391532
augmented_r2 8 122 122.0 -0.25802183314736116 -0.10006379594608229 0.9806122448979592 0.9948979591836735 3.90625e-06 27 95 -0.10829307692391532
augmented_r2 8 123 123.0 -0.25777244894853096 -0.10102110249655587 0.9806122448979592 0.9948979591836735 3.90625e-06 28 95 -0.10829307692391532
augmented_r2 8 124 124.0 -0.25786033473628445 -0.09865119603215432 0.9795918367346939 0.9948979591836735 3.90625e-06 29 95 -0.10829307692391532
augmented_r2 8 125 125.0 -0.25794495691319475 -0.09948781947700344 0.9806122448979592 0.9948979591836735 3.90625e-06 30 95 -0.10829307692391532
augmented_r2 9 1 1.0 1.4663606091077175 1.362595281309011 0.6653061224489796 0.8744897959183674 0.001 0 1 1.362595281309011
augmented_r2 9 2 2.0 0.8890651109999875 1.5260384486646068 0.753061224489796 0.7520408163265306 0.001 1 1 1.362595281309011
augmented_r2 9 3 3.0 0.7045914819820094 0.8525361949083756 0.8785714285714286 0.9714285714285714 0.001 0 3 0.8525361949083756
augmented_r2 9 4 4.0 0.5707227420208577 0.9936902012143817 0.8193877551020409 0.9224489795918367 0.001 1 3 0.8525361949083756
augmented_r2 9 5 5.0 0.47060748436446087 0.8982258589900269 0.9040816326530612 0.8959183673469387 0.001 2 3 0.8525361949083756
augmented_r2 9 6 6.0 0.40239711288011626 1.6989628358763091 0.5530612244897959 0.8520408163265306 0.001 3 3 0.8525361949083756
augmented_r2 9 7 7.0 0.3223645555614764 0.7145893773254083 0.8183673469387756 0.9816326530612245 0.001 0 7 0.7145893773254083
augmented_r2 9 8 8.0 0.23883626727658525 0.5200621016171514 0.8846938775510204 0.986734693877551 0.001 0 8 0.5200621016171514
augmented_r2 9 9 9.0 0.2055594594912728 2.088843921739228 0.4785714285714286 0.9591836734693877 0.001 1 8 0.5200621016171514
augmented_r2 9 10 10.0 0.16057742896009056 0.4263439594482889 0.9010204081632653 0.9846938775510204 0.001 0 10 0.4263439594482889
augmented_r2 9 11 11.0 0.11489424614715688 2.0246231526744607 0.6061224489795919 0.826530612244898 0.001 1 10 0.4263439594482889
augmented_r2 9 12 12.0 0.07962094222556616 2.3483108530239183 0.5591836734693878 0.8642857142857143 0.001 2 10 0.4263439594482889
augmented_r2 9 13 13.0 0.022585575056034306 0.5168457787864063 0.8877551020408163 0.9887755102040816 0.001 3 10 0.4263439594482889
augmented_r2 9 14 14.0 -0.00374206480563887 0.2719857675688607 0.939795918367347 0.9877551020408163 0.001 0 14 0.2719857675688607
augmented_r2 9 15 15.0 -0.05479150954856794 1.9037946516153763 0.6459183673469387 0.789795918367347 0.001 1 14 0.2719857675688607
augmented_r2 9 16 16.0 -0.02908442620115166 1.7404279295279055 0.8275510204081633 0.7020408163265306 0.001 2 14 0.2719857675688607
augmented_r2 9 17 17.0 -0.05899876483091294 0.7156582435783074 0.8571428571428571 0.9591836734693877 0.001 3 14 0.2719857675688607
augmented_r2 9 18 18.0 -0.10462494833253026 0.7116734224922803 0.8153061224489796 0.9581632653061225 0.001 4 14 0.2719857675688607
augmented_r2 9 19 19.0 -0.09828791059694938 0.2547953206665662 0.9224489795918367 0.9857142857142858 0.001 0 19 0.2547953206665662
augmented_r2 9 20 20.0 -0.12761139963610305 0.8961441825847236 0.8 0.9938775510204082 0.001 1 19 0.2547953206665662
augmented_r2 9 21 21.0 -0.13724043075705117 0.27986715034562715 0.9142857142857143 0.986734693877551 0.001 2 19 0.2547953206665662
augmented_r2 9 22 22.0 -0.14356512587864267 0.5770572360681028 0.8551020408163266 0.9938775510204082 0.001 3 19 0.2547953206665662
augmented_r2 9 23 23.0 -0.16603375119511782 1.519842402302489 0.7775510204081633 0.8438775510204082 0.001 4 19 0.2547953206665662
augmented_r2 9 24 24.0 -0.18353988768096424 0.17435984173599556 0.9316326530612244 0.9928571428571429 0.001 0 24 0.17435984173599556
augmented_r2 9 25 25.0 -0.1882203830585975 0.04004234294502103 0.9510204081632653 0.9928571428571429 0.001 0 25 0.04004234294502103
augmented_r2 9 26 26.0 -0.18513906250759712 0.7451223125263137 0.9285714285714286 0.9091836734693878 0.001 1 25 0.04004234294502103
augmented_r2 9 27 27.0 -0.16756088273811173 0.6678310695959597 0.863265306122449 0.9806122448979592 0.001 2 25 0.04004234294502103
augmented_r2 9 28 28.0 -0.1751369434784688 0.8739630966770405 0.8316326530612245 0.9795918367346939 0.001 3 25 0.04004234294502103
augmented_r2 9 29 29.0 -0.19795198761620256 0.06721333289632991 0.9663265306122449 0.9795918367346939 0.001 4 25 0.04004234294502103
augmented_r2 9 30 30.0 -0.21752585556335272 0.7895871357041963 0.8081632653061225 0.9887755102040816 0.001 5 25 0.04004234294502103
augmented_r2 9 31 31.0 -0.18977281154680434 1.432176830817242 0.7387755102040816 0.9836734693877551 0.001 6 25 0.04004234294502103
augmented_r2 9 32 32.0 -0.19457731378784604 2.2508314035376724 0.8193877551020409 0.7693877551020408 0.001 7 25 0.04004234294502103
augmented_r2 9 33 33.0 -0.20463206564889624 0.9089325170127713 0.9010204081632653 0.8775510204081632 0.001 8 25 0.04004234294502103
augmented_r2 9 34 34.0 -0.2223244100539511 0.09946307892702064 0.9591836734693877 0.9928571428571429 0.001 9 25 0.04004234294502103
augmented_r2 9 35 35.0 -0.21666589748904627 0.498319868652188 0.8989795918367347 0.9826530612244898 0.001 10 25 0.04004234294502103
augmented_r2 9 36 36.0 -0.15370076082522924 0.6962960540031901 0.8663265306122448 0.9734693877551021 0.0005 11 25 0.04004234294502103
augmented_r2 9 37 37.0 -0.2088009673337878 -0.03834349719845519 0.9714285714285714 0.9938775510204082 0.0005 0 37 -0.03834349719845519
augmented_r2 9 38 38.0 -0.24087831731923717 -0.0947356652240364 0.976530612244898 0.9938775510204082 0.0005 0 38 -0.0947356652240364
augmented_r2 9 39 39.0 -0.24500777166927037 0.00993154730115618 0.9612244897959183 0.9959183673469387 0.0005 1 38 -0.0947356652240364
augmented_r2 9 40 40.0 -0.2463172167183047 -0.09908494997997673 0.9775510204081632 0.996938775510204 0.0005 0 40 -0.09908494997997673
augmented_r2 9 41 41.0 -0.24755394180488197 -0.09758014387013961 0.9795918367346939 0.9938775510204082 0.0005 1 40 -0.09908494997997673
augmented_r2 9 42 42.0 -0.24689298210736785 -0.08368159751502835 0.976530612244898 0.9959183673469387 0.0005 2 40 -0.09908494997997673
augmented_r2 9 43 43.0 -0.24793679859605516 -0.0903043187394434 0.9755102040816327 0.9959183673469387 0.0005 3 40 -0.09908494997997673
augmented_r2 9 44 44.0 -0.24914617843867254 -0.0812355206937206 0.976530612244898 0.9959183673469387 0.0005 4 40 -0.09908494997997673
augmented_r2 9 45 45.0 -0.2479903878503337 -0.04032700353739213 0.9673469387755103 0.9959183673469387 0.0005 5 40 -0.09908494997997673
augmented_r2 9 46 46.0 -0.24710183793057636 -0.0656593488187206 0.9714285714285714 0.9948979591836735 0.0005 6 40 -0.09908494997997673
augmented_r2 9 47 47.0 -0.24827743574937788 -0.06469688950752725 0.9704081632653061 0.9938775510204082 0.0005 7 40 -0.09908494997997673
augmented_r2 9 48 48.0 -0.24916248593554402 -0.0378273496822435 0.9714285714285714 0.9938775510204082 0.0005 8 40 -0.09908494997997673
augmented_r2 9 49 49.0 -0.24792209273703703 0.005008858077380122 0.9612244897959183 0.9959183673469387 0.0005 9 40 -0.09908494997997673
augmented_r2 9 50 50.0 -0.2493022477310254 -0.07320775401835539 0.9755102040816327 0.9938775510204082 0.0005 10 40 -0.09908494997997673
augmented_r2 9 51 51.0 -0.24862467981755368 -0.008808890654116261 0.9653061224489796 0.9908163265306122 0.00025 11 40 -0.09908494997997673
augmented_r2 9 52 52.0 -0.2511536590309299 -0.06312138401732152 0.9734693877551021 0.9918367346938776 0.00025 12 40 -0.09908494997997673
augmented_r2 9 53 53.0 -0.252699766591787 -0.052048894823813925 0.9663265306122449 0.9959183673469387 0.00025 13 40 -0.09908494997997673
augmented_r2 9 54 54.0 -0.2536816816828082 -0.06332581821753054 0.9724489795918367 0.9959183673469387 0.00025 14 40 -0.09908494997997673
augmented_r2 9 55 55.0 -0.2532658369296975 -0.09988692147391183 0.9775510204081632 0.9959183673469387 0.00025 0 55 -0.09988692147391183
augmented_r2 9 56 56.0 -0.2519052208496107 -0.09875385420663016 0.9724489795918367 0.9959183673469387 0.00025 1 55 -0.09988692147391183
augmented_r2 9 57 57.0 -0.25395373557864104 -0.07089987579657107 0.9724489795918367 0.9948979591836735 0.00025 2 55 -0.09988692147391183
augmented_r2 9 58 58.0 -0.2535272355952067 -0.08518260741720395 0.9734693877551021 0.9948979591836735 0.00025 3 55 -0.09988692147391183
augmented_r2 9 59 59.0 -0.25277289465561115 -0.052947592248721996 0.9683673469387755 0.9928571428571429 0.00025 4 55 -0.09988692147391183
augmented_r2 9 60 60.0 -0.25316511403724684 -0.05875087611529292 0.9704081632653061 0.9948979591836735 0.00025 5 55 -0.09988692147391183
augmented_r2 9 61 61.0 -0.2528067669125455 -0.02951969321893186 0.9653061224489796 0.9938775510204082 0.00025 6 55 -0.09988692147391183
augmented_r2 9 62 62.0 -0.2523110384561245 -0.08403873589574075 0.976530612244898 0.9959183673469387 0.00025 7 55 -0.09988692147391183
augmented_r2 9 63 63.0 -0.25353424946351133 -0.07304289243659194 0.9673469387755103 0.9959183673469387 0.00025 8 55 -0.09988692147391183
augmented_r2 9 64 64.0 -0.2528541339428181 -0.05662508497432787 0.9714285714285714 0.9948979591836735 0.00025 9 55 -0.09988692147391183
augmented_r2 9 65 65.0 -0.2529938699623778 -0.06677705609068578 0.9683673469387755 0.9959183673469387 0.00025 10 55 -0.09988692147391183
augmented_r2 9 66 66.0 -0.2527014393134405 -0.06814252843662184 0.9704081632653061 0.9948979591836735 0.000125 11 55 -0.09988692147391183
augmented_r2 9 67 67.0 -0.25475289771533893 -0.07148121911652235 0.9693877551020408 0.9948979591836735 0.000125 12 55 -0.09988692147391183
augmented_r2 9 68 68.0 -0.2551450277160965 -0.05538917804250912 0.9673469387755103 0.9959183673469387 0.000125 13 55 -0.09988692147391183
augmented_r2 9 69 69.0 -0.2557539149557915 -0.09948704680617974 0.9724489795918367 0.9959183673469387 0.000125 14 55 -0.09988692147391183
augmented_r2 9 70 70.0 -0.2552376866236281 -0.08629796456317512 0.9714285714285714 0.9948979591836735 0.000125 15 55 -0.09988692147391183
augmented_r2 9 71 71.0 -0.2554133638265636 -0.07690822932184958 0.9714285714285714 0.9959183673469387 0.000125 16 55 -0.09988692147391183
augmented_r2 9 72 72.0 -0.2551500069562847 -0.08517072930627939 0.9734693877551021 0.9948979591836735 0.000125 17 55 -0.09988692147391183
augmented_r2 9 73 73.0 -0.2552897110603139 -0.08186432877365424 0.9714285714285714 0.9959183673469387 0.000125 18 55 -0.09988692147391183
augmented_r2 9 74 74.0 -0.25415621186123666 -0.06581424547701466 0.9734693877551021 0.9959183673469387 0.000125 19 55 -0.09988692147391183
augmented_r2 9 75 75.0 -0.2550626342172069 -0.08645122537807542 0.9704081632653061 0.9959183673469387 0.000125 20 55 -0.09988692147391183
augmented_r2 9 76 76.0 -0.25551816234096064 -0.08017755284601329 0.9734693877551021 0.9938775510204082 0.000125 21 55 -0.09988692147391183
augmented_r2 9 77 77.0 -0.25407848775230274 -0.06008383741184157 0.9663265306122449 0.9948979591836735 6.25e-05 22 55 -0.09988692147391183
augmented_r2 9 78 78.0 -0.2558474736203944 -0.0950648375919887 0.9704081632653061 0.9959183673469387 6.25e-05 23 55 -0.09988692147391183
augmented_r2 9 79 79.0 -0.2560469995687333 -0.07586343872303865 0.9724489795918367 0.9938775510204082 6.25e-05 24 55 -0.09988692147391183
augmented_r2 9 80 80.0 -0.25658003538455637 -0.08771950371411381 0.9704081632653061 0.9938775510204082 6.25e-05 25 55 -0.09988692147391183
augmented_r2 9 81 81.0 -0.2565329718735881 -0.09149409800159689 0.9734693877551021 0.9938775510204082 6.25e-05 26 55 -0.09988692147391183
augmented_r2 9 82 82.0 -0.2566563648108946 -0.06688165761986557 0.9704081632653061 0.9948979591836735 6.25e-05 27 55 -0.09988692147391183
augmented_r2 9 83 83.0 -0.2564908276329174 -0.07364032511808434 0.9693877551020408 0.9948979591836735 6.25e-05 28 55 -0.09988692147391183
augmented_r2 9 84 84.0 -0.2559472277417001 -0.0928296760636933 0.976530612244898 0.9948979591836735 6.25e-05 29 55 -0.09988692147391183
augmented_r2 9 85 85.0 -0.2562172913085207 -0.0747659225853122 0.9704081632653061 0.9959183673469387 6.25e-05 30 55 -0.09988692147391183
baseline 0 1 1.0 2.044435992913056 3.0193058636723733 0.286734693877551 0.45714285714285713 0.001 0 1 3.0193058636723733
baseline 0 2 2.0 1.4001048992067362 3.743314481268124 0.3173469387755102 0.7795918367346939 0.001 1 1 3.0193058636723733
baseline 0 3 3.0 1.1350830703273613 1.2515724440010227 0.7234693877551021 0.9173469387755102 0.001 0 3 1.2515724440010227
baseline 0 4 4.0 0.9965313177430228 1.777026140933134 0.5622448979591836 0.8724489795918368 0.001 1 3 1.2515724440010227
baseline 0 5 5.0 0.9003758034131378 1.27483720098223 0.75 0.9346938775510204 0.001 2 3 1.2515724440010227
baseline 0 6 6.0 0.8364239203552425 1.4591828117565233 0.6326530612244898 0.9591836734693877 0.001 3 3 1.2515724440010227
baseline 0 7 7.0 0.7575599275400008 2.406728717258998 0.4928571428571429 0.6663265306122449 0.001 4 3 1.2515724440010227
baseline 0 8 8.0 0.7448829808809906 3.2736309946799764 0.4163265306122449 0.7795918367346939 0.001 5 3 1.2515724440010227
baseline 0 9 9.0 0.7085423277761402 1.1380523710834736 0.7336734693877551 0.9693877551020408 0.001 0 9 1.1380523710834736
baseline 0 10 10.0 0.6424822139423397 1.2368346890624689 0.7255102040816327 0.9357142857142857 0.001 1 9 1.1380523710834736
baseline 0 11 11.0 0.615925213837648 1.132516066882075 0.7785714285714286 0.9489795918367347 0.001 0 11 1.132516066882075
baseline 0 12 12.0 0.5762721262377544 0.7005477238674553 0.9163265306122449 0.9775510204081632 0.001 0 12 0.7005477238674553
baseline 0 13 13.0 0.5254281949826475 2.3785213441264874 0.45714285714285713 0.936734693877551 0.001 1 12 0.7005477238674553
baseline 0 14 14.0 0.5033024021018148 2.1884051566221276 0.513265306122449 0.7316326530612245 0.001 2 12 0.7005477238674553
baseline 0 15 15.0 0.4763509692040113 0.943256305431833 0.7846938775510204 0.9836734693877551 0.001 3 12 0.7005477238674553
baseline 0 16 16.0 0.4891377811047103 1.4837335002665617 0.7183673469387755 0.8806122448979592 0.001 4 12 0.7005477238674553
baseline 0 17 17.0 0.41913919021452534 2.11245861637349 0.38571428571428573 0.9530612244897959 0.001 5 12 0.7005477238674553
baseline 0 18 18.0 0.3926641973034232 0.6386315732586141 0.889795918367347 0.9836734693877551 0.001 0 18 0.6386315732586141
baseline 0 19 19.0 0.3547374950426957 1.016267598891745 0.726530612244898 0.9826530612244898 0.001 1 18 0.6386315732586141
baseline 0 20 20.0 0.3390406324196154 0.6064511162894113 0.9040816326530612 0.9775510204081632 0.001 0 20 0.6064511162894113
baseline 0 21 21.0 0.32027201435173863 1.7400761000964107 0.5571428571428572 0.9438775510204082 0.001 1 20 0.6064511162894113
baseline 0 22 22.0 0.2981844207726655 1.0524630069732666 0.7857142857142857 0.9704081632653061 0.001 2 20 0.6064511162894113
baseline 0 23 23.0 0.29281068192195603 1.28128756698297 0.7224489795918367 0.9755102040816327 0.001 3 20 0.6064511162894113
baseline 0 24 24.0 0.3042799284618892 1.5305015787786367 0.7540816326530613 0.8836734693877552 0.001 4 20 0.6064511162894113
baseline 0 25 25.0 0.2907542978109938 0.6512511827507798 0.8857142857142857 0.9520408163265306 0.001 5 20 0.6064511162894113
baseline 0 26 26.0 0.2476159847428046 0.8985783270427159 0.7622448979591837 0.9836734693877551 0.001 6 20 0.6064511162894113
baseline 0 27 27.0 0.24073318822025888 1.2914376219924615 0.7081632653061225 0.8846938775510204 0.001 7 20 0.6064511162894113
baseline 0 28 28.0 0.21015167759923575 0.8270432550079968 0.8561224489795919 0.9306122448979591 0.001 8 20 0.6064511162894113
baseline 0 29 29.0 0.16963871631607702 0.34125412447111947 0.9459183673469388 0.9857142857142858 0.001 0 29 0.34125412447111947
baseline 0 30 30.0 0.15453767779533417 0.32842934618190844 0.9479591836734694 0.9857142857142858 0.001 0 30 0.32842934618190844
baseline 0 31 31.0 0.13624800615339894 0.3153617135116032 0.960204081632653 0.9826530612244898 0.001 0 31 0.3153617135116032
baseline 0 32 32.0 0.11469314856962724 0.9308807409539515 0.8336734693877551 0.9020408163265307 0.001 1 31 0.3153617135116032
baseline 0 33 33.0 0.09217587804404659 0.21684419378942374 0.9673469387755103 0.9897959183673469 0.001 0 33 0.21684419378942374
baseline 0 34 34.0 0.07864626228383174 0.28212145104700204 0.963265306122449 0.9877551020408163 0.001 1 33 0.21684419378942374
baseline 0 35 35.0 0.06870358731822168 1.775108881385959 0.5459183673469388 0.863265306122449 0.001 2 33 0.21684419378942374
baseline 0 36 36.0 0.07950213840716462 0.7763306895080878 0.8326530612244898 0.9693877551020408 0.001 3 33 0.21684419378942374
baseline 0 37 37.0 0.18242156578644547 5.503962522623491 0.3357142857142857 0.8622448979591837 0.001 4 33 0.21684419378942374
baseline 0 38 38.0 0.2635306166798881 3.374983853709941 0.5142857142857142 0.7775510204081633 0.001 5 33 0.21684419378942374
baseline 0 39 39.0 0.27149352038600716 1.8571043092377333 0.5377551020408163 0.9846938775510204 0.001 6 33 0.21684419378942374
baseline 0 40 40.0 0.14170867667378395 1.025763940567873 0.8091836734693878 0.9306122448979591 0.001 7 33 0.21684419378942374
baseline 0 41 41.0 0.058631650213079874 1.7169246230806623 0.5867346938775511 0.9734693877551021 0.001 8 33 0.21684419378942374
baseline 0 42 42.0 0.033061444637602515 1.3333228232909222 0.7234693877551021 0.8612244897959184 0.001 9 33 0.21684419378942374
baseline 0 43 43.0 0.010068373611925571 0.454654065443545 0.9132653061224489 0.9653061224489796 0.001 10 33 0.21684419378942374
baseline 0 44 44.0 -0.009144497234317206 0.1589646305356707 0.9642857142857143 0.9897959183673469 0.001 0 44 0.1589646305356707
baseline 0 45 45.0 -0.02182074976405766 0.2299655383946944 0.936734693877551 0.9897959183673469 0.001 1 44 0.1589646305356707
baseline 0 46 46.0 -0.03740665599688568 0.18605102008702804 0.9510204081632653 0.9785714285714285 0.001 2 44 0.1589646305356707
baseline 0 47 47.0 -0.051645152719807456 0.2056763186746714 0.960204081632653 0.986734693877551 0.001 3 44 0.1589646305356707
baseline 0 48 48.0 -0.06297223164915917 0.06095419659906504 0.9744897959183674 0.9918367346938776 0.001 0 48 0.06095419659906504
baseline 0 49 49.0 -0.07307525339847444 0.05905144652541803 0.9734693877551021 0.9928571428571429 0.001 0 49 0.05905144652541803
baseline 0 50 50.0 -0.07594779021162787 0.19505979187634526 0.9724489795918367 0.9673469387755103 0.001 1 49 0.05905144652541803
baseline 0 51 51.0 -0.08364705301524426 0.34882377142808874 0.9622448979591837 0.9336734693877551 0.001 2 49 0.05905144652541803
baseline 0 52 52.0 -0.09607154404910032 0.33820909772600444 0.9295918367346939 0.9755102040816327 0.001 3 49 0.05905144652541803
baseline 0 53 53.0 -0.03278732768605264 2.651389422708628 0.7081632653061225 0.7316326530612245 0.001 4 49 0.05905144652541803
baseline 0 54 54.0 0.0670051762227262 1.7338161186296113 0.7785714285714286 0.8030612244897959 0.001 5 49 0.05905144652541803
baseline 0 55 55.0 0.010222240353994399 2.041455434779732 0.6346938775510204 0.9122448979591836 0.001 6 49 0.05905144652541803
baseline 0 56 56.0 -0.027734486087471765 4.4602265961316165 0.45408163265306123 0.7326530612244898 0.001 7 49 0.05905144652541803
baseline 0 57 57.0 0.04044755249150075 4.471911940282705 0.27653061224489794 0.9622448979591837 0.001 8 49 0.05905144652541803
baseline 0 58 58.0 -0.001708034901623828 0.8546893190364449 0.8438775510204082 0.9479591836734694 0.001 9 49 0.05905144652541803
baseline 0 59 59.0 -0.04182757304808214 0.7449777929150329 0.8428571428571429 0.9816326530612245 0.001 10 49 0.05905144652541803
baseline 0 60 60.0 -0.08989754510973033 1.379498022429797 0.7846938775510204 0.8551020408163266 0.0005 11 49 0.05905144652541803
baseline 0 61 61.0 -0.13072362606079757 0.0033501997285959673 0.9744897959183674 0.9918367346938776 0.0005 0 61 0.0033501997285959673
baseline 0 62 62.0 -0.14025812269596571 -0.0014384984970092773 0.9785714285714285 0.9908163265306122 0.0005 0 62 -0.0014384984970092773
baseline 0 63 63.0 -0.15145630515023564 -0.02410410885908166 0.9785714285714285 0.9908163265306122 0.0005 0 63 -0.02410410885908166
baseline 0 64 64.0 -0.1514572017770013 -0.030188275843250508 0.9785714285714285 0.9908163265306122 0.0005 0 64 -0.030188275843250508
baseline 0 65 65.0 -0.15872579344202964 -0.03343206522416095 0.9806122448979592 0.9908163265306122 0.0005 0 65 -0.03343206522416095
baseline 0 66 66.0 -0.16170771403259107 -0.04344490182643034 0.9816326530612245 0.9928571428571429 0.0005 0 66 -0.04344490182643034
baseline 0 67 67.0 -0.16430208851051525 -0.023943577250655816 0.9806122448979592 0.9877551020408163 0.0005 1 66 -0.04344490182643034
baseline 0 68 68.0 -0.1618940562953501 -0.031221660545894078 0.9826530612244898 0.9897959183673469 0.0005 2 66 -0.04344490182643034
baseline 0 69 69.0 -0.16896091247846937 -0.04879221380973349 0.9816326530612245 0.9897959183673469 0.0005 0 69 -0.04879221380973349
baseline 0 70 70.0 -0.16389065883498147 -0.0289081765680897 0.976530612244898 0.9928571428571429 0.0005 1 69 -0.04879221380973349
baseline 0 71 71.0 -0.17066620081754458 -0.04155153911940906 0.9775510204081632 0.9928571428571429 0.0005 2 69 -0.04879221380973349
baseline 0 72 72.0 -0.17493276180845968 -0.04037449773477048 0.9806122448979592 0.9897959183673469 0.0005 3 69 -0.04879221380973349
baseline 0 73 73.0 -0.17804545249344744 -0.04090869329413589 0.9806122448979592 0.9928571428571429 0.0005 4 69 -0.04879221380973349
baseline 0 74 74.0 -0.17751230020932207 -0.04350334089629504 0.9785714285714285 0.9897959183673469 0.0005 5 69 -0.04879221380973349
baseline 0 75 75.0 -0.18130892752626943 -0.046122794735188384 0.9775510204081632 0.9928571428571429 0.0005 6 69 -0.04879221380973349
baseline 0 76 76.0 -0.17917372019955768 -0.038988948354915696 0.9816326530612245 0.9908163265306122 0.0005 7 69 -0.04879221380973349
baseline 0 77 77.0 -0.18517268355460162 -0.05269738873656915 0.9775510204081632 0.9928571428571429 0.0005 0 77 -0.05269738873656915
baseline 0 78 78.0 -0.18736888007075356 -0.047261889126836036 0.9806122448979592 0.9897959183673469 0.0005 1 77 -0.05269738873656915
baseline 0 79 79.0 -0.19250517608683493 -0.03015897006404643 0.976530612244898 0.9887755102040816 0.0005 2 77 -0.05269738873656915
baseline 0 80 80.0 -0.1905958555692063 -0.06252135938527632 0.9806122448979592 0.9908163265306122 0.0005 0 80 -0.06252135938527632
baseline 0 81 81.0 -0.19463899204996438 0.0874325689004392 0.9489795918367347 0.9908163265306122 0.0005 1 80 -0.06252135938527632
baseline 0 82 82.0 -0.1962637130524944 -0.05328705164850975 0.9816326530612245 0.9908163265306122 0.0005 2 80 -0.06252135938527632
baseline 0 83 83.0 -0.1930911143417865 -0.03526013335403131 0.9755102040816327 0.9918367346938776 0.0005 3 80 -0.06252135938527632
baseline 0 84 84.0 -0.19270848771281335 0.08192788532802037 0.9530612244897959 0.9897959183673469 0.0005 4 80 -0.06252135938527632
baseline 0 85 85.0 -0.19525267246185943 -0.04182785408837455 0.9816326530612245 0.9887755102040816 0.0005 5 80 -0.06252135938527632
baseline 0 86 86.0 -0.1975821859990004 -0.045989176935079146 0.9785714285714285 0.9908163265306122 0.0005 6 80 -0.06252135938527632
baseline 0 87 87.0 -0.19624473016035568 0.10367387606173145 0.9693877551020408 0.9744897959183674 0.0005 7 80 -0.06252135938527632
baseline 0 88 88.0 -0.20088514688674958 -0.019101320237529522 0.9734693877551021 0.9928571428571429 0.0005 8 80 -0.06252135938527632
baseline 0 89 89.0 -0.2027907364823845 -0.004988158722313083 0.9755102040816327 0.9836734693877551 0.0005 9 80 -0.06252135938527632
baseline 0 90 90.0 -0.20448075409929162 -0.05569961387283948 0.9806122448979592 0.9918367346938776 0.0005 10 80 -0.06252135938527632
baseline 0 91 91.0 -0.20570452549362572 -0.05283923173437313 0.9775510204081632 0.9908163265306122 0.00025 11 80 -0.06252135938527632
baseline 0 92 92.0 -0.21143144289977217 -0.07496272958054835 0.9806122448979592 0.9918367346938776 0.00025 0 92 -0.07496272958054835
baseline 0 93 93.0 -0.21457662523949597 -0.0741983768891315 0.9806122448979592 0.9897959183673469 0.00025 1 92 -0.07496272958054835
baseline 0 94 94.0 -0.21497013711344842 -0.0730182341166905 0.9826530612244898 0.9908163265306122 0.00025 2 92 -0.07496272958054835
baseline 0 95 95.0 -0.21660411991064835 -0.07416037223776993 0.9806122448979592 0.9908163265306122 0.00025 3 92 -0.07496272958054835
baseline 0 96 96.0 -0.2176461277017798 -0.07174130118623072 0.9795918367346939 0.9908163265306122 0.00025 4 92 -0.07496272958054835
baseline 0 97 97.0 -0.21781467813028135 -0.0843737217844749 0.9826530612244898 0.9918367346938776 0.00025 0 97 -0.0843737217844749
baseline 0 98 98.0 -0.21498568229704518 -0.08209449879977168 0.9836734693877551 0.9918367346938776 0.00025 1 97 -0.0843737217844749
baseline 0 99 99.0 -0.21814250483332664 -0.0743573368812094 0.9846938775510204 0.9908163265306122 0.00025 2 97 -0.0843737217844749
baseline 0 100 100.0 -0.21974880239936742 -0.07099613851430464 0.9775510204081632 0.9908163265306122 0.00025 3 97 -0.0843737217844749
baseline 0 101 101.0 -0.2172753991705648 -0.06574759872592226 0.9816326530612245 0.9908163265306122 0.00025 4 97 -0.0843737217844749
baseline 0 102 102.0 -0.21869205046479379 -0.0748428566115243 0.9816326530612245 0.9908163265306122 0.00025 5 97 -0.0843737217844749
baseline 0 103 103.0 -0.21935866655928365 -0.07373031012865962 0.9816326530612245 0.9928571428571429 0.00025 6 97 -0.0843737217844749
baseline 0 104 104.0 -0.22310394359195074 -0.07384395769664219 0.9836734693877551 0.9897959183673469 0.00025 7 97 -0.0843737217844749
baseline 0 105 105.0 -0.2231027502813914 -0.07305449563629773 0.9826530612244898 0.9928571428571429 0.00025 8 97 -0.0843737217844749
baseline 0 106 106.0 -0.224011056391528 -0.06013075332252347 0.9785714285714285 0.9918367346938776 0.00025 9 97 -0.0843737217844749
baseline 0 107 107.0 -0.22268031615158876 -0.07708697489329747 0.9826530612244898 0.9908163265306122 0.00025 10 97 -0.0843737217844749
baseline 0 108 108.0 -0.2227464435780012 -0.07201930746740225 0.9785714285714285 0.9918367346938776 0.000125 11 97 -0.0843737217844749
baseline 0 109 109.0 -0.22526909735156517 -0.08763428585869926 0.9836734693877551 0.9928571428571429 0.000125 0 109 -0.08763428585869926
baseline 0 110 110.0 -0.2266673624698183 -0.08439412676558203 0.9785714285714285 0.9918367346938776 0.000125 1 109 -0.08763428585869926
baseline 0 111 111.0 -0.22643838547345202 -0.08136664969580513 0.9826530612244898 0.9928571428571429 0.000125 2 109 -0.08763428585869926
baseline 0 112 112.0 -0.22783519651843528 -0.09296372009783375 0.9846938775510204 0.9918367346938776 0.000125 0 112 -0.09296372009783375
baseline 0 113 113.0 -0.22780998929406576 -0.08321881878132723 0.9806122448979592 0.9918367346938776 0.000125 1 112 -0.09296372009783375
baseline 0 114 114.0 -0.22708164464465444 -0.08716968833183755 0.9795918367346939 0.9908163265306122 0.000125 2 112 -0.09296372009783375
baseline 0 115 115.0 -0.22771437272840428 -0.09723583313883567 0.9816326530612245 0.9928571428571429 0.000125 0 115 -0.09723583313883567
baseline 0 116 116.0 -0.22892749090360304 -0.08532921805673715 0.9806122448979592 0.9918367346938776 0.000125 1 115 -0.09723583313883567
baseline 0 117 117.0 -0.22754583076266638 -0.09584952860462423 0.9816326530612245 0.9928571428571429 0.000125 2 115 -0.09723583313883567
baseline 0 118 118.0 -0.22793586437987112 -0.0851299448889129 0.9785714285714285 0.9928571428571429 0.000125 3 115 -0.09723583313883567
baseline 0 119 119.0 -0.22887355204865686 -0.09061544792992728 0.9806122448979592 0.9928571428571429 0.000125 4 115 -0.09723583313883567
baseline 0 120 120.0 -0.22828745074851764 -0.07436674517028186 0.9806122448979592 0.9908163265306122 0.000125 5 115 -0.09723583313883567
baseline 0 121 121.0 -0.2294735075017405 -0.09077968086515154 0.9846938775510204 0.9918367346938776 0.000125 6 115 -0.09723583313883567
baseline 0 122 122.0 -0.22932619130404416 -0.08616306781768798 0.9806122448979592 0.9928571428571429 0.000125 7 115 -0.09723583313883567
baseline 0 123 123.0 -0.22901405748721892 -0.0877242881424573 0.9816326530612245 0.9918367346938776 0.000125 8 115 -0.09723583313883567
baseline 0 124 124.0 -0.23014211593779893 -0.08910117270995159 0.9806122448979592 0.9928571428571429 0.000125 9 115 -0.09723583313883567
baseline 0 125 125.0 -0.23039837846717015 -0.07730394309880782 0.9846938775510204 0.9918367346938776 0.000125 10 115 -0.09723583313883567
baseline 0 126 126.0 -0.23049215763898623 -0.09220613362837811 0.9836734693877551 0.9918367346938776 6.25e-05 11 115 -0.09723583313883567
baseline 0 127 127.0 -0.23108218651382867 -0.08733193582418014 0.9795918367346939 0.9918367346938776 6.25e-05 12 115 -0.09723583313883567
baseline 0 128 128.0 -0.23213741484652745 -0.09185972773298925 0.9816326530612245 0.9928571428571429 6.25e-05 13 115 -0.09723583313883567
baseline 0 129 129.0 -0.23190414625485414 -0.08913405014544117 0.9795918367346939 0.9918367346938776 6.25e-05 14 115 -0.09723583313883567
baseline 0 130 130.0 -0.23296654394868688 -0.09056699494926297 0.9836734693877551 0.9918367346938776 6.25e-05 15 115 -0.09723583313883567
baseline 0 131 131.0 -0.23265685787970491 -0.09676174630924148 0.9826530612244898 0.9928571428571429 6.25e-05 16 115 -0.09723583313883567
baseline 0 132 132.0 -0.23289926235960745 -0.08934765567584914 0.9806122448979592 0.9928571428571429 6.25e-05 17 115 -0.09723583313883567
baseline 0 133 133.0 -0.23249813984314682 -0.09643373562365162 0.9836734693877551 0.9928571428571429 6.25e-05 18 115 -0.09723583313883567
baseline 0 134 134.0 -0.2333295386098135 -0.09658832306764564 0.9806122448979592 0.9928571428571429 6.25e-05 19 115 -0.09723583313883567
baseline 0 135 135.0 -0.23276410435266465 -0.09339117346977702 0.9826530612244898 0.9928571428571429 6.25e-05 20 115 -0.09723583313883567
baseline 0 136 136.0 -0.23213521702418655 -0.08101831723232658 0.9806122448979592 0.9908163265306122 6.25e-05 21 115 -0.09723583313883567
baseline 0 137 137.0 -0.23314325260312369 -0.09128100263829134 0.9846938775510204 0.9918367346938776 3.125e-05 22 115 -0.09723583313883567
baseline 0 138 138.0 -0.23313980357030803 -0.09014417687240912 0.9836734693877551 0.9908163265306122 3.125e-05 23 115 -0.09723583313883567
baseline 0 139 139.0 -0.23465615413527444 -0.09605727803950408 0.9816326530612245 0.9918367346938776 3.125e-05 24 115 -0.09723583313883567
baseline 0 140 140.0 -0.23462405822128515 -0.09646224124091012 0.9836734693877551 0.9928571428571429 3.125e-05 25 115 -0.09723583313883567
baseline 0 141 141.0 -0.23394857290694615 -0.09226215956162433 0.9826530612244898 0.9928571428571429 3.125e-05 26 115 -0.09723583313883567
baseline 0 142 142.0 -0.233608954225546 -0.10176950863429478 0.9826530612244898 0.9928571428571429 3.125e-05 0 142 -0.10176950863429478
baseline 0 143 143.0 -0.23450799860189592 -0.09725156633221373 0.9846938775510204 0.9928571428571429 3.125e-05 1 142 -0.10176950863429478
baseline 0 144 144.0 -0.23346024684691696 -0.09951380199315596 0.9826530612244898 0.9928571428571429 3.125e-05 2 142 -0.10176950863429478
baseline 0 145 145.0 -0.23459789847937984 -0.09401602574757167 0.9806122448979592 0.9928571428571429 3.125e-05 3 142 -0.10176950863429478
baseline 0 146 146.0 -0.23447776297383216 -0.09524073722411175 0.9806122448979592 0.9928571428571429 3.125e-05 4 142 -0.10176950863429478
baseline 0 147 147.0 -0.23393073431439737 -0.09226851171376754 0.9836734693877551 0.9928571428571429 3.125e-05 5 142 -0.10176950863429478
baseline 0 148 148.0 -0.2349334925991522 -0.09064310180897615 0.9806122448979592 0.9928571428571429 3.125e-05 6 142 -0.10176950863429478
baseline 0 149 149.0 -0.23546673888692574 -0.09766161344489273 0.9836734693877551 0.9928571428571429 3.125e-05 7 142 -0.10176950863429478
baseline 0 150 150.0 -0.23448904998699419 -0.09599728389662139 0.9836734693877551 0.9928571428571429 3.125e-05 8 142 -0.10176950863429478
baseline 0 151 151.0 -0.23428314248436682 -0.0922115683555603 0.9806122448979592 0.9928571428571429 3.125e-05 9 142 -0.10176950863429478
baseline 0 152 152.0 -0.23565844849010775 -0.09025554292056025 0.9816326530612245 0.9928571428571429 3.125e-05 10 142 -0.10176950863429478
baseline 0 153 153.0 -0.23561447913605296 -0.0947612426718887 0.9826530612244898 0.9928571428571429 1.5625e-05 11 142 -0.10176950863429478
baseline 0 154 154.0 -0.23564571982384702 -0.09583948096450494 0.9826530612244898 0.9918367346938776 1.5625e-05 12 142 -0.10176950863429478
baseline 0 155 155.0 -0.2365026008242606 -0.09618209186865359 0.9836734693877551 0.9928571428571429 1.5625e-05 13 142 -0.10176950863429478
baseline 0 156 156.0 -0.23561386190225447 -0.09542118578541035 0.9826530612244898 0.9928571428571429 1.5625e-05 14 142 -0.10176950863429478
baseline 0 157 157.0 -0.23598963655417252 -0.0952079600217391 0.9816326530612245 0.9928571428571429 1.5625e-05 15 142 -0.10176950863429478
baseline 0 158 158.0 -0.23681863512276874 -0.09623574699674334 0.9826530612244898 0.9928571428571429 1.5625e-05 16 142 -0.10176950863429478
baseline 0 159 159.0 -0.23614289860438034 -0.09547399963651385 0.9816326530612245 0.9928571428571429 1.5625e-05 17 142 -0.10176950863429478
baseline 0 160 160.0 -0.23581097391457798 -0.09653891033055831 0.9816326530612245 0.9928571428571429 1.5625e-05 18 142 -0.10176950863429478
baseline 0 161 161.0 -0.23569645378757667 -0.09419578119200103 0.9836734693877551 0.9928571428571429 1.5625e-05 19 142 -0.10176950863429478
baseline 0 162 162.0 -0.23531225387604415 -0.09591974336273816 0.9816326530612245 0.9928571428571429 1.5625e-05 20 142 -0.10176950863429478
baseline 0 163 163.0 -0.23592454949974162 -0.098514901375284 0.9836734693877551 0.9928571428571429 1.5625e-05 21 142 -0.10176950863429478
baseline 0 164 164.0 -0.2359892176169297 -0.0962352061758236 0.9826530612244898 0.9928571428571429 7.8125e-06 22 142 -0.10176950863429478
baseline 0 165 165.0 -0.23634626155488947 -0.09447456573953433 0.9816326530612245 0.9928571428571429 7.8125e-06 23 142 -0.10176950863429478
baseline 0 166 166.0 -0.23595487438256454 -0.09220131830293304 0.9806122448979592 0.9928571428571429 7.8125e-06 24 142 -0.10176950863429478
baseline 0 167 167.0 -0.23605301656567163 -0.09433655933457978 0.9816326530612245 0.9928571428571429 7.8125e-06 25 142 -0.10176950863429478
baseline 0 168 168.0 -0.2363341170019709 -0.09514812887931356 0.9826530612244898 0.9928571428571429 7.8125e-06 26 142 -0.10176950863429478
baseline 0 169 169.0 -0.23691804678130807 -0.09760325757824645 0.9816326530612245 0.9928571428571429 7.8125e-06 27 142 -0.10176950863429478
baseline 0 170 170.0 -0.23589441463336028 -0.09874870923100686 0.9826530612244898 0.9928571428571429 7.8125e-06 28 142 -0.10176950863429478
baseline 0 171 171.0 -0.23690344169507596 -0.0966227363566963 0.9816326530612245 0.9928571428571429 7.8125e-06 29 142 -0.10176950863429478
baseline 0 172 172.0 -0.23640082446255162 -0.09553444434185418 0.9816326530612245 0.9928571428571429 7.8125e-06 30 142 -0.10176950863429478
baseline 1 1 1.0 1.9893355331820293 5.369682901732776 0.28877551020408165 0.35 0.001 0 1 5.369682901732776
baseline 1 2 2.0 1.4654494581232276 3.6313814961180393 0.3142857142857143 0.6071428571428571 0.001 0 2 3.6313814961180393
baseline 1 3 3.0 1.1945121277340587 1.8822031361716134 0.6081632653061224 0.7295918367346939 0.001 0 3 1.8822031361716134
baseline 1 4 4.0 0.9989969861884892 1.5105282077983935 0.823469387755102 0.6857142857142857 0.001 0 4 1.5105282077983935
baseline 1 5 5.0 0.9309503019038698 1.6488912256396546 0.6602040816326531 0.6755102040816326 0.001 1 4 1.5105282077983935
baseline 1 6 6.0 0.8380350101590766 1.273492803378981 0.6795918367346939 0.9224489795918367 0.001 0 6 1.273492803378981
baseline 1 7 7.0 0.7863184188067365 1.3533193135748105 0.6295918367346939 0.9744897959183674 0.001 1 6 1.273492803378981
baseline 1 8 8.0 0.7533245427615796 1.0483966481928924 0.7806122448979592 0.9581632653061225 0.001 0 8 1.0483966481928924
baseline 1 9 9.0 0.7087221062828742 1.0506396342296989 0.8377551020408164 0.939795918367347 0.001 1 8 1.0483966481928924
baseline 1 10 10.0 0.6848736057120762 0.9943820749010358 0.8459183673469388 0.9530612244897959 0.001 0 10 0.9943820749010358
baseline 1 11 11.0 0.6036372095255126 1.0735459561250649 0.826530612244898 0.9591836734693877 0.001 1 10 0.9943820749010358
baseline 1 12 12.0 0.5872506003701286 1.421616555233391 0.7112244897959183 0.9816326530612245 0.001 2 10 0.9943820749010358
baseline 1 13 13.0 0.5616107824143399 1.8426486292663886 0.673469387755102 0.8387755102040816 0.001 3 10 0.9943820749010358
baseline 1 14 14.0 0.5293701663080591 1.2443721542553026 0.6285714285714286 0.9714285714285714 0.001 4 10 0.9943820749010358
baseline 1 15 15.0 0.5022491579523369 1.8491010519922997 0.4989795918367347 0.9346938775510204 0.001 5 10 0.9943820749010358
baseline 1 16 16.0 0.4543805570780196 0.739467545918056 0.8959183673469387 0.9285714285714286 0.001 0 16 0.739467545918056
baseline 1 17 17.0 0.43551393801515753 1.0272071074466316 0.7438775510204082 0.9816326530612245 0.001 1 16 0.739467545918056
baseline 1 18 18.0 0.3930823600206969 0.611756883835306 0.9020408163265307 0.9846938775510204 0.001 0 18 0.611756883835306
baseline 1 19 19.0 0.35184637853634126 1.1052619116646902 0.7346938775510204 0.9734693877551021 0.001 1 18 0.611756883835306
baseline 1 20 20.0 0.32332332990873336 0.7611916186858196 0.8459183673469388 0.9806122448979592 0.001 2 18 0.611756883835306
baseline 1 21 21.0 0.30571418894080027 0.993402386684807 0.7153061224489796 0.986734693877551 0.001 3 18 0.611756883835306
baseline 1 22 22.0 0.2938087178628218 0.4424023382517756 0.9448979591836735 0.9785714285714285 0.001 0 22 0.4424023382517756
baseline 1 23 23.0 0.273546765055184 0.5023096857022266 0.926530612244898 0.9806122448979592 0.001 1 22 0.4424023382517756
baseline 1 24 24.0 0.287361342859463 1.7759089372595962 0.686734693877551 0.7051020408163265 0.001 2 22 0.4424023382517756
baseline 1 25 25.0 0.2944050736580733 1.1461303968818821 0.7142857142857143 0.9061224489795918 0.001 3 22 0.4424023382517756
baseline 1 26 26.0 0.2841299141512706 1.7442074464291943 0.513265306122449 0.9387755102040817 0.001 4 22 0.4424023382517756
baseline 1 27 27.0 0.24559609977047095 0.7200159559444506 0.8663265306122448 0.9489795918367347 0.001 5 22 0.4424023382517756
baseline 1 28 28.0 0.19775151189671594 2.0778707990840988 0.6265306122448979 0.8173469387755102 0.001 6 22 0.4424023382517756
baseline 1 29 29.0 0.20242262431501246 0.9584547458862772 0.8051020408163265 0.8918367346938776 0.001 7 22 0.4424023382517756
baseline 1 30 30.0 0.15896659541544073 0.7258529777429542 0.8857142857142857 0.9061224489795918 0.001 8 22 0.4424023382517756
baseline 1 31 31.0 0.12239578326705527 0.5875561237335205 0.9010204081632653 0.9846938775510204 0.001 9 22 0.4424023382517756
baseline 1 32 32.0 0.11052198685226207 0.6979924535264774 0.8214285714285714 0.9918367346938776 0.001 10 22 0.4424023382517756
baseline 1 33 33.0 0.11406093592297921 4.170690077178333 0.2336734693877551 0.773469387755102 0.0005 11 22 0.4424023382517756
baseline 1 34 34.0 0.10697935215664592 0.5035938338357575 0.9204081632653062 0.9591836734693877 0.0005 12 22 0.4424023382517756
baseline 1 35 35.0 0.07310718657169206 0.4086686849594116 0.923469387755102 0.9785714285714285 0.0005 0 35 0.4086686849594116
baseline 1 36 36.0 0.05713432521936964 0.2619697162083217 0.923469387755102 0.9938775510204082 0.0005 0 36 0.2619697162083217
baseline 1 37 37.0 0.045842198782483454 0.1822402910310395 0.9653061224489796 0.9938775510204082 0.0005 0 37 0.1822402910310395
baseline 1 38 38.0 0.038497724133687315 0.2150783670191862 0.9459183673469388 0.9938775510204082 0.0005 1 37 0.1822402910310395
baseline 1 39 39.0 0.0335752565843701 0.24796225878657127 0.9612244897959183 0.9877551020408163 0.0005 2 37 0.1822402910310395
baseline 1 40 40.0 0.02616505463349807 0.1386375595112236 0.9785714285714285 0.9938775510204082 0.0005 0 40 0.1386375595112236
baseline 1 41 41.0 0.020160834806323417 0.2500879017674193 0.9479591836734694 0.9897959183673469 0.0005 1 40 0.1386375595112236
baseline 1 42 42.0 0.012455489528313112 0.15945760692868913 0.9642857142857143 0.9908163265306122 0.0005 2 40 0.1386375595112236
baseline 1 43 43.0 0.008409353880643601 0.16044587699734436 0.9612244897959183 0.9928571428571429 0.0005 3 40 0.1386375595112236
baseline 1 44 44.0 0.007091556433150669 0.17342057301073657 0.960204081632653 0.9897959183673469 0.0005 4 40 0.1386375595112236
baseline 1 45 45.0 0.0027592489619542434 0.3090161097292997 0.9295918367346939 0.9908163265306122 0.0005 5 40 0.1386375595112236
baseline 1 46 46.0 -0.0028309808688217336 1.012359968983397 0.8030612244897959 0.860204081632653 0.0005 6 40 0.1386375595112236
baseline 1 47 47.0 0.00026233526245444494 0.9605240529897262 0.773469387755102 0.9959183673469387 0.0005 7 40 0.1386375595112236
baseline 1 48 48.0 -0.005730126133004053 0.8703976524119474 0.7612244897959184 0.9826530612244898 0.0005 8 40 0.1386375595112236
baseline 1 49 49.0 -0.017390516488617846 0.528536276428067 0.8846938775510204 0.9836734693877551 0.0005 9 40 0.1386375595112236
baseline 1 50 50.0 -0.021271806328240647 0.2447578965401163 0.95 0.9816326530612245 0.0005 10 40 0.1386375595112236
baseline 1 51 51.0 -0.031040965841057595 0.13218335107881196 0.9612244897959183 0.9918367346938776 0.0005 0 51 0.13218335107881196
baseline 1 52 52.0 -0.03558148426956005 0.2323160288285236 0.9459183673469388 0.9918367346938776 0.0005 1 51 0.13218335107881196
baseline 1 53 53.0 -0.0435027897784123 0.6750590353595968 0.7918367346938775 0.9918367346938776 0.0005 2 51 0.13218335107881196
baseline 1 54 54.0 -0.04755282907369066 0.19927485621705346 0.95 0.9846938775510204 0.0005 3 51 0.13218335107881196
baseline 1 55 55.0 -0.05503394508751469 0.2019498737490907 0.9448979591836735 0.9918367346938776 0.0005 4 51 0.13218335107881196
baseline 1 56 56.0 -0.06351078719479071 0.08623886716609099 0.9653061224489796 0.9928571428571429 0.0005 0 56 0.08623886716609099
baseline 1 57 57.0 -0.06893164059480193 0.10127362986000217 0.960204081632653 0.9928571428571429 0.0005 1 56 0.08623886716609099
baseline 1 58 58.0 -0.06878004826612931 0.36082095759255545 0.8826530612244898 0.986734693877551 0.0005 2 56 0.08623886716609099
baseline 1 59 59.0 -0.07231015326175554 0.2220139878136771 0.9326530612244898 0.9928571428571429 0.0005 3 56 0.08623886716609099
baseline 1 60 60.0 -0.07206750488378663 0.14310166957427045 0.960204081632653 0.9826530612244898 0.0005 4 56 0.08623886716609099
baseline 1 61 61.0 -0.062388670578431546 1.7445727893284388 0.6510204081632653 0.936734693877551 0.0005 5 56 0.08623886716609099
baseline 1 62 62.0 -0.05112822550188168 0.2132792285510472 0.9377551020408164 0.986734693877551 0.0005 6 56 0.08623886716609099
baseline 1 63 63.0 0.007780162014440082 1.2747782965095675 0.8183673469387756 0.8948979591836734 0.0005 7 56 0.08623886716609099
baseline 1 64 64.0 0.024116968292746774 0.7927654706701941 0.8244897959183674 0.9877551020408163 0.0005 8 56 0.08623886716609099
baseline 1 65 65.0 -0.00020675122189935796 1.4187157163814623 0.6408163265306123 0.9816326530612245 0.0005 9 56 0.08623886716609099
baseline 1 66 66.0 -0.04145905579439344 4.453055714587776 0.3622448979591837 0.8959183673469387 0.0005 10 56 0.08623886716609099
baseline 1 67 67.0 0.00891270853038706 3.9229344689116186 0.3663265306122449 0.9816326530612245 0.00025 11 56 0.08623886716609099
baseline 1 68 68.0 -0.05431652647482119 0.42477145949188544 0.8857142857142857 0.9877551020408163 0.00025 12 56 0.08623886716609099
baseline 1 69 69.0 -0.08860871618931335 0.21443165540695192 0.939795918367347 0.9928571428571429 0.00025 13 56 0.08623886716609099
baseline 1 70 70.0 -0.09679294545755202 0.2960279698274573 0.889795918367347 0.9918367346938776 0.00025 14 56 0.08623886716609099
baseline 1 71 71.0 -0.10651836356298429 0.07877206875353443 0.963265306122449 0.9928571428571429 0.00025 0 71 0.07877206875353443
baseline 1 72 72.0 -0.11362956578446604 0.020878078256334576 0.9673469387755103 0.9938775510204082 0.00025 0 72 0.020878078256334576
baseline 1 73 73.0 -0.11785537643744338 0.018289857008019272 0.9693877551020408 0.9928571428571429 0.00025 0 73 0.018289857008019272
baseline 1 74 74.0 -0.11933603757979068 0.008818905937428376 0.9714285714285714 0.9938775510204082 0.00025 0 74 0.008818905937428376
baseline 1 75 75.0 -0.12209861606085508 0.027232571524016713 0.9663265306122449 0.9928571428571429 0.00025 1 74 0.008818905937428376
baseline 1 76 76.0 -0.12352290411648151 0.02637764531738904 0.9663265306122449 0.9938775510204082 0.00025 2 74 0.008818905937428376
baseline 1 77 77.0 -0.1266662369466047 0.012025054376952502 0.9673469387755103 0.9938775510204082 0.00025 3 74 0.008818905937428376
baseline 1 78 78.0 -0.12701285421178582 0.02411623949907264 0.9663265306122449 0.9928571428571429 0.00025 4 74 0.008818905937428376
baseline 1 79 79.0 -0.12879004188650597 0.00857846955863797 0.9683673469387755 0.9928571428571429 0.00025 0 79 0.00857846955863797
baseline 1 80 80.0 -0.1286422253507394 0.12603264852445953 0.9438775510204082 0.9938775510204082 0.00025 1 79 0.00857846955863797
baseline 1 81 81.0 -0.1328600033798062 0.03360672118712445 0.9642857142857143 0.9938775510204082 0.00025 2 79 0.00857846955863797
baseline 1 82 82.0 -0.13368993680981256 0.021035393890069455 0.9653061224489796 0.9928571428571429 0.00025 3 79 0.00857846955863797
baseline 1 83 83.0 -0.1348635640767792 0.013824905911270453 0.9693877551020408 0.9928571428571429 0.00025 4 79 0.00857846955863797
baseline 1 84 84.0 -0.13779343927965954 0.018690728654666824 0.9673469387755103 0.9938775510204082 0.00025 5 79 0.00857846955863797
baseline 1 85 85.0 -0.13762656898371897 0.03731315330583222 0.9642857142857143 0.9938775510204082 0.00025 6 79 0.00857846955863797
baseline 1 86 86.0 -0.14208084831929427 0.0030281932986512476 0.9663265306122449 0.9938775510204082 0.00025 0 86 0.0030281932986512476
baseline 1 87 87.0 -0.1444137841615297 0.008207765647343226 0.9673469387755103 0.9938775510204082 0.00025 1 86 0.0030281932986512476
baseline 1 88 88.0 -0.14729098414010972 0.009537349428449358 0.9663265306122449 0.9928571428571429 0.00025 2 86 0.0030281932986512476
baseline 1 89 89.0 -0.14896576811271253 -0.007202271052769252 0.9714285714285714 0.9938775510204082 0.00025 0 89 -0.007202271052769252
baseline 1 90 90.0 -0.14840452493272105 0.007185231909459951 0.9612244897959183 0.9938775510204082 0.00025 1 89 -0.007202271052769252
baseline 1 91 91.0 -0.1509780309660564 0.006746654851096017 0.9663265306122449 0.9938775510204082 0.00025 2 89 -0.007202271052769252
baseline 1 92 92.0 -0.15350674693991143 0.00650973198365192 0.9663265306122449 0.9928571428571429 0.00025 3 89 -0.007202271052769252
baseline 1 93 93.0 -0.15498786190557043 0.004550136108787692 0.9663265306122449 0.9928571428571429 0.00025 4 89 -0.007202271052769252
baseline 1 94 94.0 -0.1575649373377916 0.005612005992811553 0.9744897959183674 0.9928571428571429 0.00025 5 89 -0.007202271052769252
baseline 1 95 95.0 -0.15542038973797573 0.028191605149483195 0.9653061224489796 0.9918367346938776 0.00025 6 89 -0.007202271052769252
baseline 1 96 96.0 -0.15813187346151583 0.035414842196873256 0.960204081632653 0.9918367346938776 0.00025 7 89 -0.007202271052769252
baseline 1 97 97.0 -0.1602922147092342 0.018323057768296222 0.963265306122449 0.9938775510204082 0.00025 8 89 -0.007202271052769252
baseline 1 98 98.0 -0.1638191481167498 0.05186176397362534 0.963265306122449 0.9938775510204082 0.00025 9 89 -0.007202271052769252
baseline 1 99 99.0 -0.16369816018563368 0.00489817273860075 0.963265306122449 0.9938775510204082 0.00025 10 89 -0.007202271052769252
baseline 1 100 100.0 -0.15718757893140517 0.04345266624372832 0.9683673469387755 0.9897959183673469 0.000125 11 89 -0.007202271052769252
baseline 1 101 101.0 -0.16308194624147815 0.006126323524786502 0.9683673469387755 0.9928571428571429 0.000125 12 89 -0.007202271052769252
baseline 1 102 102.0 -0.16629410843318282 -0.011966498530640895 0.9693877551020408 0.9928571428571429 0.000125 0 102 -0.011966498530640895
baseline 1 103 103.0 -0.16928531419755977 -0.005636696669520164 0.9653061224489796 0.9928571428571429 0.000125 1 102 -0.011966498530640895
baseline 1 104 104.0 -0.16949086522909912 -0.019075377133427836 0.9673469387755103 0.9928571428571429 0.000125 0 104 -0.019075377133427836
baseline 1 105 105.0 -0.17086967603665937 -0.00991403545652117 0.963265306122449 0.9928571428571429 0.000125 1 104 -0.019075377133427836
baseline 1 106 106.0 -0.17189768982615486 -0.01718698277765391 0.9693877551020408 0.9928571428571429 0.000125 2 104 -0.019075377133427836
baseline 1 107 107.0 -0.17261445035242814 3.7067277090890064e-05 0.960204081632653 0.9928571428571429 0.000125 3 104 -0.019075377133427836
baseline 1 108 108.0 -0.1733362182776945 -0.01584001974183686 0.9673469387755103 0.9928571428571429 0.000125 4 104 -0.019075377133427836
baseline 1 109 109.0 -0.17245004558222288 -0.02011216027396066 0.9744897959183674 0.9928571428571429 0.000125 0 109 -0.02011216027396066
baseline 1 110 110.0 -0.1741556390069722 -0.0215803540482813 0.9693877551020408 0.9928571428571429 0.000125 0 110 -0.0215803540482813
baseline 1 111 111.0 -0.1751416063771428 0.009640176685488954 0.9581632653061225 0.9928571428571429 0.000125 1 110 -0.0215803540482813
baseline 1 112 112.0 -0.1764549222737703 -0.004866812910352435 0.9653061224489796 0.9938775510204082 0.000125 2 110 -0.0215803540482813
baseline 1 113 113.0 -0.17667040572833723 -0.02331494457867681 0.9693877551020408 0.9928571428571429 0.000125 0 113 -0.02331494457867681
baseline 1 114 114.0 -0.17616842527311596 -0.016179470626675352 0.9755102040816327 0.9938775510204082 0.000125 1 113 -0.02331494457867681
baseline 1 115 115.0 -0.1778462776368193 -0.002170086393550951 0.9683673469387755 0.9938775510204082 0.000125 2 113 -0.02331494457867681
baseline 1 116 116.0 -0.1782341119096033 -0.0015270456975820113 0.960204081632653 0.9928571428571429 0.000125 3 113 -0.02331494457867681
baseline 1 117 117.0 -0.17843229637935043 -0.014073250001790572 0.9663265306122449 0.9928571428571429 0.000125 4 113 -0.02331494457867681
baseline 1 118 118.0 -0.18052534319163585 -0.015321108516381712 0.9693877551020408 0.9928571428571429 0.000125 5 113 -0.02331494457867681
baseline 1 119 119.0 -0.1813492997187029 -0.031127524375915528 0.9693877551020408 0.9928571428571429 0.000125 0 119 -0.031127524375915528
baseline 1 120 120.0 -0.18211261378610707 -0.0043868913942453815 0.9642857142857143 0.9938775510204082 0.000125 1 119 -0.031127524375915528
baseline 1 121 121.0 -0.1824271260657033 -0.028621113300323485 0.9714285714285714 0.9938775510204082 0.000125 2 119 -0.031127524375915528
baseline 1 122 122.0 -0.1815600898706633 0.01701036326739253 0.9642857142857143 0.9928571428571429 0.000125 3 119 -0.031127524375915528
baseline 1 123 123.0 -0.18179729547393456 0.008511351565925442 0.9612244897959183 0.9928571428571429 0.000125 4 119 -0.031127524375915528
baseline 1 124 124.0 -0.181737362242573 -0.013427837770812365 0.9755102040816327 0.9918367346938776 0.000125 5 119 -0.031127524375915528
baseline 1 125 125.0 -0.1815951241292554 0.018756245350351138 0.963265306122449 0.9928571428571429 0.000125 6 119 -0.031127524375915528
baseline 1 126 126.0 -0.18449431213343837 -0.018606445740680305 0.9663265306122449 0.9928571428571429 0.000125 7 119 -0.031127524375915528
baseline 1 127 127.0 -0.18521975795143836 -0.015834849464650056 0.9673469387755103 0.9928571428571429 0.000125 8 119 -0.031127524375915528
baseline 1 128 128.0 -0.18574845790863037 -0.0192507021281184 0.9642857142857143 0.9928571428571429 0.000125 9 119 -0.031127524375915528
baseline 1 129 129.0 -0.18752489824217114 -0.03170587919196304 0.9724489795918367 0.9928571428571429 0.000125 0 129 -0.03170587919196304
baseline 1 130 130.0 -0.18770846873674013 -0.015097227388498734 0.9663265306122449 0.9928571428571429 0.000125 1 129 -0.03170587919196304
baseline 1 131 131.0 -0.18860814727241587 -0.02373069427451309 0.9714285714285714 0.9928571428571429 0.000125 2 129 -0.03170587919196304
baseline 1 132 132.0 -0.1877556297703588 0.05450880527496338 0.9540816326530612 0.9928571428571429 0.000125 3 129 -0.03170587919196304
baseline 1 133 133.0 -0.18887884508479724 -0.0046160943654118755 0.9653061224489796 0.9928571428571429 0.000125 4 129 -0.03170587919196304
baseline 1 134 134.0 -0.19098486817528448 -0.016497972303507278 0.9683673469387755 0.9918367346938776 0.000125 5 129 -0.03170587919196304
baseline 1 135 135.0 -0.19199952790637304 -0.037082721262562034 0.9724489795918367 0.9928571428571429 0.000125 0 135 -0.037082721262562034
baseline 1 136 136.0 -0.19104342575092725 -0.002843758524680624 0.963265306122449 0.9928571428571429 0.000125 1 135 -0.037082721262562034
baseline 1 137 137.0 -0.19051926828867569 -0.030965011217156235 0.9755102040816327 0.9928571428571429 0.000125 2 135 -0.037082721262562034
baseline 1 138 138.0 -0.19355020849405197 -0.0280841090241257 0.9714285714285714 0.9928571428571429 0.000125 3 135 -0.037082721262562034
baseline 1 139 139.0 -0.19249880210371864 -0.004394973784076924 0.9622448979591837 0.9928571428571429 0.000125 4 135 -0.037082721262562034
baseline 1 140 140.0 -0.19389037707244047 -0.006277794983922219 0.9612244897959183 0.9928571428571429 0.000125 5 135 -0.037082721262562034
baseline 1 141 141.0 -0.1944571106377856 -0.035333414953582144 0.9704081632653061 0.9928571428571429 0.000125 6 135 -0.037082721262562034
baseline 1 142 142.0 -0.19435535631579204 -0.02414239620675846 0.9714285714285714 0.9928571428571429 0.000125 7 135 -0.037082721262562034
baseline 1 143 143.0 -0.19498073683330547 -0.03312168632234846 0.9744897959183674 0.9928571428571429 0.000125 8 135 -0.037082721262562034
baseline 1 144 144.0 -0.19463766503991584 -0.01639223220397015 0.9673469387755103 0.9928571428571429 0.000125 9 135 -0.037082721262562034
baseline 1 145 145.0 -0.19542781051259728 -0.006585146213064388 0.9612244897959183 0.9928571428571429 0.000125 10 135 -0.037082721262562034
baseline 1 146 146.0 -0.1964922005479986 0.028425069487824733 0.9581632653061225 0.9908163265306122 6.25e-05 11 135 -0.037082721262562034
baseline 1 147 147.0 -0.19808077428630716 -0.025062830594121194 0.9693877551020408 0.9938775510204082 6.25e-05 12 135 -0.037082721262562034
baseline 1 148 148.0 -0.19766436631394602 -0.012245262399011728 0.9663265306122449 0.9928571428571429 6.25e-05 13 135 -0.037082721262562034
baseline 1 149 149.0 -0.19887375308008554 -0.013755701999275052 0.9663265306122449 0.9928571428571429 6.25e-05 14 135 -0.037082721262562034
baseline 1 150 150.0 -0.20082778286519892 -0.030563500462746133 0.9622448979591837 0.9928571428571429 6.25e-05 15 135 -0.037082721262562034
baseline 1 151 151.0 -0.2010523917360861 -0.022967063407508693 0.9642857142857143 0.9928571428571429 6.25e-05 16 135 -0.037082721262562034
baseline 1 152 152.0 -0.20076097567795004 -0.036149873782177364 0.9734693877551021 0.9928571428571429 6.25e-05 17 135 -0.037082721262562034
baseline 1 153 153.0 -0.20255842266092505 -0.03187494569895219 0.9704081632653061 0.9928571428571429 6.25e-05 18 135 -0.037082721262562034
baseline 1 154 154.0 -0.20210664307620602 -0.01820809232945345 0.9612244897959183 0.9928571428571429 6.25e-05 19 135 -0.037082721262562034
baseline 1 155 155.0 -0.20215961888082423 -0.019582584926060267 0.963265306122449 0.9928571428571429 6.25e-05 20 135 -0.037082721262562034
baseline 1 156 156.0 -0.2009214859939084 -0.030629291096512152 0.9714285714285714 0.9928571428571429 6.25e-05 21 135 -0.037082721262562034
baseline 1 157 157.0 -0.2019217913557487 -0.028491724997150653 0.9642857142857143 0.9928571428571429 3.125e-05 22 135 -0.037082721262562034
baseline 1 158 158.0 -0.20355642383748834 -0.0314259655621587 0.9663265306122449 0.9928571428571429 3.125e-05 23 135 -0.037082721262562034
baseline 1 159 159.0 -0.2036917031846324 -0.03254018608404666 0.9673469387755103 0.9928571428571429 3.125e-05 24 135 -0.037082721262562034
baseline 1 160 160.0 -0.2032610128678389 -0.03735928997701528 0.9673469387755103 0.9928571428571429 3.125e-05 0 160 -0.03735928997701528
baseline 1 161 161.0 -0.2034093061189973 -0.03934031530302398 0.9704081632653061 0.9928571428571429 3.125e-05 0 161 -0.03934031530302398
baseline 1 162 162.0 -0.20454112550698456 -0.03581800193202739 0.9714285714285714 0.9928571428571429 3.125e-05 1 161 -0.03934031530302398
baseline 1 163 163.0 -0.2038738884039383 -0.028614386247128858 0.9653061224489796 0.9928571428571429 3.125e-05 2 161 -0.03934031530302398
baseline 1 164 164.0 -0.20454904598405582 -0.03856939417975289 0.9714285714285714 0.9928571428571429 3.125e-05 3 161 -0.03934031530302398
baseline 1 165 165.0 -0.20414386548109512 -0.026131977353777203 0.9653061224489796 0.9928571428571429 3.125e-05 4 161 -0.03934031530302398
baseline 1 166 166.0 -0.20373376726008288 -0.03537907673388111 0.9663265306122449 0.9928571428571429 3.125e-05 5 161 -0.03934031530302398
baseline 1 167 167.0 -0.2041622306523698 -0.03645175330492915 0.9683673469387755 0.9928571428571429 3.125e-05 6 161 -0.03934031530302398
baseline 1 168 168.0 -0.20396343881190127 -0.035280318892731956 0.9673469387755103 0.9938775510204082 3.125e-05 7 161 -0.03934031530302398
baseline 1 169 169.0 -0.20484345213750774 -0.036080384741024096 0.9673469387755103 0.9928571428571429 3.125e-05 8 161 -0.03934031530302398
baseline 1 170 170.0 -0.20394754829884063 -0.008437843955292994 0.9642857142857143 0.9928571428571429 3.125e-05 9 161 -0.03934031530302398
baseline 1 171 171.0 -0.20487237457600752 -0.028750479707912523 0.9683673469387755 0.9928571428571429 3.125e-05 10 161 -0.03934031530302398
baseline 1 172 172.0 -0.20473188009641996 -0.037922377002482514 0.9704081632653061 0.9928571428571429 1.5625e-05 11 161 -0.03934031530302398
baseline 1 173 173.0 -0.20590528197381056 -0.035655806745801655 0.9704081632653061 0.9928571428571429 1.5625e-05 12 161 -0.03934031530302398
baseline 1 174 174.0 -0.20590668374841864 -0.03695071935653686 0.9704081632653061 0.9928571428571429 1.5625e-05 13 161 -0.03934031530302398
baseline 1 175 175.0 -0.20639732032557673 -0.032420505066307226 0.9724489795918367 0.9928571428571429 1.5625e-05 14 161 -0.03934031530302398
baseline 1 176 176.0 -0.2060502225702459 -0.03587650352594804 0.9724489795918367 0.9928571428571429 1.5625e-05 15 161 -0.03934031530302398
baseline 1 177 177.0 -0.2060320055277769 -0.026038208056469354 0.9642857142857143 0.9928571428571429 1.5625e-05 16 161 -0.03934031530302398
baseline 1 178 178.0 -0.20659334715588953 -0.033688734988777 0.963265306122449 0.9928571428571429 1.5625e-05 17 161 -0.03934031530302398
baseline 1 179 179.0 -0.20658469985527453 -0.03446268548770827 0.9673469387755103 0.9928571428571429 1.5625e-05 18 161 -0.03934031530302398
baseline 1 180 180.0 -0.20675164315016203 -0.03712080814400498 0.9714285714285714 0.9928571428571429 1.5625e-05 19 161 -0.03934031530302398
baseline 1 181 181.0 -0.20680491843920076 -0.03154929851999088 0.9653061224489796 0.9928571428571429 1.5625e-05 20 161 -0.03934031530302398
baseline 1 182 182.0 -0.20669147911062036 -0.038859016797980483 0.9683673469387755 0.9928571428571429 1.5625e-05 21 161 -0.03934031530302398
baseline 1 183 183.0 -0.20710740616664944 -0.03639045029270406 0.9693877551020408 0.9928571428571429 7.8125e-06 22 161 -0.03934031530302398
baseline 1 184 184.0 -0.2061071184000516 -0.034715373418769055 0.9693877551020408 0.9928571428571429 7.8125e-06 23 161 -0.03934031530302398
baseline 1 185 185.0 -0.20695542954327015 -0.036382682226142105 0.9673469387755103 0.9928571428571429 7.8125e-06 24 161 -0.03934031530302398
baseline 1 186 186.0 -0.20716479807270194 -0.04011153396295041 0.9714285714285714 0.9918367346938776 7.8125e-06 0 186 -0.04011153396295041
baseline 1 187 187.0 -0.2069504555082662 -0.03799092964250214 0.9673469387755103 0.9928571428571429 7.8125e-06 1 186 -0.04011153396295041
baseline 1 188 188.0 -0.2073123516539631 -0.03755617117395206 0.9673469387755103 0.9928571428571429 7.8125e-06 2 186 -0.04011153396295041
baseline 1 189 189.0 -0.20713549730604833 -0.03765644686562675 0.9673469387755103 0.9928571428571429 7.8125e-06 3 186 -0.04011153396295041
baseline 1 190 190.0 -0.20773838276273748 -0.032411798165768994 0.9653061224489796 0.9928571428571429 7.8125e-06 4 186 -0.04011153396295041
baseline 1 191 191.0 -0.2071130880296413 -0.036710342095822704 0.9653061224489796 0.9928571428571429 7.8125e-06 5 186 -0.04011153396295041
baseline 1 192 192.0 -0.20690700658373495 -0.03321103538785662 0.9663265306122449 0.9928571428571429 7.8125e-06 6 186 -0.04011153396295041
baseline 1 193 193.0 -0.20749159024855213 -0.03695132635077652 0.9693877551020408 0.9928571428571429 7.8125e-06 7 186 -0.04011153396295041
baseline 1 194 194.0 -0.20760483395943724 -0.03754698573326578 0.9683673469387755 0.9928571428571429 7.8125e-06 8 186 -0.04011153396295041
baseline 1 195 195.0 -0.20766914682320117 -0.038841845794599886 0.9693877551020408 0.9928571428571429 7.8125e-06 9 186 -0.04011153396295041
baseline 1 196 196.0 -0.20746184046835894 -0.03855125174230459 0.9683673469387755 0.9928571428571429 7.8125e-06 10 186 -0.04011153396295041
baseline 1 197 197.0 -0.2075083650899737 -0.041062094484056746 0.9693877551020408 0.9928571428571429 7.8125e-06 0 197 -0.041062094484056746
baseline 1 198 198.0 -0.2074324499598806 -0.034481872587787864 0.9673469387755103 0.9928571428571429 7.8125e-06 1 197 -0.041062094484056746
baseline 1 199 199.0 -0.20763411780056354 -0.03780855718924075 0.9673469387755103 0.9928571428571429 7.8125e-06 2 197 -0.041062094484056746
baseline 1 200 200.0 -0.20789378254357593 -0.04016087809387518 0.9693877551020408 0.9928571428571429 7.8125e-06 3 197 -0.041062094484056746
baseline 2 1 1.0 2.0076824738372943 4.640614898837343 0.2979591836734694 0.35 0.001 0 1 4.640614898837343
baseline 2 2 2.0 1.4615303190297564 2.8230445277934173 0.41122448979591836 0.7193877551020408 0.001 0 2 2.8230445277934173
baseline 2 3 3.0 1.2189893718881188 1.5946928817398693 0.5683673469387756 0.8642857142857143 0.001 0 3 1.5946928817398693
baseline 2 4 4.0 1.0502904876381676 2.3110235992743045 0.5642857142857143 0.8979591836734694 0.001 1 3 1.5946928817398693
baseline 2 5 5.0 0.9276455171992269 1.4695563802913743 0.7622448979591837 0.8061224489795918 0.001 0 5 1.4695563802913743
baseline 2 6 6.0 0.8437360002144608 1.171129112340966 0.7112244897959183 0.9663265306122449 0.001 0 6 1.171129112340966
baseline 2 7 7.0 0.7958877419670464 1.6705574094032756 0.6316326530612245 0.8244897959183674 0.001 1 6 1.171129112340966
baseline 2 8 8.0 0.7477294013010712 1.217518451749062 0.726530612244898 0.9734693877551021 0.001 2 6 1.171129112340966
baseline 2 9 9.0 0.6856683614426906 1.5623628251406612 0.6622448979591836 0.8306122448979592 0.001 3 6 1.171129112340966
baseline 2 10 10.0 0.625569292303247 1.1929525823009257 0.8357142857142857 0.8530612244897959 0.001 4 6 1.171129112340966
baseline 2 11 11.0 0.5987201736701521 2.367450339453561 0.5204081632653061 0.8122448979591836 0.001 5 6 1.171129112340966
baseline 2 12 12.0 0.5689239676687885 2.3159093817886043 0.47551020408163264 0.8663265306122448 0.001 6 6 1.171129112340966
baseline 2 13 13.0 0.541737172528112 0.7961520229067122 0.9071428571428571 0.9183673469387755 0.001 0 13 0.7961520229067122
baseline 2 14 14.0 0.5107588703469188 0.8778316220458673 0.8581632653061224 0.9704081632653061 0.001 1 13 0.7961520229067122
baseline 2 15 15.0 0.4962672321496872 1.0444752337981245 0.7775510204081633 0.9132653061224489 0.001 2 13 0.7961520229067122
baseline 2 16 16.0 0.44443015073853204 0.9294418142766369 0.8591836734693877 0.9020408163265307 0.001 3 13 0.7961520229067122
baseline 2 17 17.0 0.40560309843096476 0.5862440333074453 0.9224489795918367 0.9908163265306122 0.001 0 17 0.5862440333074453
baseline 2 18 18.0 0.3760788170991806 2.51538758959089 0.6632653061224489 0.5295918367346939 0.001 1 17 0.5862440333074453
baseline 2 19 19.0 0.35648031068530095 0.6973045324792667 0.8744897959183674 0.9887755102040816 0.001 2 17 0.5862440333074453
baseline 2 20 20.0 0.3449358212265954 1.5879838208762966 0.7091836734693877 0.9704081632653061 0.001 3 17 0.5862440333074453
baseline 2 21 21.0 0.3188035416590912 1.4995361785499417 0.7397959183673469 0.8244897959183674 0.001 4 17 0.5862440333074453
baseline 2 22 22.0 0.280168308179152 0.4263279204465905 0.939795918367347 0.9877551020408163 0.001 0 22 0.4263279204465905
baseline 2 23 23.0 0.2535999296451857 1.0326311413122684 0.7091836734693877 0.9785714285714285 0.001 1 22 0.4263279204465905
baseline 2 24 24.0 0.23378489751737866 0.4626707524669414 0.9295918367346939 0.9785714285714285 0.001 2 22 0.4263279204465905
baseline 2 25 25.0 0.21888753433880206 1.765535609576167 0.736734693877551 0.6112244897959184 0.001 3 22 0.4263279204465905
baseline 2 26 26.0 0.21195071034582447 1.6304437072909608 0.636734693877551 0.9 0.001 4 22 0.4263279204465905
baseline 2 27 27.0 0.22514745212551035 2.6585552935697594 0.41122448979591836 0.9306122448979591 0.001 5 22 0.4263279204465905
baseline 2 28 28.0 0.23324681552121296 2.3943191041751786 0.513265306122449 0.9622448979591837 0.001 6 22 0.4263279204465905
baseline 2 29 29.0 0.21861080845115866 5.1174281217613995 0.34285714285714286 0.7714285714285715 0.001 7 22 0.4263279204465905
baseline 2 30 30.0 0.17726224730889084 1.0290226118905204 0.8214285714285714 0.8887755102040816 0.001 8 22 0.4263279204465905
baseline 2 31 31.0 0.15955818512222983 1.5982313199919098 0.6244897959183674 0.9377551020408164 0.001 9 22 0.4263279204465905
baseline 2 32 32.0 0.13275086337869818 2.6930489111919793 0.5255102040816326 0.7428571428571429 0.001 10 22 0.4263279204465905
baseline 2 33 33.0 0.11530174194731435 2.0182953683697447 0.5704081632653061 0.9510204081632653 0.0005 11 22 0.4263279204465905
baseline 2 34 34.0 0.09392060718448705 0.4476531559107255 0.9214285714285714 0.9816326530612245 0.0005 12 22 0.4263279204465905
baseline 2 35 35.0 0.06459864824858091 0.25045597480267895 0.9408163265306122 0.9897959183673469 0.0005 0 35 0.25045597480267895
baseline 2 36 36.0 0.056786491508016304 0.19379408018929617 0.9734693877551021 0.9826530612244898 0.0005 0 36 0.19379408018929617
baseline 2 37 37.0 0.04937937268197719 0.38572622464627637 0.8989795918367347 0.9918367346938776 0.0005 1 36 0.19379408018929617
baseline 2 38 38.0 0.036594584295040984 0.13393152270998274 0.9795918367346939 0.9908163265306122 0.0005 0 38 0.13393152270998274
baseline 2 39 39.0 0.0297530194225058 0.1488080968662184 0.9744897959183674 0.9908163265306122 0.0005 1 38 0.13393152270998274
baseline 2 40 40.0 0.022766156690965756 0.12102407435981595 0.9755102040816327 0.9928571428571429 0.0005 0 40 0.12102407435981595
baseline 2 41 41.0 0.0155393716263698 0.233858745438712 0.9448979591836735 0.9877551020408163 0.0005 1 40 0.12102407435981595
baseline 2 42 42.0 0.009996108733597036 0.11630453041621618 0.9755102040816327 0.9918367346938776 0.0005 0 42 0.11630453041621618
baseline 2 43 43.0 0.005791661018492374 0.1806733107080265 0.9622448979591837 0.9908163265306122 0.0005 1 42 0.11630453041621618
baseline 2 44 44.0 0.0006544274621404349 0.20688044392332738 0.9642857142857143 0.9897959183673469 0.0005 2 42 0.11630453041621618
baseline 2 45 45.0 -0.0033005905833258936 0.14203377816141868 0.9755102040816327 0.9846938775510204 0.0005 3 42 0.11630453041621618
baseline 2 46 46.0 -0.010760293795943138 0.09510381148785961 0.9826530612244898 0.9897959183673469 0.0005 0 46 0.09510381148785961
baseline 2 47 47.0 -0.018725834413982387 0.14288146544475944 0.9755102040816327 0.9897959183673469 0.0005 1 46 0.09510381148785961
baseline 2 48 48.0 -0.02031361825376049 0.10488691038014937 0.9806122448979592 0.9887755102040816 0.0005 2 46 0.09510381148785961
baseline 2 49 49.0 -0.027418059335909288 0.07996751070022583 0.9806122448979592 0.9928571428571429 0.0005 0 49 0.07996751070022583
baseline 2 50 50.0 -0.028250664320371977 0.09186958269197114 0.976530612244898 0.9918367346938776 0.0005 1 49 0.07996751070022583
baseline 2 51 51.0 -0.03512704676821965 0.24026805867954176 0.9469387755102041 0.9816326530612245 0.0005 2 49 0.07996751070022583
baseline 2 52 52.0 -0.04126157135958569 0.26275305845299546 0.9438775510204082 0.9908163265306122 0.0005 3 49 0.07996751070022583
baseline 2 53 53.0 -0.04615413911252514 0.40420746146416175 0.8959183673469387 0.9836734693877551 0.0005 4 49 0.07996751070022583
baseline 2 54 54.0 -0.04810669327171879 0.6281431020522604 0.8479591836734693 0.9887755102040816 0.0005 5 49 0.07996751070022583
baseline 2 55 55.0 -0.050960873802543535 0.2042794709302941 0.9459183673469388 0.9897959183673469 0.0005 6 49 0.07996751070022583
baseline 2 56 56.0 -0.059254689406569326 0.09288709358293183 0.9816326530612245 0.9816326530612245 0.0005 7 49 0.07996751070022583
baseline 2 57 57.0 -0.06336683497609108 0.06424139178529077 0.9816326530612245 0.9908163265306122 0.0005 0 57 0.06424139178529077
baseline 2 58 58.0 -0.06348463238442395 0.19073915408582104 0.9510204081632653 0.9836734693877551 0.0005 1 57 0.06424139178529077
baseline 2 59 59.0 -0.0466068254915029 2.5074396551871785 0.6244897959183674 0.9 0.0005 2 57 0.06424139178529077
baseline 2 60 60.0 -0.018513469213850043 1.3544909457771146 0.7785714285714286 0.9122448979591836 0.0005 3 57 0.06424139178529077
baseline 2 61 61.0 -0.027136529307808646 4.160535590502681 0.4204081632653061 0.7336734693877551 0.0005 4 57 0.06424139178529077
baseline 2 62 62.0 -0.04063478918923055 0.4321627147343694 0.9030612244897959 0.9642857142857143 0.0005 5 57 0.06424139178529077
baseline 2 63 63.0 -0.06352689451289736 0.21959494303683846 0.9418367346938775 0.9846938775510204 0.0005 6 57 0.06424139178529077
baseline 2 64 64.0 -0.0799689595497178 0.3026882018361773 0.9479591836734694 0.9581632653061225 0.0005 7 57 0.06424139178529077
baseline 2 65 65.0 -0.08618228897010952 0.3165816180560054 0.9479591836734694 0.9581632653061225 0.0005 8 57 0.06424139178529077
baseline 2 66 66.0 -0.09782614527732529 0.27156213813898517 0.9244897959183673 0.9857142857142858 0.0005 9 57 0.06424139178529077
baseline 2 67 67.0 -0.10611680128722926 0.18224450179508755 0.9683673469387755 0.9673469387755103 0.0005 10 57 0.06424139178529077
baseline 2 68 68.0 -0.11082422191446478 0.060281725562348655 0.9734693877551021 0.986734693877551 0.0005 0 68 0.060281725562348655
baseline 2 69 69.0 -0.11436686440312947 0.1205104406999082 0.9744897959183674 0.9806122448979592 0.0005 1 68 0.060281725562348655
baseline 2 70 70.0 -0.11819184398748536 0.42035137585231236 0.9704081632653061 0.8979591836734694 0.0005 2 68 0.060281725562348655
baseline 2 71 71.0 -0.12388562766475503 0.05809796853941314 0.9744897959183674 0.9897959183673469 0.0005 0 71 0.05809796853941314
baseline 2 72 72.0 -0.12832282348112625 0.0005577143357724559 0.976530612244898 0.9908163265306122 0.0005 0 72 0.0005577143357724559
baseline 2 73 73.0 -0.1318298446754635 0.055844262668064665 0.9683673469387755 0.9897959183673469 0.0005 1 72 0.0005577143357724559
baseline 2 74 74.0 -0.13465769097315522 0.09347052428187157 0.9755102040816327 0.9836734693877551 0.0005 2 72 0.0005577143357724559
baseline 2 75 75.0 -0.13784291911052124 0.12554608656435598 0.9448979591836735 0.9918367346938776 0.0005 3 72 0.0005577143357724559
baseline 2 76 76.0 -0.1403749639946545 0.033164569309779575 0.9775510204081632 0.986734693877551 0.0005 4 72 0.0005577143357724559
baseline 2 77 77.0 -0.14555302563678013 0.12061916078839983 0.9551020408163265 0.9908163265306122 0.0005 5 72 0.0005577143357724559
baseline 2 78 78.0 -0.14026381850120848 0.264709933679931 0.939795918367347 0.9826530612244898 0.0005 6 72 0.0005577143357724559
baseline 2 79 79.0 -0.1426543727958531 0.47435356475869006 0.8418367346938775 0.9877551020408163 0.0005 7 72 0.0005577143357724559
baseline 2 80 80.0 -0.14351781730875907 1.097723677693581 0.7683673469387755 0.8969387755102041 0.0005 8 72 0.0005577143357724559
baseline 2 81 81.0 -0.10841283284363634 1.8614562341145107 0.713265306122449 0.9540816326530612 0.0005 9 72 0.0005577143357724559
baseline 2 82 82.0 0.01676903401745961 16.48515169571857 0.29591836734693877 0.8755102040816326 0.0005 10 72 0.0005577143357724559
baseline 2 83 83.0 0.1622941806318811 6.910227166389933 0.3989795918367347 0.6551020408163265 0.00025 11 72 0.0005577143357724559
baseline 2 84 84.0 -0.0372916441163442 1.0566448313849313 0.7234693877551021 0.986734693877551 0.00025 12 72 0.0005577143357724559
baseline 2 85 85.0 -0.12127664182962997 0.0019077690280213649 0.9795918367346939 0.9897959183673469 0.00025 13 72 0.0005577143357724559
baseline 2 86 86.0 -0.1419801739433569 0.2871466969957157 0.9153061224489796 0.986734693877551 0.00025 14 72 0.0005577143357724559
baseline 2 87 87.0 -0.15234402726205548 -0.018997252474025804 0.9795918367346939 0.9908163265306122 0.00025 0 87 -0.018997252474025804
baseline 2 88 88.0 -0.16031012751839377 -0.017323738458205243 0.9795918367346939 0.9918367346938776 0.00025 1 87 -0.018997252474025804
baseline 2 89 89.0 -0.16267884709131242 -0.018343804320510554 0.9806122448979592 0.9908163265306122 0.00025 2 87 -0.018997252474025804
baseline 2 90 90.0 -0.16491931141092536 -0.020443817304105175 0.9795918367346939 0.9908163265306122 0.00025 0 90 -0.020443817304105175
baseline 2 91 91.0 -0.166833079689248 -0.005626852658330178 0.9744897959183674 0.9887755102040816 0.00025 1 90 -0.020443817304105175
baseline 2 92 92.0 -0.17022859423104542 -0.025875461344816247 0.9806122448979592 0.9908163265306122 0.00025 0 92 -0.025875461344816247
baseline 2 93 93.0 -0.17345324624424935 -0.022002045962275292 0.9785714285714285 0.9908163265306122 0.00025 1 92 -0.025875461344816247
baseline 2 94 94.0 -0.17383655713941518 -0.047261371904489945 0.9826530612244898 0.9918367346938776 0.00025 0 94 -0.047261371904489945
baseline 2 95 95.0 -0.1718142218317026 0.00469311743366475 0.9755102040816327 0.9846938775510204 0.00025 1 94 -0.047261371904489945
baseline 2 96 96.0 -0.17447667266789205 -0.04060035116818486 0.9836734693877551 0.9918367346938776 0.00025 2 94 -0.047261371904489945
baseline 2 97 97.0 -0.17630395972083368 -0.03399916060116826 0.9816326530612245 0.9897959183673469 0.00025 3 94 -0.047261371904489945
baseline 2 98 98.0 -0.17804686875825518 -0.0040733023565642686 0.9744897959183674 0.9908163265306122 0.00025 4 94 -0.047261371904489945
baseline 2 99 99.0 -0.1812313999048414 -0.02733071945151504 0.9785714285714285 0.9908163265306122 0.00025 5 94 -0.047261371904489945
baseline 2 100 100.0 -0.1818372578007208 0.0007657912312721719 0.9755102040816327 0.9857142857142858 0.00025 6 94 -0.047261371904489945
baseline 2 101 101.0 -0.1814007404754062 -0.03215517754457435 0.9836734693877551 0.9918367346938776 0.00025 7 94 -0.047261371904489945
baseline 2 102 102.0 -0.18274035456231713 -0.03678764469769536 0.9806122448979592 0.9918367346938776 0.00025 8 94 -0.047261371904489945
baseline 2 103 103.0 -0.18596327493577983 -0.013956442414497842 0.9755102040816327 0.9908163265306122 0.00025 9 94 -0.047261371904489945
baseline 2 104 104.0 -0.18802228755678171 -0.02777635296996759 0.9795918367346939 0.9908163265306122 0.00025 10 94 -0.047261371904489945
baseline 2 105 105.0 -0.1880269574802426 -0.02905106106582953 0.9775510204081632 0.9918367346938776 0.000125 11 94 -0.047261371904489945
baseline 2 106 106.0 -0.18987743828951764 -0.04305052684277904 0.9785714285714285 0.9887755102040816 0.000125 12 94 -0.047261371904489945
baseline 2 107 107.0 -0.19034958318012848 -0.048708019694503474 0.9806122448979592 0.9918367346938776 0.000125 0 107 -0.048708019694503474
baseline 2 108 108.0 -0.19204866429514977 -0.054049992804624594 0.9826530612244898 0.9908163265306122 0.000125 0 108 -0.054049992804624594
baseline 2 109 109.0 -0.19224987526836143 -0.05485156433922904 0.9836734693877551 0.9918367346938776 0.000125 0 109 -0.05485156433922904
baseline 2 110 110.0 -0.1931887282414383 -0.05219626183412513 0.9816326530612245 0.9918367346938776 0.000125 1 109 -0.05485156433922904
baseline 2 111 111.0 -0.1943129531209632 -0.04923276779602985 0.9806122448979592 0.9918367346938776 0.000125 2 109 -0.05485156433922904
baseline 2 112 112.0 -0.19328052645684263 -0.053489309914258064 0.9816326530612245 0.9918367346938776 0.000125 3 109 -0.05485156433922904
baseline 2 113 113.0 -0.19259651932214691 -0.05153402187386338 0.9816326530612245 0.9918367346938776 0.000125 4 109 -0.05485156433922904
baseline 2 114 114.0 -0.19534530739496872 -0.057345474252895434 0.9816326530612245 0.9918367346938776 0.000125 0 114 -0.057345474252895434
baseline 2 115 115.0 -0.1966549086254147 -0.05906886932801227 0.9846938775510204 0.9918367346938776 0.000125 0 115 -0.05906886932801227
baseline 2 116 116.0 -0.1972755283817451 -0.052977083653819805 0.9826530612244898 0.9918367346938776 0.000125 1 115 -0.05906886932801227
baseline 2 117 117.0 -0.19728166784280654 -0.04661878809636953 0.9795918367346939 0.9918367346938776 0.000125 2 115 -0.05906886932801227
baseline 2 118 118.0 -0.19660093640647944 -0.04904921760364454 0.9816326530612245 0.9918367346938776 0.000125 3 115 -0.05906886932801227
baseline 2 119 119.0 -0.19745006046207494 -0.05720090403848765 0.9826530612244898 0.9928571428571429 0.000125 4 115 -0.05906886932801227
baseline 2 120 120.0 -0.19813907676137626 -0.06302032592345257 0.9836734693877551 0.9908163265306122 0.000125 0 120 -0.06302032592345257
baseline 2 121 121.0 -0.1999640604205224 -0.05639302292648627 0.9826530612244898 0.9918367346938776 0.000125 1 120 -0.06302032592345257
baseline 2 122 122.0 -0.19963252520049798 -0.04700605285410978 0.9806122448979592 0.9908163265306122 0.000125 2 120 -0.06302032592345257
baseline 2 123 123.0 -0.20079028478560093 -0.03145460936487937 0.9744897959183674 0.9918367346938776 0.000125 3 120 -0.06302032592345257
baseline 2 124 124.0 -0.19983271778056036 -0.053509355564506686 0.9826530612244898 0.9918367346938776 0.000125 4 120 -0.06302032592345257
baseline 2 125 125.0 -0.2004286145774288 -0.05854167013752217 0.9806122448979592 0.9908163265306122 0.000125 5 120 -0.06302032592345257
baseline 2 126 126.0 -0.20232151307173232 -0.055885234414314734 0.9826530612244898 0.9918367346938776 0.000125 6 120 -0.06302032592345257
baseline 2 127 127.0 -0.20151374660302962 -0.06959826532675295 0.9826530612244898 0.9918367346938776 0.000125 0 127 -0.06959826532675295
baseline 2 128 128.0 -0.20146031429623926 -0.05216386439848919 0.9795918367346939 0.9918367346938776 0.000125 1 127 -0.06959826532675295
baseline 2 129 129.0 -0.2032968205864997 -0.06513119181808161 0.9836734693877551 0.9918367346938776 0.000125 2 127 -0.06959826532675295
baseline 2 130 130.0 -0.20431012250064465 -0.056987805512486674 0.9806122448979592 0.9918367346938776 0.000125 3 127 -0.06959826532675295
baseline 2 131 131.0 -0.20437566490046702 -0.058967203023482344 0.9836734693877551 0.9918367346938776 0.000125 4 127 -0.06959826532675295
baseline 2 132 132.0 -0.2047231373918434 -0.05868072071853949 0.9836734693877551 0.9897959183673469 0.000125 5 127 -0.06959826532675295
baseline 2 133 133.0 -0.20438950632882436 -0.06347148807681337 0.9836734693877551 0.9918367346938776 0.000125 6 127 -0.06959826532675295
baseline 2 134 134.0 -0.20591123032253292 -0.04856559281446496 0.9816326530612245 0.9918367346938776 0.000125 7 127 -0.06959826532675295
baseline 2 135 135.0 -0.20641827924258863 -0.06131409430990414 0.9806122448979592 0.9897959183673469 0.000125 8 127 -0.06959826532675295
baseline 2 136 136.0 -0.2065300823353893 -0.055395053114209857 0.9795918367346939 0.9918367346938776 0.000125 9 127 -0.06959826532675295
baseline 2 137 137.0 -0.2073338512746014 -0.054987752194307286 0.9826530612244898 0.9908163265306122 0.000125 10 127 -0.06959826532675295
baseline 2 138 138.0 -0.2066751126127662 -0.06670007827330608 0.9826530612244898 0.9918367346938776 6.25e-05 11 127 -0.06959826532675295
baseline 2 139 139.0 -0.2082361936934513 -0.05850831708129572 0.9826530612244898 0.9918367346938776 6.25e-05 12 127 -0.06959826532675295
baseline 2 140 140.0 -0.20912599454008887 -0.06042683830066603 0.9826530612244898 0.9918367346938776 6.25e-05 13 127 -0.06959826532675295
baseline 2 141 141.0 -0.20944704853599477 -0.06864948759273606 0.9826530612244898 0.9908163265306122 6.25e-05 14 127 -0.06959826532675295
baseline 2 142 142.0 -0.2108044774101265 -0.06465407463969017 0.9826530612244898 0.9918367346938776 6.25e-05 15 127 -0.06959826532675295
baseline 2 143 143.0 -0.21122619482299523 -0.06382114935894402 0.9826530612244898 0.9918367346938776 6.25e-05 16 127 -0.06959826532675295
baseline 2 144 144.0 -0.2110413048678935 -0.054010357662123074 0.9826530612244898 0.9918367346938776 6.25e-05 17 127 -0.06959826532675295
baseline 2 145 145.0 -0.21183201070947227 -0.06500445312383224 0.9816326530612245 0.9918367346938776 6.25e-05 18 127 -0.06959826532675295
baseline 2 146 146.0 -0.21161355749457558 -0.06201201555680255 0.9806122448979592 0.9918367346938776 6.25e-05 19 127 -0.06959826532675295
baseline 2 147 147.0 -0.21166081606306753 -0.06627756843761522 0.9816326530612245 0.9918367346938776 6.25e-05 20 127 -0.06959826532675295
baseline 2 148 148.0 -0.21170533756678878 -0.06696646481144185 0.9826530612244898 0.9908163265306122 6.25e-05 21 127 -0.06959826532675295
baseline 2 149 149.0 -0.2118418598442935 -0.06401913166046143 0.9826530612244898 0.9918367346938776 3.125e-05 22 127 -0.06959826532675295
baseline 2 150 150.0 -0.21378162122722544 -0.0638467195082684 0.9816326530612245 0.9918367346938776 3.125e-05 23 127 -0.06959826532675295
baseline 2 151 151.0 -0.21228660133204008 -0.06462899130217883 0.9806122448979592 0.9918367346938776 3.125e-05 24 127 -0.06959826532675295
baseline 2 152 152.0 -0.2127033421528108 -0.06576584236962454 0.9816326530612245 0.9918367346938776 3.125e-05 25 127 -0.06959826532675295
baseline 2 153 153.0 -0.21384564227785105 -0.0680333643543477 0.9816326530612245 0.9918367346938776 3.125e-05 26 127 -0.06959826532675295
baseline 2 154 154.0 -0.21324463932945242 -0.06922137639960464 0.9826530612244898 0.9918367346938776 3.125e-05 27 127 -0.06959826532675295
baseline 2 155 155.0 -0.21370416270822012 -0.06916684836757427 0.9816326530612245 0.9918367346938776 3.125e-05 28 127 -0.06959826532675295
baseline 2 156 156.0 -0.21410323778382362 -0.07021303079566177 0.9826530612244898 0.9918367346938776 3.125e-05 0 156 -0.07021303079566177
baseline 2 157 157.0 -0.21380810712038922 -0.06609820614055711 0.9816326530612245 0.9918367346938776 3.125e-05 1 156 -0.07021303079566177
baseline 2 158 158.0 -0.2141408398519132 -0.06208198119182976 0.9826530612244898 0.9918367346938776 3.125e-05 2 156 -0.07021303079566177
baseline 2 159 159.0 -0.21421503734539918 -0.06582131799386472 0.9836734693877551 0.9918367346938776 3.125e-05 3 156 -0.07021303079566177
baseline 2 160 160.0 -0.21407881138638896 -0.0679363742166636 0.9806122448979592 0.9918367346938776 3.125e-05 4 156 -0.07021303079566177
baseline 2 161 161.0 -0.21411233781185288 -0.0695837843174837 0.9816326530612245 0.9918367346938776 3.125e-05 5 156 -0.07021303079566177
baseline 2 162 162.0 -0.2139937583589213 -0.06894670092329687 0.9826530612244898 0.9908163265306122 3.125e-05 6 156 -0.07021303079566177
baseline 2 163 163.0 -0.21372853905967112 -0.06788964733785513 0.9816326530612245 0.9918367346938776 3.125e-05 7 156 -0.07021303079566177
baseline 2 164 164.0 -0.21564312719105458 -0.06750197799838319 0.9816326530612245 0.9918367346938776 3.125e-05 8 156 -0.07021303079566177
baseline 2 165 165.0 -0.2151214052391247 -0.06691009803694122 0.9816326530612245 0.9918367346938776 3.125e-05 9 156 -0.07021303079566177
baseline 2 166 166.0 -0.21456775894204005 -0.06827296918752242 0.9826530612244898 0.9918367346938776 3.125e-05 10 156 -0.07021303079566177
baseline 2 167 167.0 -0.21461188981920268 -0.06497224788276516 0.9836734693877551 0.9908163265306122 1.5625e-05 11 156 -0.07021303079566177
baseline 2 168 168.0 -0.21617693536980526 -0.0677699096348821 0.9816326530612245 0.9908163265306122 1.5625e-05 12 156 -0.07021303079566177
baseline 2 169 169.0 -0.21557643142004665 -0.046560076791412976 0.9755102040816327 0.9918367346938776 1.5625e-05 13 156 -0.07021303079566177
baseline 2 170 170.0 -0.21547674530007865 -0.06627311487587131 0.9806122448979592 0.9918367346938776 1.5625e-05 14 156 -0.07021303079566177
baseline 2 171 171.0 -0.21498886995831842 -0.07250716832219338 0.9826530612244898 0.9918367346938776 1.5625e-05 0 171 -0.07250716832219338
baseline 2 172 172.0 -0.2157891093771353 -0.07219002490140954 0.9816326530612245 0.9918367346938776 1.5625e-05 1 171 -0.07250716832219338
baseline 2 173 173.0 -0.21562734438036021 -0.07158153689637477 0.9806122448979592 0.9918367346938776 1.5625e-05 2 171 -0.07250716832219338
baseline 2 174 174.0 -0.21608449489761056 -0.06830201732869051 0.9826530612244898 0.9908163265306122 1.5625e-05 3 171 -0.07250716832219338
baseline 2 175 175.0 -0.21580667125557734 -0.06990334160473882 0.9806122448979592 0.9918367346938776 1.5625e-05 4 171 -0.07250716832219338
baseline 2 176 176.0 -0.21515513056997623 -0.06876220070585913 0.9826530612244898 0.9918367346938776 1.5625e-05 5 171 -0.07250716832219338
baseline 2 177 177.0 -0.21585624143709567 -0.07064401397899706 0.9806122448979592 0.9908163265306122 1.5625e-05 6 171 -0.07250716832219338
baseline 2 178 178.0 -0.2162409569074964 -0.07227798286749391 0.9836734693877551 0.9918367346938776 1.5625e-05 7 171 -0.07250716832219338
baseline 2 179 179.0 -0.21638342053215642 -0.06581527286646317 0.9806122448979592 0.9918367346938776 1.5625e-05 8 171 -0.07250716832219338
baseline 2 180 180.0 -0.21620857612105263 -0.0718598798829682 0.9806122448979592 0.9918367346938776 1.5625e-05 9 171 -0.07250716832219338
baseline 2 181 181.0 -0.21646191942314327 -0.06844030472697044 0.9816326530612245 0.9918367346938776 1.5625e-05 10 171 -0.07250716832219338
baseline 2 182 182.0 -0.21587502091849056 -0.06867055333390527 0.9806122448979592 0.9908163265306122 7.8125e-06 11 171 -0.07250716832219338
baseline 2 183 183.0 -0.21649958986305728 -0.07210042987551007 0.9816326530612245 0.9908163265306122 7.8125e-06 12 171 -0.07250716832219338
baseline 2 184 184.0 -0.21695783731277435 -0.07023713953640996 0.9836734693877551 0.9918367346938776 7.8125e-06 13 171 -0.07250716832219338
baseline 2 185 185.0 -0.21655475283545786 -0.07152386173910025 0.9836734693877551 0.9918367346938776 7.8125e-06 14 171 -0.07250716832219338
baseline 2 186 186.0 -0.2170421757542198 -0.07024368923537586 0.9816326530612245 0.9918367346938776 7.8125e-06 15 171 -0.07250716832219338
baseline 2 187 187.0 -0.2167555440799452 -0.07424710210488768 0.9846938775510204 0.9918367346938776 7.8125e-06 0 187 -0.07424710210488768
baseline 2 188 188.0 -0.21722909372844054 -0.07213108977492974 0.9826530612244898 0.9908163265306122 7.8125e-06 1 187 -0.07424710210488768
baseline 2 189 189.0 -0.21662207320713048 -0.07070329359599523 0.9826530612244898 0.9918367346938776 7.8125e-06 2 187 -0.07424710210488768
baseline 2 190 190.0 -0.21738508998190906 -0.07015975129847624 0.9826530612244898 0.9918367346938776 7.8125e-06 3 187 -0.07424710210488768
baseline 2 191 191.0 -0.21650373460810568 -0.0708041575490212 0.9826530612244898 0.9918367346938776 7.8125e-06 4 187 -0.07424710210488768
baseline 2 192 192.0 -0.2175944224684913 -0.07179955146750626 0.9816326530612245 0.9918367346938776 7.8125e-06 5 187 -0.07424710210488768
baseline 2 193 193.0 -0.21733400362626526 -0.07058067175806786 0.9816326530612245 0.9918367346938776 7.8125e-06 6 187 -0.07424710210488768
baseline 2 194 194.0 -0.21730700917580031 -0.07126719927301212 0.9816326530612245 0.9908163265306122 7.8125e-06 7 187 -0.07424710210488768
baseline 2 195 195.0 -0.21661431565348047 -0.062048474379948204 0.9826530612244898 0.9908163265306122 7.8125e-06 8 187 -0.07424710210488768
baseline 2 196 196.0 -0.21664929292540505 -0.06654262761680448 0.9826530612244898 0.9918367346938776 7.8125e-06 9 187 -0.07424710210488768
baseline 2 197 197.0 -0.21666822985073397 -0.0710071721855475 0.9826530612244898 0.9918367346938776 7.8125e-06 10 187 -0.07424710210488768
baseline 2 198 198.0 -0.2179592451474518 -0.07248391058980203 0.9826530612244898 0.9918367346938776 3.90625e-06 11 187 -0.07424710210488768
baseline 2 199 199.0 -0.2178393623071501 -0.07034186854654428 0.9836734693877551 0.9918367346938776 3.90625e-06 12 187 -0.07424710210488768
baseline 2 200 200.0 -0.21687628817387816 -0.0690543566431318 0.9826530612244898 0.9918367346938776 3.90625e-06 13 187 -0.07424710210488768
baseline 3 1 1.0 1.9590968954185666 3.743073996719049 0.25204081632653064 0.5071428571428571 0.001 0 1 3.743073996719049
baseline 3 2 2.0 1.3843010186661981 2.1841342011276557 0.6561224489795918 0.5806122448979592 0.001 0 2 2.1841342011276557
baseline 3 3 3.0 1.1245719017242144 1.6500507841304857 0.5255102040816326 0.810204081632653 0.001 0 3 1.6500507841304857
baseline 3 4 4.0 0.9564611921514993 2.420653181659932 0.8581632653061224 0.413265306122449 0.001 1 3 1.6500507841304857
baseline 3 5 5.0 0.8969179534936462 2.1585266872328157 0.7122448979591837 0.6193877551020408 0.001 2 3 1.6500507841304857
baseline 3 6 6.0 0.8059134500384696 2.4478671560482104 0.5908163265306122 0.863265306122449 0.001 3 3 1.6500507841304857
baseline 3 7 7.0 0.7637121025339697 1.9082615769639306 0.6887755102040817 0.7571428571428571 0.001 4 3 1.6500507841304857
baseline 3 8 8.0 0.7163738992533231 1.2894429206848144 0.7622448979591837 0.8928571428571429 0.001 0 8 1.2894429206848144
baseline 3 9 9.0 0.6662149127949489 1.4328546470525314 0.6224489795918368 0.9530612244897959 0.001 1 8 1.2894429206848144
baseline 3 10 10.0 0.6447228528749468 1.2225831026933631 0.7806122448979592 0.9336734693877551 0.001 0 10 1.2225831026933631
baseline 3 11 11.0 0.6050337243128846 0.7483984202754741 0.9061224489795918 0.9785714285714285 0.001 0 11 0.7483984202754741
baseline 3 12 12.0 0.583956078440712 1.3685888577480705 0.6234693877551021 0.9734693877551021 0.001 1 11 0.7483984202754741
baseline 3 13 13.0 0.5474337821596125 2.6496175152914865 0.3479591836734694 0.6877551020408164 0.001 2 11 0.7483984202754741
baseline 3 14 14.0 0.5110007811554605 1.545077202271442 0.6642857142857143 0.9846938775510204 0.001 3 11 0.7483984202754741
baseline 3 15 15.0 0.49737315721604386 0.7516038164800527 0.9183673469387755 0.9387755102040817 0.001 4 11 0.7483984202754741
baseline 3 16 16.0 0.45792525760121683 1.9752557535560764 0.5979591836734693 0.8826530612244898 0.001 5 11 0.7483984202754741
baseline 3 17 17.0 0.4195879383033581 0.7893427860980131 0.8071428571428572 0.9836734693877551 0.001 6 11 0.7483984202754741
baseline 3 18 18.0 0.41749357215230626 1.0182557709363043 0.7795918367346939 0.9418367346938775 0.001 7 11 0.7483984202754741
baseline 3 19 19.0 0.3707316430158099 0.5732884278102797 0.9010204081632653 0.9857142857142858 0.001 0 19 0.5732884278102797
baseline 3 20 20.0 0.33575905851859966 0.5090682720651432 0.9520408163265306 0.9734693877551021 0.001 0 20 0.5090682720651432
baseline 3 21 21.0 0.3135068608377513 0.8493709398775685 0.8020408163265306 0.9897959183673469 0.001 1 20 0.5090682720651432
baseline 3 22 22.0 0.2992372851936761 0.5336538913298626 0.9295918367346939 0.9724489795918367 0.001 2 20 0.5090682720651432
baseline 3 23 23.0 0.2691630585627122 0.6705087046233975 0.8510204081632653 0.9836734693877551 0.001 3 20 0.5090682720651432
baseline 3 24 24.0 0.23458557934390878 0.3954005811895643 0.9459183673469388 0.9887755102040816 0.001 0 24 0.3954005811895643
baseline 3 25 25.0 0.21370433564692645 0.8815836487984171 0.7448979591836735 0.9693877551020408 0.001 1 24 0.3954005811895643
baseline 3 26 26.0 0.21676069659402591 0.635711974513774 0.9071428571428571 0.9551020408163265 0.001 2 24 0.3954005811895643
baseline 3 27 27.0 0.271159313946384 1.7225460558521504 0.639795918367347 0.9489795918367347 0.001 3 24 0.3954005811895643
baseline 3 28 28.0 0.2763263254109637 3.936516010517977 0.3438775510204082 0.6969387755102041 0.001 4 24 0.3954005811895643
baseline 3 29 29.0 0.24272404034242445 1.137239411412453 0.7959183673469388 0.926530612244898 0.001 5 24 0.3954005811895643
baseline 3 30 30.0 0.233911444114348 1.5898244653429303 0.6285714285714286 0.9142857142857143 0.001 6 24 0.3954005811895643
baseline 3 31 31.0 0.1919267950493907 2.0996533851234283 0.5591836734693878 0.9510204081632653 0.001 7 24 0.3954005811895643
baseline 3 32 32.0 0.18791290858914586 1.581523726910961 0.6857142857142857 0.8744897959183674 0.001 8 24 0.3954005811895643
baseline 3 33 33.0 0.13256739650732163 0.7936500400913005 0.8244897959183674 0.9755102040816327 0.001 9 24 0.3954005811895643
baseline 3 34 34.0 0.0978295783587447 0.6258975994830229 0.8622448979591837 0.963265306122449 0.001 10 24 0.3954005811895643
baseline 3 35 35.0 0.08265637499075744 1.2583045093380676 0.6806122448979591 0.9316326530612244 0.0005 11 24 0.3954005811895643
baseline 3 36 36.0 0.05890992171187201 0.25384357924364054 0.9571428571428572 0.986734693877551 0.0005 0 36 0.25384357924364054
baseline 3 37 37.0 0.044913499177537244 0.15909102473940168 0.960204081632653 0.9948979591836735 0.0005 0 37 0.15909102473940168
baseline 3 38 38.0 0.0345056817407384 0.1909063609278932 0.9581632653061225 0.9887755102040816 0.0005 1 37 0.15909102473940168
baseline 3 39 39.0 0.028222740731516947 0.2094726664679391 0.9510204081632653 0.9938775510204082 0.0005 2 37 0.15909102473940168
baseline 3 40 40.0 0.019587047740558316 0.21603231673337975 0.9551020408163265 0.9918367346938776 0.0005 3 37 0.15909102473940168
baseline 3 41 41.0 0.018899623902021805 0.17260911245735325 0.9591836734693877 0.9948979591836735 0.0005 4 37 0.15909102473940168
baseline 3 42 42.0 0.010686604981524708 0.17364733973327948 0.9561224489795919 0.9887755102040816 0.0005 5 37 0.15909102473940168
baseline 3 43 43.0 0.0033865622163914808 0.17777542557035172 0.9591836734693877 0.9908163265306122 0.0005 6 37 0.15909102473940168
baseline 3 44 44.0 -0.004477514796895075 0.14358422634552936 0.9561224489795919 0.9959183673469387 0.0005 0 44 0.14358422634552936
baseline 3 45 45.0 -0.008765628194175775 0.14227726994728557 0.9561224489795919 0.9918367346938776 0.0005 0 45 0.14227726994728557
baseline 3 46 46.0 -0.01537087538390895 0.12181732946512651 0.9581632653061225 0.9959183673469387 0.0005 0 46 0.12181732946512651
baseline 3 47 47.0 -0.01699036682467904 0.20304902281079973 0.9489795918367347 0.9928571428571429 0.0005 1 46 0.12181732946512651
baseline 3 48 48.0 -0.025398524959435623 0.12358150822775704 0.9622448979591837 0.9897959183673469 0.0005 2 46 0.12181732946512651
baseline 3 49 49.0 -0.03105103178092481 0.2013555633778475 0.9479591836734694 0.9918367346938776 0.0005 3 46 0.12181732946512651
baseline 3 50 50.0 -0.03399631359725734 0.128640138373083 0.963265306122449 0.9938775510204082 0.0005 4 46 0.12181732946512651
baseline 3 51 51.0 -0.038363789513600616 0.13844244480133056 0.9551020408163265 0.9918367346938776 0.0005 5 46 0.12181732946512651
baseline 3 52 52.0 -0.04028091738733013 0.7455829508450567 0.753061224489796 0.9918367346938776 0.0005 6 46 0.12181732946512651
baseline 3 53 53.0 -0.046619411751978 0.1690842976375502 0.9530612244897959 0.9897959183673469 0.0005 7 46 0.12181732946512651
baseline 3 54 54.0 -0.049068881432783616 0.10146366698401314 0.963265306122449 0.9897959183673469 0.0005 0 54 0.10146366698401314
baseline 3 55 55.0 -0.05367670342919775 0.36481550712974703 0.8683673469387755 0.9897959183673469 0.0005 1 54 0.10146366698401314
baseline 3 56 56.0 -0.05853454535779476 0.11244588774077746 0.9673469387755103 0.9887755102040816 0.0005 2 54 0.10146366698401314
baseline 3 57 57.0 -0.06233602829193801 1.070428332503961 0.7428571428571429 0.9714285714285714 0.0005 3 54 0.10146366698401314
baseline 3 58 58.0 -0.05564318151347362 0.10181964733162704 0.9673469387755103 0.9918367346938776 0.0005 4 54 0.10146366698401314
baseline 3 59 59.0 -0.06526481606012954 0.13339250452664433 0.9551020408163265 0.9887755102040816 0.0005 5 54 0.10146366698401314
baseline 3 60 60.0 -0.0736478137288079 0.101654293829081 0.963265306122449 0.9928571428571429 0.0005 6 54 0.10146366698401314
baseline 3 61 61.0 -0.08123012217364832 0.37508560394754215 0.9010204081632653 0.9938775510204082 0.0005 7 54 0.10146366698401314
baseline 3 62 62.0 -0.08871701064465361 0.059531866530982816 0.9693877551020408 0.9938775510204082 0.0005 0 62 0.059531866530982816
baseline 3 63 63.0 -0.09259877275519522 0.6793066168317989 0.9153061224489796 0.8857142857142857 0.0005 1 62 0.059531866530982816
baseline 3 64 64.0 -0.05076413841364454 0.4937805866708561 0.8979591836734694 0.9612244897959183 0.0005 2 62 0.059531866530982816
baseline 3 65 65.0 -0.04992555147293761 0.2571621381506628 0.95 0.9755102040816327 0.0005 3 62 0.059531866530982816
baseline 3 66 66.0 -0.04738210395846109 1.4270547321864537 0.773469387755102 0.8795918367346939 0.0005 4 62 0.059531866530982816
baseline 3 67 67.0 -0.06077817195038995 1.1093320515691019 0.6826530612244898 0.9846938775510204 0.0005 5 62 0.059531866530982816
baseline 3 68 68.0 -0.03518174666306337 2.126561789609948 0.6112244897959184 0.936734693877551 0.0005 6 62 0.059531866530982816
baseline 3 69 69.0 -0.060711327259094894 0.6186796129966269 0.8683673469387755 0.95 0.0005 7 62 0.059531866530982816
baseline 3 70 70.0 -0.08197587058785256 0.4249426260286448 0.85 0.9887755102040816 0.0005 8 62 0.059531866530982816
baseline 3 71 71.0 -0.0999070992874052 0.15362448011125837 0.9489795918367347 0.986734693877551 0.0005 9 62 0.059531866530982816
baseline 3 72 72.0 -0.11384298097612422 0.14188005291685765 0.9469387755102041 0.9887755102040816 0.0005 10 62 0.059531866530982816
baseline 3 73 73.0 -0.12302296422231672 0.22656479587360304 0.9275510204081633 0.9928571428571429 0.00025 11 62 0.059531866530982816
baseline 3 74 74.0 -0.13128801318793057 0.009103800569261824 0.9653061224489796 0.9928571428571429 0.00025 0 74 0.009103800569261824
baseline 3 75 75.0 -0.13596054232765875 0.007153050996819321 0.9673469387755103 0.9938775510204082 0.00025 0 75 0.007153050996819321
baseline 3 76 76.0 -0.1376613283547001 0.012929082160093346 0.9642857142857143 0.9948979591836735 0.00025 1 75 0.007153050996819321
baseline 3 77 77.0 -0.1411738774384371 0.0002816523824419294 0.9704081632653061 0.9938775510204082 0.00025 0 77 0.0002816523824419294
baseline 3 78 78.0 -0.1443501515456678 -0.004131625866403385 0.9663265306122449 0.9959183673469387 0.00025 0 78 -0.004131625866403385
baseline 3 79 79.0 -0.14557528574936723 0.01073089886684807 0.9653061224489796 0.9948979591836735 0.00025 1 78 -0.004131625866403385
baseline 3 80 80.0 -0.14610550833430305 -0.0160817095211574 0.9744897959183674 0.9938775510204082 0.00025 0 80 -0.0160817095211574
baseline 3 81 81.0 -0.1480872727877273 0.004328136784689767 0.9653061224489796 0.9948979591836735 0.00025 1 80 -0.0160817095211574
baseline 3 82 82.0 -0.1478205725657197 0.026521547716491078 0.9612244897959183 0.9948979591836735 0.00025 2 80 -0.0160817095211574
baseline 3 83 83.0 -0.1508020314790377 -0.011623811965086023 0.9673469387755103 0.9959183673469387 0.00025 3 80 -0.0160817095211574
baseline 3 84 84.0 -0.1530613053563423 -0.01085478164711777 0.9704081632653061 0.9948979591836735 0.00025 4 80 -0.0160817095211574
baseline 3 85 85.0 -0.15551502261390726 0.0076981147941277955 0.9642857142857143 0.9948979591836735 0.00025 5 80 -0.0160817095211574
baseline 3 86 86.0 -0.15620217107776724 -0.019721791695575325 0.9724489795918367 0.9938775510204082 0.00025 0 86 -0.019721791695575325
baseline 3 87 87.0 -0.15642837600152754 -0.021074786234875114 0.9683673469387755 0.9948979591836735 0.00025 0 87 -0.021074786234875114
baseline 3 88 88.0 -0.1576674630498253 -0.011729339190891811 0.9693877551020408 0.9948979591836735 0.00025 1 87 -0.021074786234875114
baseline 3 89 89.0 -0.1602335177110822 -0.007879038489594752 0.9653061224489796 0.9948979591836735 0.00025 2 87 -0.021074786234875114
baseline 3 90 90.0 -0.16114541848662925 0.0039055962951815857 0.9683673469387755 0.9938775510204082 0.00025 3 87 -0.021074786234875114
baseline 3 91 91.0 -0.16061154729377505 0.008544907764512666 0.9642857142857143 0.9908163265306122 0.00025 4 87 -0.021074786234875114
baseline 3 92 92.0 -0.1614752531173402 -0.021089368207114084 0.9693877551020408 0.9959183673469387 0.00025 0 92 -0.021089368207114084
baseline 3 93 93.0 -0.1652471765312647 -0.01826958315713065 0.9734693877551021 0.9938775510204082 0.00025 1 92 -0.021089368207114084
baseline 3 94 94.0 -0.1673173120243435 -0.035207072326115196 0.9724489795918367 0.9959183673469387 0.00025 0 94 -0.035207072326115196
baseline 3 95 95.0 -0.17033382924511434 -0.025747493578463183 0.9683673469387755 0.9938775510204082 0.00025 1 94 -0.035207072326115196
baseline 3 96 96.0 -0.16931325939994787 -0.009969476047827273 0.9653061224489796 0.9959183673469387 0.00025 2 94 -0.035207072326115196
baseline 3 97 97.0 -0.16930249391220686 0.011998015763808269 0.9663265306122449 0.9959183673469387 0.00025 3 94 -0.035207072326115196
baseline 3 98 98.0 -0.17221130401778878 0.016184169175673505 0.9591836734693877 0.9948979591836735 0.00025 4 94 -0.035207072326115196
baseline 3 99 99.0 -0.17298233186382805 -0.03476918716819919 0.976530612244898 0.9918367346938776 0.00025 5 94 -0.035207072326115196
baseline 3 100 100.0 -0.1705774206428411 0.12874085830182444 0.9418367346938775 0.9928571428571429 0.00025 6 94 -0.035207072326115196
baseline 3 101 101.0 -0.17336990793099563 -0.017961633691982348 0.9693877551020408 0.9948979591836735 0.00025 7 94 -0.035207072326115196
baseline 3 102 102.0 -0.1772986411195975 -0.007156039257438815 0.9663265306122449 0.9959183673469387 0.00025 8 94 -0.035207072326115196
baseline 3 103 103.0 -0.17181713679715976 -0.03097644460444548 0.9744897959183674 0.9928571428571429 0.00025 9 94 -0.035207072326115196
baseline 3 104 104.0 -0.17532915753655828 -0.04235433437386338 0.976530612244898 0.9959183673469387 0.00025 0 104 -0.04235433437386338
baseline 3 105 105.0 -0.1794710536777547 0.21237123937022928 0.9224489795918367 0.9948979591836735 0.00025 1 104 -0.04235433437386338
baseline 3 106 106.0 -0.18195178998259406 -0.03288751086410211 0.9673469387755103 0.9948979591836735 0.00025 2 104 -0.04235433437386338
baseline 3 107 107.0 -0.18386665580221534 -0.01860887031165921 0.9724489795918367 0.9938775510204082 0.00025 3 104 -0.04235433437386338
baseline 3 108 108.0 -0.1830244128867238 -0.004876318999699184 0.9673469387755103 0.9938775510204082 0.00025 4 104 -0.04235433437386338
baseline 3 109 109.0 -0.183265747222764 0.016289024693625313 0.9642857142857143 0.9938775510204082 0.00025 5 104 -0.04235433437386338
baseline 3 110 110.0 -0.18543974067387956 0.010918305601392474 0.9642857142857143 0.9948979591836735 0.00025 6 104 -0.04235433437386338
baseline 3 111 111.0 -0.18676989759195814 -0.026882420024093318 0.9704081632653061 0.9938775510204082 0.00025 7 104 -0.04235433437386338
baseline 3 112 112.0 -0.18715589124408757 0.011476940524821379 0.9653061224489796 0.9948979591836735 0.00025 8 104 -0.04235433437386338
baseline 3 113 113.0 -0.19020102435648745 -0.03873696911091707 0.976530612244898 0.9948979591836735 0.00025 9 104 -0.04235433437386338
baseline 3 114 114.0 -0.18767829399186817 -0.013804115324604268 0.9693877551020408 0.9908163265306122 0.00025 10 104 -0.04235433437386338
baseline 3 115 115.0 -0.1926588263282737 0.020799413505865602 0.9591836734693877 0.9918367346938776 0.000125 11 104 -0.04235433437386338
baseline 3 116 116.0 -0.19496611354299903 -0.05436289724038572 0.9744897959183674 0.9948979591836735 0.000125 0 116 -0.05436289724038572
baseline 3 117 117.0 -0.19744291709806386 -0.04823463619971762 0.9734693877551021 0.9948979591836735 0.000125 1 116 -0.05436289724038572
baseline 3 118 118.0 -0.1972322172967601 -0.037393053940364296 0.9714285714285714 0.9938775510204082 0.000125 2 116 -0.05436289724038572
baseline 3 119 119.0 -0.1984197244702613 -0.04980196222967031 0.9734693877551021 0.9948979591836735 0.000125 3 116 -0.05436289724038572
baseline 3 120 120.0 -0.19943582859419218 -0.0539456413716686 0.9734693877551021 0.9948979591836735 0.000125 4 116 -0.05436289724038572
baseline 3 121 121.0 -0.20013994148973302 -0.036103148363074475 0.9673469387755103 0.9948979591836735 0.000125 5 116 -0.05436289724038572
baseline 3 122 122.0 -0.19949833274009401 -0.05127628798387489 0.9734693877551021 0.9938775510204082 0.000125 6 116 -0.05436289724038572
baseline 3 123 123.0 -0.20019575621670185 -0.03481947645849111 0.9683673469387755 0.9959183673469387 0.000125 7 116 -0.05436289724038572
baseline 3 124 124.0 -0.20111040562482607 -0.057951387823844444 0.9775510204081632 0.9948979591836735 0.000125 0 124 -0.057951387823844444
baseline 3 125 125.0 -0.19968983180919878 0.014050630404024708 0.9581632653061225 0.9959183673469387 0.000125 1 124 -0.057951387823844444
baseline 3 126 126.0 -0.2010778762833943 -0.05874814549270941 0.976530612244898 0.9959183673469387 0.000125 0 126 -0.05874814549270941
baseline 3 127 127.0 -0.2019378078970164 -0.04507195779255458 0.9724489795918367 0.9959183673469387 0.000125 1 126 -0.05874814549270941
baseline 3 128 128.0 -0.2023444242691726 -0.009023276153875857 0.963265306122449 0.9959183673469387 0.000125 2 126 -0.05874814549270941
baseline 3 129 129.0 -0.20283467186361825 -0.044875410624912807 0.9724489795918367 0.9938775510204082 0.000125 3 126 -0.05874814549270941
baseline 3 130 130.0 -0.20305348903823556 -0.049466971475250865 0.9744897959183674 0.9938775510204082 0.000125 4 126 -0.05874814549270941
baseline 3 131 131.0 -0.2043492193728594 -0.03191632348663953 0.9653061224489796 0.9948979591836735 0.000125 5 126 -0.05874814549270941
baseline 3 132 132.0 -0.2050988210233897 -0.04754789045878819 0.9693877551020408 0.9959183673469387 0.000125 6 126 -0.05874814549270941
baseline 3 133 133.0 -0.20497156468061187 -0.04901934424225165 0.9714285714285714 0.9948979591836735 0.000125 7 126 -0.05874814549270941
baseline 3 134 134.0 -0.20155709336556502 -0.03652990326589468 0.9785714285714285 0.9948979591836735 0.000125 8 126 -0.05874814549270941
baseline 3 135 135.0 -0.20359106582567568 -0.04292962891714913 0.9714285714285714 0.9938775510204082 0.000125 9 126 -0.05874814549270941
baseline 3 136 136.0 -0.20645483807718668 0.007400152877885468 0.9653061224489796 0.9948979591836735 0.000125 10 126 -0.05874814549270941
baseline 3 137 137.0 -0.20744864166209112 0.008082755001223817 0.9653061224489796 0.9938775510204082 6.25e-05 11 126 -0.05874814549270941
baseline 3 138 138.0 -0.20742476339603225 -0.059554329453682414 0.9714285714285714 0.9959183673469387 6.25e-05 0 138 -0.059554329453682414
baseline 3 139 139.0 -0.20824525591301846 -0.06285402726153938 0.9704081632653061 0.9948979591836735 6.25e-05 0 139 -0.06285402726153938
baseline 3 140 140.0 -0.20922009779313488 -0.045012755783236755 0.9704081632653061 0.9938775510204082 6.25e-05 1 139 -0.06285402726153938
baseline 3 141 141.0 -0.20958669479095413 -0.053453322332732534 0.9724489795918367 0.9959183673469387 6.25e-05 2 139 -0.06285402726153938
baseline 3 142 142.0 -0.20988039853502222 -0.040804080817164204 0.9704081632653061 0.9959183673469387 6.25e-05 3 139 -0.06285402726153938
baseline 3 143 143.0 -0.21012849723720453 -0.06521308495073902 0.9734693877551021 0.9948979591836735 6.25e-05 0 143 -0.06521308495073902
baseline 3 144 144.0 -0.21061160171117188 -0.06507783398336293 0.9734693877551021 0.9959183673469387 6.25e-05 1 143 -0.06521308495073902
baseline 3 145 145.0 -0.2104166368663737 -0.05701764286780844 0.9704081632653061 0.9948979591836735 6.25e-05 2 143 -0.06521308495073902
baseline 3 146 146.0 -0.21110527861227907 -0.06303588200588615 0.9744897959183674 0.9948979591836735 6.25e-05 3 143 -0.06521308495073902
baseline 3 147 147.0 -0.2105510595261259 -0.05369224329384006 0.9744897959183674 0.9959183673469387 6.25e-05 4 143 -0.06521308495073902
baseline 3 148 148.0 -0.2110232829560542 -0.05061188911905094 0.9714285714285714 0.9959183673469387 6.25e-05 5 143 -0.06521308495073902
baseline 3 149 149.0 -0.21125221934333155 -0.06515150532430532 0.9744897959183674 0.9948979591836735 6.25e-05 6 143 -0.06521308495073902
baseline 3 150 150.0 -0.2118031910418003 -0.06579175749603583 0.9755102040816327 0.9948979591836735 6.25e-05 0 150 -0.06579175749603583
baseline 3 151 151.0 -0.21159573467077347 -0.050752492096959326 0.9724489795918367 0.9948979591836735 6.25e-05 1 150 -0.06579175749603583
baseline 3 152 152.0 -0.21257034811715428 -0.06184554100036621 0.9744897959183674 0.9948979591836735 6.25e-05 2 150 -0.06579175749603583
baseline 3 153 153.0 -0.212649587834819 -0.06932415159381165 0.9734693877551021 0.9959183673469387 6.25e-05 0 153 -0.06932415159381165
baseline 3 154 154.0 -0.21239272530159253 -0.06782655910569794 0.9755102040816327 0.9959183673469387 6.25e-05 1 153 -0.06932415159381165
baseline 3 155 155.0 -0.2109100953794719 -0.04993828048511427 0.9744897959183674 0.9948979591836735 6.25e-05 2 153 -0.06932415159381165
baseline 3 156 156.0 -0.21232525101721103 -0.06437877051684321 0.9734693877551021 0.9959183673469387 6.25e-05 3 153 -0.06932415159381165
baseline 3 157 157.0 -0.21301925218872445 -0.04421460166269419 0.9704081632653061 0.9948979591836735 6.25e-05 4 153 -0.06932415159381165
baseline 3 158 158.0 -0.21474084729924264 -0.06944789837817757 0.976530612244898 0.9948979591836735 6.25e-05 0 158 -0.06944789837817757
baseline 3 159 159.0 -0.21456761945864763 -0.05618369773942597 0.9714285714285714 0.9948979591836735 6.25e-05 1 158 -0.06944789837817757
baseline 3 160 160.0 -0.21443001997483033 -0.0665172705844957 0.9755102040816327 0.9948979591836735 6.25e-05 2 158 -0.06944789837817757
baseline 3 161 161.0 -0.21477513543431923 -0.053948418218262344 0.9714285714285714 0.9959183673469387 6.25e-05 3 158 -0.06944789837817757
baseline 3 162 162.0 -0.21404053771581055 -0.03137388934894484 0.9704081632653061 0.9959183673469387 6.25e-05 4 158 -0.06944789837817757
baseline 3 163 163.0 -0.2145859393328276 -0.05612201009477888 0.9744897959183674 0.9959183673469387 6.25e-05 5 158 -0.06944789837817757
baseline 3 164 164.0 -0.2153496260662488 -0.0634983627163634 0.9734693877551021 0.9959183673469387 6.25e-05 6 158 -0.06944789837817757
baseline 3 165 165.0 -0.21552132677374383 -0.052609072169479056 0.9744897959183674 0.9948979591836735 6.25e-05 7 158 -0.06944789837817757
baseline 3 166 166.0 -0.2149004831499172 -0.0642261205887308 0.9744897959183674 0.9959183673469387 6.25e-05 8 158 -0.06944789837817757
baseline 3 167 167.0 -0.21579804623821053 0.0024877852323103924 0.9612244897959183 0.9959183673469387 6.25e-05 9 158 -0.06944789837817757
baseline 3 168 168.0 -0.21439538535350922 -0.05638809252758415 0.9795918367346939 0.9948979591836735 6.25e-05 10 158 -0.06944789837817757
baseline 3 169 169.0 -0.2127482435676489 0.019259267923783283 0.9591836734693877 0.9948979591836735 3.125e-05 11 158 -0.06944789837817757
baseline 3 170 170.0 -0.21564925161396764 -0.07360669131181678 0.9744897959183674 0.9959183673469387 3.125e-05 0 170 -0.07360669131181678
baseline 3 171 171.0 -0.2162816332723561 -0.06804168102692584 0.9744897959183674 0.9959183673469387 3.125e-05 1 170 -0.07360669131181678
baseline 3 172 172.0 -0.21720195772455467 -0.06665725902635224 0.9714285714285714 0.9959183673469387 3.125e-05 2 170 -0.07360669131181678
baseline 3 173 173.0 -0.21711071421591083 -0.07107176634730125 0.9734693877551021 0.9959183673469387 3.125e-05 3 170 -0.07360669131181678
baseline 3 174 174.0 -0.21752064646934222 -0.05354700161486256 0.9693877551020408 0.9959183673469387 3.125e-05 4 170 -0.07360669131181678
baseline 3 175 175.0 -0.2172509278413346 -0.07134976095082808 0.9744897959183674 0.9938775510204082 3.125e-05 5 170 -0.07360669131181678
baseline 3 176 176.0 -0.21683332199217473 -0.07248649597167969 0.9714285714285714 0.9948979591836735 3.125e-05 6 170 -0.07360669131181678
baseline 3 177 177.0 -0.21709766487787888 -0.06820433529055848 0.9734693877551021 0.9959183673469387 3.125e-05 7 170 -0.07360669131181678
baseline 3 178 178.0 -0.21755075667803087 -0.07114969905541868 0.9755102040816327 0.9959183673469387 3.125e-05 8 170 -0.07360669131181678
baseline 3 179 179.0 -0.21738668694803007 -0.07017223494393485 0.9734693877551021 0.9959183673469387 3.125e-05 9 170 -0.07360669131181678
baseline 3 180 180.0 -0.21799418156675468 -0.06146328668205105 0.9714285714285714 0.9959183673469387 3.125e-05 10 170 -0.07360669131181678
baseline 3 181 181.0 -0.2189366551414817 -0.0664920257062328 0.9724489795918367 0.9959183673469387 1.5625e-05 11 170 -0.07360669131181678
baseline 3 182 182.0 -0.21885862127631386 -0.057520576885768344 0.9724489795918367 0.9959183673469387 1.5625e-05 12 170 -0.07360669131181678
baseline 3 183 183.0 -0.2191278412709806 -0.06469716758144145 0.9734693877551021 0.9959183673469387 1.5625e-05 13 170 -0.07360669131181678
baseline 3 184 184.0 -0.21980837891610822 -0.06250521431163866 0.9734693877551021 0.9959183673469387 1.5625e-05 14 170 -0.07360669131181678
baseline 3 185 185.0 -0.2190293920539373 -0.06975545907507137 0.9734693877551021 0.9959183673469387 1.5625e-05 15 170 -0.07360669131181678
baseline 3 186 186.0 -0.21911664272109627 -0.05277914417033293 0.9704081632653061 0.9959183673469387 1.5625e-05 16 170 -0.07360669131181678
baseline 3 187 187.0 -0.2192283079134675 -0.06680094733530162 0.9734693877551021 0.9959183673469387 1.5625e-05 17 170 -0.07360669131181678
baseline 3 188 188.0 -0.21925573609579085 -0.07231533892300664 0.9734693877551021 0.9959183673469387 1.5625e-05 18 170 -0.07360669131181678
baseline 3 189 189.0 -0.219369203917705 -0.06395708444167157 0.9734693877551021 0.9959183673469387 1.5625e-05 19 170 -0.07360669131181678
baseline 3 190 190.0 -0.219146195239748 -0.06989385205872205 0.9734693877551021 0.9959183673469387 1.5625e-05 20 170 -0.07360669131181678
baseline 3 191 191.0 -0.2192002742478017 -0.07937108886485197 0.9755102040816327 0.9959183673469387 1.5625e-05 0 191 -0.07937108886485197
baseline 3 192 192.0 -0.22037729958835248 -0.07482465578585255 0.9744897959183674 0.9959183673469387 1.5625e-05 1 191 -0.07937108886485197
baseline 3 193 193.0 -0.2198998129282592 -0.06812799390481443 0.9734693877551021 0.9959183673469387 1.5625e-05 2 191 -0.07937108886485197
baseline 3 194 194.0 -0.21900800421483912 -0.06087772846221924 0.9724489795918367 0.9959183673469387 1.5625e-05 3 191 -0.07937108886485197
baseline 3 195 195.0 -0.21980047755635918 -0.06844067500562084 0.9734693877551021 0.9959183673469387 1.5625e-05 4 191 -0.07937108886485197
baseline 3 196 196.0 -0.21986551170329638 -0.058802614406663546 0.9734693877551021 0.9959183673469387 1.5625e-05 5 191 -0.07937108886485197
baseline 3 197 197.0 -0.22001552703553492 -0.0585655681940974 0.9724489795918367 0.9959183673469387 1.5625e-05 6 191 -0.07937108886485197
baseline 3 198 198.0 -0.21995715253564993 -0.07501092224704976 0.9714285714285714 0.9959183673469387 1.5625e-05 7 191 -0.07937108886485197
baseline 3 199 199.0 -0.2193163311883305 -0.06565877393800384 0.9734693877551021 0.9959183673469387 1.5625e-05 8 191 -0.07937108886485197
baseline 3 200 200.0 -0.2210171508837769 -0.07280374327484443 0.9744897959183674 0.9959183673469387 1.5625e-05 9 191 -0.07937108886485197
baseline 4 1 1.0 1.9540783964455188 4.328888453269491 0.25204081632653064 0.3510204081632653 0.001 0 1 4.328888453269491
baseline 4 2 2.0 1.4111810994464846 2.008222146910064 0.5448979591836735 0.689795918367347 0.001 0 2 2.008222146910064
baseline 4 3 3.0 1.1492020980330362 1.368942413038137 0.7653061224489796 0.860204081632653 0.001 0 3 1.368942413038137
baseline 4 4 4.0 0.9958439206930907 1.7840038396874252 0.736734693877551 0.6408163265306123 0.001 1 3 1.368942413038137
baseline 4 5 5.0 0.8968866533229738 0.9099919343481259 0.8806122448979592 0.976530612244898 0.001 0 5 0.9099919343481259
baseline 4 6 6.0 0.8180533738862019 1.3420292246098422 0.8326530612244898 0.7785714285714286 0.001 1 5 0.9099919343481259
baseline 4 7 7.0 0.7761262456170142 0.8113584829836475 0.9132653061224489 0.9877551020408163 0.001 0 7 0.8113584829836475
baseline 4 8 8.0 0.7035362014853309 1.0750135120080442 0.8561224489795919 0.9183673469387755 0.001 1 7 0.8113584829836475
baseline 4 9 9.0 0.6703377626037208 1.2465689269863829 0.8387755102040816 0.7846938775510204 0.001 2 7 0.8113584829836475
baseline 4 10 10.0 0.6218672680294672 0.788594094587832 0.8989795918367347 0.9693877551020408 0.001 0 10 0.788594094587832
baseline 4 11 11.0 0.5914232555521887 0.821628543308803 0.8979591836734694 0.9622448979591837 0.001 1 10 0.788594094587832
baseline 4 12 12.0 0.5517415959574472 1.0416789103527457 0.7877551020408163 0.986734693877551 0.001 2 10 0.788594094587832
baseline 4 13 13.0 0.5173891229941239 2.5637900323283915 0.30612244897959184 0.9693877551020408 0.001 3 10 0.788594094587832
baseline 4 14 14.0 0.5673328161361391 1.2465755443183744 0.6755102040816326 0.976530612244898 0.001 4 10 0.788594094587832
baseline 4 15 15.0 0.4842860235987693 0.9901026195409347 0.7765306122448979 0.9622448979591837 0.001 5 10 0.788594094587832
baseline 4 16 16.0 0.4428823297126057 1.0284609512406953 0.7591836734693878 0.939795918367347 0.001 6 10 0.788594094587832
baseline 4 17 17.0 0.42085066245939196 2.4403271081496256 0.3693877551020408 0.9122448979591836 0.001 7 10 0.788594094587832
baseline 4 18 18.0 0.3995466898057507 1.611330287310542 0.5979591836734693 0.886734693877551 0.001 8 10 0.788594094587832
baseline 4 19 19.0 0.36673157804467704 1.0515096357890539 0.7602040816326531 0.9887755102040816 0.001 9 10 0.788594094587832
baseline 4 20 20.0 0.331405578217297 0.6709671370837154 0.8438775510204082 0.9938775510204082 0.001 0 20 0.6709671370837154
baseline 4 21 21.0 0.3384993031270901 1.2196690768611675 0.7285714285714285 0.923469387755102 0.001 1 20 0.6709671370837154
baseline 4 22 22.0 0.3456033781490482 0.629810879668411 0.889795918367347 0.986734693877551 0.001 0 22 0.629810879668411
baseline 4 23 23.0 0.2983322400481757 0.7367198389403674 0.9091836734693878 0.8938775510204081 0.001 1 22 0.629810879668411
baseline 4 24 24.0 0.2715369625220625 0.4981727629291768 0.9255102040816326 0.9785714285714285 0.001 0 24 0.4981727629291768
baseline 4 25 25.0 0.2412213794240182 0.6048996983742227 0.8734693877551021 0.9908163265306122 0.001 1 24 0.4981727629291768
baseline 4 26 26.0 0.2325293942601006 0.6200722193231388 0.8806122448979592 0.9908163265306122 0.001 2 24 0.4981727629291768
baseline 4 27 27.0 0.21132143689614394 1.438792289033228 0.863265306122449 0.6336734693877552 0.001 3 24 0.4981727629291768
baseline 4 28 28.0 0.19746830130987197 0.5078689783203358 0.8979591836734694 0.9826530612244898 0.001 4 24 0.4981727629291768
baseline 4 29 29.0 0.18414028136552416 2.712565735408238 0.6061224489795919 0.6193877551020408 0.001 5 24 0.4981727629291768
baseline 4 30 30.0 0.18384550078044265 0.5466843322831757 0.9326530612244898 0.963265306122449 0.001 6 24 0.4981727629291768
baseline 4 31 31.0 0.1441510652132005 1.4196744296015524 0.7357142857142858 0.7887755102040817 0.001 7 24 0.4981727629291768
baseline 4 32 32.0 0.13217100790255648 0.3723463744533305 0.9540816326530612 0.9622448979591837 0.001 0 32 0.3723463744533305
baseline 4 33 33.0 0.1146963881642631 1.4647464961421732 0.6142857142857143 0.9714285714285714 0.001 1 32 0.3723463744533305
baseline 4 34 34.0 0.12828809522145615 0.6937113314258809 0.8346938775510204 0.9836734693877551 0.001 2 32 0.3723463744533305
baseline 4 35 35.0 0.10627099752913213 0.8438312907608188 0.8112244897959183 0.9806122448979592 0.001 3 32 0.3723463744533305
baseline 4 36 36.0 0.11995622810961885 2.5794591456043476 0.7418367346938776 0.6387755102040816 0.001 4 32 0.3723463744533305
baseline 4 37 37.0 0.0930891421160245 0.5297938144936853 0.8755102040816326 0.9653061224489796 0.001 5 32 0.3723463744533305
baseline 4 38 38.0 0.07470926219279725 2.6581889658558127 0.5204081632653061 0.9357142857142857 0.001 6 32 0.3723463744533305
baseline 4 39 39.0 0.07845520504404989 2.092775867423233 0.710204081632653 0.8 0.001 7 32 0.3723463744533305
baseline 4 40 40.0 0.0573834568657841 1.5178448331599332 0.6081632653061224 0.9877551020408163 0.001 8 32 0.3723463744533305
baseline 4 41 41.0 0.10151656107469038 4.864387582272899 0.2714285714285714 0.6153061224489796 0.001 9 32 0.3723463744533305
baseline 4 42 42.0 0.08447610723107779 2.0383862923602667 0.8510204081632653 0.6693877551020408 0.001 10 32 0.3723463744533305
baseline 4 43 43.0 0.04817050165735543 0.7215445508762282 0.8387755102040816 0.9459183673469388 0.0005 11 32 0.3723463744533305
baseline 4 44 44.0 0.010512159537976804 0.3846789912301667 0.8938775510204081 0.9897959183673469 0.0005 12 32 0.3723463744533305
baseline 4 45 45.0 -0.02517432017029245 0.09103750331061226 0.9683673469387755 0.9908163265306122 0.0005 0 45 0.09103750331061226
baseline 4 46 46.0 -0.03984541681131864 0.0669931698818596 0.9734693877551021 0.9938775510204082 0.0005 0 46 0.0669931698818596
baseline 4 47 47.0 -0.048171154446937946 0.08901629934505541 0.9744897959183674 0.9887755102040816 0.0005 1 46 0.0669931698818596
baseline 4 48 48.0 -0.051536864900735106 0.06723197479637302 0.976530612244898 0.9908163265306122 0.0005 2 46 0.0669931698818596
baseline 4 49 49.0 -0.05667067128133725 0.1206612981095606 0.960204081632653 0.9908163265306122 0.0005 3 46 0.0669931698818596
baseline 4 50 50.0 -0.062484202820872387 0.07850981999416741 0.9693877551020408 0.9918367346938776 0.0005 4 46 0.0669931698818596
baseline 4 51 51.0 -0.06869585697935843 0.08210815483210038 0.9734693877551021 0.9928571428571429 0.0005 5 46 0.0669931698818596
baseline 4 52 52.0 -0.0697546016207998 0.056889493854678404 0.9734693877551021 0.9877551020408163 0.0005 0 52 0.056889493854678404
baseline 4 53 53.0 -0.07613003515734493 0.08586850969158873 0.9714285714285714 0.9887755102040816 0.0005 1 52 0.056889493854678404
baseline 4 54 54.0 -0.07990084580917281 0.0300550390262993 0.9734693877551021 0.9897959183673469 0.0005 0 54 0.0300550390262993
baseline 4 55 55.0 -0.08695380272490255 0.06465170261811237 0.9704081632653061 0.9928571428571429 0.0005 1 54 0.0300550390262993
baseline 4 56 56.0 -0.09206422667215988 0.05058454883341887 0.9744897959183674 0.9908163265306122 0.0005 2 54 0.0300550390262993
baseline 4 57 57.0 -0.09481523418085568 0.03816445238736211 0.9744897959183674 0.9897959183673469 0.0005 3 54 0.0300550390262993
baseline 4 58 58.0 -0.09445937843926715 0.06796898744544204 0.9734693877551021 0.9908163265306122 0.0005 4 54 0.0300550390262993
baseline 4 59 59.0 -0.10348085004292178 0.044244732662123074 0.9755102040816327 0.9938775510204082 0.0005 5 54 0.0300550390262993
baseline 4 60 60.0 -0.10774949567432424 0.040622000791588606 0.9734693877551021 0.9918367346938776 0.0005 6 54 0.0300550390262993
baseline 4 61 61.0 -0.11064451269280313 0.06597509870723803 0.9704081632653061 0.9897959183673469 0.0005 7 54 0.0300550390262993
baseline 4 62 62.0 -0.11295679165954123 0.014680301656528396 0.9755102040816327 0.9918367346938776 0.0005 0 62 0.014680301656528396
baseline 4 63 63.0 -0.11782161555080783 0.007735800013250234 0.9744897959183674 0.9918367346938776 0.0005 0 63 0.007735800013250234
baseline 4 64 64.0 -0.12118268834923578 0.020342920264419244 0.9755102040816327 0.9897959183673469 0.0005 1 63 0.007735800013250234
baseline 4 65 65.0 -0.11712275882298175 0.0548617316752064 0.9724489795918367 0.9908163265306122 0.0005 2 63 0.007735800013250234
baseline 4 66 66.0 -0.1220225930457461 0.12002283164433071 0.9663265306122449 0.9795918367346939 0.0005 3 63 0.007735800013250234
baseline 4 67 67.0 -0.12764285612885629 0.007981099887770049 0.976530612244898 0.9908163265306122 0.0005 4 63 0.007735800013250234
baseline 4 68 68.0 -0.12865372405475933 0.08501970086778914 0.9612244897959183 0.9887755102040816 0.0005 5 63 0.007735800013250234
baseline 4 69 69.0 -0.1281758946831794 0.14295206142931569 0.9459183673469388 0.9908163265306122 0.0005 6 63 0.007735800013250234
baseline 4 70 70.0 -0.1226374785186565 0.09405051907714532 0.9551020408163265 0.9897959183673469 0.0005 7 63 0.007735800013250234
baseline 4 71 71.0 -0.1283068230130212 0.07715092118905516 0.9642857142857143 0.9887755102040816 0.0005 8 63 0.007735800013250234
baseline 4 72 72.0 -0.1339991299075905 0.22843489549597915 0.9326530612244898 0.9744897959183674 0.0005 9 63 0.007735800013250234
baseline 4 73 73.0 -0.14373383604834833 0.03100201888960235 0.9673469387755103 0.9918367346938776 0.0005 10 63 0.007735800013250234
baseline 4 74 74.0 -0.15142449946642164 0.023727806733579052 0.9693877551020408 0.9928571428571429 0.00025 11 63 0.007735800013250234
baseline 4 75 75.0 -0.15420861385450665 0.032216432386515094 0.9683673469387755 0.9928571428571429 0.00025 12 63 0.007735800013250234
baseline 4 76 76.0 -0.15743108393588276 -0.01657887040352335 0.9806122448979592 0.9918367346938776 0.00025 0 76 -0.01657887040352335
baseline 4 77 77.0 -0.16095335880509437 3.864594868251256e-05 0.9714285714285714 0.9908163265306122 0.00025 1 76 -0.01657887040352335
baseline 4 78 78.0 -0.16428850559219033 -0.02608738067198773 0.9826530612244898 0.9918367346938776 0.00025 0 78 -0.02608738067198773
baseline 4 79 79.0 -0.1652344594328104 -0.0029078585760934014 0.9714285714285714 0.9928571428571429 0.00025 1 78 -0.02608738067198773
baseline 4 80 80.0 -0.1668120820505261 -0.01534559069847574 0.9724489795918367 0.9918367346938776 0.00025 2 78 -0.02608738067198773
baseline 4 81 81.0 -0.1665609074077275 -0.01845113939168502 0.9734693877551021 0.9918367346938776 0.00025 3 78 -0.02608738067198773
baseline 4 82 82.0 -0.16733132380387147 -0.024734960283551898 0.9714285714285714 0.9918367346938776 0.00025 4 78 -0.02608738067198773
baseline 4 83 83.0 -0.17074610324875206 -0.032715742685356916 0.9775510204081632 0.9928571428571429 0.00025 0 83 -0.032715742685356916
baseline 4 84 84.0 -0.1720311761024171 -0.02719842901035231 0.9724489795918367 0.9918367346938776 0.00025 1 83 -0.032715742685356916
baseline 4 85 85.0 -0.17227667411817837 -0.022074955823470136 0.9704081632653061 0.9928571428571429 0.00025 2 83 -0.032715742685356916
baseline 4 86 86.0 -0.1743864335492634 -0.026229471333172858 0.9775510204081632 0.9928571428571429 0.00025 3 83 -0.032715742685356916
baseline 4 87 87.0 -0.1751408019884127 -0.027444630739640215 0.9734693877551021 0.9918367346938776 0.00025 4 83 -0.032715742685356916
baseline 4 88 88.0 -0.17438571104842626 -0.008749764792773188 0.9683673469387755 0.9918367346938776 0.00025 5 83 -0.032715742685356916
baseline 4 89 89.0 -0.17619504389163787 -0.04096633633788751 0.9806122448979592 0.9938775510204082 0.00025 0 89 -0.04096633633788751
baseline 4 90 90.0 -0.17954865825553715 -0.026856262829838967 0.9755102040816327 0.9928571428571429 0.00025 1 89 -0.04096633633788751
baseline 4 91 91.0 -0.1808360805915739 -0.01445627820735075 0.9724489795918367 0.9928571428571429 0.00025 2 89 -0.04096633633788751
baseline 4 92 92.0 -0.17987312560670832 -0.02717167212038624 0.9724489795918367 0.9897959183673469 0.00025 3 89 -0.04096633633788751
baseline 4 93 93.0 -0.18138161889135654 0.011339211220643958 0.9704081632653061 0.9908163265306122 0.00025 4 89 -0.04096633633788751
baseline 4 94 94.0 -0.18307570234869547 -0.0334576957079829 0.9744897959183674 0.9928571428571429 0.00025 5 89 -0.04096633633788751
baseline 4 95 95.0 -0.18154356349354744 0.02598632087512892 0.9693877551020408 0.9887755102040816 0.00025 6 89 -0.04096633633788751
baseline 4 96 96.0 -0.1843257305936258 -0.01109418771704849 0.9724489795918367 0.9897959183673469 0.00025 7 89 -0.04096633633788751
baseline 4 97 97.0 -0.18665278530218263 -0.0008416470216245067 0.9744897959183674 0.9928571428571429 0.00025 8 89 -0.04096633633788751
baseline 4 98 98.0 -0.18526526003984678 -0.018223537230978207 0.9734693877551021 0.9928571428571429 0.00025 9 89 -0.04096633633788751
baseline 4 99 99.0 -0.18436394191981578 -0.013548759781584447 0.9744897959183674 0.9918367346938776 0.00025 10 89 -0.04096633633788751
baseline 4 100 100.0 -0.18809760353538427 -0.014902940818241664 0.9755102040816327 0.9908163265306122 0.000125 11 89 -0.04096633633788751
baseline 4 101 101.0 -0.1936769818504692 -0.04778972985793133 0.9755102040816327 0.9938775510204082 0.000125 0 101 -0.04778972985793133
baseline 4 102 102.0 -0.1942427604020677 -0.04347036955307941 0.9724489795918367 0.9928571428571429 0.000125 1 101 -0.04778972985793133
baseline 4 103 103.0 -0.19622042705138443 -0.033833616363758943 0.9755102040816327 0.9928571428571429 0.000125 2 101 -0.04778972985793133
baseline 4 104 104.0 -0.19626007168967585 -0.03424652668894554 0.9744897959183674 0.9928571428571429 0.000125 3 101 -0.04778972985793133
baseline 4 105 105.0 -0.19760920127151693 -0.03545493228094918 0.9734693877551021 0.9928571428571429 0.000125 4 101 -0.04778972985793133
baseline 4 106 106.0 -0.19523947840448055 -0.04219925330609691 0.9724489795918367 0.9928571428571429 0.000125 5 101 -0.04778972985793133
baseline 4 107 107.0 -0.19671095416056367 -0.03678369327467315 0.9724489795918367 0.9928571428571429 0.000125 6 101 -0.04778972985793133
baseline 4 108 108.0 -0.19819508162655308 -0.04395909893269442 0.9734693877551021 0.9918367346938776 0.000125 7 101 -0.04778972985793133
baseline 4 109 109.0 -0.19809251353981788 -0.039802282683703366 0.9744897959183674 0.9918367346938776 0.000125 8 101 -0.04778972985793133
baseline 4 110 110.0 -0.19664561261439104 -0.04370849862390635 0.9734693877551021 0.9928571428571429 0.000125 9 101 -0.04778972985793133
baseline 4 111 111.0 -0.19676315954927281 -0.04946150804052547 0.9755102040816327 0.9928571428571429 0.000125 0 111 -0.04946150804052547
baseline 4 112 112.0 -0.19782487468164228 -0.010187607152121407 0.9714285714285714 0.9928571428571429 0.000125 1 111 -0.04946150804052547
baseline 4 113 113.0 -0.19927373842028967 -0.01456689688624168 0.9704081632653061 0.9918367346938776 0.000125 2 111 -0.04946150804052547
baseline 4 114 114.0 -0.20091851276323672 -0.0496327636193256 0.9744897959183674 0.9928571428571429 0.000125 0 114 -0.0496327636193256
baseline 4 115 115.0 -0.2001866444382166 -0.03105067574248022 0.9744897959183674 0.9928571428571429 0.000125 1 114 -0.0496327636193256
baseline 4 116 116.0 -0.20175337955827488 -0.03140937600816999 0.9724489795918367 0.9918367346938776 0.000125 2 114 -0.0496327636193256
baseline 4 117 117.0 -0.20160089139431805 -0.03956562061699069 0.9714285714285714 0.9928571428571429 0.000125 3 114 -0.0496327636193256
baseline 4 118 118.0 -0.2023742359675718 -0.042822659988792575 0.9734693877551021 0.9918367346938776 0.000125 4 114 -0.0496327636193256
baseline 4 119 119.0 -0.20266041272263727 -0.04737262555531093 0.9785714285714285 0.9928571428571429 0.000125 5 114 -0.0496327636193256
baseline 4 120 120.0 -0.2038922617944439 -0.038437050702620525 0.9724489795918367 0.9918367346938776 0.000125 6 114 -0.0496327636193256
baseline 4 121 121.0 -0.20574927220427344 -0.043840159445392844 0.9693877551020408 0.9918367346938776 0.000125 7 114 -0.0496327636193256
baseline 4 122 122.0 -0.20291534793754398 -0.03787201399705848 0.9724489795918367 0.9928571428571429 0.000125 8 114 -0.0496327636193256
baseline 4 123 123.0 -0.2011632825551408 0.013444990527873136 0.9734693877551021 0.986734693877551 0.000125 9 114 -0.0496327636193256
baseline 4 124 124.0 -0.1998388986421922 -0.024691395370327697 0.9755102040816327 0.9928571428571429 0.000125 10 114 -0.0496327636193256
baseline 4 125 125.0 -0.2052035647101008 -0.05287675565602828 0.9744897959183674 0.9928571428571429 0.000125 0 125 -0.05287675565602828
baseline 4 126 126.0 -0.20355669038410207 -0.04564625487035635 0.9724489795918367 0.9918367346938776 0.000125 1 125 -0.05287675565602828
baseline 4 127 127.0 -0.2064792521762166 -0.03473919970648629 0.9693877551020408 0.9928571428571429 0.000125 2 125 -0.05287675565602828
baseline 4 128 128.0 -0.20547795100889119 -0.02323195155786008 0.9714285714285714 0.9928571428571429 0.000125 3 125 -0.05287675565602828
baseline 4 129 129.0 -0.2063923350880655 -0.01045516486070594 0.9714285714285714 0.9928571428571429 0.000125 4 125 -0.05287675565602828
baseline 4 130 130.0 -0.20773008913258367 -0.04072283506393433 0.976530612244898 0.9908163265306122 0.000125 5 125 -0.05287675565602828
baseline 4 131 131.0 -0.209686213908327 -0.05244452807368064 0.976530612244898 0.9928571428571429 0.000125 6 125 -0.05287675565602828
baseline 4 132 132.0 -0.20860555710173967 -0.034609753501658534 0.9744897959183674 0.9928571428571429 0.000125 7 125 -0.05287675565602828
baseline 4 133 133.0 -0.20948636891040665 -0.02969252868574493 0.9744897959183674 0.9928571428571429 0.000125 8 125 -0.05287675565602828
baseline 4 134 134.0 -0.20901742708451657 -0.04024845021111625 0.9775510204081632 0.9928571428571429 0.000125 9 125 -0.05287675565602828
baseline 4 135 135.0 -0.21070699544435137 -0.059492743501857834 0.9744897959183674 0.9928571428571429 0.000125 0 135 -0.059492743501857834
baseline 4 136 136.0 -0.21001586966422045 -0.019388854503631592 0.9724489795918367 0.9918367346938776 0.000125 1 135 -0.059492743501857834
baseline 4 137 137.0 -0.21053303128243467 -0.050265297597768356 0.9734693877551021 0.9918367346938776 0.000125 2 135 -0.059492743501857834
baseline 4 138 138.0 -0.21175139490990644 -0.05530845802657458 0.9775510204081632 0.9938775510204082 0.000125 3 135 -0.059492743501857834
baseline 4 139 139.0 -0.21106778266359277 -0.005272305984886325 0.9704081632653061 0.9918367346938776 0.000125 4 135 -0.059492743501857834
baseline 4 140 140.0 -0.21283818040123026 -0.04760151152708093 0.9744897959183674 0.9928571428571429 0.000125 5 135 -0.059492743501857834
baseline 4 141 141.0 -0.21320289598665637 -0.025446725378231127 0.976530612244898 0.9918367346938776 0.000125 6 135 -0.059492743501857834
baseline 4 142 142.0 -0.2116681451208136 -0.05208698438138378 0.9724489795918367 0.9897959183673469 0.000125 7 135 -0.059492743501857834
baseline 4 143 143.0 -0.21183374673280336 -0.007470604351588658 0.9714285714285714 0.9928571428571429 0.000125 8 135 -0.059492743501857834
baseline 4 144 144.0 -0.2126814377198302 -0.028407068398534036 0.9704081632653061 0.9918367346938776 0.000125 9 135 -0.059492743501857834
baseline 4 145 145.0 -0.21389842009032953 -0.013291840893881662 0.9704081632653061 0.9897959183673469 0.000125 10 135 -0.059492743501857834
baseline 4 146 146.0 -0.21423922739428325 -0.0241628174879113 0.9744897959183674 0.9918367346938776 6.25e-05 11 135 -0.059492743501857834
baseline 4 147 147.0 -0.2156202338323895 -0.052266346678441884 0.9744897959183674 0.9918367346938776 6.25e-05 12 135 -0.059492743501857834
baseline 4 148 148.0 -0.217613983385653 -0.05489445973415764 0.9744897959183674 0.9938775510204082 6.25e-05 13 135 -0.059492743501857834
baseline 4 149 149.0 -0.21529511904935672 -0.02668934963187393 0.9714285714285714 0.9928571428571429 6.25e-05 14 135 -0.059492743501857834
baseline 4 150 150.0 -0.21717418950960513 -0.015862121144119574 0.9714285714285714 0.9928571428571429 6.25e-05 15 135 -0.059492743501857834
baseline 4 151 151.0 -0.21801093753438683 -0.029563444974471113 0.9704081632653061 0.9918367346938776 6.25e-05 16 135 -0.059492743501857834
baseline 4 152 152.0 -0.2181285200859358 -0.0480369217541753 0.9724489795918367 0.9928571428571429 6.25e-05 17 135 -0.059492743501857834
baseline 4 153 153.0 -0.21803092974807925 -0.05060336297872115 0.9734693877551021 0.9918367346938776 6.25e-05 18 135 -0.059492743501857834
baseline 4 154 154.0 -0.21730749179686176 -0.05688476805784264 0.9734693877551021 0.9928571428571429 6.25e-05 19 135 -0.059492743501857834
baseline 4 155 155.0 -0.21821088280692408 -0.056675101542959405 0.9734693877551021 0.9928571428571429 6.25e-05 20 135 -0.059492743501857834
baseline 4 156 156.0 -0.21774839666939366 -0.032594330943360623 0.9714285714285714 0.9928571428571429 6.25e-05 21 135 -0.059492743501857834
baseline 4 157 157.0 -0.2194129903786516 -0.05389218792623403 0.9714285714285714 0.9928571428571429 3.125e-05 22 135 -0.059492743501857834
baseline 4 158 158.0 -0.220449903159877 -0.06118594067437308 0.9744897959183674 0.9928571428571429 3.125e-05 0 158 -0.06118594067437308
baseline 4 159 159.0 -0.21996381309595 -0.051081520683911384 0.9704081632653061 0.9938775510204082 3.125e-05 1 158 -0.06118594067437308
baseline 4 160 160.0 -0.2194208556346679 -0.057176724015449994 0.9724489795918367 0.9928571428571429 3.125e-05 2 158 -0.06118594067437308
baseline 4 161 161.0 -0.22035172998722533 -0.06195557263432717 0.9724489795918367 0.9928571428571429 3.125e-05 0 161 -0.06195557263432717
baseline 4 162 162.0 -0.22072361688204756 -0.06290955373219081 0.9734693877551021 0.9928571428571429 3.125e-05 0 162 -0.06290955373219081
baseline 4 163 163.0 -0.2208984454635215 -0.05484664148213912 0.9724489795918367 0.9918367346938776 3.125e-05 1 162 -0.06290955373219081
baseline 4 164 164.0 -0.2201360555420857 -0.056288234311707167 0.9734693877551021 0.9918367346938776 3.125e-05 2 162 -0.06290955373219081
baseline 4 165 165.0 -0.22061884269285736 -0.05347030138482853 0.9704081632653061 0.9928571428571429 3.125e-05 3 162 -0.06290955373219081
baseline 4 166 166.0 -0.22078511499408804 -0.053863416885843084 0.9714285714285714 0.9928571428571429 3.125e-05 4 162 -0.06290955373219081
baseline 4 167 167.0 -0.22152582995129314 -0.05419869252613613 0.9724489795918367 0.9928571428571429 3.125e-05 5 162 -0.06290955373219081
baseline 4 168 168.0 -0.22137770851250202 -0.054396540291455325 0.9755102040816327 0.9928571428571429 3.125e-05 6 162 -0.06290955373219081
baseline 4 169 169.0 -0.22180631972917864 -0.05279258562594044 0.9724489795918367 0.9928571428571429 3.125e-05 7 162 -0.06290955373219081
baseline 4 170 170.0 -0.22118456328365727 -0.053603741587424765 0.9724489795918367 0.9928571428571429 3.125e-05 8 162 -0.06290955373219081
baseline 4 171 171.0 -0.2221181441985063 -0.06376607174776039 0.9744897959183674 0.9928571428571429 3.125e-05 0 171 -0.06376607174776039
baseline 4 172 172.0 -0.22215524544146015 -0.026104109627859935 0.9683673469387755 0.9928571428571429 3.125e-05 1 171 -0.06376607174776039
baseline 4 173 173.0 -0.22004638038446273 -0.055037877997573544 0.9734693877551021 0.9928571428571429 3.125e-05 2 171 -0.06376607174776039
baseline 4 174 174.0 -0.2209959685863343 -0.04641120652763211 0.9704081632653061 0.9918367346938776 3.125e-05 3 171 -0.06376607174776039
baseline 4 175 175.0 -0.22107965405554766 -0.0489244463492413 0.9744897959183674 0.9918367346938776 3.125e-05 4 171 -0.06376607174776039
baseline 4 176 176.0 -0.2222823120722123 -0.032335071904318675 0.9724489795918367 0.9928571428571429 3.125e-05 5 171 -0.06376607174776039
baseline 4 177 177.0 -0.2208677192386982 -0.05950695373574082 0.976530612244898 0.9938775510204082 3.125e-05 6 171 -0.06376607174776039
baseline 4 178 178.0 -0.22218628095289783 -0.054107462386695705 0.9755102040816327 0.9938775510204082 3.125e-05 7 171 -0.06376607174776039
baseline 4 179 179.0 -0.223174170831616 -0.0552848008214211 0.9714285714285714 0.9928571428571429 3.125e-05 8 171 -0.06376607174776039
baseline 4 180 180.0 -0.22269973362795056 -0.055774242050793704 0.9734693877551021 0.9918367346938776 3.125e-05 9 171 -0.06376607174776039
baseline 4 181 181.0 -0.2228167559932518 -0.05314457027279601 0.9734693877551021 0.9918367346938776 3.125e-05 10 171 -0.06376607174776039
baseline 4 182 182.0 -0.2235766181663303 -0.06019315403334948 0.9734693877551021 0.9918367346938776 1.5625e-05 11 171 -0.06376607174776039
baseline 4 183 183.0 -0.22323785051018516 -0.05369563881231814 0.9714285714285714 0.9918367346938776 1.5625e-05 12 171 -0.06376607174776039
baseline 4 184 184.0 -0.22280079309007608 -0.05645129899589383 0.9744897959183674 0.9918367346938776 1.5625e-05 13 171 -0.06376607174776039
baseline 4 185 185.0 -0.22353169300704737 -0.055986700495895075 0.9744897959183674 0.9918367346938776 1.5625e-05 14 171 -0.06376607174776039
baseline 4 186 186.0 -0.22396454145034073 -0.05886525840175395 0.9724489795918367 0.9928571428571429 1.5625e-05 15 171 -0.06376607174776039
baseline 4 187 187.0 -0.22386618617606235 -0.058254505663501974 0.9704081632653061 0.9918367346938776 1.5625e-05 16 171 -0.06376607174776039
baseline 4 188 188.0 -0.22395609366394525 -0.05872275391403509 0.9744897959183674 0.9928571428571429 1.5625e-05 17 171 -0.06376607174776039
baseline 4 189 189.0 -0.22430955036424396 -0.056206249704166336 0.9724489795918367 0.9928571428571429 1.5625e-05 18 171 -0.06376607174776039
baseline 4 190 190.0 -0.22437578579743866 -0.058855156509243715 0.9744897959183674 0.9918367346938776 1.5625e-05 19 171 -0.06376607174776039
baseline 4 191 191.0 -0.2243997933793969 -0.06050093076667007 0.9734693877551021 0.9928571428571429 1.5625e-05 20 171 -0.06376607174776039
baseline 4 192 192.0 -0.22370564170463336 -0.05844790667903667 0.9714285714285714 0.9918367346938776 1.5625e-05 21 171 -0.06376607174776039
baseline 4 193 193.0 -0.22360372348508747 -0.05788478632362522 0.9734693877551021 0.9928571428571429 7.8125e-06 22 171 -0.06376607174776039
baseline 4 194 194.0 -0.22412277485669208 -0.06325118760673368 0.9724489795918367 0.9928571428571429 7.8125e-06 23 171 -0.06376607174776039
baseline 4 195 195.0 -0.2243024804253622 -0.06166720511961957 0.9734693877551021 0.9928571428571429 7.8125e-06 24 171 -0.06376607174776039
baseline 4 196 196.0 -0.22512803142233936 -0.058552121872804605 0.9734693877551021 0.9928571428571429 7.8125e-06 25 171 -0.06376607174776039
baseline 4 197 197.0 -0.22445720921254378 -0.060181508015613165 0.9744897959183674 0.9928571428571429 7.8125e-06 26 171 -0.06376607174776039
baseline 4 198 198.0 -0.22463975504299472 -0.063052520460012 0.9734693877551021 0.9928571428571429 7.8125e-06 27 171 -0.06376607174776039
baseline 4 199 199.0 -0.22411992430565184 -0.050049335615975514 0.9714285714285714 0.9928571428571429 7.8125e-06 28 171 -0.06376607174776039
baseline 4 200 200.0 -0.22375743692327935 -0.056196612241316814 0.9704081632653061 0.9918367346938776 7.8125e-06 29 171 -0.06376607174776039
baseline 5 1 1.0 1.8509410529628594 3.4242006165640695 0.27346938775510204 0.33877551020408164 0.001 0 1 3.4242006165640695
baseline 5 2 2.0 1.3099627453411442 5.597384330204555 0.28469387755102044 0.6122448979591837 0.001 1 1 3.4242006165640695
baseline 5 3 3.0 1.0603747512760884 2.320262354247424 0.4897959183673469 0.9214285714285714 0.001 0 3 2.320262354247424
baseline 5 4 4.0 0.9326232878740524 1.7953884188009768 0.8785714285714286 0.5826530612244898 0.001 0 4 1.7953884188009768
baseline 5 5 5.0 0.8804273745378021 1.487383643948302 0.6275510204081632 0.8663265306122448 0.001 0 5 1.487383643948302
baseline 5 6 6.0 0.8049224578567131 0.8716556850744753 0.8989795918367347 0.9673469387755103 0.001 0 6 0.8716556850744753
baseline 5 7 7.0 0.7445681796497661 1.5704291611301655 0.6204081632653061 0.9306122448979591 0.001 1 6 0.8716556850744753
baseline 5 8 8.0 0.7189539101686371 1.2648301757111842 0.6775510204081633 0.9693877551020408 0.001 2 6 0.8716556850744753
baseline 5 9 9.0 0.6555700375183854 1.450747927840875 0.6704081632653062 0.9714285714285714 0.001 3 6 0.8716556850744753
baseline 5 10 10.0 0.6201747311878496 1.7251966057991495 0.5969387755102041 0.9734693877551021 0.001 4 6 0.8716556850744753
baseline 5 11 11.0 0.5947137951120293 1.4684680223464965 0.7795918367346939 0.7755102040816326 0.001 5 6 0.8716556850744753
baseline 5 12 12.0 0.5480294666567911 0.8445256753843657 0.8469387755102041 0.9734693877551021 0.001 0 12 0.8445256753843657
baseline 5 13 13.0 0.5197185690726883 1.660781654533075 0.6571428571428571 0.8081632653061225 0.001 1 12 0.8445256753843657
baseline 5 14 14.0 0.5035523902529716 1.6581986568412002 0.5724489795918367 0.9224489795918367 0.001 2 12 0.8445256753843657
baseline 5 15 15.0 0.47113842313939874 2.242820410825768 0.4663265306122449 0.9479591836734694 0.001 3 12 0.8445256753843657
baseline 5 16 16.0 0.4379083193967973 0.9212546295049239 0.7714285714285715 0.9755102040816327 0.001 4 12 0.8445256753843657
baseline 5 17 17.0 0.4054911347283041 1.422863991406499 0.6877551020408164 0.9857142857142858 0.001 5 12 0.8445256753843657
baseline 5 18 18.0 0.3895223293533364 1.977600132689184 0.5224489795918368 0.9683673469387755 0.001 6 12 0.8445256753843657
baseline 5 19 19.0 0.36338477358754734 1.3568324551290396 0.6234693877551021 0.963265306122449 0.001 7 12 0.8445256753843657
baseline 5 20 20.0 0.37583716662716693 0.5680678211912817 0.9551020408163265 0.9653061224489796 0.001 0 20 0.5680678211912817
baseline 5 21 21.0 0.3343122663305534 0.8196985181497067 0.8642857142857143 0.9285714285714286 0.001 1 20 0.5680678211912817
baseline 5 22 22.0 0.31295147279431557 0.6344770331772006 0.8459183673469388 0.9877551020408163 0.001 2 20 0.5680678211912817
baseline 5 23 23.0 0.2698719162071567 0.9952672977836765 0.7693877551020408 0.9795918367346939 0.001 3 20 0.5680678211912817
baseline 5 24 24.0 0.27773795119345007 0.8321570153139075 0.8938775510204081 0.9071428571428571 0.001 4 20 0.5680678211912817
baseline 5 25 25.0 0.25429582744989015 1.1714858823893022 0.8020408163265306 0.9306122448979591 0.001 5 20 0.5680678211912817
baseline 5 26 26.0 0.2171859507115065 0.6197343035620086 0.863265306122449 0.9887755102040816 0.001 6 20 0.5680678211912817
baseline 5 27 27.0 0.19012604533590993 0.6394271797063399 0.9163265306122449 0.9295918367346939 0.001 7 20 0.5680678211912817
baseline 5 28 28.0 0.19075031896655478 0.8567519951839836 0.7979591836734694 0.9836734693877551 0.001 8 20 0.5680678211912817
baseline 5 29 29.0 0.16480417922519688 1.554428203251897 0.7714285714285715 0.7112244897959183 0.001 9 20 0.5680678211912817
baseline 5 30 30.0 0.17951812600456293 1.3976476552535078 0.8214285714285714 0.710204081632653 0.001 10 20 0.5680678211912817
baseline 5 31 31.0 0.16808894988952303 1.674731898794369 0.6877551020408164 0.9816326530612245 0.0005 11 20 0.5680678211912817
baseline 5 32 32.0 0.1390218860769418 0.3031908439130199 0.9520408163265306 0.9857142857142858 0.0005 0 32 0.3031908439130199
baseline 5 33 33.0 0.10489446831918468 0.3764841301100595 0.9275510204081633 0.986734693877551 0.0005 1 32 0.3031908439130199
baseline 5 34 34.0 0.08671612734692333 0.2569522570590584 0.95 0.9918367346938776 0.0005 0 34 0.2569522570590584
baseline 5 35 35.0 0.07523955114041213 0.24446647678102765 0.9479591836734694 0.9938775510204082 0.0005 0 35 0.24446647678102765
baseline 5 36 36.0 0.06862723096763759 0.2369512609073094 0.9581632653061225 0.9887755102040816 0.0005 0 36 0.2369512609073094
baseline 5 37 37.0 0.06226424828734899 0.2534751714492331 0.9489795918367347 0.9928571428571429 0.0005 1 36 0.2369512609073094
baseline 5 38 38.0 0.05609872227913269 0.18466110132178482 0.9673469387755103 0.9908163265306122 0.0005 0 38 0.18466110132178482
baseline 5 39 39.0 0.045367174360433075 0.23418142041381523 0.9408163265306122 0.9938775510204082 0.0005 1 38 0.18466110132178482
baseline 5 40 40.0 0.04433547878167968 0.16837198418013904 0.9683673469387755 0.9928571428571429 0.0005 0 40 0.16837198418013904
baseline 5 41 41.0 0.03875424925226478 0.20810279870519832 0.9571428571428572 0.9928571428571429 0.0005 1 40 0.16837198418013904
baseline 5 42 42.0 0.03137005008642958 0.18602339637522794 0.963265306122449 0.9887755102040816 0.0005 2 40 0.16837198418013904
baseline 5 43 43.0 0.023023458496421057 0.19092615283265404 0.963265306122449 0.9918367346938776 0.0005 3 40 0.16837198418013904
baseline 5 44 44.0 0.01585366612678894 0.19891536698049428 0.9561224489795919 0.9928571428571429 0.0005 4 40 0.16837198418013904
baseline 5 45 45.0 0.010652131639778675 0.14221956900187901 0.9724489795918367 0.9928571428571429 0.0005 0 45 0.14221956900187901
baseline 5 46 46.0 0.0070133651849320034 0.18616015278563208 0.960204081632653 0.9928571428571429 0.0005 1 45 0.14221956900187901
baseline 5 47 47.0 -6.479731132109879e-05 0.2361306153998083 0.9459183673469388 0.9918367346938776 0.0005 2 45 0.14221956900187901
baseline 5 48 48.0 -0.004795572791815535 0.30272539975691815 0.9193877551020408 0.9877551020408163 0.0005 3 45 0.14221956900187901
baseline 5 49 49.0 -0.009855556658510047 0.13322382654462542 0.9673469387755103 0.9918367346938776 0.0005 0 49 0.13322382654462542
baseline 5 50 50.0 -0.012133899273253802 0.4228163748371358 0.9030612244897959 0.9795918367346939 0.0005 1 49 0.13322382654462542
baseline 5 51 51.0 -0.017561003489684278 0.3393492679206692 0.9316326530612244 0.9806122448979592 0.0005 2 49 0.13322382654462542
baseline 5 52 52.0 -0.026188114020627172 0.1242050535824834 0.9642857142857143 0.9897959183673469 0.0005 0 52 0.1242050535824834
baseline 5 53 53.0 -0.03121990269854802 0.2770376254101189 0.9295918367346939 0.9908163265306122 0.0005 1 52 0.1242050535824834
baseline 5 54 54.0 -0.037403453175697675 0.4286775511138293 0.9683673469387755 0.9071428571428571 0.0005 2 52 0.1242050535824834
baseline 5 55 55.0 -0.04271465205074696 0.20673952029675854 0.9571428571428572 0.986734693877551 0.0005 3 52 0.1242050535824834
baseline 5 56 56.0 -0.046281464192426486 0.6013440441112129 0.8163265306122449 0.9887755102040816 0.0005 4 52 0.1242050535824834
baseline 5 57 57.0 -0.04770375229608538 0.2069153651899221 0.9479591836734694 0.9887755102040816 0.0005 5 52 0.1242050535824834
baseline 5 58 58.0 -0.04476128711885524 2.039869566353 0.6265306122448979 0.9571428571428572 0.0005 6 52 0.1242050535824834
baseline 5 59 59.0 0.03634076933086344 2.217650438814747 0.6204081632653061 0.8163265306122449 0.0005 7 52 0.1242050535824834
baseline 5 60 60.0 0.04337350553828192 3.457008663488894 0.4989795918367347 0.85 0.0005 8 52 0.1242050535824834
baseline 5 61 61.0 0.07923143968153536 5.137582222296267 0.3622448979591837 0.7816326530612245 0.0005 9 52 0.1242050535824834
baseline 5 62 62.0 0.011749099053450089 0.780546984137321 0.8397959183673469 0.9775510204081632 0.0005 10 52 0.1242050535824834
baseline 5 63 63.0 -0.028110087831125074 2.200000688981037 0.563265306122449 0.8571428571428571 0.00025 11 52 0.1242050535824834
baseline 5 64 64.0 -0.050911040605636615 0.09938932243658571 0.9673469387755103 0.9918367346938776 0.00025 0 64 0.09938932243658571
baseline 5 65 65.0 -0.07205826311968686 0.06375882698565113 0.9693877551020408 0.9928571428571429 0.00025 0 65 0.06375882698565113
baseline 5 66 66.0 -0.08044592139669775 0.062041371209280834 0.9683673469387755 0.9938775510204082 0.00025 0 66 0.062041371209280834
baseline 5 67 67.0 -0.08614922403923947 0.06794554822298945 0.9683673469387755 0.9928571428571429 0.00025 1 66 0.062041371209280834
baseline 5 68 68.0 -0.09008144163379143 0.040666242278352076 0.9714285714285714 0.9938775510204082 0.00025 0 68 0.040666242278352076
baseline 5 69 69.0 -0.09295095717943481 0.049757645081500615 0.9714285714285714 0.9928571428571429 0.00025 1 68 0.040666242278352076
baseline 5 70 70.0 -0.09537793399121106 0.04313228203325856 0.9693877551020408 0.9938775510204082 0.00025 2 68 0.040666242278352076
baseline 5 71 71.0 -0.09779149391312643 0.04127097300120763 0.9724489795918367 0.9928571428571429 0.00025 3 68 0.040666242278352076
baseline 5 72 72.0 -0.10057242654560779 0.06031215288201157 0.9693877551020408 0.9928571428571429 0.00025 4 68 0.040666242278352076
baseline 5 73 73.0 -0.10221740703904227 0.03298112445948075 0.9734693877551021 0.9938775510204082 0.00025 0 73 0.03298112445948075
baseline 5 74 74.0 -0.10463658197420489 0.060241967074725095 0.9704081632653061 0.9918367346938776 0.00025 1 73 0.03298112445948075
baseline 5 75 75.0 -0.10682342841505883 0.05146640977080987 0.9683673469387755 0.9938775510204082 0.00025 2 73 0.03298112445948075
baseline 5 76 76.0 -0.1100984045872284 0.03135914826879696 0.9714285714285714 0.9938775510204082 0.00025 0 76 0.03135914826879696
baseline 5 77 77.0 -0.11128889278444985 0.03836993368304505 0.9693877551020408 0.9938775510204082 0.00025 1 76 0.03135914826879696
baseline 5 78 78.0 -0.11420949249394215 0.02513015854115389 0.9755102040816327 0.9938775510204082 0.00025 0 78 0.02513015854115389
baseline 5 79 79.0 -0.11574640818343586 0.03790993787804428 0.9704081632653061 0.9938775510204082 0.00025 1 78 0.02513015854115389
baseline 5 80 80.0 -0.11592822213703814 0.03596007994243077 0.9683673469387755 0.9938775510204082 0.00025 2 78 0.02513015854115389
baseline 5 81 81.0 -0.11938859876987275 0.057467660368705285 0.9693877551020408 0.9918367346938776 0.00025 3 78 0.02513015854115389
baseline 5 82 82.0 -0.12033335643842344 0.025175972860686634 0.9734693877551021 0.9938775510204082 0.00025 4 78 0.02513015854115389
baseline 5 83 83.0 -0.12338859049852584 0.02818973818603827 0.9724489795918367 0.9928571428571429 0.00025 5 78 0.02513015854115389
baseline 5 84 84.0 -0.12453673814972283 0.01427574060401138 0.9744897959183674 0.9928571428571429 0.00025 0 84 0.01427574060401138
baseline 5 85 85.0 -0.1269815657915694 0.02795517906850698 0.9724489795918367 0.9938775510204082 0.00025 1 84 0.01427574060401138
baseline 5 86 86.0 -0.12963524214215616 0.018911513017148388 0.9744897959183674 0.9928571428571429 0.00025 2 84 0.01427574060401138
baseline 5 87 87.0 -0.1312158726330797 0.06859918784122078 0.9642857142857143 0.9938775510204082 0.00025 3 84 0.01427574060401138
baseline 5 88 88.0 -0.13130077795792405 0.028965397513642605 0.9653061224489796 0.9928571428571429 0.00025 4 84 0.01427574060401138
baseline 5 89 89.0 -0.1346440049795866 0.02772653954369681 0.9693877551020408 0.9938775510204082 0.00025 5 84 0.01427574060401138
baseline 5 90 90.0 -0.1371279920815691 0.034404374385366636 0.9704081632653061 0.9938775510204082 0.00025 6 84 0.01427574060401138
baseline 5 91 91.0 -0.1353313633078087 0.02134788717542376 0.9724489795918367 0.9938775510204082 0.00025 7 84 0.01427574060401138
baseline 5 92 92.0 -0.1371781039408449 0.033061665418196697 0.9704081632653061 0.9918367346938776 0.00025 8 84 0.01427574060401138
baseline 5 93 93.0 -0.13981500861593604 0.03676801798295001 0.9683673469387755 0.9928571428571429 0.00025 9 84 0.01427574060401138
baseline 5 94 94.0 -0.1418752200878677 0.045296268073879944 0.9663265306122449 0.9938775510204082 0.00025 10 84 0.01427574060401138
baseline 5 95 95.0 -0.14372684422260162 0.009954358120353854 0.9744897959183674 0.9938775510204082 0.00025 0 95 0.009954358120353854
baseline 5 96 96.0 -0.14209705743409762 0.09520025496580163 0.9530612244897959 0.9928571428571429 0.00025 1 95 0.009954358120353854
baseline 5 97 97.0 -0.14620242439081038 0.020322346200748367 0.9714285714285714 0.9928571428571429 0.00025 2 95 0.009954358120353854
baseline 5 98 98.0 -0.1460961973460142 0.07662271991068004 0.9612244897959183 0.9938775510204082 0.00025 3 95 0.009954358120353854
baseline 5 99 99.0 -0.15073526185671812 0.029967977562729193 0.9704081632653061 0.9938775510204082 0.00025 4 95 0.009954358120353854
baseline 5 100 100.0 -0.14777469458448508 0.04702878144322609 0.9642857142857143 0.9938775510204082 0.00025 5 95 0.009954358120353854
baseline 5 101 101.0 -0.1515624336251443 0.06562619987799197 0.9663265306122449 0.9887755102040816 0.00025 6 95 0.009954358120353854
baseline 5 102 102.0 -0.1534171523916344 0.01897510947013388 0.9693877551020408 0.9938775510204082 0.00025 7 95 0.009954358120353854
baseline 5 103 103.0 -0.15601633828555722 0.04180331789717382 0.963265306122449 0.9938775510204082 0.00025 8 95 0.009954358120353854
baseline 5 104 104.0 -0.15474181667168124 0.010542403678504788 0.9673469387755103 0.9928571428571429 0.00025 9 95 0.009954358120353854
baseline 5 105 105.0 -0.15941606423949806 0.07837009770529611 0.960204081632653 0.9897959183673469 0.00025 10 95 0.009954358120353854
baseline 5 106 106.0 -0.160586930636366 0.007125273529364138 0.9724489795918367 0.9938775510204082 0.00025 0 106 0.007125273529364138
baseline 5 107 107.0 -0.16454053113847758 0.0007312944957188198 0.9704081632653061 0.9928571428571429 0.00025 0 107 0.0007312944957188198
baseline 5 108 108.0 -0.1647335035199408 0.039480948204896886 0.963265306122449 0.9938775510204082 0.00025 1 107 0.0007312944957188198
baseline 5 109 109.0 -0.1634101490808824 0.010637853826795305 0.9714285714285714 0.9928571428571429 0.00025 2 107 0.0007312944957188198
baseline 5 110 110.0 -0.16690488136825327 0.12287117291469964 0.9459183673469388 0.9897959183673469 0.00025 3 107 0.0007312944957188198
baseline 5 111 111.0 -0.1664411085253473 0.23363465484307736 0.9306122448979591 0.9938775510204082 0.00025 4 107 0.0007312944957188198
baseline 5 112 112.0 -0.168564430174472 0.004558604347462557 0.9724489795918367 0.9908163265306122 0.00025 5 107 0.0007312944957188198
baseline 5 113 113.0 -0.16872712266579104 0.022259739223791628 0.9704081632653061 0.9887755102040816 0.00025 6 107 0.0007312944957188198
baseline 5 114 114.0 -0.1690104372411266 0.15060504626254645 0.9469387755102041 0.9806122448979592 0.00025 7 107 0.0007312944957188198
baseline 5 115 115.0 -0.16741635880991437 0.07265283599191782 0.9591836734693877 0.9887755102040816 0.00025 8 107 0.0007312944957188198
baseline 5 116 116.0 -0.16822896597943096 0.4357942118936656 0.9010204081632653 0.9877551020408163 0.00025 9 107 0.0007312944957188198
baseline 5 117 117.0 -0.17368218683246694 0.25367509078006356 0.9275510204081633 0.9897959183673469 0.00025 10 107 0.0007312944957188198
baseline 5 118 118.0 -0.17001082102051795 0.2932451883140875 0.9142857142857143 0.9938775510204082 0.000125 11 107 0.0007312944957188198
baseline 5 119 119.0 -0.17639961933091175 0.04652753971060928 0.9642857142857143 0.9836734693877551 0.000125 12 107 0.0007312944957188198
baseline 5 120 120.0 -0.17942091289896278 0.000893822008249711 0.9673469387755103 0.9938775510204082 0.000125 13 107 0.0007312944957188198
baseline 5 121 121.0 -0.18346042731687412 0.026061875722846205 0.9612244897959183 0.9938775510204082 0.000125 14 107 0.0007312944957188198
baseline 5 122 122.0 -0.18382804483875434 0.0010364624918723594 0.9683673469387755 0.9938775510204082 0.000125 15 107 0.0007312944957188198
baseline 5 123 123.0 -0.18486468851627197 -0.004465790427460962 0.9693877551020408 0.9938775510204082 0.000125 0 123 -0.004465790427460962
baseline 5 124 124.0 -0.18505411938335117 -0.010744378274800827 0.9683673469387755 0.9938775510204082 0.000125 0 124 -0.010744378274800827
baseline 5 125 125.0 -0.18594598167398002 -0.021448502491931525 0.9724489795918367 0.9938775510204082 0.000125 0 125 -0.021448502491931525
baseline 5 126 126.0 -0.18764919687949114 -0.011462717883440913 0.9714285714285714 0.9938775510204082 0.000125 1 125 -0.021448502491931525
baseline 5 127 127.0 -0.1867259412669064 -0.007020762015362175 0.9704081632653061 0.9938775510204082 0.000125 2 125 -0.021448502491931525
baseline 5 128 128.0 -0.18811253720820253 -0.015622849610387063 0.9714285714285714 0.9938775510204082 0.000125 3 125 -0.021448502491931525
baseline 5 129 129.0 -0.1886552366465178 -0.011883035971193898 0.9693877551020408 0.9938775510204082 0.000125 4 125 -0.021448502491931525
baseline 5 130 130.0 -0.1876222018201943 -0.010216085034973767 0.9704081632653061 0.9938775510204082 0.000125 5 125 -0.021448502491931525
baseline 5 131 131.0 -0.18866885341589737 -0.014202700099166559 0.9714285714285714 0.9928571428571429 0.000125 6 125 -0.021448502491931525
baseline 5 132 132.0 -0.18888576549455996 0.01991056982351809 0.9653061224489796 0.9928571428571429 0.000125 7 125 -0.021448502491931525
baseline 5 133 133.0 -0.1909602874389586 0.0046076098266912965 0.9683673469387755 0.9938775510204082 0.000125 8 125 -0.021448502491931525
baseline 5 134 134.0 -0.1920282875432179 -0.007912920202527728 0.9683673469387755 0.9938775510204082 0.000125 9 125 -0.021448502491931525
baseline 5 135 135.0 -0.19208544797137517 -0.008725374572131099 0.9673469387755103 0.9938775510204082 0.000125 10 125 -0.021448502491931525
baseline 5 136 136.0 -0.1921383496202658 -0.019316750399920406 0.9704081632653061 0.9938775510204082 6.25e-05 11 125 -0.021448502491931525
baseline 5 137 137.0 -0.19353177373328906 -0.007248346173033422 0.9683673469387755 0.9938775510204082 6.25e-05 12 125 -0.021448502491931525
baseline 5 138 138.0 -0.19395815370275246 0.003477933942055216 0.9663265306122449 0.9938775510204082 6.25e-05 13 125 -0.021448502491931525
baseline 5 139 139.0 -0.19496024629068812 -0.02044648759219111 0.9673469387755103 0.9938775510204082 6.25e-05 14 125 -0.021448502491931525
baseline 5 140 140.0 -0.19559149424316202 -0.029798216722449478 0.9704081632653061 0.9938775510204082 6.25e-05 0 140 -0.029798216722449478
baseline 5 141 141.0 -0.19612247165790983 -0.030074931164177098 0.9704081632653061 0.9938775510204082 6.25e-05 0 141 -0.030074931164177098
baseline 5 142 142.0 -0.19587211412842842 -0.022485570275053685 0.9693877551020408 0.9938775510204082 6.25e-05 1 141 -0.030074931164177098
baseline 5 143 143.0 -0.19641028203077773 -0.027913139304336237 0.9724489795918367 0.9938775510204082 6.25e-05 2 141 -0.030074931164177098
baseline 5 144 144.0 -0.19597801599609718 -0.01999073953044658 0.9673469387755103 0.9938775510204082 6.25e-05 3 141 -0.030074931164177098
baseline 5 145 145.0 -0.19552580304481887 -0.025179155505433374 0.9724489795918367 0.9938775510204082 6.25e-05 4 141 -0.030074931164177098
baseline 5 146 146.0 -0.19613179129161193 -0.0069054827398183395 0.9704081632653061 0.9938775510204082 6.25e-05 5 141 -0.030074931164177098
baseline 5 147 147.0 -0.19711441446982317 0.006642854943567393 0.9673469387755103 0.9928571428571429 6.25e-05 6 141 -0.030074931164177098
baseline 5 148 148.0 -0.19753019845035152 -0.010397250798283792 0.9683673469387755 0.9938775510204082 6.25e-05 7 141 -0.030074931164177098
baseline 5 149 149.0 -0.19829497742823365 -0.02258433979384753 0.9714285714285714 0.9938775510204082 6.25e-05 8 141 -0.030074931164177098
baseline 5 150 150.0 -0.19878454051295388 -0.026441171704506387 0.9693877551020408 0.9938775510204082 6.25e-05 9 141 -0.030074931164177098
baseline 5 151 151.0 -0.19970894444341922 -0.024803314890180315 0.9714285714285714 0.9938775510204082 6.25e-05 10 141 -0.030074931164177098
baseline 5 152 152.0 -0.198762462989059 -0.020761575747509392 0.9704081632653061 0.9938775510204082 3.125e-05 11 141 -0.030074931164177098
baseline 5 153 153.0 -0.19858959496812753 -0.02829273476892588 0.9714285714285714 0.9938775510204082 3.125e-05 12 141 -0.030074931164177098
baseline 5 154 154.0 -0.2000572770316462 -0.024248019286564417 0.9693877551020408 0.9938775510204082 3.125e-05 13 141 -0.030074931164177098
baseline 5 155 155.0 -0.1994323781001799 -0.02740673459306055 0.9704081632653061 0.9938775510204082 3.125e-05 14 141 -0.030074931164177098
baseline 5 156 156.0 -0.2004132547831511 -0.03093309110524703 0.9704081632653061 0.9938775510204082 3.125e-05 0 156 -0.03093309110524703
baseline 5 157 157.0 -0.19975359599363815 -0.028835769332185082 0.9714285714285714 0.9938775510204082 3.125e-05 1 156 -0.03093309110524703
baseline 5 158 158.0 -0.19943678969625797 -0.0328639023158015 0.9734693877551021 0.9938775510204082 3.125e-05 0 158 -0.0328639023158015
baseline 5 159 159.0 -0.20082069618343942 -0.0323867848941258 0.9724489795918367 0.9938775510204082 3.125e-05 1 158 -0.0328639023158015
baseline 5 160 160.0 -0.20118984436964477 -0.026880468884292914 0.9704081632653061 0.9938775510204082 3.125e-05 2 158 -0.0328639023158015
baseline 5 161 161.0 -0.20096054779740471 -0.02647674375650834 0.9704081632653061 0.9938775510204082 3.125e-05 3 158 -0.0328639023158015
baseline 5 162 162.0 -0.20101923974225178 -0.02729530261487377 0.9693877551020408 0.9938775510204082 3.125e-05 4 158 -0.0328639023158015
baseline 5 163 163.0 -0.2008837821291221 -0.02566036472515184 0.9693877551020408 0.9938775510204082 3.125e-05 5 158 -0.0328639023158015
baseline 5 164 164.0 -0.20073003465722603 -0.02916227506131542 0.9714285714285714 0.9938775510204082 3.125e-05 6 158 -0.0328639023158015
baseline 5 165 165.0 -0.2017284068559602 -0.031117253887410067 0.9724489795918367 0.9938775510204082 3.125e-05 7 158 -0.0328639023158015
baseline 5 166 166.0 -0.2017318220377212 -0.02732128196833085 0.9714285714285714 0.9938775510204082 3.125e-05 8 158 -0.0328639023158015
baseline 5 167 167.0 -0.20168060983651992 -0.027656152053755156 0.9683673469387755 0.9938775510204082 3.125e-05 9 158 -0.0328639023158015
baseline 5 168 168.0 -0.20177552776755547 -0.025612054552350726 0.9704081632653061 0.9938775510204082 3.125e-05 10 158 -0.0328639023158015
baseline 5 169 169.0 -0.2016958932223919 -0.022146836348942347 0.9714285714285714 0.9938775510204082 1.5625e-05 11 158 -0.0328639023158015
baseline 5 170 170.0 -0.20183653053394743 -0.026750166562138772 0.9704081632653061 0.9938775510204082 1.5625e-05 12 158 -0.0328639023158015
baseline 5 171 171.0 -0.20273916988012375 -0.029353827846293548 0.9693877551020408 0.9938775510204082 1.5625e-05 13 158 -0.0328639023158015
baseline 5 172 172.0 -0.20279714023738155 -0.030434240370380634 0.9693877551020408 0.9938775510204082 1.5625e-05 14 158 -0.0328639023158015
baseline 5 173 173.0 -0.2027934862717423 -0.03144760740046598 0.9714285714285714 0.9938775510204082 1.5625e-05 15 158 -0.0328639023158015
baseline 5 174 174.0 -0.2029503697150818 -0.021442375134448615 0.9683673469387755 0.9938775510204082 1.5625e-05 16 158 -0.0328639023158015
baseline 5 175 175.0 -0.20310661102339733 -0.02587625372166536 0.9693877551020408 0.9938775510204082 1.5625e-05 17 158 -0.0328639023158015
baseline 5 176 176.0 -0.20295603854907057 -0.0316698213012851 0.9704081632653061 0.9938775510204082 1.5625e-05 18 158 -0.0328639023158015
baseline 5 177 177.0 -0.2027694463608092 -0.03226256832784536 0.9714285714285714 0.9938775510204082 1.5625e-05 19 158 -0.0328639023158015
baseline 5 178 178.0 -0.20325355236328171 -0.03048455471895179 0.9693877551020408 0.9938775510204082 1.5625e-05 20 158 -0.0328639023158015
baseline 5 179 179.0 -0.20313464383669844 -0.03254012720925467 0.9744897959183674 0.9938775510204082 1.5625e-05 21 158 -0.0328639023158015
baseline 5 180 180.0 -0.2027615558382683 -0.031000507121183435 0.9704081632653061 0.9938775510204082 7.8125e-06 22 158 -0.0328639023158015
baseline 5 181 181.0 -0.20387691941275904 -0.031006715492326385 0.9714285714285714 0.9938775510204082 7.8125e-06 23 158 -0.0328639023158015
baseline 5 182 182.0 -0.2033676692000205 -0.031248227674133922 0.9714285714285714 0.9938775510204082 7.8125e-06 24 158 -0.0328639023158015
baseline 5 183 183.0 -0.20379923806127173 -0.02661057491691745 0.9693877551020408 0.9938775510204082 7.8125e-06 25 158 -0.0328639023158015
baseline 5 184 184.0 -0.20357946301139776 -0.0334064675837147 0.9724489795918367 0.9938775510204082 7.8125e-06 0 184 -0.0334064675837147
baseline 5 185 185.0 -0.20281890524785293 -0.03333773053422266 0.9724489795918367 0.9938775510204082 7.8125e-06 1 184 -0.0334064675837147
baseline 5 186 186.0 -0.20343101304690367 -0.03160572976482158 0.9714285714285714 0.9938775510204082 7.8125e-06 2 184 -0.0334064675837147
baseline 5 187 187.0 -0.20353372664446728 -0.030047044705371468 0.9704081632653061 0.9938775510204082 7.8125e-06 3 184 -0.0334064675837147
baseline 5 188 188.0 -0.2035921345083414 -0.03171969092622095 0.9704081632653061 0.9938775510204082 7.8125e-06 4 184 -0.0334064675837147
baseline 5 189 189.0 -0.20362620571660558 -0.029831898942285655 0.9714285714285714 0.9938775510204082 7.8125e-06 5 184 -0.0334064675837147
baseline 5 190 190.0 -0.20427161211621653 -0.029340258179878703 0.9714285714285714 0.9938775510204082 7.8125e-06 6 184 -0.0334064675837147
baseline 5 191 191.0 -0.2044332858490871 -0.030308281888767163 0.9714285714285714 0.9938775510204082 7.8125e-06 7 184 -0.0334064675837147
baseline 5 192 192.0 -0.20352327318308425 -0.03173422326846999 0.9714285714285714 0.9938775510204082 7.8125e-06 8 184 -0.0334064675837147
baseline 5 193 193.0 -0.20490915204214732 -0.02372520164567597 0.9683673469387755 0.9938775510204082 7.8125e-06 9 184 -0.0334064675837147
baseline 5 194 194.0 -0.2041145201479451 -0.03283247096197946 0.9714285714285714 0.9938775510204082 7.8125e-06 10 184 -0.0334064675837147
baseline 5 195 195.0 -0.20358689837119676 -0.029003960259106693 0.9704081632653061 0.9938775510204082 3.90625e-06 11 184 -0.0334064675837147
baseline 5 196 196.0 -0.2043718763220907 -0.02931241697194625 0.9704081632653061 0.9938775510204082 3.90625e-06 12 184 -0.0334064675837147
baseline 5 197 197.0 -0.20427831888685918 -0.030288446192838707 0.9714285714285714 0.9938775510204082 3.90625e-06 13 184 -0.0334064675837147
baseline 5 198 198.0 -0.20400319127432537 -0.03352445582954251 0.9724489795918367 0.9938775510204082 3.90625e-06 0 198 -0.03352445582954251
baseline 5 199 199.0 -0.20518720533558005 -0.03189887830189296 0.9714285714285714 0.9938775510204082 3.90625e-06 1 198 -0.03352445582954251
baseline 5 200 200.0 -0.20488145396463475 -0.02900715579791945 0.9704081632653061 0.9938775510204082 3.90625e-06 2 198 -0.03352445582954251
baseline 6 1 1.0 1.901283047294227 2.833322794583379 0.28775510204081634 0.41122448979591836 0.001 0 1 2.833322794583379
baseline 6 2 2.0 1.3589690608315863 2.3977623336169183 0.38877551020408163 0.6469387755102041 0.001 0 2 2.3977623336169183
baseline 6 3 3.0 1.1576719956208055 1.5182852268218994 0.6714285714285714 0.8846938775510204 0.001 0 3 1.5182852268218994
baseline 6 4 4.0 1.0237016135387207 1.449965211809898 0.7928571428571428 0.7428571428571429 0.001 0 4 1.449965211809898
baseline 6 5 5.0 0.928182833650139 1.2986916921576674 0.7693877551020408 0.9081632653061225 0.001 0 5 1.2986916921576674
baseline 6 6 6.0 0.8493691991493334 1.2145571947097777 0.6918367346938775 0.9357142857142857 0.001 0 6 1.2145571947097777
baseline 6 7 7.0 0.7975917306935093 1.0884933150544458 0.8377551020408164 0.9418367346938775 0.001 0 7 1.0884933150544458
baseline 6 8 8.0 0.7595351206270009 0.9209939980993466 0.8755102040816326 0.9551020408163265 0.001 0 8 0.9209939980993466
baseline 6 9 9.0 0.6986513620012262 2.576024861238441 0.37244897959183676 0.9530612244897959 0.001 1 8 0.9209939980993466
baseline 6 10 10.0 0.6512768014093463 0.8633895475037244 0.8989795918367347 0.9183673469387755 0.001 0 10 0.8633895475037244
baseline 6 11 11.0 0.6268439725787208 1.0771584277250328 0.8020408163265306 0.9571428571428572 0.001 1 10 0.8633895475037244
baseline 6 12 12.0 0.5777945967202776 1.3754731115029784 0.6520408163265307 0.9530612244897959 0.001 2 10 0.8633895475037244
baseline 6 13 13.0 0.5286702725568271 0.9472742309375685 0.8673469387755102 0.8673469387755102 0.001 3 10 0.8633895475037244
baseline 6 14 14.0 0.5149460575553808 0.8643044542293159 0.8397959183673469 0.9642857142857143 0.001 4 10 0.8633895475037244
baseline 6 15 15.0 0.49776922813231417 1.0582631101413649 0.7785714285714286 0.9714285714285714 0.001 5 10 0.8633895475037244
baseline 6 16 16.0 0.4360864335657749 0.8465615978046339 0.7969387755102041 0.9755102040816327 0.001 0 16 0.8465615978046339
baseline 6 17 17.0 0.43467380406298844 1.1587817975452968 0.7285714285714285 0.9734693877551021 0.001 1 16 0.8465615978046339
baseline 6 18 18.0 0.40499629809371784 1.2191780041675178 0.6989795918367347 0.9622448979591837 0.001 2 16 0.8465615978046339
baseline 6 19 19.0 0.3709277433321352 1.555481440193799 0.7489795918367347 0.7234693877551021 0.001 3 16 0.8465615978046339
baseline 6 20 20.0 0.3891960215946018 0.799601716411357 0.8591836734693877 0.9540816326530612 0.001 0 20 0.799601716411357
baseline 6 21 21.0 0.36012361013731015 1.5968730079884432 0.5867346938775511 0.9571428571428572 0.001 1 20 0.799601716411357
baseline 6 22 22.0 0.3611844167706915 0.686424401828221 0.8857142857142857 0.9346938775510204 0.001 0 22 0.686424401828221
baseline 6 23 23.0 0.3104374321354544 0.731513119230465 0.8091836734693878 0.9816326530612245 0.001 1 22 0.686424401828221
baseline 6 24 24.0 0.26976272987393973 0.4610137827542363 0.9591836734693877 0.9479591836734694 0.001 0 24 0.4610137827542363
baseline 6 25 25.0 0.23430000910720006 0.4649614786615177 0.936734693877551 0.9704081632653061 0.001 1 24 0.4610137827542363
baseline 6 26 26.0 0.21957374696712084 1.7967027980454113 0.6510204081632653 0.7887755102040817 0.001 2 24 0.4610137827542363
baseline 6 27 27.0 0.19380735127261028 0.7825639340342307 0.9102040816326531 0.8755102040816326 0.001 3 24 0.4610137827542363
baseline 6 28 28.0 0.17647874297477129 0.6477098221681556 0.860204081632653 0.9387755102040817 0.001 4 24 0.4610137827542363
baseline 6 29 29.0 0.19394783674148544 1.6210660588984587 0.8306122448979592 0.7255102040816327 0.001 5 24 0.4610137827542363
baseline 6 30 30.0 0.18030645965433947 1.2246892014328314 0.8183673469387756 0.8591836734693877 0.001 6 24 0.4610137827542363
baseline 6 31 31.0 0.14569817570183688 1.3034041180902598 0.7387755102040816 0.8081632653061225 0.001 7 24 0.4610137827542363
baseline 6 32 32.0 0.13511776802366918 0.6373960434174051 0.8561224489795919 0.9795918367346939 0.001 8 24 0.4610137827542363
baseline 6 33 33.0 0.10459654336077931 2.1141783072023976 0.47551020408163264 0.9683673469387755 0.001 9 24 0.4610137827542363
baseline 6 34 34.0 0.09535405542073624 0.3479156387095549 0.9428571428571428 0.9775510204081632 0.001 0 34 0.3479156387095549
baseline 6 35 35.0 0.08866350594774818 0.511859345192812 0.9275510204081633 0.9408163265306122 0.001 1 34 0.3479156387095549
baseline 6 36 36.0 0.10156668876359606 1.1300129934233063 0.9122448979591836 0.7836734693877551 0.001 2 34 0.3479156387095549
baseline 6 37 37.0 0.07251354446206565 2.408785882288096 0.6612244897959184 0.6683673469387755 0.001 3 34 0.3479156387095549
baseline 6 38 38.0 0.13360955985500814 2.0875391191365766 0.7520408163265306 0.6693877551020408 0.001 4 34 0.3479156387095549
baseline 6 39 39.0 0.12658257461300423 1.562519411164887 0.7285714285714285 0.9020408163265307 0.001 5 34 0.3479156387095549
baseline 6 40 40.0 0.07537869979704485 2.341667298881375 0.5051020408163265 0.9744897959183674 0.001 6 34 0.3479156387095549
baseline 6 41 41.0 0.03650595139677849 0.5870592341131093 0.923469387755102 0.9173469387755102 0.001 7 34 0.3479156387095549
baseline 6 42 42.0 0.05768156197755402 1.8713578949169236 0.5795918367346938 0.9795918367346939 0.001 8 34 0.3479156387095549
baseline 6 43 43.0 0.02022856528717602 0.28566267125460565 0.9204081632653062 0.9795918367346939 0.001 0 43 0.28566267125460565
baseline 6 44 44.0 -0.02028721437025606 0.2657167296020352 0.960204081632653 0.9795918367346939 0.001 0 44 0.2657167296020352
baseline 6 45 45.0 -0.03365391559815139 1.4117772248326517 0.639795918367347 0.9622448979591837 0.001 1 44 0.2657167296020352
baseline 6 46 46.0 -0.02847633980389635 0.8188497942321155 0.9489795918367347 0.7795918367346939 0.001 2 44 0.2657167296020352
baseline 6 47 47.0 -0.017045382581521835 0.40758599748416824 0.926530612244898 0.9561224489795919 0.001 3 44 0.2657167296020352
baseline 6 48 48.0 -0.03679416639933913 0.30853412735218905 0.9326530612244898 0.9755102040816327 0.001 4 44 0.2657167296020352
baseline 6 49 49.0 -0.03912729104035234 1.6969456857564498 0.7153061224489796 0.9285714285714286 0.001 5 44 0.2657167296020352
baseline 6 50 50.0 -0.043228611030422755 0.48970637345800594 0.9295918367346939 0.9091836734693878 0.001 6 44 0.2657167296020352
baseline 6 51 51.0 -0.029156027641432766 1.2953488831617395 0.6948979591836735 0.9785714285714285 0.001 7 44 0.2657167296020352
baseline 6 52 52.0 -0.0494494636650592 0.5104286604998063 0.936734693877551 0.9081632653061225 0.001 8 44 0.2657167296020352
baseline 6 53 53.0 -0.07240164535647149 0.40104568053265005 0.9469387755102041 0.9193877551020408 0.001 9 44 0.2657167296020352
baseline 6 54 54.0 -0.08714413222789277 1.253327040769616 0.7377551020408163 0.9795918367346939 0.001 10 44 0.2657167296020352
baseline 6 55 55.0 -0.0940652596816588 0.1691964808775454 0.9428571428571428 0.9887755102040816 0.001 0 55 0.1691964808775454
baseline 6 56 56.0 -0.07238266489966044 0.2268441329197008 0.95 0.9693877551020408 0.001 1 55 0.1691964808775454
baseline 6 57 57.0 -0.09677449754601966 2.724470428544648 0.8928571428571429 0.5153061224489796 0.001 2 55 0.1691964808775454
baseline 6 58 58.0 -0.1165127626356723 0.1393447742170217 0.9642857142857143 0.976530612244898 0.001 0 58 0.1393447742170217
baseline 6 59 59.0 -0.10287404809227028 1.0143578393118722 0.95 0.8224489795918367 0.001 1 58 0.1393447742170217
baseline 6 60 60.0 -0.1201446240233206 0.49575423829409543 0.8877551020408163 0.9540816326530612 0.001 2 58 0.1393447742170217
baseline 6 61 61.0 -0.14131859599387195 0.26173317310761435 0.9714285714285714 0.9510204081632653 0.001 3 58 0.1393447742170217
baseline 6 62 62.0 -0.14882332171799578 1.0638449182315748 0.9183673469387755 0.8040816326530612 0.001 4 58 0.1393447742170217
baseline 6 63 63.0 -0.15316832796180577 0.07693123403860598 0.9612244897959183 0.986734693877551 0.001 0 63 0.07693123403860598
baseline 6 64 64.0 -0.1659532195457521 0.19710761649268013 0.9612244897959183 0.9734693877551021 0.001 1 63 0.07693123403860598
baseline 6 65 65.0 -0.17114719568891593 -0.006712212124649359 0.9775510204081632 0.9918367346938776 0.001 0 65 -0.006712212124649359
baseline 6 66 66.0 -0.17695588646675398 0.033873740994200416 0.9693877551020408 0.9897959183673469 0.001 1 65 -0.006712212124649359
baseline 6 67 67.0 -0.17600958041686934 0.061691827676734146 0.9816326530612245 0.9704081632653061 0.001 2 65 -0.006712212124649359
baseline 6 68 68.0 -0.18196195400528328 0.2406419858640554 0.9173469387755102 0.9887755102040816 0.001 3 65 -0.006712212124649359
baseline 6 69 69.0 -0.18063603279174165 0.18647378439805945 0.9285714285714286 0.9846938775510204 0.001 4 65 -0.006712212124649359
baseline 6 70 70.0 -0.17334898694421225 1.3505413434943374 0.8030612244897959 0.860204081632653 0.001 5 65 -0.006712212124649359
baseline 6 71 71.0 0.47517154847516224 49.134333240742585 0.4275510204081633 0.3122448979591837 0.001 6 65 -0.006712212124649359
baseline 6 72 72.0 0.6182628359809229 5.2812595542596315 0.5326530612244897 0.7969387755102041 0.001 7 65 -0.006712212124649359
baseline 6 73 73.0 0.2474675481726127 2.2340411750637754 0.6316326530612245 0.9744897959183674 0.001 8 65 -0.006712212124649359
baseline 6 74 74.0 0.06650124494827317 3.1605070046016146 0.5183673469387755 0.8112244897959183 0.001 9 65 -0.006712212124649359
baseline 6 75 75.0 0.0027746398066597648 0.34291915358329306 0.923469387755102 0.9755102040816327 0.001 10 65 -0.006712212124649359
baseline 6 76 76.0 -0.08297600736413474 0.48988636099562355 0.960204081632653 0.889795918367347 0.0005 11 65 -0.006712212124649359
baseline 6 77 77.0 -0.13288234020521497 0.16597158154662775 0.9387755102040817 0.9816326530612245 0.0005 12 65 -0.006712212124649359
baseline 6 78 78.0 -0.16112006483818342 0.013429906903480997 0.9795918367346939 0.9806122448979592 0.0005 13 65 -0.006712212124649359
baseline 6 79 79.0 -0.16674130132176415 -0.013082386036308444 0.9775510204081632 0.986734693877551 0.0005 0 79 -0.013082386036308444
baseline 6 80 80.0 -0.17860778073368325 0.0005100191855917171 0.9816326530612245 0.9806122448979592 0.0005 1 79 -0.013082386036308444
baseline 6 81 81.0 -0.183458829681038 -0.014475931196796651 0.976530612244898 0.986734693877551 0.0005 0 81 -0.014475931196796651
baseline 6 82 82.0 -0.18794040605654147 -0.03744049534505727 0.9836734693877551 0.9877551020408163 0.0005 0 82 -0.03744049534505727
baseline 6 83 83.0 -0.19234453706380905 -0.03244691478962801 0.9806122448979592 0.9887755102040816 0.0005 1 82 -0.03744049534505727
baseline 6 84 84.0 -0.19408524633062751 -0.027795127703219045 0.9775510204081632 0.986734693877551 0.0005 2 82 -0.03744049534505727
baseline 6 85 85.0 -0.1946134055841931 -0.03935487319012077 0.9857142857142858 0.986734693877551 0.0005 0 85 -0.03935487319012077
baseline 6 86 86.0 -0.19832808966534374 -0.028457940841207698 0.976530612244898 0.9897959183673469 0.0005 1 85 -0.03935487319012077
baseline 6 87 87.0 -0.19986243644944252 -0.04606611217771258 0.9775510204081632 0.9908163265306122 0.0005 0 87 -0.04606611217771258
baseline 6 88 88.0 -0.20282241668594017 -0.031276271294574345 0.976530612244898 0.9897959183673469 0.0005 1 87 -0.04606611217771258
baseline 6 89 89.0 -0.20505621271308766 -0.05164772612707955 0.9836734693877551 0.9897959183673469 0.0005 0 89 -0.05164772612707955
baseline 6 90 90.0 -0.20290541600158193 -0.03801089233281661 0.9846938775510204 0.986734693877551 0.0005 1 89 -0.05164772612707955
baseline 6 91 91.0 -0.20706719458407596 -0.02851078072372748 0.9795918367346939 0.986734693877551 0.0005 2 89 -0.05164772612707955
baseline 6 92 92.0 -0.20821973112192046 -0.042081812936432504 0.9795918367346939 0.9908163265306122 0.0005 3 89 -0.05164772612707955
baseline 6 93 93.0 -0.19888158204971954 -0.03636815693913674 0.9775510204081632 0.9908163265306122 0.0005 4 89 -0.05164772612707955
baseline 6 94 94.0 -0.20699939974968962 -0.035658832958766394 0.9785714285714285 0.9877551020408163 0.0005 5 89 -0.05164772612707955
baseline 6 95 95.0 -0.21198878724192696 -0.04161250056052695 0.9795918367346939 0.986734693877551 0.0005 6 89 -0.05164772612707955
baseline 6 96 96.0 -0.21675583784134567 -0.051858273330999884 0.976530612244898 0.9887755102040816 0.0005 0 96 -0.051858273330999884
baseline 6 97 97.0 -0.21740829865462447 -0.040683556089595875 0.9795918367346939 0.986734693877551 0.0005 1 96 -0.051858273330999884
baseline 6 98 98.0 -0.21605416398735164 -0.02246597299770433 0.9795918367346939 0.986734693877551 0.0005 2 96 -0.051858273330999884
baseline 6 99 99.0 -0.21897369775392184 -0.06036790195776492 0.9775510204081632 0.9877551020408163 0.0005 0 99 -0.06036790195776492
baseline 6 100 100.0 -0.214934014933102 0.01318123145979278 0.9755102040816327 0.9836734693877551 0.0005 1 99 -0.06036790195776492
baseline 6 101 101.0 -0.21692687699207855 -0.05338735726414895 0.9775510204081632 0.9918367346938776 0.0005 2 99 -0.06036790195776492
baseline 6 102 102.0 -0.2183003235642586 -0.04722403214902294 0.9785714285714285 0.9836734693877551 0.0005 3 99 -0.06036790195776492
baseline 6 103 103.0 -0.22068579861774387 -0.01485608451220454 0.9714285714285714 0.9877551020408163 0.0005 4 99 -0.06036790195776492
baseline 6 104 104.0 -0.22248037855033367 -0.045481535853171835 0.9775510204081632 0.9887755102040816 0.0005 5 99 -0.06036790195776492
baseline 6 105 105.0 -0.2208671412745584 -0.03214974500695053 0.9795918367346939 0.986734693877551 0.0005 6 99 -0.06036790195776492
baseline 6 106 106.0 -0.21725816740078874 0.07545686303352823 0.9561224489795919 0.9857142857142858 0.0005 7 99 -0.06036790195776492
baseline 6 107 107.0 -0.22391026250188514 0.04769399166107178 0.9683673469387755 0.986734693877551 0.0005 8 99 -0.06036790195776492
baseline 6 108 108.0 -0.2240204264365129 0.03363346664273009 0.963265306122449 0.986734693877551 0.0005 9 99 -0.06036790195776492
baseline 6 109 109.0 -0.22386781084403562 -0.06024803823354293 0.9795918367346939 0.9877551020408163 0.0005 10 99 -0.06036790195776492
baseline 6 110 110.0 -0.22706574639942842 -0.04687809311613745 0.9795918367346939 0.9877551020408163 0.00025 11 99 -0.06036790195776492
baseline 6 111 111.0 -0.22894565223795157 -0.049430998977349726 0.9755102040816327 0.9908163265306122 0.00025 12 99 -0.06036790195776492
baseline 6 112 112.0 -0.23369015109429442 -0.0685618205946319 0.9795918367346939 0.9908163265306122 0.00025 0 112 -0.0685618205946319
baseline 6 113 113.0 -0.23316168133645063 -0.07492243270484769 0.9836734693877551 0.9908163265306122 0.00025 0 113 -0.07492243270484769
baseline 6 114 114.0 -0.23164187291060576 -0.07128759014363191 0.9816326530612245 0.9887755102040816 0.00025 1 113 -0.07492243270484769
baseline 6 115 115.0 -0.23320951999999406 -0.05655287090612918 0.9775510204081632 0.9908163265306122 0.00025 2 113 -0.07492243270484769
baseline 6 116 116.0 -0.23260629907691807 -0.06882527750365589 0.9836734693877551 0.9908163265306122 0.00025 3 113 -0.07492243270484769
baseline 6 117 117.0 -0.23466487979255732 -0.0738530173593638 0.9836734693877551 0.9887755102040816 0.00025 4 113 -0.07492243270484769
baseline 6 118 118.0 -0.23643077211311816 -0.061941288442027814 0.9755102040816327 0.9877551020408163 0.00025 5 113 -0.07492243270484769
baseline 6 119 119.0 -0.23549894037236963 -0.04473207824084224 0.9826530612244898 0.9908163265306122 0.00025 6 113 -0.07492243270484769
baseline 6 120 120.0 -0.23666513727195904 -0.06292372236446458 0.9826530612244898 0.9908163265306122 0.00025 7 113 -0.07492243270484769
baseline 6 121 121.0 -0.23866604997627094 -0.07798933447623739 0.9775510204081632 0.9908163265306122 0.00025 0 121 -0.07798933447623739
baseline 6 122 122.0 -0.2342492128904068 -0.06845869190838873 0.9795918367346939 0.9908163265306122 0.00025 1 121 -0.07798933447623739
baseline 6 123 123.0 -0.2356681658737019 -0.06102273269575469 0.9816326530612245 0.9897959183673469 0.00025 2 121 -0.07798933447623739
baseline 6 124 124.0 -0.23567151542338213 -0.054563013874754616 0.976530612244898 0.9908163265306122 0.00025 3 121 -0.07798933447623739
baseline 6 125 125.0 -0.2317716744143337 -0.04631922099055076 0.976530612244898 0.9908163265306122 0.00025 4 121 -0.07798933447623739
baseline 6 126 126.0 -0.23570332804788 -0.07197919329818414 0.9816326530612245 0.9877551020408163 0.00025 5 121 -0.07798933447623739
baseline 6 127 127.0 -0.23612199710021833 -0.07061739308493478 0.9836734693877551 0.9908163265306122 0.00025 6 121 -0.07798933447623739
baseline 6 128 128.0 -0.23641819626366886 -0.07136771873551973 0.9775510204081632 0.9877551020408163 0.00025 7 121 -0.07798933447623739
baseline 6 129 129.0 -0.23854342800117 -0.06771416858750946 0.9816326530612245 0.9908163265306122 0.00025 8 121 -0.07798933447623739
baseline 6 130 130.0 -0.23694568635007335 -0.03588792985799361 0.9806122448979592 0.9877551020408163 0.00025 9 121 -0.07798933447623739
baseline 6 131 131.0 -0.23781053464673269 -0.04280833954713782 0.9734693877551021 0.9877551020408163 0.00025 10 121 -0.07798933447623739
baseline 6 132 132.0 -0.23702524095560606 -0.06154480904948954 0.9795918367346939 0.9887755102040816 0.000125 11 121 -0.07798933447623739
baseline 6 133 133.0 -0.2405375044362903 -0.07713195499108762 0.9857142857142858 0.9897959183673469 0.000125 12 121 -0.07798933447623739
baseline 6 134 134.0 -0.24056978567871545 -0.07982629561910824 0.9846938775510204 0.9897959183673469 0.000125 0 134 -0.07982629561910824
baseline 6 135 135.0 -0.24136401087319645 -0.07942518701358717 0.9806122448979592 0.9887755102040816 0.000125 1 134 -0.07982629561910824
baseline 6 136 136.0 -0.24056937209919355 -0.07317682820923474 0.9816326530612245 0.9897959183673469 0.000125 2 134 -0.07982629561910824
baseline 6 137 137.0 -0.23810808572145722 -0.07041929643981311 0.9744897959183674 0.9887755102040816 0.000125 3 134 -0.07982629561910824
baseline 6 138 138.0 -0.2418430344077004 -0.05906758503038056 0.9775510204081632 0.9877551020408163 0.000125 4 134 -0.07982629561910824
baseline 6 139 139.0 -0.24218592184678528 -0.05196594656730185 0.9816326530612245 0.9908163265306122 0.000125 5 134 -0.07982629561910824
baseline 6 140 140.0 -0.24085194438665466 -0.07678518781856615 0.9846938775510204 0.9908163265306122 0.000125 6 134 -0.07982629561910824
baseline 6 141 141.0 -0.24149675821015978 -0.06708733402952856 0.9775510204081632 0.9877551020408163 0.000125 7 134 -0.07982629561910824
baseline 6 142 142.0 -0.2420765260145053 -0.08219697232149085 0.9826530612244898 0.9908163265306122 0.000125 0 142 -0.08219697232149085
baseline 6 143 143.0 -0.24166559539849472 -0.07279569178211445 0.9806122448979592 0.9908163265306122 0.000125 1 142 -0.08219697232149085
baseline 6 144 144.0 -0.24277497348551608 -0.07648874350956508 0.9785714285714285 0.9908163265306122 0.000125 2 142 -0.08219697232149085
baseline 6 145 145.0 -0.2431386493686758 -0.08312759934639444 0.9826530612244898 0.9908163265306122 0.000125 0 145 -0.08312759934639444
baseline 6 146 146.0 -0.24211654021377096 -0.08099303975397226 0.986734693877551 0.9877551020408163 0.000125 1 145 -0.08312759934639444
baseline 6 147 147.0 -0.24221454565322922 -0.07341699259621756 0.9795918367346939 0.9897959183673469 0.000125 2 145 -0.08312759934639444
baseline 6 148 148.0 -0.24148734743431957 -0.06344599188590536 0.9755102040816327 0.9897959183673469 0.000125 3 145 -0.08312759934639444
baseline 6 149 149.0 -0.2415735460399242 -0.07653184520954988 0.986734693877551 0.9887755102040816 0.000125 4 145 -0.08312759934639444
baseline 6 150 150.0 -0.24245623731272214 -0.059380100697887184 0.9755102040816327 0.9887755102040816 0.000125 5 145 -0.08312759934639444
baseline 6 151 151.0 -0.24325222580620412 -0.08022299931973827 0.9816326530612245 0.9877551020408163 0.000125 6 145 -0.08312759934639444
baseline 6 152 152.0 -0.24040147823503238 -0.07789653077417491 0.9816326530612245 0.9908163265306122 0.000125 7 145 -0.08312759934639444
baseline 6 153 153.0 -0.24200263001458516 -0.0637950848559944 0.9826530612244898 0.9897959183673469 0.000125 8 145 -0.08312759934639444
baseline 6 154 154.0 -0.24325317613194497 -0.07098316854360152 0.9806122448979592 0.9877551020408163 0.000125 9 145 -0.08312759934639444
baseline 6 155 155.0 -0.24329319654129622 -0.06975430955692213 0.976530612244898 0.9908163265306122 0.000125 10 145 -0.08312759934639444
baseline 6 156 156.0 -0.24451385522156618 -0.06992339017439862 0.9816326530612245 0.9908163265306122 6.25e-05 11 145 -0.08312759934639444
baseline 6 157 157.0 -0.24484319748990505 -0.0788859732297002 0.9806122448979592 0.9887755102040816 6.25e-05 12 145 -0.08312759934639444
baseline 6 158 158.0 -0.24496090844410554 -0.0802552505415313 0.9806122448979592 0.9908163265306122 6.25e-05 13 145 -0.08312759934639444
baseline 6 159 159.0 -0.2454150261869226 -0.07659186489728033 0.9806122448979592 0.9908163265306122 6.25e-05 14 145 -0.08312759934639444
baseline 6 160 160.0 -0.24499974132680066 -0.07548981053488595 0.9806122448979592 0.9897959183673469 6.25e-05 15 145 -0.08312759934639444
baseline 6 161 161.0 -0.24473009374947788 -0.07279667027142583 0.9785714285714285 0.9897959183673469 6.25e-05 16 145 -0.08312759934639444
baseline 6 162 162.0 -0.2443546104236326 -0.08120895551175487 0.9816326530612245 0.9908163265306122 6.25e-05 17 145 -0.08312759934639444
baseline 6 163 163.0 -0.2447048732525725 -0.08421476081925995 0.9826530612244898 0.9897959183673469 6.25e-05 0 163 -0.08421476081925995
baseline 6 164 164.0 -0.24544598997796033 -0.07723175846800512 0.9816326530612245 0.9908163265306122 6.25e-05 1 163 -0.08421476081925995
baseline 6 165 165.0 -0.24432731021777845 -0.08394319281286122 0.9836734693877551 0.9908163265306122 6.25e-05 2 163 -0.08421476081925995
baseline 6 166 166.0 -0.24335342262081033 -0.07999025753566197 0.9795918367346939 0.9897959183673469 6.25e-05 3 163 -0.08421476081925995
baseline 6 167 167.0 -0.24586533927820067 -0.0796283872760072 0.9816326530612245 0.9877551020408163 6.25e-05 4 163 -0.08421476081925995
baseline 6 168 168.0 -0.24466742960254798 -0.07630030281689702 0.9846938775510204 0.9897959183673469 6.25e-05 5 163 -0.08421476081925995
baseline 6 169 169.0 -0.24590867776062197 -0.07754739741889798 0.9806122448979592 0.9887755102040816 6.25e-05 6 163 -0.08421476081925995
baseline 6 170 170.0 -0.24596263615907274 -0.07482491269403574 0.9806122448979592 0.986734693877551 6.25e-05 7 163 -0.08421476081925995
baseline 6 171 171.0 -0.2448430046119534 -0.08231197230669916 0.9846938775510204 0.9877551020408163 6.25e-05 8 163 -0.08421476081925995
baseline 6 172 172.0 -0.24554730764570226 -0.07641200532718581 0.9816326530612245 0.9908163265306122 6.25e-05 9 163 -0.08421476081925995
baseline 6 173 173.0 -0.24645614362225712 -0.08829601784141697 0.9826530612244898 0.9877551020408163 6.25e-05 0 173 -0.08829601784141697
baseline 6 174 174.0 -0.24501722539652357 -0.07377984280488929 0.9826530612244898 0.9877551020408163 6.25e-05 1 173 -0.08829601784141697
baseline 6 175 175.0 -0.24472987767503016 -0.07194759699763084 0.9846938775510204 0.9887755102040816 6.25e-05 2 173 -0.08829601784141697
baseline 6 176 176.0 -0.24520263127579264 -0.08144725926068365 0.9836734693877551 0.9897959183673469 6.25e-05 3 173 -0.08829601784141697
baseline 6 177 177.0 -0.24506394453993613 -0.0792938451377713 0.9826530612244898 0.9877551020408163 6.25e-05 4 173 -0.08829601784141697
baseline 6 178 178.0 -0.24411938608118902 -0.07322428080500389 0.976530612244898 0.9877551020408163 6.25e-05 5 173 -0.08829601784141697
baseline 6 179 179.0 -0.24645979350872255 -0.0740224857719577 0.9816326530612245 0.9897959183673469 6.25e-05 6 173 -0.08829601784141697
baseline 6 180 180.0 -0.2449498102906045 -0.07977394522452841 0.9836734693877551 0.9877551020408163 6.25e-05 7 173 -0.08829601784141697
baseline 6 181 181.0 -0.24646236113557046 -0.07639836340534444 0.9826530612244898 0.9877551020408163 6.25e-05 8 173 -0.08829601784141697
baseline 6 182 182.0 -0.24524789068379854 -0.07689775788054175 0.9826530612244898 0.9908163265306122 6.25e-05 9 173 -0.08829601784141697
baseline 6 183 183.0 -0.2467753767236626 -0.08119136703257658 0.9836734693877551 0.9908163265306122 6.25e-05 10 173 -0.08829601784141697
baseline 6 184 184.0 -0.2458196272036637 -0.0707173624817206 0.9836734693877551 0.9877551020408163 3.125e-05 11 173 -0.08829601784141697
baseline 6 185 185.0 -0.24625537947079013 -0.07760165370240503 0.9775510204081632 0.9877551020408163 3.125e-05 12 173 -0.08829601784141697
baseline 6 186 186.0 -0.2467247692143223 -0.08420636215988471 0.9816326530612245 0.9877551020408163 3.125e-05 13 173 -0.08829601784141697
baseline 6 187 187.0 -0.24752572364534373 -0.08112049783979143 0.9816326530612245 0.9877551020408163 3.125e-05 14 173 -0.08829601784141697
baseline 6 188 188.0 -0.24674691772801882 -0.08180599212646485 0.9826530612244898 0.9908163265306122 3.125e-05 15 173 -0.08829601784141697
baseline 6 189 189.0 -0.24738277825198696 -0.08110524586268834 0.9806122448979592 0.9908163265306122 3.125e-05 16 173 -0.08829601784141697
baseline 6 190 190.0 -0.24689711942370748 -0.07150567697018993 0.9785714285714285 0.9887755102040816 3.125e-05 17 173 -0.08829601784141697
baseline 6 191 191.0 -0.2471286083388012 -0.08002908521768998 0.9806122448979592 0.9887755102040816 3.125e-05 18 173 -0.08829601784141697
baseline 6 192 192.0 -0.24870425560135886 -0.08106834158605458 0.9836734693877551 0.9908163265306122 3.125e-05 19 173 -0.08829601784141697
baseline 6 193 193.0 -0.24700766296503615 -0.07861504944003359 0.9795918367346939 0.9908163265306122 3.125e-05 20 173 -0.08829601784141697
baseline 6 194 194.0 -0.24778600909249654 -0.0791023638783669 0.9836734693877551 0.9897959183673469 3.125e-05 21 173 -0.08829601784141697
baseline 6 195 195.0 -0.24670349145203493 -0.07952052427797901 0.9795918367346939 0.9908163265306122 1.5625e-05 22 173 -0.08829601784141697
baseline 6 196 196.0 -0.24814491849145315 -0.08111080977381492 0.9806122448979592 0.9908163265306122 1.5625e-05 23 173 -0.08829601784141697
baseline 6 197 197.0 -0.24829579355524314 -0.08296871915155528 0.9806122448979592 0.9897959183673469 1.5625e-05 24 173 -0.08829601784141697
baseline 6 198 198.0 -0.24802057066051417 -0.08124268298246423 0.9816326530612245 0.9908163265306122 1.5625e-05 25 173 -0.08829601784141697
baseline 6 199 199.0 -0.24680032178500821 -0.08190234437280772 0.9826530612244898 0.9897959183673469 1.5625e-05 26 173 -0.08829601784141697
baseline 6 200 200.0 -0.24716264386951498 -0.080997718596945 0.9806122448979592 0.9908163265306122 1.5625e-05 27 173 -0.08829601784141697
baseline 7 1 1.0 1.9377115110089513 3.1006339754377095 0.3112244897959184 0.34591836734693876 0.001 0 1 3.1006339754377095
baseline 7 2 2.0 1.402955363305767 2.2001512984840237 0.47551020408163264 0.7357142857142858 0.001 0 2 2.2001512984840237
baseline 7 3 3.0 1.1223938045024384 2.9277899858902914 0.2540816326530612 0.7979591836734694 0.001 1 2 2.2001512984840237
baseline 7 4 4.0 0.9766235446540279 2.1235333102090017 0.46224489795918366 0.8336734693877551 0.001 0 4 2.1235333102090017
baseline 7 5 5.0 0.8853342178162564 2.1830689761103415 0.5561224489795918 0.8204081632653061 0.001 1 4 2.1235333102090017
baseline 7 6 6.0 0.8139763957268128 1.7972340082635685 0.5846938775510204 0.6938775510204082 0.001 0 6 1.7972340082635685
baseline 7 7 7.0 0.7554524263882662 1.8135722072757021 0.6030612244897959 0.8581632653061224 0.001 1 6 1.7972340082635685
baseline 7 8 8.0 0.707983700564251 0.9658949000494821 0.9 0.9112244897959184 0.001 0 8 0.9658949000494821
baseline 7 9 9.0 0.7014590275908636 0.8054937795716889 0.9122448979591836 0.9561224489795919 0.001 0 9 0.8054937795716889
baseline 7 10 10.0 0.6537838008966339 0.9137056649947654 0.8785714285714286 0.9387755102040817 0.001 1 9 0.8054937795716889
baseline 7 11 11.0 0.5931232840096744 1.458225799093441 0.6673469387755102 0.9142857142857143 0.001 2 9 0.8054937795716889
baseline 7 12 12.0 0.5487367753719529 3.19779437707395 0.413265306122449 0.7061224489795919 0.001 3 9 0.8054937795716889
baseline 7 13 13.0 0.5433201914057668 1.660963716798899 0.6673469387755102 0.8724489795918368 0.001 4 9 0.8054937795716889
baseline 7 14 14.0 0.5163451656014245 1.1200296119767792 0.713265306122449 0.9653061224489796 0.001 5 9 0.8054937795716889
baseline 7 15 15.0 0.47545968572988695 1.5709962567504572 0.6316326530612245 0.9724489795918367 0.001 6 9 0.8054937795716889
baseline 7 16 16.0 0.4425258177719759 1.1862335788960359 0.7714285714285715 0.9142857142857143 0.001 7 9 0.8054937795716889
baseline 7 17 17.0 0.40135688128461633 1.5009171787573368 0.7244897959183674 0.786734693877551 0.001 8 9 0.8054937795716889
baseline 7 18 18.0 0.38358428048405635 0.9507208931202791 0.9132653061224489 0.8153061224489796 0.001 9 9 0.8054937795716889
baseline 7 19 19.0 0.3597264081939857 0.7178504938981971 0.889795918367347 0.9459183673469388 0.001 0 19 0.7178504938981971
baseline 7 20 20.0 0.3305168919288101 0.7769878197689446 0.8459183673469388 0.9785714285714285 0.001 1 19 0.7178504938981971
baseline 7 21 21.0 0.3027328468623273 1.5151721501836972 0.689795918367347 0.9377551020408164 0.001 2 19 0.7178504938981971
baseline 7 22 22.0 0.3126148496572769 0.8979904612716363 0.7642857142857142 0.976530612244898 0.001 3 19 0.7178504938981971
baseline 7 23 23.0 0.33037062340907836 2.520091982277072 0.6714285714285714 0.6816326530612244 0.001 4 19 0.7178504938981971
baseline 7 24 24.0 0.33442847149121263 1.054225464743011 0.7346938775510204 0.9540816326530612 0.001 5 19 0.7178504938981971
baseline 7 25 25.0 0.2915771484862065 3.2196974569437455 0.24183673469387756 0.976530612244898 0.001 6 19 0.7178504938981971
baseline 7 26 26.0 0.2578872237982375 1.1584405266508764 0.7418367346938776 0.8336734693877551 0.001 7 19 0.7178504938981971
baseline 7 27 27.0 0.21416284264169017 0.5818950893927594 0.8989795918367347 0.9642857142857143 0.001 0 27 0.5818950893927594
baseline 7 28 28.0 0.1880750453691317 1.5641431871725588 0.576530612244898 0.9591836734693877 0.001 1 27 0.5818950893927594
baseline 7 29 29.0 0.1686516683301351 0.8645808390208654 0.7744897959183673 0.986734693877551 0.001 2 27 0.5818950893927594
baseline 7 30 30.0 0.15071572988951412 1.5269737511265034 0.6377551020408163 0.9244897959183673 0.001 3 27 0.5818950893927594
baseline 7 31 31.0 0.16324863352254412 0.4753797166201533 0.9081632653061225 0.9928571428571429 0.001 0 31 0.4753797166201533
baseline 7 32 32.0 0.1326711510248155 0.4448356081028374 0.9040816326530612 0.986734693877551 0.001 0 32 0.4448356081028374
baseline 7 33 33.0 0.11888251624872054 0.5310755612898846 0.8785714285714286 0.9734693877551021 0.001 1 32 0.4448356081028374
baseline 7 34 34.0 0.09729105435060652 0.9349774100342575 0.8040816326530612 0.9418367346938775 0.001 2 32 0.4448356081028374
baseline 7 35 35.0 0.10148325681199336 1.2722771245606093 0.7336734693877551 0.9897959183673469 0.001 3 32 0.4448356081028374
baseline 7 36 36.0 0.09636674777236487 5.3585380281720845 0.2642857142857143 0.5673469387755102 0.001 4 32 0.4448356081028374
baseline 7 37 37.0 0.11120316072674402 1.2340640126442424 0.823469387755102 0.8581632653061224 0.001 5 32 0.4448356081028374
baseline 7 38 38.0 0.07717040482531773 0.6635478567103951 0.8938775510204081 0.9153061224489796 0.001 6 32 0.4448356081028374
baseline 7 39 39.0 0.05378788667022269 0.8697238992671578 0.7775510204081633 0.9540816326530612 0.001 7 32 0.4448356081028374
baseline 7 40 40.0 0.03327329342650198 0.5808763516192533 0.8479591836734693 0.9918367346938776 0.001 8 32 0.4448356081028374
baseline 7 41 41.0 0.04794568633156485 3.2416271803330403 0.5683673469387756 0.7591836734693878 0.001 9 32 0.4448356081028374
baseline 7 42 42.0 0.04951900006314707 0.6526009919692058 0.9132653061224489 0.8969387755102041 0.001 10 32 0.4448356081028374
baseline 7 43 43.0 0.04888105362014459 1.2770860370324582 0.7836734693877551 0.9204081632653062 0.0005 11 32 0.4448356081028374
baseline 7 44 44.0 0.016888654390321445 0.3259231117306923 0.9244897959183673 0.976530612244898 0.0005 0 44 0.3259231117306923
baseline 7 45 45.0 -0.02578243938968179 0.18966545158503006 0.9551020408163265 0.9918367346938776 0.0005 0 45 0.18966545158503006
baseline 7 46 46.0 -0.03849758726827214 0.11106889393864845 0.9724489795918367 0.9918367346938776 0.0005 0 46 0.11106889393864845
baseline 7 47 47.0 -0.047316240278035555 0.10094837947767608 0.9622448979591837 0.9897959183673469 0.0005 0 47 0.10094837947767608
baseline 7 48 48.0 -0.05213597346862076 0.15698533033838077 0.9581632653061225 0.9775510204081632 0.0005 1 47 0.10094837947767608
baseline 7 49 49.0 -0.059399677613660676 0.07040371310954191 0.9704081632653061 0.9948979591836735 0.0005 0 49 0.07040371310954191
baseline 7 50 50.0 -0.06677766876396046 0.07050165497526831 0.9734693877551021 0.9938775510204082 0.0005 1 49 0.07040371310954191
baseline 7 51 51.0 -0.0704361115705005 0.06771518916499858 0.9724489795918367 0.9918367346938776 0.0005 0 51 0.06771518916499858
baseline 7 52 52.0 -0.07471456950239312 0.06702835146261721 0.9693877551020408 0.9928571428571429 0.0005 0 52 0.06702835146261721
baseline 7 53 53.0 -0.07979792612200494 0.0711725266612306 0.9693877551020408 0.9959183673469387 0.0005 1 52 0.06702835146261721
baseline 7 54 54.0 -0.08310564746652122 0.06314397539411272 0.9693877551020408 0.9908163265306122 0.0005 0 54 0.06314397539411272
baseline 7 55 55.0 -0.08692283576793886 0.06585870567633181 0.9704081632653061 0.9948979591836735 0.0005 1 54 0.06314397539411272
baseline 7 56 56.0 -0.09140704552413738 0.05331495270437124 0.9724489795918367 0.9948979591836735 0.0005 0 56 0.05331495270437124
baseline 7 57 57.0 -0.0985769062047107 0.026422966499717867 0.9775510204081632 0.9948979591836735 0.0005 0 57 0.026422966499717867
baseline 7 58 58.0 -0.10050467177236165 0.044252314859507036 0.9714285714285714 0.9928571428571429 0.0005 1 57 0.026422966499717867
baseline 7 59 59.0 -0.10484690929214119 0.10758651300352447 0.95 0.9959183673469387 0.0005 2 57 0.026422966499717867
baseline 7 60 60.0 -0.10706633134565266 0.043714193421967175 0.9744897959183674 0.9918367346938776 0.0005 3 57 0.026422966499717867
baseline 7 61 61.0 -0.10867585894766818 0.03963217832604233 0.9714285714285714 0.9928571428571429 0.0005 4 57 0.026422966499717867
baseline 7 62 62.0 -0.11295398658824526 0.09212184268601087 0.963265306122449 0.9877551020408163 0.0005 5 57 0.026422966499717867
baseline 7 63 63.0 -0.11696076253096101 0.08888335909162248 0.963265306122449 0.9897959183673469 0.0005 6 57 0.026422966499717867
baseline 7 64 64.0 -0.11978731128606904 0.20858356003858605 0.9408163265306122 0.9928571428571429 0.0005 7 57 0.026422966499717867
baseline 7 65 65.0 -0.12384127109360038 0.07059648888451713 0.9622448979591837 0.9908163265306122 0.0005 8 57 0.026422966499717867
baseline 7 66 66.0 -0.12313020600727069 0.1255212944381091 0.9591836734693877 0.9887755102040816 0.0005 9 57 0.026422966499717867
baseline 7 67 67.0 -0.13092332384316013 0.2874623099151923 0.9622448979591837 0.9214285714285714 0.0005 10 57 0.026422966499717867
baseline 7 68 68.0 -0.13449604421153863 0.09096382199501504 0.9581632653061225 0.9918367346938776 0.00025 11 57 0.026422966499717867
baseline 7 69 69.0 -0.13828224680396947 0.028999090681270677 0.9704081632653061 0.9938775510204082 0.00025 12 57 0.026422966499717867
baseline 7 70 70.0 -0.14329564559203978 0.023218077542830486 0.9673469387755103 0.9948979591836735 0.00025 0 70 0.023218077542830486
baseline 7 71 71.0 -0.14530221501458532 -0.0035976740778708946 0.9724489795918367 0.9938775510204082 0.00025 0 71 -0.0035976740778708946
baseline 7 72 72.0 -0.1460134198278402 0.017764866108797035 0.9704081632653061 0.9928571428571429 0.00025 1 71 -0.0035976740778708946
baseline 7 73 73.0 -0.14768299506073465 -0.00031878656270552654 0.976530612244898 0.9948979591836735 0.00025 2 71 -0.0035976740778708946
baseline 7 74 74.0 -0.14796792645011178 -0.009106147289276122 0.9734693877551021 0.9928571428571429 0.00025 0 74 -0.009106147289276122
baseline 7 75 75.0 -0.14801323919179368 0.012246252565967793 0.9653061224489796 0.9938775510204082 0.00025 1 74 -0.009106147289276122
baseline 7 76 76.0 -0.15293241283866796 0.03904843962922388 0.9591836734693877 0.9928571428571429 0.00025 2 74 -0.009106147289276122
baseline 7 77 77.0 -0.15269772359859712 -0.0011055870931975696 0.9714285714285714 0.9938775510204082 0.00025 3 74 -0.009106147289276122
baseline 7 78 78.0 -0.1552168135745289 -0.0009782744913685078 0.9704081632653061 0.9918367346938776 0.00025 4 74 -0.009106147289276122
baseline 7 79 79.0 -0.15627060360270453 -0.0013335592892705177 0.9734693877551021 0.9928571428571429 0.00025 5 74 -0.009106147289276122
baseline 7 80 80.0 -0.15693527831485737 0.011722659578128737 0.9714285714285714 0.9918367346938776 0.00025 6 74 -0.009106147289276122
baseline 7 81 81.0 -0.15835050963040392 -0.005303790131393744 0.9714285714285714 0.9938775510204082 0.00025 7 74 -0.009106147289276122
baseline 7 82 82.0 -0.16074299313074722 -0.007111862970858204 0.9724489795918367 0.9908163265306122 0.00025 8 74 -0.009106147289276122
baseline 7 83 83.0 -0.16053617743354773 -0.004225839644062276 0.9755102040816327 0.9948979591836735 0.00025 9 74 -0.009106147289276122
baseline 7 84 84.0 -0.1622871748638835 0.02265427282878331 0.963265306122449 0.9928571428571429 0.00025 10 74 -0.009106147289276122
baseline 7 85 85.0 -0.1619149177992551 -0.008673831151456248 0.9724489795918367 0.9948979591836735 0.000125 11 74 -0.009106147289276122
baseline 7 86 86.0 -0.16542821611155042 0.004733627912949543 0.9683673469387755 0.9918367346938776 0.000125 12 74 -0.009106147289276122
baseline 7 87 87.0 -0.16735278445926702 -0.013906630447932652 0.9714285714285714 0.9928571428571429 0.000125 0 87 -0.013906630447932652
baseline 7 88 88.0 -0.17017654622538705 0.001824786225143744 0.9693877551020408 0.9938775510204082 0.000125 1 87 -0.013906630447932652
baseline 7 89 89.0 -0.17030202106508951 -0.011965267998831613 0.976530612244898 0.9918367346938776 0.000125 2 87 -0.013906630447932652
baseline 7 90 90.0 -0.17109625021697794 -0.016280347230483074 0.9724489795918367 0.9938775510204082 0.000125 0 90 -0.016280347230483074
baseline 7 91 91.0 -0.17313516608784707 -0.008013985351640352 0.9693877551020408 0.9938775510204082 0.000125 1 90 -0.016280347230483074
baseline 7 92 92.0 -0.17287218284558228 -0.016376255969611966 0.9744897959183674 0.9938775510204082 0.000125 0 92 -0.016376255969611966
baseline 7 93 93.0 -0.17179510134355042 -0.006678773189077572 0.9724489795918367 0.9918367346938776 0.000125 1 92 -0.016376255969611966
baseline 7 94 94.0 -0.1735087720195899 -0.01170046548454129 0.9704081632653061 0.9928571428571429 0.000125 2 92 -0.016376255969611966
baseline 7 95 95.0 -0.17384120179635146 -0.026157103266034806 0.9734693877551021 0.9948979591836735 0.000125 0 95 -0.026157103266034806
baseline 7 96 96.0 -0.1750514063455233 -0.031131302580541493 0.9734693877551021 0.9938775510204082 0.000125 0 96 -0.031131302580541493
baseline 7 97 97.0 -0.17620929268943156 -0.025728625424054203 0.9775510204081632 0.9938775510204082 0.000125 1 96 -0.031131302580541493
baseline 7 98 98.0 -0.17592625994239083 0.021113173815668844 0.9663265306122449 0.9948979591836735 0.000125 2 96 -0.031131302580541493
baseline 7 99 99.0 -0.17663049022072547 -0.016129764002196643 0.9734693877551021 0.9938775510204082 0.000125 3 96 -0.031131302580541493
baseline 7 100 100.0 -0.1755589662582078 -0.0020589726311819895 0.9704081632653061 0.9918367346938776 0.000125 4 96 -0.031131302580541493
baseline 7 101 101.0 -0.1748180967185787 0.003618421846506547 0.9704081632653061 0.9938775510204082 0.000125 5 96 -0.031131302580541493
baseline 7 102 102.0 -0.17554485816147036 -0.0007090877513496243 0.9673469387755103 0.9938775510204082 0.000125 6 96 -0.031131302580541493
baseline 7 103 103.0 -0.17775820796896416 -0.030514617112218118 0.9744897959183674 0.9948979591836735 0.000125 7 96 -0.031131302580541493
baseline 7 104 104.0 -0.17910917573613214 -0.021502169297665966 0.9734693877551021 0.9938775510204082 0.000125 8 96 -0.031131302580541493
baseline 7 105 105.0 -0.18022837361227625 -0.02128014832126851 0.9744897959183674 0.9928571428571429 0.000125 9 96 -0.031131302580541493
baseline 7 106 106.0 -0.18236213739851034 -0.03061056307383946 0.9744897959183674 0.9938775510204082 0.000125 10 96 -0.031131302580541493
baseline 7 107 107.0 -0.1818573424350984 -0.02070732676253027 0.9744897959183674 0.9928571428571429 6.25e-05 11 96 -0.031131302580541493
baseline 7 108 108.0 -0.1833472569093519 -0.023028644493647984 0.9744897959183674 0.9938775510204082 6.25e-05 12 96 -0.031131302580541493
baseline 7 109 109.0 -0.18441062191533605 -0.029464873975637008 0.9775510204081632 0.9938775510204082 6.25e-05 13 96 -0.031131302580541493
baseline 7 110 110.0 -0.18525330812134708 -0.02939230373927525 0.9734693877551021 0.9928571428571429 6.25e-05 14 96 -0.031131302580541493
baseline 7 111 111.0 -0.18481050655474093 -0.02678360184844659 0.9775510204081632 0.9938775510204082 6.25e-05 15 96 -0.031131302580541493
baseline 7 112 112.0 -0.18558725991702055 -0.029962617280531904 0.9755102040816327 0.9938775510204082 6.25e-05 16 96 -0.031131302580541493
baseline 7 113 113.0 -0.1841378781841773 -0.022451169393500503 0.9714285714285714 0.9928571428571429 6.25e-05 17 96 -0.031131302580541493
baseline 7 114 114.0 -0.18573400868336928 -0.022007169285599065 0.9744897959183674 0.9918367346938776 6.25e-05 18 96 -0.031131302580541493
baseline 7 115 115.0 -0.18659284604338508 -0.03770231811367736 0.976530612244898 0.9948979591836735 6.25e-05 0 115 -0.03770231811367736
baseline 7 116 116.0 -0.18600205485009808 -0.037314551947068196 0.9744897959183674 0.9938775510204082 6.25e-05 1 115 -0.03770231811367736
baseline 7 117 117.0 -0.18632277721525822 -0.030108490282175493 0.9755102040816327 0.9938775510204082 6.25e-05 2 115 -0.03770231811367736
baseline 7 118 118.0 -0.18733852401573642 -0.026651149379963778 0.9755102040816327 0.9928571428571429 6.25e-05 3 115 -0.03770231811367736
baseline 7 119 119.0 -0.1863527089753117 -0.025847721586422043 0.976530612244898 0.9918367346938776 6.25e-05 4 115 -0.03770231811367736
baseline 7 120 120.0 -0.18803748040934748 -0.037873852739528736 0.9744897959183674 0.9938775510204082 6.25e-05 0 120 -0.037873852739528736
baseline 7 121 121.0 -0.18888244845650412 -0.015934530326298307 0.9693877551020408 0.9908163265306122 6.25e-05 1 120 -0.037873852739528736
baseline 7 122 122.0 -0.18757673620081775 -0.03718523419633204 0.9744897959183674 0.9938775510204082 6.25e-05 2 120 -0.037873852739528736
baseline 7 123 123.0 -0.18888210495353597 -0.04519385999562789 0.976530612244898 0.9938775510204082 6.25e-05 0 123 -0.04519385999562789
baseline 7 124 124.0 -0.19030331536381676 -0.0389058594800988 0.9755102040816327 0.9938775510204082 6.25e-05 1 123 -0.04519385999562789
baseline 7 125 125.0 -0.19012276339701417 -0.03389379540268256 0.9734693877551021 0.9938775510204082 6.25e-05 2 123 -0.04519385999562789
baseline 7 126 126.0 -0.18880882223000686 -0.02091974214631684 0.9744897959183674 0.9938775510204082 6.25e-05 3 123 -0.04519385999562789
baseline 7 127 127.0 -0.189536625932259 -0.0496657843492469 0.9775510204081632 0.9928571428571429 6.25e-05 0 127 -0.0496657843492469
baseline 7 128 128.0 -0.1911970539526506 -0.009043264875606616 0.9653061224489796 0.9928571428571429 6.25e-05 1 127 -0.0496657843492469
baseline 7 129 129.0 -0.1903604655027146 -0.0451374778942186 0.9775510204081632 0.9938775510204082 6.25e-05 2 127 -0.0496657843492469
baseline 7 130 130.0 -0.19008679987826557 -0.04701496022088187 0.976530612244898 0.9938775510204082 6.25e-05 3 127 -0.0496657843492469
baseline 7 131 131.0 -0.19221463619871207 -0.020185649394989014 0.9714285714285714 0.9928571428571429 6.25e-05 4 127 -0.0496657843492469
baseline 7 132 132.0 -0.19062101140816196 -0.046959053496925196 0.9785714285714285 0.9938775510204082 6.25e-05 5 127 -0.0496657843492469
baseline 7 133 133.0 -0.1916556316328 -0.026394660132271902 0.9704081632653061 0.9918367346938776 6.25e-05 6 127 -0.0496657843492469
baseline 7 134 134.0 -0.19105212072308145 -0.023789651296576675 0.9704081632653061 0.9928571428571429 6.25e-05 7 127 -0.0496657843492469
baseline 7 135 135.0 -0.19189660864538752 -0.034796096354114764 0.9693877551020408 0.9938775510204082 6.25e-05 8 127 -0.0496657843492469
baseline 7 136 136.0 -0.19295017992025498 -0.035802661399452054 0.976530612244898 0.9938775510204082 6.25e-05 9 127 -0.0496657843492469
baseline 7 137 137.0 -0.193082883664853 -0.020929777622222902 0.9714285714285714 0.9928571428571429 6.25e-05 10 127 -0.0496657843492469
baseline 7 138 138.0 -0.19417815584693185 -0.036028915522049884 0.9734693877551021 0.9918367346938776 3.125e-05 11 127 -0.0496657843492469
baseline 7 139 139.0 -0.1941246956556396 -0.04000626315875929 0.9755102040816327 0.9928571428571429 3.125e-05 12 127 -0.0496657843492469
baseline 7 140 140.0 -0.19542269395004133 -0.030060566931354758 0.9724489795918367 0.9938775510204082 3.125e-05 13 127 -0.0496657843492469
baseline 7 141 141.0 -0.19461964063186568 -0.03924884966441563 0.9744897959183674 0.9938775510204082 3.125e-05 14 127 -0.0496657843492469
baseline 7 142 142.0 -0.19539083541961685 -0.03341362695304715 0.9734693877551021 0.9938775510204082 3.125e-05 15 127 -0.0496657843492469
baseline 7 143 143.0 -0.19507178569838513 -0.03847166445790505 0.9755102040816327 0.9938775510204082 3.125e-05 16 127 -0.0496657843492469
baseline 7 144 144.0 -0.19517285234472725 -0.03838774282105115 0.9755102040816327 0.9938775510204082 3.125e-05 17 127 -0.0496657843492469
baseline 7 145 145.0 -0.19569601619328858 -0.030295420179561692 0.9724489795918367 0.9938775510204082 3.125e-05 18 127 -0.0496657843492469
baseline 7 146 146.0 -0.19631223275542137 -0.03884658107952196 0.9734693877551021 0.9928571428571429 3.125e-05 19 127 -0.0496657843492469
baseline 7 147 147.0 -0.19564485257687436 -0.04013107236550779 0.9775510204081632 0.9938775510204082 3.125e-05 20 127 -0.0496657843492469
baseline 7 148 148.0 -0.1964357453907352 -0.0403718605333445 0.976530612244898 0.9938775510204082 3.125e-05 21 127 -0.0496657843492469
baseline 7 149 149.0 -0.1957118869193119 -0.04218618310227686 0.9755102040816327 0.9938775510204082 1.5625e-05 22 127 -0.0496657843492469
baseline 7 150 150.0 -0.19703295476833574 -0.03928982943904643 0.9744897959183674 0.9938775510204082 1.5625e-05 23 127 -0.0496657843492469
baseline 7 151 151.0 -0.19747845711333029 -0.03420870060823401 0.9744897959183674 0.9938775510204082 1.5625e-05 24 127 -0.0496657843492469
baseline 7 152 152.0 -0.1980255853167837 -0.047826954053372756 0.9755102040816327 0.9938775510204082 1.5625e-05 25 127 -0.0496657843492469
baseline 7 153 153.0 -0.19752838072177703 -0.044495315941012636 0.9755102040816327 0.9938775510204082 1.5625e-05 26 127 -0.0496657843492469
baseline 7 154 154.0 -0.1973831695604373 -0.027666845370312127 0.9704081632653061 0.9938775510204082 1.5625e-05 27 127 -0.0496657843492469
baseline 7 155 155.0 -0.19683731807751603 -0.03913141343058372 0.9744897959183674 0.9938775510204082 1.5625e-05 28 127 -0.0496657843492469
baseline 7 156 156.0 -0.19791070463952054 -0.043276252308670354 0.9755102040816327 0.9938775510204082 1.5625e-05 29 127 -0.0496657843492469
baseline 7 157 157.0 -0.19720984144522538 -0.043079104228895534 0.9755102040816327 0.9938775510204082 1.5625e-05 30 127 -0.0496657843492469
baseline 8 1 1.0 2.014464769348791 4.052787529692358 0.25204081632653064 0.36122448979591837 0.001 0 1 4.052787529692358
baseline 8 2 2.0 1.3762642165857146 2.6730965195869913 0.3653061224489796 0.773469387755102 0.001 0 2 2.6730965195869913
baseline 8 3 3.0 1.093655888832139 1.6985269356747064 0.786734693877551 0.6122448979591837 0.001 0 3 1.6985269356747064
baseline 8 4 4.0 0.9632857438858001 1.651656061289262 0.5193877551020408 0.9408163265306122 0.001 0 4 1.651656061289262
baseline 8 5 5.0 0.8715912143835861 1.2728747299739294 0.7887755102040817 0.8489795918367347 0.001 0 5 1.2728747299739294
baseline 8 6 6.0 0.8188311760832268 0.8883274080801983 0.8918367346938776 0.9693877551020408 0.001 0 6 0.8883274080801983
baseline 8 7 7.0 0.7425140751881546 1.0261526969014383 0.7612244897959184 0.9704081632653061 0.001 1 6 0.8883274080801983
baseline 8 8 8.0 0.7326146559647082 1.1005548808039451 0.8418367346938775 0.8714285714285714 0.001 2 6 0.8883274080801983
baseline 8 9 9.0 0.6605770659154477 0.8910602282504646 0.8857142857142857 0.9469387755102041 0.001 3 6 0.8883274080801983
baseline 8 10 10.0 0.6320292444954854 2.0777728285108292 0.7020408163265306 0.6020408163265306 0.001 4 6 0.8883274080801983
baseline 8 11 11.0 0.619836713429978 2.423050965095053 0.4530612244897959 0.9591836734693877 0.001 5 6 0.8883274080801983
baseline 8 12 12.0 0.5815520746836988 0.851636452577552 0.8969387755102041 0.9551020408163265 0.001 0 12 0.851636452577552
baseline 8 13 13.0 0.5270569830432732 1.271128141636751 0.8142857142857143 0.8979591836734694 0.001 1 12 0.851636452577552
baseline 8 14 14.0 0.49884454822272395 1.2992599915484992 0.7785714285714286 0.8081632653061225 0.001 2 12 0.851636452577552
baseline 8 15 15.0 0.48748302502335034 0.8763662681287648 0.886734693877551 0.8887755102040816 0.001 3 12 0.851636452577552
baseline 8 16 16.0 0.45515166434618254 1.193494193407954 0.6785714285714286 0.95 0.001 4 12 0.851636452577552
baseline 8 17 17.0 0.4143439822043535 1.3969241930513965 0.6387755102040816 0.9663265306122449 0.001 5 12 0.851636452577552
baseline 8 18 18.0 0.3958814971537098 0.5328235691907455 0.9387755102040817 0.9846938775510204 0.001 0 18 0.5328235691907455
baseline 8 19 19.0 0.37034458890024563 1.6082185696582405 0.6408163265306123 0.9653061224489796 0.001 1 18 0.5328235691907455
baseline 8 20 20.0 0.4087131017318663 0.738925660872946 0.8724489795918368 0.9724489795918367 0.001 2 18 0.5328235691907455
baseline 8 21 21.0 0.3730881902426329 1.5394937077347113 0.6193877551020408 0.936734693877551 0.001 3 18 0.5328235691907455
baseline 8 22 22.0 0.3390154208420977 0.824837156704494 0.8 0.9734693877551021 0.001 4 18 0.5328235691907455
baseline 8 23 23.0 0.294810915048081 2.2446844227459968 0.4928571428571429 0.9663265306122449 0.001 5 18 0.5328235691907455
baseline 8 24 24.0 0.2711691096562044 1.3483774175449295 0.7142857142857143 0.9755102040816327 0.001 6 18 0.5328235691907455
baseline 8 25 25.0 0.2715002284656384 0.6331649408048513 0.8989795918367347 0.9428571428571428 0.001 7 18 0.5328235691907455
baseline 8 26 26.0 0.26615266865680604 0.9424833721044112 0.813265306122449 0.960204081632653 0.001 8 18 0.5328235691907455
baseline 8 27 27.0 0.24034355932407164 0.7750740338344964 0.8285714285714286 0.9653061224489796 0.001 9 18 0.5328235691907455
baseline 8 28 28.0 0.20436989049502363 0.6047660462710323 0.8653061224489796 0.9836734693877551 0.001 10 18 0.5328235691907455
baseline 8 29 29.0 0.21106194253474383 1.3909181799207415 0.7214285714285714 0.8806122448979592 0.0005 11 18 0.5328235691907455
baseline 8 30 30.0 0.16461283644324548 0.2864025513736569 0.9612244897959183 0.9877551020408163 0.0005 0 30 0.2864025513736569
baseline 8 31 31.0 0.13461750444401516 0.2816562347266139 0.9551020408163265 0.9918367346938776 0.0005 0 31 0.2816562347266139
baseline 8 32 32.0 0.11912399003771157 0.3061105731798678 0.9418367346938775 0.9928571428571429 0.0005 1 31 0.2816562347266139
baseline 8 33 33.0 0.10847586907819294 0.21672992535999844 0.9734693877551021 0.9887755102040816 0.0005 0 33 0.21672992535999844
baseline 8 34 34.0 0.1005953469972932 0.2666512782476386 0.9540816326530612 0.9918367346938776 0.0005 1 33 0.21672992535999844
baseline 8 35 35.0 0.09215668193897017 0.19547121305854953 0.9744897959183674 0.9928571428571429 0.0005 0 35 0.19547121305854953
baseline 8 36 36.0 0.08401039714589183 0.2808558738961512 0.95 0.9908163265306122 0.0005 1 35 0.19547121305854953
baseline 8 37 37.0 0.07751311064984143 0.21082983965776406 0.9653061224489796 0.9897959183673469 0.0005 2 35 0.19547121305854953
baseline 8 38 38.0 0.07518365178580669 0.29688602710256773 0.9459183673469388 0.9714285714285714 0.0005 3 35 0.19547121305854953
baseline 8 39 39.0 0.06580260094631923 0.3017509385031097 0.9438775510204082 0.9897959183673469 0.0005 4 35 0.19547121305854953
baseline 8 40 40.0 0.056749828867576214 0.1768790692699199 0.9744897959183674 0.9918367346938776 0.0005 0 40 0.1768790692699199
baseline 8 41 41.0 0.04844281914528836 0.20826122663458999 0.9561224489795919 0.9908163265306122 0.0005 1 40 0.1768790692699199
baseline 8 42 42.0 0.043406204561169226 0.1409205040153192 0.976530612244898 0.9918367346938776 0.0005 0 42 0.1409205040153192
baseline 8 43 43.0 0.03662956010576897 0.16393962538972193 0.9683673469387755 0.9918367346938776 0.0005 1 42 0.1409205040153192
baseline 8 44 44.0 0.03427072339695978 0.3229660051209586 0.9275510204081633 0.9928571428571429 0.0005 2 42 0.1409205040153192
baseline 8 45 45.0 0.02690971993572013 0.1643790062592954 0.9683673469387755 0.9928571428571429 0.0005 3 42 0.1409205040153192
baseline 8 46 46.0 0.025306963092581854 0.6079928977148873 0.8785714285714286 0.939795918367347 0.0005 4 42 0.1409205040153192
baseline 8 47 47.0 0.016552515609515213 0.1731800743511745 0.9673469387755103 0.9887755102040816 0.0005 5 42 0.1409205040153192
baseline 8 48 48.0 0.009931096321959296 0.21013592432956307 0.9612244897959183 0.9918367346938776 0.0005 6 42 0.1409205040153192
baseline 8 49 49.0 0.007803801131321534 0.38314797343039997 0.9214285714285714 0.9836734693877551 0.0005 7 42 0.1409205040153192
baseline 8 50 50.0 0.007261271191812268 0.24697762192512046 0.9561224489795919 0.9826530612244898 0.0005 8 42 0.1409205040153192
baseline 8 51 51.0 -0.0001271499798417213 0.5432695354734148 0.8704081632653061 0.9704081632653061 0.0005 9 42 0.1409205040153192
baseline 8 52 52.0 -0.007268175284879565 0.155573498959444 0.9591836734693877 0.9928571428571429 0.0005 10 42 0.1409205040153192
baseline 8 53 53.0 -0.0017164173603544926 1.0869259036317163 0.7357142857142858 0.9897959183673469 0.00025 11 42 0.1409205040153192
baseline 8 54 54.0 -0.0006852853164244234 0.2445797754793751 0.939795918367347 0.9928571428571429 0.00025 12 42 0.1409205040153192
baseline 8 55 55.0 -0.011339912862651073 0.4694287733155854 0.8785714285714286 0.9897959183673469 0.00025 13 42 0.1409205040153192
baseline 8 56 56.0 -0.02108261826333035 0.2289245442468293 0.9428571428571428 0.9897959183673469 0.00025 14 42 0.1409205040153192
baseline 8 57 57.0 -0.02864205161446327 0.10718001516497865 0.9714285714285714 0.9928571428571429 0.00025 0 57 0.10718001516497865
baseline 8 58 58.0 -0.03734420414964561 0.08509640961277241 0.976530612244898 0.9938775510204082 0.00025 0 58 0.08509640961277241
baseline 8 59 59.0 -0.040402931748176864 0.07057809197172826 0.9755102040816327 0.9918367346938776 0.00025 0 59 0.07057809197172826
baseline 8 60 60.0 -0.044779253687873194 0.06911688751103927 0.9744897959183674 0.9928571428571429 0.00025 0 60 0.06911688751103927
baseline 8 61 61.0 -0.0481060900410544 0.08858524974511595 0.9693877551020408 0.9938775510204082 0.00025 1 60 0.06911688751103927
baseline 8 62 62.0 -0.050062573236147885 0.06158684370469074 0.9785714285714285 0.9928571428571429 0.00025 0 62 0.06158684370469074
baseline 8 63 63.0 -0.05346454011772943 0.06459305043123206 0.9795918367346939 0.9928571428571429 0.00025 1 62 0.06158684370469074
baseline 8 64 64.0 -0.05584888061293543 0.06625404625522847 0.9724489795918367 0.9928571428571429 0.00025 2 62 0.06158684370469074
baseline 8 65 65.0 -0.05715379864738472 0.05917034927679568 0.9775510204081632 0.9938775510204082 0.00025 0 65 0.05917034927679568
baseline 8 66 66.0 -0.0616499221483217 0.07434217832526382 0.9704081632653061 0.9928571428571429 0.00025 1 65 0.05917034927679568
baseline 8 67 67.0 -0.06201075484730737 0.09996583607732033 0.9642857142857143 0.9928571428571429 0.00025 2 65 0.05917034927679568
baseline 8 68 68.0 -0.06507123831709023 0.044144925292657344 0.9755102040816327 0.9938775510204082 0.00025 0 68 0.044144925292657344
baseline 8 69 69.0 -0.06589166520199566 0.06161800768910622 0.9755102040816327 0.9918367346938776 0.00025 1 68 0.044144925292657344
baseline 8 70 70.0 -0.07012764273917224 0.08486066691729487 0.9683673469387755 0.9928571428571429 0.00025 2 68 0.044144925292657344
baseline 8 71 71.0 -0.07198780288004657 0.08386023068914608 0.9714285714285714 0.9897959183673469 0.00025 3 68 0.044144925292657344
baseline 8 72 72.0 -0.07384014026137246 0.037737807205745155 0.9734693877551021 0.9928571428571429 0.00025 0 72 0.037737807205745155
baseline 8 73 73.0 -0.07620822177844101 0.05135336652094004 0.9724489795918367 0.9938775510204082 0.00025 1 72 0.037737807205745155
baseline 8 74 74.0 -0.07840489020021262 0.0657535195350647 0.9755102040816327 0.9908163265306122 0.00025 2 72 0.037737807205745155
baseline 8 75 75.0 -0.07742398313652872 0.17637870263080208 0.9459183673469388 0.9928571428571429 0.00025 3 72 0.037737807205745155
baseline 8 76 76.0 -0.0779119615535327 0.08675648655210222 0.9724489795918367 0.9887755102040816 0.00025 4 72 0.037737807205745155
baseline 8 77 77.0 -0.08324192748980576 0.05941006845357467 0.976530612244898 0.9928571428571429 0.00025 5 72 0.037737807205745155
baseline 8 78 78.0 -0.08653622439494538 0.0480238566593248 0.9775510204081632 0.9918367346938776 0.00025 6 72 0.037737807205745155
baseline 8 79 79.0 -0.09030187921455858 0.09803115956637325 0.9581632653061225 0.9938775510204082 0.00025 7 72 0.037737807205745155
baseline 8 80 80.0 -0.09102872132767939 0.03743298029413029 0.9775510204081632 0.9928571428571429 0.00025 0 80 0.03743298029413029
baseline 8 81 81.0 -0.0909148615397764 0.16823950470710286 0.9489795918367347 0.9938775510204082 0.00025 1 80 0.03743298029413029
baseline 8 82 82.0 -0.09595257147339926 0.1233057681395083 0.9540816326530612 0.9938775510204082 0.00025 2 80 0.03743298029413029
baseline 8 83 83.0 -0.10028484631120489 0.08595521839297547 0.9642857142857143 0.9938775510204082 0.00025 3 80 0.03743298029413029
baseline 8 84 84.0 -0.10003229850889835 0.049397458835523954 0.9693877551020408 0.9938775510204082 0.00025 4 80 0.03743298029413029
baseline 8 85 85.0 -0.10328693518964945 0.03963793370188499 0.9693877551020408 0.9938775510204082 0.00025 5 80 0.03743298029413029
baseline 8 86 86.0 -0.1040599863668019 0.03732345201531235 0.976530612244898 0.9938775510204082 0.00025 0 86 0.03732345201531235
baseline 8 87 87.0 -0.10520520304026229 0.07878812186572016 0.9673469387755103 0.9877551020408163 0.00025 1 86 0.03732345201531235
baseline 8 88 88.0 -0.10864203979581807 0.09895238243803686 0.9591836734693877 0.9918367346938776 0.00025 2 86 0.03732345201531235
baseline 8 89 89.0 -0.11053243879156531 0.060173779847670576 0.9683673469387755 0.9938775510204082 0.00025 3 86 0.03732345201531235
baseline 8 90 90.0 -0.1133564550494271 0.06262890392420244 0.9714285714285714 0.986734693877551 0.00025 4 86 0.03732345201531235
baseline 8 91 91.0 -0.11499425887574458 0.15357170348264734 0.9510204081632653 0.9918367346938776 0.00025 5 86 0.03732345201531235
baseline 8 92 92.0 -0.11748927734236674 0.03635394743510655 0.9744897959183674 0.9918367346938776 0.00025 0 92 0.03635394743510655
baseline 8 93 93.0 -0.11846950915057033 0.0661509353287366 0.9693877551020408 0.9928571428571429 0.00025 1 92 0.03635394743510655
baseline 8 94 94.0 -0.11947642612262449 -0.0005324872172608667 0.9775510204081632 0.9938775510204082 0.00025 0 94 -0.0005324872172608667
baseline 8 95 95.0 -0.12183559233126771 0.17072446443596664 0.9418367346938775 0.9918367346938776 0.00025 1 94 -0.0005324872172608667
baseline 8 96 96.0 -0.1205738659898643 0.8127306098840674 0.7479591836734694 0.9918367346938776 0.00025 2 94 -0.0005324872172608667
baseline 8 97 97.0 -0.11556587235067911 1.6636612979733214 0.613265306122449 0.9622448979591837 0.00025 3 94 -0.0005324872172608667
baseline 8 98 98.0 -0.10786861784002755 1.3766796374807553 0.75 0.976530612244898 0.00025 4 94 -0.0005324872172608667
baseline 8 99 99.0 -0.10425191186178205 1.269521089475982 0.7204081632653061 0.9826530612244898 0.00025 5 94 -0.0005324872172608667
baseline 8 100 100.0 -0.10874577635277036 0.7236108504996008 0.8581632653061224 0.9744897959183674 0.00025 6 94 -0.0005324872172608667
baseline 8 101 101.0 -0.09084570700106752 0.6865238136174727 0.85 0.9693877551020408 0.00025 7 94 -0.0005324872172608667
baseline 8 102 102.0 -0.07609619073897021 1.5014940135333004 0.7571428571428571 0.9540816326530612 0.00025 8 94 -0.0005324872172608667
baseline 8 103 103.0 -0.07735216039193907 1.3895764526055783 0.7285714285714285 0.986734693877551 0.00025 9 94 -0.0005324872172608667
baseline 8 104 104.0 -0.10232413801401702 1.9211948414238131 0.5265306122448979 0.9897959183673469 0.00025 10 94 -0.0005324872172608667
baseline 8 105 105.0 -0.11344310960925515 1.7253279238331074 0.6183673469387755 0.9887755102040816 0.000125 11 94 -0.0005324872172608667
baseline 8 106 106.0 -0.13290095043133668 0.48111158171478585 0.8367346938775511 0.9908163265306122 0.000125 12 94 -0.0005324872172608667
baseline 8 107 107.0 -0.14115425752546254 0.006632471571163256 0.9714285714285714 0.9928571428571429 0.000125 13 94 -0.0005324872172608667
baseline 8 108 108.0 -0.14292366493710215 -0.01937346093508662 0.9795918367346939 0.9918367346938776 0.000125 0 108 -0.01937346093508662
baseline 8 109 109.0 -0.14489527163880594 -0.0022895504017265474 0.9755102040816327 0.9928571428571429 0.000125 1 108 -0.01937346093508662
baseline 8 110 110.0 -0.1463491777233985 -0.01734106273067241 0.9795918367346939 0.9918367346938776 0.000125 2 108 -0.01937346093508662
baseline 8 111 111.0 -0.14769473005242198 -0.011210746667823013 0.976530612244898 0.9928571428571429 0.000125 3 108 -0.01937346093508662
baseline 8 112 112.0 -0.14893483037968092 -0.017183255176154936 0.9785714285714285 0.9928571428571429 0.000125 4 108 -0.01937346093508662
baseline 8 113 113.0 -0.15007871827748018 -0.01727295578742514 0.9795918367346939 0.9928571428571429 0.000125 5 108 -0.01937346093508662
baseline 8 114 114.0 -0.1513462502574044 -0.00830580117751141 0.9755102040816327 0.9918367346938776 0.000125 6 108 -0.01937346093508662
baseline 8 115 115.0 -0.1522827125301887 -0.021531504757550297 0.976530612244898 0.9928571428571429 0.000125 0 115 -0.021531504757550297
baseline 8 116 116.0 -0.15304641034435082 -0.017396814969121193 0.9775510204081632 0.9938775510204082 0.000125 1 115 -0.021531504757550297
baseline 8 117 117.0 -0.15340526013866265 -0.025641838385134327 0.9806122448979592 0.9928571428571429 0.000125 0 117 -0.025641838385134327
baseline 8 118 118.0 -0.15452634155811157 -0.009378837079417949 0.9755102040816327 0.9928571428571429 0.000125 1 117 -0.025641838385134327
baseline 8 119 119.0 -0.15477820418097757 0.0017398189525214994 0.9755102040816327 0.9928571428571429 0.000125 2 117 -0.025641838385134327
baseline 8 120 120.0 -0.15635278209115439 -0.018086068484247948 0.9785714285714285 0.9928571428571429 0.000125 3 117 -0.025641838385134327
baseline 8 121 121.0 -0.1568481485617173 -0.024592248760924047 0.9795918367346939 0.9928571428571429 0.000125 4 117 -0.025641838385134327
baseline 8 122 122.0 -0.15768602761355313 -0.021652867356125188 0.9785714285714285 0.9928571428571429 0.000125 5 117 -0.025641838385134327
baseline 8 123 123.0 -0.1594214973337682 -0.013048757825578962 0.976530612244898 0.9928571428571429 0.000125 6 117 -0.025641838385134327
baseline 8 124 124.0 -0.15969581063361163 -0.01975472776257262 0.976530612244898 0.9928571428571429 0.000125 7 117 -0.025641838385134327
baseline 8 125 125.0 -0.16044770782400566 -0.020761344870742486 0.976530612244898 0.9928571428571429 0.000125 8 117 -0.025641838385134327
baseline 8 126 126.0 -0.1597375999432175 -0.008663081392949941 0.9744897959183674 0.9918367346938776 0.000125 9 117 -0.025641838385134327
baseline 8 127 127.0 -0.16044399711523163 -0.03599739123363884 0.9785714285714285 0.9938775510204082 0.000125 0 127 -0.03599739123363884
baseline 8 128 128.0 -0.16119006662738944 -0.014946021352495465 0.976530612244898 0.9928571428571429 0.000125 1 127 -0.03599739123363884
baseline 8 129 129.0 -0.16219415849757754 -0.0071324988287322375 0.9755102040816327 0.9938775510204082 0.000125 2 127 -0.03599739123363884
baseline 8 130 130.0 -0.16494015830286432 -0.005651692954861388 0.9724489795918367 0.9928571428571429 0.000125 3 127 -0.03599739123363884
baseline 8 131 131.0 -0.1634200830259898 -0.03188857278045343 0.9806122448979592 0.9928571428571429 0.000125 4 127 -0.03599739123363884
baseline 8 132 132.0 -0.16530095660284663 -0.03170461776305218 0.976530612244898 0.9938775510204082 0.000125 5 127 -0.03599739123363884
baseline 8 133 133.0 -0.1653001880743165 0.002181433414926334 0.9704081632653061 0.9928571428571429 0.000125 6 127 -0.03599739123363884
baseline 8 134 134.0 -0.1670986594778768 0.021561909208492356 0.9673469387755103 0.9938775510204082 0.000125 7 127 -0.03599739123363884
baseline 8 135 135.0 -0.16893314188907535 -0.01165104812505294 0.9704081632653061 0.9928571428571429 0.000125 8 127 -0.03599739123363884
baseline 8 136 136.0 -0.16880300412747906 -0.032897668468708896 0.9755102040816327 0.9938775510204082 0.000125 9 127 -0.03599739123363884
baseline 8 137 137.0 -0.16884621712964207 -0.0318455272791337 0.976530612244898 0.9938775510204082 0.000125 10 127 -0.03599739123363884
baseline 8 138 138.0 -0.1699265775568517 -0.02811371355640645 0.9775510204081632 0.9928571428571429 6.25e-05 11 127 -0.03599739123363884
baseline 8 139 139.0 -0.17215805399527467 -0.041232759611947195 0.9785714285714285 0.9938775510204082 6.25e-05 0 139 -0.041232759611947195
baseline 8 140 140.0 -0.1724637852747667 -0.03438791352875379 0.976530612244898 0.9938775510204082 6.25e-05 1 139 -0.041232759611947195
baseline 8 141 141.0 -0.17324030350615957 -0.022698839829892528 0.976530612244898 0.9938775510204082 6.25e-05 2 139 -0.041232759611947195
baseline 8 142 142.0 -0.17363251254069062 -0.029406253415711073 0.976530612244898 0.9938775510204082 6.25e-05 3 139 -0.041232759611947195
baseline 8 143 143.0 -0.1733555765147107 -0.03263419136709096 0.9775510204081632 0.9928571428571429 6.25e-05 4 139 -0.041232759611947195
baseline 8 144 144.0 -0.1741038142599782 -0.031149872225158068 0.9755102040816327 0.9938775510204082 6.25e-05 5 139 -0.041232759611947195
baseline 8 145 145.0 -0.17511849225602427 -0.033894114591637436 0.9775510204081632 0.9938775510204082 6.25e-05 6 139 -0.041232759611947195
baseline 8 146 146.0 -0.17483418053577335 -0.03680685101723184 0.9795918367346939 0.9938775510204082 6.25e-05 7 139 -0.041232759611947195
baseline 8 147 147.0 -0.1751193855342144 -0.038385072046396684 0.976530612244898 0.9938775510204082 6.25e-05 8 139 -0.041232759611947195
baseline 8 148 148.0 -0.17510469539416335 -0.03436852669229313 0.9785714285714285 0.9938775510204082 6.25e-05 9 139 -0.041232759611947195
baseline 8 149 149.0 -0.17643859949004784 -0.03272828715188163 0.9775510204081632 0.9938775510204082 6.25e-05 10 139 -0.041232759611947195
baseline 8 150 150.0 -0.17746580742961662 -0.03321653044953638 0.976530612244898 0.9938775510204082 3.125e-05 11 139 -0.041232759611947195
baseline 8 151 151.0 -0.17709561704493396 -0.040104485287958264 0.9755102040816327 0.9938775510204082 3.125e-05 12 139 -0.041232759611947195
baseline 8 152 152.0 -0.17814217786379805 -0.043148985444283 0.9785714285714285 0.9938775510204082 3.125e-05 0 152 -0.043148985444283
baseline 8 153 153.0 -0.1783087653573127 -0.04402050047504659 0.9775510204081632 0.9938775510204082 3.125e-05 0 153 -0.04402050047504659
baseline 8 154 154.0 -0.177529307198354 -0.03558143377304077 0.9785714285714285 0.9938775510204082 3.125e-05 1 153 -0.04402050047504659
baseline 8 155 155.0 -0.17802426057646054 -0.0187884943825858 0.9734693877551021 0.9938775510204082 3.125e-05 2 153 -0.04402050047504659
baseline 8 156 156.0 -0.17848195959038585 -0.03850021775887937 0.9785714285714285 0.9938775510204082 3.125e-05 3 153 -0.04402050047504659
baseline 8 157 157.0 -0.17869269452129127 -0.0442901290192896 0.9785714285714285 0.9938775510204082 3.125e-05 0 157 -0.0442901290192896
baseline 8 158 158.0 -0.1793489841567362 -0.04354267509616151 0.9806122448979592 0.9938775510204082 3.125e-05 1 157 -0.0442901290192896
baseline 8 159 159.0 -0.17821619989192522 -0.03887104136603219 0.976530612244898 0.9938775510204082 3.125e-05 2 157 -0.0442901290192896
baseline 8 160 160.0 -0.17940854648769328 -0.040563621569652944 0.976530612244898 0.9938775510204082 3.125e-05 3 157 -0.0442901290192896
baseline 8 161 161.0 -0.179573883988397 -0.037005765827334655 0.976530612244898 0.9938775510204082 3.125e-05 4 157 -0.0442901290192896
baseline 8 162 162.0 -0.1796018582320676 -0.04152747684595536 0.9785714285714285 0.9938775510204082 3.125e-05 5 157 -0.0442901290192896
baseline 8 163 163.0 -0.18026450425538637 -0.04378986991181665 0.9775510204081632 0.9938775510204082 3.125e-05 6 157 -0.0442901290192896
baseline 8 164 164.0 -0.18008126021649182 -0.04425451585224697 0.9795918367346939 0.9938775510204082 3.125e-05 7 157 -0.0442901290192896
baseline 8 165 165.0 -0.18053047978476192 -0.043524037331950906 0.9775510204081632 0.9938775510204082 3.125e-05 8 157 -0.0442901290192896
baseline 8 166 166.0 -0.18049788828159133 -0.04146245426061202 0.9775510204081632 0.9938775510204082 3.125e-05 9 157 -0.0442901290192896
baseline 8 167 167.0 -0.18029366864369034 -0.04626808774714567 0.9785714285714285 0.9938775510204082 3.125e-05 0 167 -0.04626808774714567
baseline 8 168 168.0 -0.18093705195572085 -0.04661411144295517 0.9775510204081632 0.9938775510204082 3.125e-05 0 168 -0.04661411144295517
baseline 8 169 169.0 -0.18105016099298574 -0.04762294511405789 0.9785714285714285 0.9938775510204082 3.125e-05 0 169 -0.04762294511405789
baseline 8 170 170.0 -0.1808867957423973 -0.04010201838551736 0.976530612244898 0.9938775510204082 3.125e-05 1 169 -0.04762294511405789
baseline 8 171 171.0 -0.18122193299469835 -0.04891802875363097 0.9795918367346939 0.9938775510204082 3.125e-05 0 171 -0.04891802875363097
baseline 8 172 172.0 -0.18125383663956796 -0.04352730974859121 0.976530612244898 0.9938775510204082 3.125e-05 1 171 -0.04891802875363097
baseline 8 173 173.0 -0.1816319366641137 -0.043085952437653834 0.9755102040816327 0.9938775510204082 3.125e-05 2 171 -0.04891802875363097
baseline 8 174 174.0 -0.1816203354327988 -0.04467130899429321 0.9755102040816327 0.9938775510204082 3.125e-05 3 171 -0.04891802875363097
baseline 8 175 175.0 -0.18243067665168286 -0.03318502173131826 0.9744897959183674 0.9938775510204082 3.125e-05 4 171 -0.04891802875363097
baseline 8 176 176.0 -0.18129126318141559 -0.041011708853196126 0.9755102040816327 0.9938775510204082 3.125e-05 5 171 -0.04891802875363097
baseline 8 177 177.0 -0.18234831667043824 -0.03852389685961665 0.976530612244898 0.9938775510204082 3.125e-05 6 171 -0.04891802875363097
baseline 8 178 178.0 -0.18324119729333319 -0.04031129102317654 0.9744897959183674 0.9938775510204082 3.125e-05 7 171 -0.04891802875363097
baseline 8 179 179.0 -0.1825105023700687 -0.04198313464923781 0.9785714285714285 0.9938775510204082 3.125e-05 8 171 -0.04891802875363097
baseline 8 180 180.0 -0.18325611379709136 -0.04511382604131893 0.9775510204081632 0.9938775510204082 3.125e-05 9 171 -0.04891802875363097
baseline 8 181 181.0 -0.1827002108036193 -0.04077630189000344 0.976530612244898 0.9938775510204082 3.125e-05 10 171 -0.04891802875363097
baseline 8 182 182.0 -0.18365470844342832 -0.05061188401008139 0.9806122448979592 0.9938775510204082 3.125e-05 0 182 -0.05061188401008139
baseline 8 183 183.0 -0.18348646364854962 -0.04825848000390189 0.9795918367346939 0.9938775510204082 3.125e-05 1 182 -0.05061188401008139
baseline 8 184 184.0 -0.18411410110598322 -0.046631917174981566 0.9806122448979592 0.9938775510204082 3.125e-05 2 182 -0.05061188401008139
baseline 8 185 185.0 -0.18395006522703705 -0.05056476593017578 0.9785714285714285 0.9938775510204082 3.125e-05 3 182 -0.05061188401008139
baseline 8 186 186.0 -0.1841248334732679 -0.04208525954460611 0.9785714285714285 0.9938775510204082 3.125e-05 4 182 -0.05061188401008139
baseline 8 187 187.0 -0.18418376237549747 -0.0447151602530966 0.9795918367346939 0.9938775510204082 3.125e-05 5 182 -0.05061188401008139
baseline 8 188 188.0 -0.18513484939978486 -0.0420966768751339 0.9755102040816327 0.9938775510204082 3.125e-05 6 182 -0.05061188401008139
baseline 8 189 189.0 -0.1842861749056776 -0.04241315856271861 0.9744897959183674 0.9938775510204082 3.125e-05 7 182 -0.05061188401008139
baseline 8 190 190.0 -0.1852999556661261 -0.037610681202946875 0.976530612244898 0.9938775510204082 3.125e-05 8 182 -0.05061188401008139
baseline 8 191 191.0 -0.18597252625854072 -0.03695293762245957 0.9744897959183674 0.9938775510204082 3.125e-05 9 182 -0.05061188401008139
baseline 8 192 192.0 -0.1854962267598044 -0.03630792024184246 0.9755102040816327 0.9938775510204082 3.125e-05 10 182 -0.05061188401008139
baseline 8 193 193.0 -0.1850223820713616 -0.0461684951976854 0.9775510204081632 0.9938775510204082 1.5625e-05 11 182 -0.05061188401008139
baseline 8 194 194.0 -0.1863102231011084 -0.05388558081218175 0.9806122448979592 0.9938775510204082 1.5625e-05 0 194 -0.05388558081218175
baseline 8 195 195.0 -0.1865549072912448 -0.046840919280538754 0.9775510204081632 0.9938775510204082 1.5625e-05 1 194 -0.05388558081218175
baseline 8 196 196.0 -0.18621539113713967 -0.04532243451293634 0.9775510204081632 0.9938775510204082 1.5625e-05 2 194 -0.05388558081218175
baseline 8 197 197.0 -0.18642254242249237 -0.04452012680014786 0.976530612244898 0.9938775510204082 1.5625e-05 3 194 -0.05388558081218175
baseline 8 198 198.0 -0.18616378264724295 -0.04591623787977257 0.976530612244898 0.9938775510204082 1.5625e-05 4 194 -0.05388558081218175
baseline 8 199 199.0 -0.18645588729427834 -0.051550445751268034 0.9795918367346939 0.9938775510204082 1.5625e-05 5 194 -0.05388558081218175
baseline 8 200 200.0 -0.18655513328965279 -0.045578472711602036 0.9785714285714285 0.9938775510204082 1.5625e-05 6 194 -0.05388558081218175
baseline 9 1 1.0 2.0130407862570725 2.519686418650102 0.3673469387755102 0.5918367346938775 0.001 0 1 2.519686418650102
baseline 9 2 2.0 1.4620983834407912 2.624842506525468 0.3653061224489796 0.42551020408163265 0.001 1 1 2.519686418650102
baseline 9 3 3.0 1.1710300898527588 1.2191112323683135 0.7438775510204082 0.9377551020408164 0.001 0 3 1.2191112323683135
baseline 9 4 4.0 1.0141767713948096 1.8766801430254567 0.5755102040816327 0.6948979591836735 0.001 1 3 1.2191112323683135
baseline 9 5 5.0 0.9034416390634289 2.166787338256836 0.7377551020408163 0.4204081632653061 0.001 2 3 1.2191112323683135
baseline 9 6 6.0 0.8357988815750846 2.03039632135508 0.7091836734693877 0.6336734693877552 0.001 3 3 1.2191112323683135
baseline 9 7 7.0 0.7801588386510317 1.2755410350098901 0.6857142857142857 0.9561224489795919 0.001 4 3 1.2191112323683135
baseline 9 8 8.0 0.7133560493603668 2.8067802390273737 0.560204081632653 0.45714285714285713 0.001 5 3 1.2191112323683135
baseline 9 9 9.0 0.7390447308873497 0.8026400882370618 0.9010204081632653 0.9744897959183674 0.001 0 9 0.8026400882370618
baseline 9 10 10.0 0.6611885389463407 1.5621844578762443 0.6265306122448979 0.9673469387755103 0.001 1 9 0.8026400882370618
baseline 9 11 11.0 0.6137724469460555 1.148928360549771 0.7653061224489796 0.9806122448979592 0.001 2 9 0.8026400882370618
baseline 9 12 12.0 0.563334312210044 0.7837739375172829 0.8969387755102041 0.9795918367346939 0.001 0 12 0.7837739375172829
baseline 9 13 13.0 0.5185191313506877 0.7970543987896977 0.8744897959183674 0.9724489795918367 0.001 1 12 0.7837739375172829
baseline 9 14 14.0 0.4945641761232811 1.5582060288409798 0.6224489795918368 0.9755102040816327 0.001 2 12 0.7837739375172829
baseline 9 15 15.0 0.4612468009827938 1.1132472748659095 0.7428571428571429 0.9846938775510204 0.001 3 12 0.7837739375172829
baseline 9 16 16.0 0.4296107385630992 1.1411053754845444 0.7765306122448979 0.9 0.001 4 12 0.7837739375172829
baseline 9 17 17.0 0.40698332334197945 0.9038994842646073 0.826530612244898 0.976530612244898 0.001 5 12 0.7837739375172829
baseline 9 18 18.0 0.4046182513115233 0.619627384263642 0.9346938775510204 0.9438775510204082 0.001 0 18 0.619627384263642
baseline 9 19 19.0 0.3754655736763947 0.7497362745051481 0.9020408163265307 0.9214285714285714 0.001 1 18 0.619627384263642
baseline 9 20 20.0 0.35820378845631773 1.508018668817014 0.6408163265306123 0.9285714285714286 0.001 2 18 0.619627384263642
baseline 9 21 21.0 0.3560276410187594 1.171482712395337 0.7418367346938776 0.9612244897959183 0.001 3 18 0.619627384263642
baseline 9 22 22.0 0.30288839769436465 0.5194466474104901 0.9316326530612244 0.9734693877551021 0.001 0 22 0.5194466474104901
baseline 9 23 23.0 0.27568463008542593 0.6945221947163952 0.8357142857142857 0.9918367346938776 0.001 1 22 0.5194466474104901
baseline 9 24 24.0 0.3178179191008773 0.7527980857965898 0.8469387755102041 0.9795918367346939 0.001 2 22 0.5194466474104901
baseline 9 25 25.0 0.27243672723789625 1.958643828606119 0.6285714285714286 0.7183673469387755 0.001 3 22 0.5194466474104901
baseline 9 26 26.0 0.2563624505611922 0.6275980457967641 0.8846938775510204 0.9479591836734694 0.001 4 22 0.5194466474104901
baseline 9 27 27.0 0.218153178691864 0.6005939984808163 0.8836734693877552 0.9734693877551021 0.001 5 22 0.5194466474104901
baseline 9 28 28.0 0.17625372000685507 0.5805620920901395 0.9020408163265307 0.9540816326530612 0.001 6 22 0.5194466474104901
baseline 9 29 29.0 0.15984061113782266 0.70823891600784 0.8622448979591837 0.9704081632653061 0.001 7 22 0.5194466474104901
baseline 9 30 30.0 0.1391351426341804 0.590543053831373 0.9132653061224489 0.9061224489795918 0.001 8 22 0.5194466474104901
baseline 9 31 31.0 0.11548017234797375 0.3164799051625388 0.9428571428571428 0.9938775510204082 0.001 0 31 0.3164799051625388
baseline 9 32 32.0 0.11665608946222572 0.6231979263072112 0.8959183673469387 0.926530612244898 0.001 1 31 0.3164799051625388
baseline 9 33 33.0 0.10795995285610865 2.5044434566887057 0.5285714285714286 0.7602040816326531 0.001 2 31 0.3164799051625388
baseline 9 34 34.0 0.10423228634755385 0.3176694502635878 0.9469387755102041 0.9846938775510204 0.001 3 31 0.3164799051625388
baseline 9 35 35.0 0.10361086110659591 0.44864651402648614 0.9204081632653062 0.9704081632653061 0.001 4 31 0.3164799051625388
baseline 9 36 36.0 0.10049747379612753 0.9269895667932472 0.8540816326530613 0.9051020408163265 0.001 5 31 0.3164799051625388
baseline 9 37 37.0 0.07069458708212739 0.7323703571241729 0.8357142857142857 0.9612244897959183 0.001 6 31 0.3164799051625388
baseline 9 38 38.0 0.06862434017280758 1.8723134936118613 0.5204081632653061 0.9795918367346939 0.001 7 31 0.3164799051625388
baseline 9 39 39.0 0.16574713487303658 1.8887206924204925 0.7397959183673469 0.7591836734693878 0.001 8 31 0.3164799051625388
baseline 9 40 40.0 0.15468353422718223 2.173200219991256 0.6591836734693878 0.7989795918367347 0.001 9 31 0.3164799051625388
baseline 9 41 41.0 0.1218928966264072 0.9507836470798571 0.8489795918367347 0.9244897959183673 0.001 10 31 0.3164799051625388
baseline 9 42 42.0 0.07172708339661939 1.3369231477075694 0.6561224489795918 0.9734693877551021 0.0005 11 31 0.3164799051625388
baseline 9 43 43.0 0.018313478705101287 0.5804347539434628 0.813265306122449 0.9877551020408163 0.0005 12 31 0.3164799051625388
baseline 9 44 44.0 -0.016416754189258455 0.20064885908243607 0.9459183673469388 0.9908163265306122 0.0005 0 44 0.20064885908243607
baseline 9 45 45.0 -0.030503950883711443 0.12709537866164228 0.963265306122449 0.9887755102040816 0.0005 0 45 0.12709537866164228
baseline 9 46 46.0 -0.039238297963653815 0.09091872974317901 0.9714285714285714 0.9938775510204082 0.0005 0 46 0.09091872974317901
baseline 9 47 47.0 -0.04566672362151258 0.0741743017216118 0.9714285714285714 0.9918367346938776 0.0005 0 47 0.0741743017216118
baseline 9 48 48.0 -0.04940601005252219 0.0720956413113341 0.9724489795918367 0.9928571428571429 0.0005 0 48 0.0720956413113341
baseline 9 49 49.0 -0.055189173725700966 0.06754695760960482 0.9693877551020408 0.9938775510204082 0.0005 0 49 0.06754695760960482
baseline 9 50 50.0 -0.06136898445279411 0.07419710402586022 0.9714285714285714 0.9908163265306122 0.0005 1 49 0.06754695760960482
baseline 9 51 51.0 -0.06891241197810109 0.07399183463077155 0.9673469387755103 0.9938775510204082 0.0005 2 49 0.06754695760960482
baseline 9 52 52.0 -0.07185178349770613 0.0496367267199925 0.9744897959183674 0.9928571428571429 0.0005 0 52 0.0496367267199925
baseline 9 53 53.0 -0.07745832631001068 0.04478945902415684 0.9734693877551021 0.9928571428571429 0.0005 0 53 0.04478945902415684
baseline 9 54 54.0 -0.08104685682563664 0.05292334824192281 0.976530612244898 0.9908163265306122 0.0005 1 53 0.04478945902415684
baseline 9 55 55.0 -0.08308961619152112 0.052815368954016235 0.9744897959183674 0.9908163265306122 0.0005 2 53 0.04478945902415684
baseline 9 56 56.0 -0.08863249704226532 0.07285434129286786 0.9744897959183674 0.9897959183673469 0.0005 3 53 0.04478945902415684
baseline 9 57 57.0 -0.08973118684143284 0.04773203645433698 0.9755102040816327 0.9918367346938776 0.0005 4 53 0.04478945902415684
baseline 9 58 58.0 -0.09174354978674401 1.4257705931760827 0.9255102040816326 0.6969387755102041 0.0005 5 53 0.04478945902415684
baseline 9 59 59.0 -0.08859199675159629 0.11029907416324226 0.9622448979591837 0.9897959183673469 0.0005 6 53 0.04478945902415684
baseline 9 60 60.0 -0.09891739247159402 0.0589535937017324 0.9693877551020408 0.9918367346938776 0.0005 7 53 0.04478945902415684
baseline 9 61 61.0 -0.10762878555321231 0.04137263492662079 0.9683673469387755 0.9918367346938776 0.0005 0 61 0.04137263492662079
baseline 9 62 62.0 -0.11220545027180517 0.04345988327143144 0.9714285714285714 0.9938775510204082 0.0005 1 61 0.04137263492662079
baseline 9 63 63.0 -0.11591022165608236 0.031065377167293004 0.9744897959183674 0.9918367346938776 0.0005 0 63 0.031065377167293004
baseline 9 64 64.0 -0.12098467033413506 0.035022199640468675 0.9663265306122449 0.9938775510204082 0.0005 1 63 0.031065377167293004
baseline 9 65 65.0 -0.11899989380656273 0.05913476700685462 0.9704081632653061 0.9897959183673469 0.0005 2 63 0.031065377167293004
baseline 9 66 66.0 -0.1264249315300806 0.012630106235037044 0.9734693877551021 0.9908163265306122 0.0005 0 66 0.012630106235037044
baseline 9 67 67.0 -0.13032653078482515 0.02511784860066005 0.9714285714285714 0.9948979591836735 0.0005 1 66 0.012630106235037044
baseline 9 68 68.0 -0.13265554410566227 0.1377797280039106 0.9540816326530612 0.9897959183673469 0.0005 2 66 0.012630106235037044
baseline 9 69 69.0 -0.09187035407182267 0.4095959996690556 0.9193877551020408 0.9857142857142858 0.0005 3 66 0.012630106235037044
baseline 9 70 70.0 -0.10461318267621594 0.7906150265615813 0.889795918367347 0.9163265306122449 0.0005 4 66 0.012630106235037044
baseline 9 71 71.0 -0.10676200001427297 1.6811094770626145 0.6520408163265307 0.9877551020408163 0.0005 5 66 0.012630106235037044
baseline 9 72 72.0 -0.11914725444898908 0.6953300884791783 0.9428571428571428 0.8540816326530613 0.0005 6 66 0.012630106235037044
baseline 9 73 73.0 -0.1142766937780916 0.3620376338764113 0.9071428571428571 0.9836734693877551 0.0005 7 66 0.012630106235037044
baseline 9 74 74.0 -0.11950243907515436 1.3929383540640072 0.686734693877551 0.9285714285714286 0.0005 8 66 0.012630106235037044
baseline 9 75 75.0 -0.12673636013689518 0.2686130827786971 0.9173469387755102 0.9908163265306122 0.0005 9 66 0.012630106235037044
baseline 9 76 76.0 -0.1356281831145165 0.12705918258550217 0.9642857142857143 0.9816326530612245 0.0005 10 66 0.012630106235037044
baseline 9 77 77.0 -0.1379837334095153 0.22678302210204454 0.9561224489795919 0.9673469387755103 0.00025 11 66 0.012630106235037044
baseline 9 78 78.0 -0.14783350172033105 0.02933656439489248 0.9642857142857143 0.9928571428571429 0.00025 12 66 0.012630106235037044
baseline 9 79 79.0 -0.16010534221475775 -0.006408023834228516 0.9734693877551021 0.9918367346938776 0.00025 0 79 -0.006408023834228516
baseline 9 80 80.0 -0.16581444099804232 -0.025856167442944587 0.9755102040816327 0.9918367346938776 0.00025 0 80 -0.025856167442944587
baseline 9 81 81.0 -0.1686224794972296 -0.02682547982858152 0.9744897959183674 0.9908163265306122 0.00025 0 81 -0.02682547982858152
baseline 9 82 82.0 -0.1692551343993829 -0.03057872032632633 0.976530612244898 0.9918367346938776 0.00025 0 82 -0.03057872032632633
baseline 9 83 83.0 -0.17127548430621076 -0.021365315816840348 0.9724489795918367 0.9928571428571429 0.00025 1 82 -0.03057872032632633
baseline 9 84 84.0 -0.17365830954053915 -0.02254695478750735 0.9734693877551021 0.9918367346938776 0.00025 2 82 -0.03057872032632633
baseline 9 85 85.0 -0.1733964906893176 -0.029470855362561284 0.9734693877551021 0.9908163265306122 0.00025 3 82 -0.03057872032632633
baseline 9 86 86.0 -0.17605537821494036 -0.03797713128887877 0.9755102040816327 0.9918367346938776 0.00025 0 86 -0.03797713128887877
baseline 9 87 87.0 -0.1750926125159181 -0.027333713794241148 0.9744897959183674 0.9928571428571429 0.00025 1 86 -0.03797713128887877
baseline 9 88 88.0 -0.1778957737234932 -0.033325800847034064 0.9744897959183674 0.9928571428571429 0.00025 2 86 -0.03797713128887877
baseline 9 89 89.0 -0.17975607967961188 -0.019794033011611627 0.9724489795918367 0.9918367346938776 0.00025 3 86 -0.03797713128887877
baseline 9 90 90.0 -0.1806033614707066 -0.03219741290929366 0.9755102040816327 0.9928571428571429 0.00025 4 86 -0.03797713128887877
baseline 9 91 91.0 -0.1801136213985478 -0.029797639165605818 0.9734693877551021 0.9908163265306122 0.00025 5 86 -0.03797713128887877
baseline 9 92 92.0 -0.18264308416563352 -0.03791225637708392 0.9744897959183674 0.9918367346938776 0.00025 6 86 -0.03797713128887877
baseline 9 93 93.0 -0.17980400272725916 -0.010446185238507329 0.9734693877551021 0.9908163265306122 0.00025 7 86 -0.03797713128887877
baseline 9 94 94.0 -0.18410004890001588 -0.020021446627013537 0.9724489795918367 0.9908163265306122 0.00025 8 86 -0.03797713128887877
baseline 9 95 95.0 -0.1841839858168114 -0.030419493208126147 0.9734693877551021 0.9918367346938776 0.00025 9 86 -0.03797713128887877
baseline 9 96 96.0 -0.18447193415099195 -0.04145757251856278 0.9734693877551021 0.9928571428571429 0.00025 0 96 -0.04145757251856278
baseline 9 97 97.0 -0.18619761074892224 -0.046080405128245454 0.9724489795918367 0.9908163265306122 0.00025 0 97 -0.046080405128245454
baseline 9 98 98.0 -0.18915891982196423 -0.0214572972180892 0.9734693877551021 0.9918367346938776 0.00025 1 97 -0.046080405128245454
baseline 9 99 99.0 -0.19058788942974117 -0.03680547962383348 0.9734693877551021 0.9928571428571429 0.00025 2 97 -0.046080405128245454
baseline 9 100 100.0 -0.19066587190949516 -0.03964404548917498 0.9744897959183674 0.9918367346938776 0.00025 3 97 -0.046080405128245454
baseline 9 101 101.0 -0.19374648957257373 -0.03033608660405996 0.976530612244898 0.9908163265306122 0.00025 4 97 -0.046080405128245454
baseline 9 102 102.0 -0.19217165966686603 -0.021720269748142788 0.9724489795918367 0.9928571428571429 0.00025 5 97 -0.046080405128245454
baseline 9 103 103.0 -0.1918990709443136 0.02804199457168579 0.9714285714285714 0.9908163265306122 0.00025 6 97 -0.046080405128245454
baseline 9 104 104.0 -0.1938091960942051 -0.030709560306704773 0.9744897959183674 0.9918367346938776 0.00025 7 97 -0.046080405128245454
baseline 9 105 105.0 -0.1971001015620285 -0.02968364224141958 0.9734693877551021 0.9938775510204082 0.00025 8 97 -0.046080405128245454
baseline 9 106 106.0 -0.19723112578289745 -0.01075995868566085 0.9663265306122449 0.9908163265306122 0.00025 9 97 -0.046080405128245454
baseline 9 107 107.0 -0.1982152107665439 -0.045203562415376 0.976530612244898 0.9918367346938776 0.00025 10 97 -0.046080405128245454
baseline 9 108 108.0 -0.19618315825788676 -0.05211722534530017 0.9816326530612245 0.9908163265306122 0.00025 0 108 -0.05211722534530017
baseline 9 109 109.0 -0.19666799510219368 -0.030830667456802057 0.9734693877551021 0.9908163265306122 0.00025 1 108 -0.05211722534530017
baseline 9 110 110.0 -0.19938044004956598 -0.01972163721006744 0.9744897959183674 0.9897959183673469 0.00025 2 108 -0.05211722534530017
baseline 9 111 111.0 -0.20009311421777182 -0.05732719119714231 0.9816326530612245 0.9928571428571429 0.00025 0 111 -0.05732719119714231
baseline 9 112 112.0 -0.1995320242807741 -0.020528476578848702 0.9744897959183674 0.9938775510204082 0.00025 1 111 -0.05732719119714231
baseline 9 113 113.0 -0.20178776437586005 0.06869294789372658 0.9622448979591837 0.9908163265306122 0.00025 2 111 -0.05732719119714231
baseline 9 114 114.0 -0.20397502397005357 -0.007026372150498994 0.9663265306122449 0.9928571428571429 0.00025 3 111 -0.05732719119714231
baseline 9 115 115.0 -0.20212012992085426 -0.009100210909940759 0.9653061224489796 0.9918367346938776 0.00025 4 111 -0.05732719119714231
baseline 9 116 116.0 -0.2040197712895332 -0.021138284644302056 0.9734693877551021 0.9918367346938776 0.00025 5 111 -0.05732719119714231
baseline 9 117 117.0 -0.2061869352903746 -0.011790970393589565 0.9724489795918367 0.9897959183673469 0.00025 6 111 -0.05732719119714231
baseline 9 118 118.0 -0.2077068064867902 -0.020612431788931088 0.9683673469387755 0.9928571428571429 0.00025 7 111 -0.05732719119714231
baseline 9 119 119.0 -0.20838963114813472 -0.048689986491689874 0.9744897959183674 0.9928571428571429 0.00025 8 111 -0.05732719119714231
baseline 9 120 120.0 -0.20881163038929831 -0.011679060848391785 0.963265306122449 0.9928571428571429 0.00025 9 111 -0.05732719119714231
baseline 9 121 121.0 -0.20883130710629083 -0.018332250264226174 0.9734693877551021 0.9938775510204082 0.00025 10 111 -0.05732719119714231
baseline 9 122 122.0 -0.21044201955610203 -0.03090003874837136 0.9704081632653061 0.9928571428571429 0.000125 11 111 -0.05732719119714231
baseline 9 123 123.0 -0.21237389066002585 -0.010860840885006651 0.9612244897959183 0.9948979591836735 0.000125 12 111 -0.05732719119714231
baseline 9 124 124.0 -0.21198698686506215 -0.05668228305115992 0.9755102040816327 0.9908163265306122 0.000125 13 111 -0.05732719119714231
baseline 9 125 125.0 -0.2126228032487162 -0.05434978154240822 0.9744897959183674 0.9918367346938776 0.000125 14 111 -0.05732719119714231
baseline 9 126 126.0 -0.21463671725422173 -0.02093318287207156 0.9693877551020408 0.9918367346938776 0.000125 15 111 -0.05732719119714231
baseline 9 127 127.0 -0.21462073151984912 -0.04793983722219662 0.9724489795918367 0.9918367346938776 0.000125 16 111 -0.05732719119714231
baseline 9 128 128.0 -0.2166526767523223 -0.062010715688977924 0.9775510204081632 0.9918367346938776 0.000125 0 128 -0.062010715688977924
baseline 9 129 129.0 -0.2164422870291144 -0.06430678440600025 0.9795918367346939 0.9908163265306122 0.000125 0 129 -0.06430678440600025
baseline 9 130 130.0 -0.21647348448984227 -0.05571432235289593 0.976530612244898 0.9918367346938776 0.000125 1 129 -0.06430678440600025
baseline 9 131 131.0 -0.21761159597305282 -0.025230788698001785 0.9683673469387755 0.9928571428571429 0.000125 2 129 -0.06430678440600025
baseline 9 132 132.0 -0.21799096096767467 -0.05868100876710853 0.976530612244898 0.9918367346938776 0.000125 3 129 -0.06430678440600025
baseline 9 133 133.0 -0.21772833456179705 -0.05854984156939448 0.976530612244898 0.9918367346938776 0.000125 4 129 -0.06430678440600025
baseline 9 134 134.0 -0.2179569209316047 -0.036306712578754036 0.976530612244898 0.9938775510204082 0.000125 5 129 -0.06430678440600025
baseline 9 135 135.0 -0.21947828790627655 -0.0424640560636715 0.9693877551020408 0.9908163265306122 0.000125 6 129 -0.06430678440600025
baseline 9 136 136.0 -0.21788852584983037 -0.048171885159550884 0.9785714285714285 0.9908163265306122 0.000125 7 129 -0.06430678440600025
baseline 9 137 137.0 -0.21783431776941006 -0.03542548588344029 0.9724489795918367 0.9928571428571429 0.000125 8 129 -0.06430678440600025
baseline 9 138 138.0 -0.21938451506631246 -0.06567247570777426 0.9785714285714285 0.9928571428571429 0.000125 0 138 -0.06567247570777426
baseline 9 139 139.0 -0.22028491165835232 -0.0453387197183103 0.9724489795918367 0.9918367346938776 0.000125 1 138 -0.06567247570777426
baseline 9 140 140.0 -0.2208875666721605 -0.05216027181975696 0.9755102040816327 0.9928571428571429 0.000125 2 138 -0.06567247570777426
baseline 9 141 141.0 -0.22113955465351842 -0.03085791018544411 0.9673469387755103 0.9928571428571429 0.000125 3 138 -0.06567247570777426
baseline 9 142 142.0 -0.22040827123332193 -0.029666973133476413 0.9693877551020408 0.9918367346938776 0.000125 4 138 -0.06567247570777426
baseline 9 143 143.0 -0.21802819998929157 -0.05798807776704126 0.9755102040816327 0.9918367346938776 0.000125 5 138 -0.06567247570777426
baseline 9 144 144.0 -0.21707927888455258 0.033036961117569284 0.9551020408163265 0.9918367346938776 0.000125 6 138 -0.06567247570777426
baseline 9 145 145.0 -0.2189383724127897 0.05620742233432069 0.9571428571428572 0.9918367346938776 0.000125 7 138 -0.06567247570777426
baseline 9 146 146.0 -0.2204906628738263 0.04654718613138004 0.9530612244897959 0.9908163265306122 0.000125 8 138 -0.06567247570777426
baseline 9 147 147.0 -0.2213968192593435 0.004390578367272202 0.9663265306122449 0.9918367346938776 0.000125 9 138 -0.06567247570777426
baseline 9 148 148.0 -0.2229531364129196 -0.06645072820235272 0.9775510204081632 0.9918367346938776 0.000125 0 148 -0.06645072820235272
baseline 9 149 149.0 -0.22314850089498878 -0.05512499809265137 0.976530612244898 0.9928571428571429 0.000125 1 148 -0.06645072820235272
baseline 9 150 150.0 -0.22209660658675634 -0.05440381522081336 0.9816326530612245 0.9908163265306122 0.000125 2 148 -0.06645072820235272
baseline 9 151 151.0 -0.22443618362843687 0.02792078329592335 0.9642857142857143 0.9908163265306122 0.000125 3 148 -0.06645072820235272
baseline 9 152 152.0 -0.22568865359377446 -0.04023262189359081 0.9785714285714285 0.9908163265306122 0.000125 4 148 -0.06645072820235272
baseline 9 153 153.0 -0.22495504212208983 -0.05549786699061491 0.9795918367346939 0.9918367346938776 0.000125 5 148 -0.06645072820235272
baseline 9 154 154.0 -0.22523697982404278 -0.05348437051383816 0.976530612244898 0.9908163265306122 0.000125 6 148 -0.06645072820235272
baseline 9 155 155.0 -0.2252795011931469 -0.035829118076635864 0.9744897959183674 0.9918367346938776 0.000125 7 148 -0.06645072820235272
baseline 9 156 156.0 -0.22471158180587503 -0.053277172361101424 0.9744897959183674 0.9928571428571429 0.000125 8 148 -0.06645072820235272
baseline 9 157 157.0 -0.2246109861519047 -0.037498083163280876 0.9785714285714285 0.9908163265306122 0.000125 9 148 -0.06645072820235272
baseline 9 158 158.0 -0.22537307482330743 0.0025038140160696847 0.9683673469387755 0.9918367346938776 0.000125 10 148 -0.06645072820235272
baseline 9 159 159.0 -0.22444613437730518 -0.057101039983788314 0.9744897959183674 0.9918367346938776 6.25e-05 11 148 -0.06645072820235272
baseline 9 160 160.0 -0.2272819202085072 -0.0610771047825716 0.976530612244898 0.9928571428571429 6.25e-05 12 148 -0.06645072820235272
baseline 9 161 161.0 -0.22792991590938236 -0.055553978559922196 0.976530612244898 0.9928571428571429 6.25e-05 13 148 -0.06645072820235272
baseline 9 162 162.0 -0.2287963688434449 -0.05338119536030049 0.9734693877551021 0.9918367346938776 6.25e-05 14 148 -0.06645072820235272
baseline 9 163 163.0 -0.22984652572803282 -0.0482241830047296 0.9714285714285714 0.9908163265306122 6.25e-05 15 148 -0.06645072820235272
baseline 9 164 164.0 -0.2285753491584809 -0.06741073277531838 0.9795918367346939 0.9918367346938776 6.25e-05 0 164 -0.06741073277531838
baseline 9 165 165.0 -0.22892729163291628 -0.05314387764249529 0.9775510204081632 0.9928571428571429 6.25e-05 1 164 -0.06741073277531838
baseline 9 166 166.0 -0.2280132384538894 -0.05210098879677909 0.9724489795918367 0.9918367346938776 6.25e-05 2 164 -0.06741073277531838
baseline 9 167 167.0 -0.22924475199842598 -0.05548269383761348 0.976530612244898 0.9918367346938776 6.25e-05 3 164 -0.06741073277531838
baseline 9 168 168.0 -0.2302007315351235 -0.0657511864389692 0.9775510204081632 0.9928571428571429 6.25e-05 4 164 -0.06741073277531838
baseline 9 169 169.0 -0.23021637833276734 -0.0497010883019895 0.9704081632653061 0.9928571428571429 6.25e-05 5 164 -0.06741073277531838
baseline 9 170 170.0 -0.229060758061258 -0.060392885792012116 0.9795918367346939 0.9908163265306122 6.25e-05 6 164 -0.06741073277531838
baseline 9 171 171.0 -0.23085765618225892 -0.06260773892305335 0.9755102040816327 0.9928571428571429 6.25e-05 7 164 -0.06741073277531838
baseline 9 172 172.0 -0.2310567507948403 -0.046857420765623756 0.9724489795918367 0.9918367346938776 6.25e-05 8 164 -0.06741073277531838
baseline 9 173 173.0 -0.22993581287707446 -0.054495710256148355 0.9775510204081632 0.9908163265306122 6.25e-05 9 164 -0.06741073277531838
baseline 9 174 174.0 -0.22950117166731526 -0.05816726587256607 0.9724489795918367 0.9928571428571429 6.25e-05 10 164 -0.06741073277531838
baseline 9 175 175.0 -0.2299728700405974 -0.04740605354309082 0.9744897959183674 0.9928571428571429 3.125e-05 11 164 -0.06741073277531838
baseline 9 176 176.0 -0.2310220647881053 -0.05583240888556656 0.9724489795918367 0.9928571428571429 3.125e-05 12 164 -0.06741073277531838
baseline 9 177 177.0 -0.2310786728839465 -0.05162738610287102 0.9724489795918367 0.9928571428571429 3.125e-05 13 164 -0.06741073277531838
baseline 9 178 178.0 -0.23179419924703876 -0.05881133906695307 0.9734693877551021 0.9918367346938776 3.125e-05 14 164 -0.06741073277531838
baseline 9 179 179.0 -0.23207881197379 -0.061240995660120125 0.976530612244898 0.9918367346938776 3.125e-05 15 164 -0.06741073277531838
baseline 9 180 180.0 -0.23199086401143526 -0.06818455944255906 0.9734693877551021 0.9928571428571429 3.125e-05 0 180 -0.06818455944255906
baseline 9 181 181.0 -0.23226411788285814 -0.061209959886511976 0.9724489795918367 0.9918367346938776 3.125e-05 1 180 -0.06818455944255906
baseline 9 182 182.0 -0.23196089754796248 -0.060155583887684105 0.976530612244898 0.9918367346938776 3.125e-05 2 180 -0.06818455944255906
baseline 9 183 183.0 -0.2324967145067435 -0.06823582430275119 0.9755102040816327 0.9928571428571429 3.125e-05 0 183 -0.06823582430275119
baseline 9 184 184.0 -0.23288935812549766 -0.059935799180244914 0.9734693877551021 0.9928571428571429 3.125e-05 1 183 -0.06823582430275119
baseline 9 185 185.0 -0.23259076966206801 -0.06173497657386624 0.9775510204081632 0.9918367346938776 3.125e-05 2 183 -0.06823582430275119
baseline 9 186 186.0 -0.23245775736145394 -0.048903731180697074 0.9714285714285714 0.9928571428571429 3.125e-05 3 183 -0.06823582430275119
baseline 9 187 187.0 -0.23300078745638386 -0.06305888769577961 0.9755102040816327 0.9928571428571429 3.125e-05 4 183 -0.06823582430275119
baseline 9 188 188.0 -0.23302286583264345 -0.06442870728823603 0.9744897959183674 0.9928571428571429 3.125e-05 5 183 -0.06823582430275119
baseline 9 189 189.0 -0.23271899867471807 -0.060105158601488386 0.9744897959183674 0.9928571428571429 3.125e-05 6 183 -0.06823582430275119
baseline 9 190 190.0 -0.23289461551087626 -0.05521842192630379 0.9724489795918367 0.9928571428571429 3.125e-05 7 183 -0.06823582430275119
baseline 9 191 191.0 -0.2323130417284123 -0.07159022044162361 0.9806122448979592 0.9928571428571429 3.125e-05 0 191 -0.07159022044162361
baseline 9 192 192.0 -0.2330567700383125 -0.06506780167015232 0.9775510204081632 0.9928571428571429 3.125e-05 1 191 -0.07159022044162361
baseline 9 193 193.0 -0.23349562095548573 -0.04905888645016417 0.9744897959183674 0.9918367346938776 3.125e-05 2 191 -0.07159022044162361
baseline 9 194 194.0 -0.2324734092732859 -0.06394574179941294 0.9775510204081632 0.9928571428571429 3.125e-05 3 191 -0.07159022044162361
baseline 9 195 195.0 -0.23238534398902058 -0.057018836906978065 0.976530612244898 0.9918367346938776 3.125e-05 4 191 -0.07159022044162361
baseline 9 196 196.0 -0.2332867073452631 -0.05106114003123069 0.9744897959183674 0.9918367346938776 3.125e-05 5 191 -0.07159022044162361
baseline 9 197 197.0 -0.23294352109147287 -0.04644037509451107 0.9724489795918367 0.9928571428571429 3.125e-05 6 191 -0.07159022044162361
baseline 9 198 198.0 -0.2327281032689867 -0.04890357474891507 0.9744897959183674 0.9918367346938776 3.125e-05 7 191 -0.07159022044162361
baseline 9 199 199.0 -0.2335813690863542 -0.060203535216195245 0.976530612244898 0.9928571428571429 3.125e-05 8 191 -0.07159022044162361
baseline 9 200 200.0 -0.2334466879165696 -0.05757328004253154 0.9755102040816327 0.9928571428571429 3.125e-05 9 191 -0.07159022044162361
filtered_r1 0 1 1.0 1.775394688505397 3.723090314865112 0.25510204081632654 0.6336734693877552 0.001 0 1 3.723090314865112
filtered_r1 0 2 2.0 1.0899676942197616 2.6210523663734904 0.6244897959183674 0.386734693877551 0.001 0 2 2.6210523663734904
filtered_r1 0 3 3.0 0.8671128237945515 1.2290323841328523 0.7275510204081632 0.9673469387755103 0.001 0 3 1.2290323841328523
filtered_r1 0 4 4.0 0.727345746671726 1.0277647923450082 0.8357142857142857 0.9510204081632653 0.001 0 4 1.0277647923450082
filtered_r1 0 5 5.0 0.6668428473996402 0.9197250784659873 0.8877551020408163 0.8969387755102041 0.001 0 5 0.9197250784659873
filtered_r1 0 6 6.0 0.5961760912653645 0.8751899227804067 0.8173469387755102 0.976530612244898 0.001 0 6 0.8751899227804067
filtered_r1 0 7 7.0 0.4938065758413799 0.9970600682861951 0.7408163265306122 0.9877551020408163 0.001 1 6 0.8751899227804067
filtered_r1 0 8 8.0 0.45017589199180447 2.837625370220262 0.48775510204081635 0.6663265306122449 0.001 2 6 0.8751899227804067
filtered_r1 0 9 9.0 0.3998827915190568 0.44208893897582074 0.9642857142857143 0.986734693877551 0.001 0 9 0.44208893897582074
filtered_r1 0 10 10.0 0.354166832205062 1.050132326690518 0.7795918367346939 0.986734693877551 0.001 1 9 0.44208893897582074
filtered_r1 0 11 11.0 0.30321043016853194 1.020250856633089 0.789795918367347 0.95 0.001 2 9 0.44208893897582074
filtered_r1 0 12 12.0 0.2559193723914951 1.6218126399176462 0.6275510204081632 0.8326530612244898 0.001 3 9 0.44208893897582074
filtered_r1 0 13 13.0 0.2120215750205966 1.3711192442446338 0.9214285714285714 0.6571428571428571 0.001 4 9 0.44208893897582074
filtered_r1 0 14 14.0 0.19366382324203166 0.8869147276391789 0.7724489795918368 0.9561224489795919 0.001 5 9 0.44208893897582074
filtered_r1 0 15 15.0 0.155030195544213 1.1326056665303756 0.6836734693877551 0.9693877551020408 0.001 6 9 0.44208893897582074
filtered_r1 0 16 16.0 0.1566149370539367 3.0181282598145156 0.4887755102040816 0.7091836734693877 0.001 7 9 0.44208893897582074
filtered_r1 0 17 17.0 0.13912708073164515 1.920199322213932 0.6459183673469387 0.8663265306122448 0.001 8 9 0.44208893897582074
filtered_r1 0 18 18.0 0.09771898062836296 1.3162615795524752 0.6234693877551021 0.9734693877551021 0.001 9 9 0.44208893897582074
filtered_r1 0 19 19.0 0.04393108335885469 0.5717843308740732 0.8724489795918368 0.9785714285714285 0.001 10 9 0.44208893897582074
filtered_r1 0 20 20.0 0.011164743657876187 0.27126619621199005 0.9377551020408164 0.9775510204081632 0.001 0 20 0.27126619621199005
filtered_r1 0 21 21.0 -0.01509672119246252 0.6671957772605274 0.9163265306122449 0.8989795918367347 0.001 1 20 0.27126619621199005
filtered_r1 0 22 22.0 -0.005416821470273607 1.3463818053809964 0.7040816326530612 0.9755102040816327 0.001 2 20 0.27126619621199005
filtered_r1 0 23 23.0 -0.002684779806782103 2.0099051319822974 0.6622448979591836 0.7438775510204082 0.001 3 20 0.27126619621199005
filtered_r1 0 24 24.0 -0.02666976932931693 1.0019911128647474 0.8163265306122449 0.9183673469387755 0.001 4 20 0.27126619621199005
filtered_r1 0 25 25.0 -0.053631059727341925 0.19289264922239344 0.9448979591836735 0.9877551020408163 0.001 0 25 0.19289264922239344
filtered_r1 0 26 26.0 -0.04512839865478883 2.041899065095551 0.8 0.6959183673469388 0.001 1 25 0.19289264922239344
filtered_r1 0 27 27.0 -0.09916635183004482 0.34001181612209397 0.9 0.9928571428571429 0.001 2 25 0.19289264922239344
filtered_r1 0 28 28.0 -0.10395461448040866 0.6765559534637295 0.8959183673469387 0.9551020408163265 0.001 3 25 0.19289264922239344
filtered_r1 0 29 29.0 -0.12951734906913906 0.5161194368284576 0.9153061224489796 0.9408163265306122 0.001 4 25 0.19289264922239344
filtered_r1 0 30 30.0 -0.1488919101192147 1.612279900726007 0.6979591836734694 0.9571428571428572 0.001 5 25 0.19289264922239344
filtered_r1 0 31 31.0 -0.16185290365396604 0.16243267521566274 0.9673469387755103 0.9540816326530612 0.001 0 31 0.16243267521566274
filtered_r1 0 32 32.0 -0.17125441186059023 0.09496055427862674 0.9653061224489796 0.9775510204081632 0.001 0 32 0.09496055427862674
filtered_r1 0 33 33.0 -0.12533883211345387 9.444105093819754 0.3336734693877551 0.5948979591836735 0.001 1 32 0.09496055427862674
filtered_r1 0 34 34.0 -0.05696567374903453 3.688295333239497 0.4061224489795918 0.9316326530612244 0.001 2 32 0.09496055427862674
filtered_r1 0 35 35.0 -0.09394039419960337 0.9221728779831712 0.8346938775510204 0.9795918367346939 0.001 3 32 0.09496055427862674
filtered_r1 0 36 36.0 -0.14829124072655406 1.531102153719688 0.6908163265306122 0.9744897959183674 0.001 4 32 0.09496055427862674
filtered_r1 0 37 37.0 -0.18756987715221998 0.14811815047750668 0.9551020408163265 0.9816326530612245 0.001 5 32 0.09496055427862674
filtered_r1 0 38 38.0 -0.20162424782001048 -0.0076988684887788735 0.9724489795918367 0.9948979591836735 0.001 0 38 -0.0076988684887788735
filtered_r1 0 39 39.0 -0.2110234944321489 0.33211957824473476 0.9826530612244898 0.8918367346938776 0.001 1 38 -0.0076988684887788735
filtered_r1 0 40 40.0 -0.2186718548475154 0.15686738296430938 0.9418367346938775 0.9918367346938776 0.001 2 38 -0.0076988684887788735
filtered_r1 0 41 41.0 -0.22274797589357906 0.020664700196713816 0.9775510204081632 0.9785714285714285 0.001 3 38 -0.0076988684887788735
filtered_r1 0 42 42.0 -0.21599345181781598 1.9405241455350604 0.686734693877551 0.9826530612244898 0.001 4 38 -0.0076988684887788735
filtered_r1 0 43 43.0 -0.07295758254518306 19.922703435469646 0.23469387755102042 0.6469387755102041 0.001 5 38 -0.0076988684887788735
filtered_r1 0 44 44.0 -0.01825445763262845 1.1689174296904583 0.813265306122449 0.9 0.001 6 38 -0.0076988684887788735
filtered_r1 0 45 45.0 -0.164949898469789 0.057831724322572046 0.9704081632653061 0.9846938775510204 0.001 7 38 -0.0076988684887788735
filtered_r1 0 46 46.0 -0.2147946210271166 0.059501104452172104 0.9653061224489796 0.9887755102040816 0.001 8 38 -0.0076988684887788735
filtered_r1 0 47 47.0 -0.2239819850047177 0.29697275696968545 0.9153061224489796 0.9918367346938776 0.001 9 38 -0.0076988684887788735
filtered_r1 0 48 48.0 -0.23105443771243692 -0.07361653726928089 0.9755102040816327 0.9918367346938776 0.001 0 48 -0.07361653726928089
filtered_r1 0 49 49.0 -0.2287618908836687 -0.05272442126760678 0.9816326530612245 0.9928571428571429 0.001 1 48 -0.07361653726928089
filtered_r1 0 50 50.0 -0.23317752017576587 -0.04756776897274718 0.9775510204081632 0.9897959183673469 0.001 2 48 -0.07361653726928089
filtered_r1 0 51 51.0 -0.23822993429693048 -0.06864967394848259 0.9816326530612245 0.9928571428571429 0.001 3 48 -0.07361653726928089
filtered_r1 0 52 52.0 -0.23858503910069892 -0.0639583631437652 0.9775510204081632 0.9918367346938776 0.001 4 48 -0.07361653726928089
filtered_r1 0 53 53.0 -0.23733643404851976 -0.018907496880511847 0.9755102040816327 0.9877551020408163 0.001 5 48 -0.07361653726928089
filtered_r1 0 54 54.0 -0.2336917841537292 0.13087040550854742 0.9377551020408164 0.9928571428571429 0.001 6 48 -0.07361653726928089
filtered_r1 0 55 55.0 -0.19915837198292943 1.444272882597787 0.8142857142857143 0.8765306122448979 0.001 7 48 -0.07361653726928089
filtered_r1 0 56 56.0 -0.04925885635562988 1.7899491144686328 0.75 0.9571428571428572 0.001 8 48 -0.07361653726928089
filtered_r1 0 57 57.0 -0.11817844883723526 1.2852915097256097 0.7612244897959184 0.986734693877551 0.001 9 48 -0.07361653726928089
filtered_r1 0 58 58.0 -0.19207286572272378 0.03894586222512381 0.9683673469387755 0.9857142857142858 0.001 10 48 -0.07361653726928089
filtered_r1 0 59 59.0 -0.2239574007267201 0.1800361205120476 0.9357142857142857 0.9928571428571429 0.0005 11 48 -0.07361653726928089
filtered_r1 0 60 60.0 -0.2373129308791903 -0.06866950258916737 0.9775510204081632 0.9928571428571429 0.0005 12 48 -0.07361653726928089
filtered_r1 0 61 61.0 -0.24406806006520324 -0.08385965726813492 0.9744897959183674 0.9938775510204082 0.0005 0 61 -0.08385965726813492
filtered_r1 0 62 62.0 -0.24466160214385604 -0.09588490456950907 0.9806122448979592 0.9938775510204082 0.0005 0 62 -0.09588490456950907
filtered_r1 0 63 63.0 -0.24600094040036471 -0.0846301117721869 0.976530612244898 0.9928571428571429 0.0005 1 62 -0.09588490456950907
filtered_r1 0 64 64.0 -0.24566182560451022 -0.09547055448804583 0.9806122448979592 0.9938775510204082 0.0005 2 62 -0.09588490456950907
filtered_r1 0 65 65.0 -0.24526614835464677 -0.09216135180726344 0.9795918367346939 0.9928571428571429 0.0005 3 62 -0.09588490456950907
filtered_r1 0 66 66.0 -0.24489295206663017 -0.09912523104220021 0.9806122448979592 0.9938775510204082 0.0005 0 66 -0.09912523104220021
filtered_r1 0 67 67.0 -0.24502517061778972 -0.0711601802280971 0.9785714285714285 0.9908163265306122 0.0005 1 66 -0.09912523104220021
filtered_r1 0 68 68.0 -0.24775899013929675 -0.08893526914168377 0.9785714285714285 0.9938775510204082 0.0005 2 66 -0.09912523104220021
filtered_r1 0 69 69.0 -0.24519104928901073 -0.05908135394660794 0.9714285714285714 0.9938775510204082 0.0005 3 66 -0.09912523104220021
filtered_r1 0 70 70.0 -0.24786884136433715 -0.09354206056010966 0.9795918367346939 0.9918367346938776 0.0005 4 66 -0.09912523104220021
filtered_r1 0 71 71.0 -0.24562299768328397 -0.036795137366470027 0.9724489795918367 0.9928571428571429 0.0005 5 66 -0.09912523104220021
filtered_r1 0 72 72.0 -0.2472018080303142 -0.06903185601137123 0.9785714285714285 0.9928571428571429 0.0005 6 66 -0.09912523104220021
filtered_r1 0 73 73.0 -0.24504597042021403 -0.04733047047439887 0.9734693877551021 0.9928571428571429 0.0005 7 66 -0.09912523104220021
filtered_r1 0 74 74.0 -0.24833069018650963 -0.09747174029447594 0.9816326530612245 0.9928571428571429 0.0005 8 66 -0.09912523104220021
filtered_r1 0 75 75.0 -0.24708853831791197 -0.08598870501226308 0.9795918367346939 0.9928571428571429 0.0005 9 66 -0.09912523104220021
filtered_r1 0 76 76.0 -0.24688307715717683 -0.09407587246019013 0.9816326530612245 0.9928571428571429 0.0005 10 66 -0.09912523104220021
filtered_r1 0 77 77.0 -0.2465896249033893 -0.07519873502303143 0.9775510204081632 0.9928571428571429 0.00025 11 66 -0.09912523104220021
filtered_r1 0 78 78.0 -0.25109758793198406 -0.08644427912575858 0.9785714285714285 0.9928571428571429 0.00025 12 66 -0.09912523104220021
filtered_r1 0 79 79.0 -0.25176636871293734 -0.09158974764298419 0.9806122448979592 0.9928571428571429 0.00025 13 66 -0.09912523104220021
filtered_r1 0 80 80.0 -0.2521641689216988 -0.08278095673541633 0.9795918367346939 0.9928571428571429 0.00025 14 66 -0.09912523104220021
filtered_r1 0 81 81.0 -0.2511466431228129 -0.09886349317978839 0.9826530612244898 0.9938775510204082 0.00025 15 66 -0.09912523104220021
filtered_r1 0 82 82.0 -0.25047912694517177 -0.10082470446216817 0.9806122448979592 0.9938775510204082 0.00025 0 82 -0.10082470446216817
filtered_r1 0 83 83.0 -0.2512393739620664 -0.09215471063341413 0.9795918367346939 0.9928571428571429 0.00025 1 82 -0.10082470446216817
filtered_r1 0 84 84.0 -0.251221974140614 -0.08217299471096116 0.9795918367346939 0.9928571428571429 0.00025 2 82 -0.10082470446216817
filtered_r1 0 85 85.0 -0.25106190355377095 -0.09408866580651731 0.9816326530612245 0.9948979591836735 0.00025 3 82 -0.10082470446216817
filtered_r1 0 86 86.0 -0.25154779398922916 -0.08689660101520771 0.9775510204081632 0.9928571428571429 0.00025 4 82 -0.10082470446216817
filtered_r1 0 87 87.0 -0.2501129474739459 -0.09589333436927017 0.9816326530612245 0.9928571428571429 0.00025 5 82 -0.10082470446216817
filtered_r1 0 88 88.0 -0.2515827791830436 -0.0758710053502297 0.976530612244898 0.9928571428571429 0.00025 6 82 -0.10082470446216817
filtered_r1 0 89 89.0 -0.25159470525266253 -0.08627643974459902 0.976530612244898 0.9938775510204082 0.00025 7 82 -0.10082470446216817
filtered_r1 0 90 90.0 -0.2510933877660965 -0.08884715644680724 0.9816326530612245 0.9928571428571429 0.00025 8 82 -0.10082470446216817
filtered_r1 0 91 91.0 -0.25026704350006995 -0.0976710134623002 0.9826530612244898 0.9938775510204082 0.00025 9 82 -0.10082470446216817
filtered_r1 0 92 92.0 -0.25067830699928445 -0.09486333253432293 0.9785714285714285 0.9928571428571429 0.00025 10 82 -0.10082470446216817
filtered_r1 0 93 93.0 -0.25194125637053577 -0.06608463890698492 0.9785714285714285 0.9928571428571429 0.000125 11 82 -0.10082470446216817
filtered_r1 0 94 94.0 -0.25333750902713564 -0.09805560890509157 0.9806122448979592 0.9928571428571429 0.000125 12 82 -0.10082470446216817
filtered_r1 0 95 95.0 -0.2539558544842914 -0.09363838993773169 0.9795918367346939 0.9928571428571429 0.000125 13 82 -0.10082470446216817
filtered_r1 0 96 96.0 -0.25361375436964656 -0.08676913757713474 0.9795918367346939 0.9928571428571429 0.000125 14 82 -0.10082470446216817
filtered_r1 0 97 97.0 -0.253951159461866 -0.09784474372863769 0.9816326530612245 0.9928571428571429 0.000125 15 82 -0.10082470446216817
filtered_r1 0 98 98.0 -0.25297209727347464 -0.10136590247251549 0.9826530612244898 0.9938775510204082 0.000125 0 98 -0.10136590247251549
filtered_r1 0 99 99.0 -0.25341334139494476 -0.09394878805900106 0.9806122448979592 0.9938775510204082 0.000125 1 98 -0.10136590247251549
filtered_r1 0 100 100.0 -0.2539009131251061 -0.09916408694520289 0.9816326530612245 0.9928571428571429 0.000125 2 98 -0.10136590247251549
filtered_r1 0 101 101.0 -0.2534526649302804 -0.09168050678408876 0.9795918367346939 0.9928571428571429 0.000125 3 98 -0.10136590247251549
filtered_r1 0 102 102.0 -0.2538259018024855 -0.10483331096415617 0.9806122448979592 0.9928571428571429 0.000125 0 102 -0.10483331096415617
filtered_r1 0 103 103.0 -0.2529319789103362 -0.093640001452699 0.9785714285714285 0.9938775510204082 0.000125 1 102 -0.10483331096415617
filtered_r1 0 104 104.0 -0.2539238394848931 -0.08233915980981321 0.9775510204081632 0.9928571428571429 0.000125 2 102 -0.10483331096415617
filtered_r1 0 105 105.0 -0.2532927717775093 -0.1041182566662224 0.9826530612244898 0.9928571428571429 0.000125 3 102 -0.10483331096415617
filtered_r1 0 106 106.0 -0.25266245030512663 -0.08330887580404477 0.9785714285714285 0.9928571428571429 0.000125 4 102 -0.10483331096415617
filtered_r1 0 107 107.0 -0.25357375811080307 -0.09284191131591797 0.9785714285714285 0.9938775510204082 0.000125 5 102 -0.10483331096415617
filtered_r1 0 108 108.0 -0.25398847516211825 -0.07051373549870082 0.9775510204081632 0.9918367346938776 0.000125 6 102 -0.10483331096415617
filtered_r1 0 109 109.0 -0.2537138199622232 -0.0803159558043188 0.9744897959183674 0.9928571428571429 0.000125 7 102 -0.10483331096415617
filtered_r1 0 110 110.0 -0.25354845955108873 -0.10243156686121103 0.9816326530612245 0.9928571428571429 0.000125 8 102 -0.10483331096415617
filtered_r1 0 111 111.0 -0.25366831109894983 -0.0883043318378682 0.9795918367346939 0.9928571428571429 0.000125 9 102 -0.10483331096415617
filtered_r1 0 112 112.0 -0.2526671768479384 -0.09262313696802879 0.9826530612244898 0.9928571428571429 0.000125 10 102 -0.10483331096415617
filtered_r1 0 113 113.0 -0.25243205914322053 -0.07930110230737802 0.9775510204081632 0.9928571428571429 6.25e-05 11 102 -0.10483331096415617
filtered_r1 0 114 114.0 -0.25468300406736943 -0.09762584579234221 0.9816326530612245 0.9928571428571429 6.25e-05 12 102 -0.10483331096415617
filtered_r1 0 115 115.0 -0.25480048779839554 -0.09163317680358887 0.9795918367346939 0.9928571428571429 6.25e-05 13 102 -0.10483331096415617
filtered_r1 0 116 116.0 -0.2548252306252894 -0.07824330086610755 0.9785714285714285 0.9928571428571429 6.25e-05 14 102 -0.10483331096415617
filtered_r1 0 117 117.0 -0.25490858324321897 -0.08805478349023936 0.9795918367346939 0.9928571428571429 6.25e-05 15 102 -0.10483331096415617
filtered_r1 0 118 118.0 -0.2546478639772357 -0.09256673491730982 0.9816326530612245 0.9928571428571429 6.25e-05 16 102 -0.10483331096415617
filtered_r1 0 119 119.0 -0.2542574644034633 -0.09843244844553423 0.9806122448979592 0.9928571428571429 6.25e-05 17 102 -0.10483331096415617
filtered_r1 0 120 120.0 -0.2551763126160738 -0.10258344679462666 0.9816326530612245 0.9928571428571429 6.25e-05 18 102 -0.10483331096415617
filtered_r1 0 121 121.0 -0.2547223699455417 -0.09565921413655183 0.9816326530612245 0.9928571428571429 6.25e-05 19 102 -0.10483331096415617
filtered_r1 0 122 122.0 -0.25517566432424743 -0.09342014692267593 0.9816326530612245 0.9928571428571429 6.25e-05 20 102 -0.10483331096415617
filtered_r1 0 123 123.0 -0.25507121829081814 -0.09144408751507195 0.9795918367346939 0.9928571428571429 6.25e-05 21 102 -0.10483331096415617
filtered_r1 0 124 124.0 -0.2552009119913895 -0.08612773467083366 0.9806122448979592 0.9928571428571429 3.125e-05 22 102 -0.10483331096415617
filtered_r1 0 125 125.0 -0.2550360478437115 -0.09847119681689204 0.9795918367346939 0.9928571428571429 3.125e-05 23 102 -0.10483331096415617
filtered_r1 0 126 126.0 -0.25541801954257287 -0.09549701749062052 0.9795918367346939 0.9928571428571429 3.125e-05 24 102 -0.10483331096415617
filtered_r1 0 127 127.0 -0.2556087591406761 -0.09916399303747683 0.9806122448979592 0.9928571428571429 3.125e-05 25 102 -0.10483331096415617
filtered_r1 0 128 128.0 -0.2553235334101126 -0.09956062715880724 0.9785714285714285 0.9928571428571429 3.125e-05 26 102 -0.10483331096415617
filtered_r1 0 129 129.0 -0.25553613249085677 -0.10272399746641821 0.9806122448979592 0.9928571428571429 3.125e-05 27 102 -0.10483331096415617
filtered_r1 0 130 130.0 -0.25565609093747027 -0.10239398041549994 0.9806122448979592 0.9928571428571429 3.125e-05 28 102 -0.10483331096415617
filtered_r1 0 131 131.0 -0.25491325737831544 -0.09811865845505072 0.9795918367346939 0.9938775510204082 3.125e-05 29 102 -0.10483331096415617
filtered_r1 0 132 132.0 -0.2557344086539242 -0.10343169776760802 0.9816326530612245 0.9928571428571429 3.125e-05 30 102 -0.10483331096415617
filtered_r1 1 1 1.0 1.6752726801189572 2.0559926480663067 0.5438775510204081 0.6265306122448979 0.001 0 1 2.0559926480663067
filtered_r1 1 2 2.0 1.121699866223649 1.6161173927540682 0.7244897959183674 0.710204081632653 0.001 0 2 1.6161173927540682
filtered_r1 1 3 3.0 0.8834986825775029 1.429447203752946 0.7602040816326531 0.8755102040816326 0.001 0 3 1.429447203752946
filtered_r1 1 4 4.0 0.7525507229001102 2.4176891142008254 0.513265306122449 0.7061224489795919 0.001 1 3 1.429447203752946
filtered_r1 1 5 5.0 0.6591617009394071 1.4724007796268075 0.6469387755102041 0.9428571428571428 0.001 2 3 1.429447203752946
filtered_r1 1 6 6.0 0.5628828695563907 1.072679869009524 0.8428571428571429 0.8387755102040816 0.001 0 6 1.072679869009524
filtered_r1 1 7 7.0 0.5140989140602766 1.6608993102093133 0.6204081632653061 0.9775510204081632 0.001 1 6 1.072679869009524
filtered_r1 1 8 8.0 0.4525628002107657 3.3118163459155023 0.4061224489795918 0.9755102040816327 0.001 2 6 1.072679869009524
filtered_r1 1 9 9.0 0.37888949021825563 1.4083539320498097 0.5826530612244898 0.9785714285714285 0.001 3 6 1.072679869009524
filtered_r1 1 10 10.0 0.35288822872769654 1.7913463427095997 0.7295918367346939 0.6826530612244898 0.001 4 6 1.072679869009524
filtered_r1 1 11 11.0 0.30964009835132406 3.5400178646554754 0.5459183673469388 0.6520408163265307 0.001 5 6 1.072679869009524
filtered_r1 1 12 12.0 0.2808831810843008 1.663914586573231 0.5510204081632653 0.9591836734693877 0.001 6 6 1.072679869009524
filtered_r1 1 13 13.0 0.21299940382844473 0.6321240644065701 0.826530612244898 0.9877551020408163 0.001 0 13 0.6321240644065701
filtered_r1 1 14 14.0 0.17284442820551177 0.7336436724176212 0.8510204081632653 0.9734693877551021 0.001 1 13 0.6321240644065701
filtered_r1 1 15 15.0 0.14619543143310063 1.1288464565666354 0.7816326530612245 0.9755102040816327 0.001 2 13 0.6321240644065701
filtered_r1 1 16 16.0 0.11739127193858717 1.2898617287071383 0.9214285714285714 0.7051020408163265 0.001 3 13 0.6321240644065701
filtered_r1 1 17 17.0 0.09757242584791283 3.297240574505864 0.5836734693877551 0.6377551020408163 0.001 4 13 0.6321240644065701
filtered_r1 1 18 18.0 0.10821083411269983 1.3161991557296442 0.7153061224489796 0.8948979591836734 0.001 5 13 0.6321240644065701
filtered_r1 1 19 19.0 0.04180998781622403 1.47520486384022 0.6632653061224489 0.9826530612244898 0.001 6 13 0.6321240644065701
filtered_r1 1 20 20.0 0.03169088654771373 0.8297221363807211 0.8112244897959183 0.9877551020408163 0.001 7 13 0.6321240644065701
filtered_r1 1 21 21.0 -0.0017832434832156922 0.9542440482548304 0.8316326530612245 0.926530612244898 0.001 8 13 0.6321240644065701
filtered_r1 1 22 22.0 -0.04307367314114876 0.7349421343024896 0.9622448979591837 0.8040816326530612 0.001 9 13 0.6321240644065701
filtered_r1 1 23 23.0 -0.05792935961655363 0.7284961805051687 0.8744897959183674 0.9224489795918367 0.001 10 13 0.6321240644065701
filtered_r1 1 24 24.0 -0.055473986155760595 1.6749144797422448 0.6836734693877551 0.9795918367346939 0.0005 11 13 0.6321240644065701
filtered_r1 1 25 25.0 -0.080943577191097 0.08922892322345656 0.9571428571428572 0.9918367346938776 0.0005 0 25 0.08922892322345656
filtered_r1 1 26 26.0 -0.1159434572328939 0.09288408269687574 0.9571428571428572 0.9928571428571429 0.0005 1 25 0.08922892322345656
filtered_r1 1 27 27.0 -0.13507010002759604 -0.018432383391321923 0.976530612244898 0.9948979591836735 0.0005 0 27 -0.018432383391321923
filtered_r1 1 28 28.0 -0.14198105612831444 -0.006337449988540338 0.9755102040816327 0.9918367346938776 0.0005 1 27 -0.018432383391321923
filtered_r1 1 29 29.0 -0.14851839207975204 0.039480589847175444 0.963265306122449 0.9938775510204082 0.0005 2 27 -0.018432383391321923
filtered_r1 1 30 30.0 -0.15700257682172591 -0.00530950487876425 0.976530612244898 0.9887755102040816 0.0005 3 27 -0.018432383391321923
filtered_r1 1 31 31.0 -0.16095625096107688 -0.006968838827950614 0.9714285714285714 0.9897959183673469 0.0005 4 27 -0.018432383391321923
filtered_r1 1 32 32.0 -0.16780283139393756 -0.03934275374120595 0.9806122448979592 0.9918367346938776 0.0005 0 32 -0.03934275374120595
filtered_r1 1 33 33.0 -0.17357959170477855 -0.03663374282875839 0.9724489795918367 0.9928571428571429 0.0005 1 32 -0.03934275374120595
filtered_r1 1 34 34.0 -0.1773706801469035 0.0814165151849085 0.9530612244897959 0.9918367346938776 0.0005 2 32 -0.03934275374120595
filtered_r1 1 35 35.0 -0.17990698067101898 0.5425102499066566 0.8683673469387755 0.9877551020408163 0.0005 3 32 -0.03934275374120595
filtered_r1 1 36 36.0 -0.16938039745680591 1.6120772887249382 0.7112244897959183 0.9275510204081633 0.0005 4 32 -0.03934275374120595
filtered_r1 1 37 37.0 -0.1708970998722047 1.3322445913236969 0.7704081632653061 0.8693877551020408 0.0005 5 32 -0.03934275374120595
filtered_r1 1 38 38.0 -0.15836617176066298 1.8306001955149125 0.7255102040816327 0.8642857142857143 0.0005 6 32 -0.03934275374120595
filtered_r1 1 39 39.0 -0.14629615992781145 2.2332036076759807 0.7428571428571429 0.753061224489796 0.0005 7 32 -0.03934275374120595
filtered_r1 1 40 40.0 -0.13719237813936597 2.6797148354199467 0.6693877551020408 0.7346938775510204 0.0005 8 32 -0.03934275374120595
filtered_r1 1 41 41.0 -0.1609569731972946 0.9045857906341552 0.7959183673469388 0.9908163265306122 0.0005 9 32 -0.03934275374120595
filtered_r1 1 42 42.0 -0.1808005864383197 0.2830023592832137 0.963265306122449 0.9336734693877551 0.0005 10 32 -0.03934275374120595
filtered_r1 1 43 43.0 -0.19872795217858624 0.29472221379377406 0.9326530612244898 0.9693877551020408 0.00025 11 32 -0.03934275374120595
filtered_r1 1 44 44.0 -0.21259877909544755 -0.07717761628481806 0.9744897959183674 0.9938775510204082 0.00025 0 44 -0.07717761628481806
filtered_r1 1 45 45.0 -0.21718900851969605 -0.07947316267052475 0.9795918367346939 0.9938775510204082 0.00025 0 45 -0.07947316267052475
filtered_r1 1 46 46.0 -0.22016244258222611 -0.08894069413749539 0.9806122448979592 0.9928571428571429 0.00025 0 46 -0.08894069413749539
filtered_r1 1 47 47.0 -0.22221467855352192 -0.08093070691945602 0.9816326530612245 0.9918367346938776 0.00025 1 46 -0.08894069413749539
filtered_r1 1 48 48.0 -0.22301639449417834 -0.08852804242348185 0.9795918367346939 0.9928571428571429 0.00025 2 46 -0.08894069413749539
filtered_r1 1 49 49.0 -0.22357049574919088 -0.08901687982131024 0.9795918367346939 0.9928571428571429 0.00025 0 49 -0.08901687982131024
filtered_r1 1 50 50.0 -0.2221327548236994 -0.05510924665295348 0.9704081632653061 0.9918367346938776 0.00025 1 49 -0.08901687982131024
filtered_r1 1 51 51.0 -0.22459229417026882 -0.07568710993747321 0.976530612244898 0.9938775510204082 0.00025 2 49 -0.08901687982131024
filtered_r1 1 52 52.0 -0.2263256424511231 -0.04195640816980479 0.9673469387755103 0.9928571428571429 0.00025 3 49 -0.08901687982131024
filtered_r1 1 53 53.0 -0.22976101754310183 -0.04550324994690564 0.9744897959183674 0.9938775510204082 0.00025 4 49 -0.08901687982131024
filtered_r1 1 54 54.0 -0.23069204985960148 -0.08560954381008537 0.9846938775510204 0.9908163265306122 0.00025 5 49 -0.08901687982131024
filtered_r1 1 55 55.0 -0.23031675677596034 -0.07654146612906942 0.9785714285714285 0.9928571428571429 0.00025 6 49 -0.08901687982131024
filtered_r1 1 56 56.0 -0.23226091421251127 -0.07940458618864721 0.976530612244898 0.9928571428571429 0.00025 7 49 -0.08901687982131024
filtered_r1 1 57 57.0 -0.23402293698115614 -0.06264012103178063 0.9704081632653061 0.9938775510204082 0.00025 8 49 -0.08901687982131024
filtered_r1 1 58 58.0 -0.2348431336895964 -0.05480266055282281 0.9795918367346939 0.9887755102040816 0.00025 9 49 -0.08901687982131024
filtered_r1 1 59 59.0 -0.2307525631302441 0.02658693011926145 0.9673469387755103 0.9846938775510204 0.00025 10 49 -0.08901687982131024
filtered_r1 1 60 60.0 -0.23407832243958765 -0.046345847480151116 0.9755102040816327 0.9897959183673469 0.000125 11 49 -0.08901687982131024
filtered_r1 1 61 61.0 -0.2377257989148795 -0.09054490936045743 0.9795918367346939 0.9928571428571429 0.000125 0 61 -0.09054490936045743
filtered_r1 1 62 62.0 -0.2385229409092727 -0.08229623497748861 0.9795918367346939 0.9928571428571429 0.000125 1 61 -0.09054490936045743
filtered_r1 1 63 63.0 -0.24029729272147174 -0.08162174711422045 0.9806122448979592 0.9928571428571429 0.000125 2 61 -0.09054490936045743
filtered_r1 1 64 64.0 -0.24057740056942226 -0.09255672960865255 0.9816326530612245 0.9928571428571429 0.000125 0 64 -0.09255672960865255
filtered_r1 1 65 65.0 -0.23956453480939133 -0.07692991762745137 0.976530612244898 0.9928571428571429 0.000125 1 64 -0.09255672960865255
filtered_r1 1 66 66.0 -0.2410143599475561 -0.07916635347872364 0.976530612244898 0.9928571428571429 0.000125 2 64 -0.09255672960865255
filtered_r1 1 67 67.0 -0.2411492521038826 -0.07442110314661143 0.9775510204081632 0.9928571428571429 0.000125 3 64 -0.09255672960865255
filtered_r1 1 68 68.0 -0.2420242986947474 -0.07869284104327766 0.9775510204081632 0.9897959183673469 0.000125 4 64 -0.09255672960865255
filtered_r1 1 69 69.0 -0.2416134781584218 -0.08140402570062755 0.9795918367346939 0.9928571428571429 0.000125 5 64 -0.09255672960865255
filtered_r1 1 70 70.0 -0.24266955333572054 -0.08078223345231036 0.9775510204081632 0.9928571428571429 0.000125 6 64 -0.09255672960865255
filtered_r1 1 71 71.0 -0.24326792969467745 -0.0851782613871049 0.9775510204081632 0.9928571428571429 0.000125 7 64 -0.09255672960865255
filtered_r1 1 72 72.0 -0.2428680268732245 -0.09389472688947405 0.9785714285714285 0.9938775510204082 0.000125 0 72 -0.09389472688947405
filtered_r1 1 73 73.0 -0.24351726972239698 -0.076977361464987 0.9785714285714285 0.9928571428571429 0.000125 1 72 -0.09389472688947405
filtered_r1 1 74 74.0 -0.2437167680377155 -0.07309626316537662 0.9744897959183674 0.9928571428571429 0.000125 2 72 -0.09389472688947405
filtered_r1 1 75 75.0 -0.24416266770672376 -0.061549973487854 0.9734693877551021 0.9928571428571429 0.000125 3 72 -0.09389472688947405
filtered_r1 1 76 76.0 -0.2438158579864017 -0.023219168916040537 0.976530612244898 0.9836734693877551 0.000125 4 72 -0.09389472688947405
filtered_r1 1 77 77.0 -0.2430642806450129 -0.07442822213075599 0.9744897959183674 0.9928571428571429 0.000125 5 72 -0.09389472688947405
filtered_r1 1 78 78.0 -0.244013968295419 -0.07451349861767827 0.976530612244898 0.9938775510204082 0.000125 6 72 -0.09389472688947405
filtered_r1 1 79 79.0 -0.24398547218866473 -0.08407050298184765 0.9785714285714285 0.9928571428571429 0.000125 7 72 -0.09389472688947405
filtered_r1 1 80 80.0 -0.24517707277091047 -0.05888840762936339 0.9734693877551021 0.9928571428571429 0.000125 8 72 -0.09389472688947405
filtered_r1 1 81 81.0 -0.24657632440964417 -0.050846558687638266 0.9704081632653061 0.9918367346938776 0.000125 9 72 -0.09389472688947405
filtered_r1 1 82 82.0 -0.24642319802095064 -0.06833523633528729 0.9734693877551021 0.9928571428571429 0.000125 10 72 -0.09389472688947405
filtered_r1 1 83 83.0 -0.24685579987477022 -0.05327804088592529 0.9704081632653061 0.9928571428571429 6.25e-05 11 72 -0.09389472688947405
filtered_r1 1 84 84.0 -0.24802249502280707 -0.07197601600569122 0.9724489795918367 0.9928571428571429 6.25e-05 12 72 -0.09389472688947405
filtered_r1 1 85 85.0 -0.24786590204096035 -0.07146780539532097 0.9734693877551021 0.9928571428571429 6.25e-05 13 72 -0.09389472688947405
filtered_r1 1 86 86.0 -0.24886014590845615 -0.07209098922963045 0.9734693877551021 0.9928571428571429 6.25e-05 14 72 -0.09389472688947405
filtered_r1 1 87 87.0 -0.2490530575452693 -0.07154037563168272 0.9724489795918367 0.9928571428571429 6.25e-05 15 72 -0.09389472688947405
filtered_r1 1 88 88.0 -0.24860723961281658 -0.07689040631664043 0.9734693877551021 0.9928571428571429 6.25e-05 16 72 -0.09389472688947405
filtered_r1 1 89 89.0 -0.24870086549576229 -0.07563277166716907 0.9755102040816327 0.9928571428571429 6.25e-05 17 72 -0.09389472688947405
filtered_r1 1 90 90.0 -0.2491807958455287 -0.07268200407222826 0.9744897959183674 0.9928571428571429 6.25e-05 18 72 -0.09389472688947405
filtered_r1 1 91 91.0 -0.24910937273334602 -0.07109870083478033 0.9724489795918367 0.9928571428571429 6.25e-05 19 72 -0.09389472688947405
filtered_r1 1 92 92.0 -0.24846250527672373 -0.06573252434633216 0.9744897959183674 0.9928571428571429 6.25e-05 20 72 -0.09389472688947405
filtered_r1 1 93 93.0 -0.24820625703550175 -0.07103312307474564 0.9724489795918367 0.9928571428571429 6.25e-05 21 72 -0.09389472688947405
filtered_r1 1 94 94.0 -0.24942624777271377 -0.061671453592728596 0.9744897959183674 0.9928571428571429 3.125e-05 22 72 -0.09389472688947405
filtered_r1 1 95 95.0 -0.24981905490876977 -0.07310832130665681 0.9734693877551021 0.9928571428571429 3.125e-05 23 72 -0.09389472688947405
filtered_r1 1 96 96.0 -0.25035664004950536 -0.07767746497173698 0.9744897959183674 0.9928571428571429 3.125e-05 24 72 -0.09389472688947405
filtered_r1 1 97 97.0 -0.25069388545647137 -0.06902171689636853 0.9734693877551021 0.9928571428571429 3.125e-05 25 72 -0.09389472688947405
filtered_r1 1 98 98.0 -0.25081399346934735 -0.07721649821923704 0.9714285714285714 0.9928571428571429 3.125e-05 26 72 -0.09389472688947405
filtered_r1 1 99 99.0 -0.25005908229921386 -0.07419251130551709 0.9734693877551021 0.9928571428571429 3.125e-05 27 72 -0.09389472688947405
filtered_r1 1 100 100.0 -0.2508468164458255 -0.07300155892664073 0.9744897959183674 0.9928571428571429 3.125e-05 28 72 -0.09389472688947405
filtered_r1 1 101 101.0 -0.2506717388001129 -0.06957775086772686 0.9714285714285714 0.9928571428571429 3.125e-05 29 72 -0.09389472688947405
filtered_r1 1 102 102.0 -0.25130582689102593 -0.07564447996567707 0.9744897959183674 0.9928571428571429 3.125e-05 30 72 -0.09389472688947405
filtered_r1 2 1 1.0 1.6924350679434812 3.2417354749173533 0.29591836734693877 0.6612244897959184 0.001 0 1 3.2417354749173533
filtered_r1 2 2 2.0 1.0563858974212632 1.3301582258574816 0.6989795918367347 0.9479591836734694 0.001 0 2 1.3301582258574816
filtered_r1 2 3 3.0 0.8376482417785845 1.664224912682358 0.6785714285714286 0.7714285714285715 0.001 1 2 1.3301582258574816
filtered_r1 2 4 4.0 0.7243418996029966 1.6984812872750419 0.5326530612244897 0.8887755102040816 0.001 2 2 1.3301582258574816
filtered_r1 2 5 5.0 0.641940426079728 1.471084450702278 0.6714285714285714 0.9683673469387755 0.001 3 2 1.3301582258574816
filtered_r1 2 6 6.0 0.5607493866642551 0.7104922834707766 0.9142857142857143 0.9622448979591837 0.001 0 6 0.7104922834707766
filtered_r1 2 7 7.0 0.49337768165079293 2.384881539247474 0.4122448979591837 0.9469387755102041 0.001 1 6 0.7104922834707766
filtered_r1 2 8 8.0 0.46204031903095477 1.3911141298255143 0.7040816326530612 0.963265306122449 0.001 2 6 0.7104922834707766
filtered_r1 2 9 9.0 0.3968792483717866 1.2446368655379938 0.7377551020408163 0.9255102040816326 0.001 3 6 0.7104922834707766
filtered_r1 2 10 10.0 0.34493024301593866 2.0403940590060485 0.4775510204081633 0.9826530612244898 0.001 4 6 0.7104922834707766
filtered_r1 2 11 11.0 0.2897436052926064 1.3084685072606923 0.6112244897959184 0.9897959183673469 0.001 5 6 0.7104922834707766
filtered_r1 2 12 12.0 0.26770849878334535 0.47375123804929303 0.9183673469387755 0.9928571428571429 0.001 0 12 0.47375123804929303
filtered_r1 2 13 13.0 0.21966410684304188 1.3575396484258224 0.7459183673469387 0.9142857142857143 0.001 1 12 0.47375123804929303
filtered_r1 2 14 14.0 0.17658949355563952 2.0167748519352506 0.5408163265306123 0.9693877551020408 0.001 2 12 0.47375123804929303
filtered_r1 2 15 15.0 0.15108587459926978 1.2069288886323266 0.7163265306122449 0.9642857142857143 0.001 3 12 0.47375123804929303
filtered_r1 2 16 16.0 0.15140345217799578 0.6914049807859927 0.8295918367346938 0.9612244897959183 0.001 4 12 0.47375123804929303
filtered_r1 2 17 17.0 0.10837787746896108 0.833955640695533 0.8520408163265306 0.95 0.001 5 12 0.47375123804929303
filtered_r1 2 18 18.0 0.08532144108307778 0.33552826642990113 0.9448979591836735 0.9612244897959183 0.001 0 18 0.33552826642990113
filtered_r1 2 19 19.0 0.03377424534266502 0.26352672528247445 0.9510204081632653 0.9806122448979592 0.001 0 19 0.26352672528247445
filtered_r1 2 20 20.0 0.023572193834925585 0.46975409011451563 0.9071428571428571 0.9530612244897959 0.001 1 19 0.26352672528247445
filtered_r1 2 21 21.0 0.008148503801360544 1.191804124871079 0.7653061224489796 0.9714285714285714 0.001 2 19 0.26352672528247445
filtered_r1 2 22 22.0 -0.01642403987338204 0.5763403564083333 0.8469387755102041 0.9857142857142858 0.001 3 19 0.26352672528247445
filtered_r1 2 23 23.0 -0.06090087767249067 0.7668269551530176 0.8295918367346938 0.9255102040816326 0.001 4 19 0.26352672528247445
filtered_r1 2 24 24.0 -0.07734600490080028 3.210668556057677 0.47551020408163264 0.8989795918367347 0.001 5 19 0.26352672528247445
filtered_r1 2 25 25.0 -0.04623764591004921 5.132871717336227 0.45102040816326533 0.7061224489795919 0.001 6 19 0.26352672528247445
filtered_r1 2 26 26.0 -0.03963245922903337 0.6034620255840067 0.8275510204081633 0.9887755102040816 0.001 7 19 0.26352672528247445
filtered_r1 2 27 27.0 -0.07581131492373189 0.0725716116477032 0.9653061224489796 0.9877551020408163 0.001 0 27 0.0725716116477032
filtered_r1 2 28 28.0 -0.1234568356114845 0.8530551134323587 0.75 0.9908163265306122 0.001 1 27 0.0725716116477032
filtered_r1 2 29 29.0 -0.13605136986055863 0.915941967769545 0.7826530612244897 0.9806122448979592 0.001 2 27 0.0725716116477032
filtered_r1 2 30 30.0 -0.13876670252665357 3.4971725755808305 0.4020408163265306 0.976530612244898 0.001 3 27 0.0725716116477032
filtered_r1 2 31 31.0 -0.14762872828173193 2.9269436174509478 0.413265306122449 0.9897959183673469 0.001 4 27 0.0725716116477032
filtered_r1 2 32 32.0 -0.13573534197554066 1.3292090172670326 0.7938775510204081 0.9142857142857143 0.001 5 27 0.0725716116477032
filtered_r1 2 33 33.0 -0.1368636806823966 1.1865656862453537 0.6989795918367347 0.9857142857142858 0.001 6 27 0.0725716116477032
filtered_r1 2 34 34.0 -0.14019278634747104 1.8569414795661459 0.6918367346938775 0.9571428571428572 0.001 7 27 0.0725716116477032
filtered_r1 2 35 35.0 -0.15911160438535865 2.452119918745391 0.6448979591836734 0.926530612244898 0.001 8 27 0.0725716116477032
filtered_r1 2 36 36.0 -0.1378157305760758 2.018779892824134 0.7479591836734694 0.7724489795918368 0.001 9 27 0.0725716116477032
filtered_r1 2 37 37.0 -0.15265285765859576 1.819396955139783 0.6581632653061225 0.9806122448979592 0.001 10 27 0.0725716116477032
filtered_r1 2 38 38.0 -0.1831036859407135 1.0685102944471399 0.7918367346938775 0.9908163265306122 0.0005 11 27 0.0725716116477032
filtered_r1 2 39 39.0 -0.2115685782051606 -0.05718262682155687 0.9755102040816327 0.9948979591836735 0.0005 0 39 -0.05718262682155687
filtered_r1 2 40 40.0 -0.22457742856082405 -0.10747193000754532 0.9826530612244898 0.9948979591836735 0.0005 0 40 -0.10747193000754532
filtered_r1 2 41 41.0 -0.22761600305965907 -0.10407140157660659 0.9846938775510204 0.9948979591836735 0.0005 1 40 -0.10747193000754532
filtered_r1 2 42 42.0 -0.22876136429029542 -0.0920641076808073 0.9795918367346939 0.9948979591836735 0.0005 2 40 -0.10747193000754532
filtered_r1 2 43 43.0 -0.23016234394966123 -0.0893941407300988 0.9816326530612245 0.9938775510204082 0.0005 3 40 -0.10747193000754532
filtered_r1 2 44 44.0 -0.23204450108384847 -0.08032402019111477 0.976530612244898 0.9948979591836735 0.0005 4 40 -0.10747193000754532
filtered_r1 2 45 45.0 -0.23017146134993405 -0.03890989897202472 0.9724489795918367 0.9928571428571429 0.0005 5 40 -0.10747193000754532
filtered_r1 2 46 46.0 -0.23541437981618948 -0.09451238622470778 0.9836734693877551 0.9938775510204082 0.0005 6 40 -0.10747193000754532
filtered_r1 2 47 47.0 -0.23596785815802154 -0.10356859236347432 0.986734693877551 0.9948979591836735 0.0005 7 40 -0.10747193000754532
filtered_r1 2 48 48.0 -0.23488985918567118 -0.08299880027770996 0.9806122448979592 0.9918367346938776 0.0005 8 40 -0.10747193000754532
filtered_r1 2 49 49.0 -0.23602764321304265 -0.09639073634634213 0.9846938775510204 0.9897959183673469 0.0005 9 40 -0.10747193000754532
filtered_r1 2 50 50.0 -0.23809985707577824 -0.07351777310274085 0.9714285714285714 0.9938775510204082 0.0005 10 40 -0.10747193000754532
filtered_r1 2 51 51.0 -0.23776304570317972 -0.07896156651633127 0.9806122448979592 0.9938775510204082 0.00025 11 40 -0.10747193000754532
filtered_r1 2 52 52.0 -0.24035506277153615 -0.1189068351473127 0.986734693877551 0.9948979591836735 0.00025 0 52 -0.1189068351473127
filtered_r1 2 53 53.0 -0.24377009081829693 -0.10483611895113575 0.9795918367346939 0.9948979591836735 0.00025 1 52 -0.1189068351473127
filtered_r1 2 54 54.0 -0.2455004405769715 -0.11623283892261739 0.9887755102040816 0.9948979591836735 0.00025 2 52 -0.1189068351473127
filtered_r1 2 55 55.0 -0.24598528101830605 -0.10959596974509103 0.9836734693877551 0.9948979591836735 0.00025 3 52 -0.1189068351473127
filtered_r1 2 56 56.0 -0.24528136461147979 -0.11724523184250812 0.9857142857142858 0.9948979591836735 0.00025 4 52 -0.1189068351473127
filtered_r1 2 57 57.0 -0.24536227760561694 -0.12100045048460668 0.9857142857142858 0.9948979591836735 0.00025 0 57 -0.12100045048460668
filtered_r1 2 58 58.0 -0.24396608349847296 -0.11133293764931815 0.9887755102040816 0.9938775510204082 0.00025 1 57 -0.12100045048460668
filtered_r1 2 59 59.0 -0.24688781752566885 -0.11158158000634641 0.9846938775510204 0.9948979591836735 0.00025 2 57 -0.12100045048460668
filtered_r1 2 60 60.0 -0.24562594371657992 -0.11551781041281564 0.9836734693877551 0.9948979591836735 0.00025 3 57 -0.12100045048460668
filtered_r1 2 61 61.0 -0.2456973564933226 -0.08088220382223324 0.9775510204081632 0.9948979591836735 0.00025 4 57 -0.12100045048460668
filtered_r1 2 62 62.0 -0.24677731270580144 -0.10429793620596127 0.9846938775510204 0.9938775510204082 0.00025 5 57 -0.12100045048460668
filtered_r1 2 63 63.0 -0.2477318642900253 -0.12197266062911676 0.986734693877551 0.9948979591836735 0.00025 0 63 -0.12197266062911676
filtered_r1 2 64 64.0 -0.2478226887817227 -0.04739480359213693 0.9693877551020408 0.9948979591836735 0.00025 1 63 -0.12197266062911676
filtered_r1 2 65 65.0 -0.2470328724768505 -0.07031891491948342 0.9755102040816327 0.9948979591836735 0.00025 2 63 -0.12197266062911676
filtered_r1 2 66 66.0 -0.24817688287630224 -0.1030154393643749 0.9836734693877551 0.9928571428571429 0.00025 3 63 -0.12197266062911676
filtered_r1 2 67 67.0 -0.2458433070022628 -0.11705040688417395 0.9877551020408163 0.9948979591836735 0.00025 4 63 -0.12197266062911676
filtered_r1 2 68 68.0 -0.2477586955522008 -0.023951441414502204 0.9744897959183674 0.9938775510204082 0.00025 5 63 -0.12197266062911676
filtered_r1 2 69 69.0 -0.24868334706025508 -0.109037810442399 0.9816326530612245 0.9948979591836735 0.00025 6 63 -0.12197266062911676
filtered_r1 2 70 70.0 -0.2470505470262026 -0.011012569738894093 0.9744897959183674 0.9918367346938776 0.00025 7 63 -0.12197266062911676
filtered_r1 2 71 71.0 -0.24850294717701252 0.07082419979329012 0.9510204081632653 0.9948979591836735 0.00025 8 63 -0.12197266062911676
filtered_r1 2 72 72.0 -0.24718930268904538 -0.07775694545434446 0.9806122448979592 0.9948979591836735 0.00025 9 63 -0.12197266062911676
filtered_r1 2 73 73.0 -0.2486392421934532 -0.09186010068776657 0.9795918367346939 0.9918367346938776 0.00025 10 63 -0.12197266062911676
filtered_r1 2 74 74.0 -0.24825285601713307 -0.03613394279869235 0.9704081632653061 0.9948979591836735 0.000125 11 63 -0.12197266062911676
filtered_r1 2 75 75.0 -0.25141154112623215 -0.12548190817541005 0.986734693877551 0.9948979591836735 0.000125 0 75 -0.12548190817541005
filtered_r1 2 76 76.0 -0.2520522286390858 -0.12131371449451057 0.986734693877551 0.9948979591836735 0.000125 1 75 -0.12548190817541005
filtered_r1 2 77 77.0 -0.25283800308346155 -0.12174027647290911 0.986734693877551 0.9948979591836735 0.000125 2 75 -0.12548190817541005
filtered_r1 2 78 78.0 -0.2522005521596371 -0.1153452746722163 0.9836734693877551 0.9948979591836735 0.000125 3 75 -0.12548190817541005
filtered_r1 2 79 79.0 -0.2522175005766894 -0.12249816777754803 0.986734693877551 0.9948979591836735 0.000125 4 75 -0.12548190817541005
filtered_r1 2 80 80.0 -0.25244812250029103 -0.12239736829485212 0.986734693877551 0.9948979591836735 0.000125 5 75 -0.12548190817541005
filtered_r1 2 81 81.0 -0.2517684549566729 -0.1277063038884377 0.9826530612244898 0.9948979591836735 0.000125 0 81 -0.1277063038884377
filtered_r1 2 82 82.0 -0.2516639288912239 -0.07359379359654018 0.976530612244898 0.9948979591836735 0.000125 1 81 -0.1277063038884377
filtered_r1 2 83 83.0 -0.2517258772458264 -0.1109253893093187 0.9826530612244898 0.9938775510204082 0.000125 2 81 -0.1277063038884377
filtered_r1 2 84 84.0 -0.25178682455083645 -0.12406998507830562 0.9857142857142858 0.9948979591836735 0.000125 3 81 -0.1277063038884377
filtered_r1 2 85 85.0 -0.25289692542686065 -0.10725643537482436 0.9857142857142858 0.9948979591836735 0.000125 4 81 -0.1277063038884377
filtered_r1 2 86 86.0 -0.2524075527868648 -0.07989741636782276 0.9816326530612245 0.9948979591836735 0.000125 5 81 -0.1277063038884377
filtered_r1 2 87 87.0 -0.2516225661898114 -0.09435101236615862 0.9795918367346939 0.9948979591836735 0.000125 6 81 -0.1277063038884377
filtered_r1 2 88 88.0 -0.253165900301403 -0.08317289936299227 0.9816326530612245 0.9948979591836735 0.000125 7 81 -0.1277063038884377
filtered_r1 2 89 89.0 -0.25245961686236934 -0.10962628101815983 0.9806122448979592 0.9948979591836735 0.000125 8 81 -0.1277063038884377
filtered_r1 2 90 90.0 -0.25205154449789297 -0.11427943073973364 0.9846938775510204 0.9948979591836735 0.000125 9 81 -0.1277063038884377
filtered_r1 2 91 91.0 -0.25315104494622986 -0.0987228198927276 0.9836734693877551 0.9938775510204082 0.000125 10 81 -0.1277063038884377
filtered_r1 2 92 92.0 -0.2513633823319018 -0.10833485515750184 0.9826530612244898 0.9948979591836735 6.25e-05 11 81 -0.1277063038884377
filtered_r1 2 93 93.0 -0.25313144042932384 -0.12406116164460475 0.9857142857142858 0.9948979591836735 6.25e-05 12 81 -0.1277063038884377
filtered_r1 2 94 94.0 -0.2540928881600181 -0.11856538714194784 0.9846938775510204 0.9948979591836735 6.25e-05 13 81 -0.1277063038884377
filtered_r1 2 95 95.0 -0.2543108056363224 -0.10342847911679015 0.9826530612244898 0.9948979591836735 6.25e-05 14 81 -0.1277063038884377
filtered_r1 2 96 96.0 -0.25436670691978913 -0.12547897319404447 0.9857142857142858 0.9948979591836735 6.25e-05 15 81 -0.1277063038884377
filtered_r1 2 97 97.0 -0.254105140905298 -0.12259995986004266 0.9836734693877551 0.9948979591836735 6.25e-05 16 81 -0.1277063038884377
filtered_r1 2 98 98.0 -0.2545442485668634 -0.11054424898965018 0.9846938775510204 0.9948979591836735 6.25e-05 17 81 -0.1277063038884377
filtered_r1 2 99 99.0 -0.2538298785659437 -0.12848986265610676 0.986734693877551 0.9948979591836735 6.25e-05 0 99 -0.12848986265610676
filtered_r1 2 100 100.0 -0.2541450771536548 -0.1242884314790064 0.9836734693877551 0.9948979591836735 6.25e-05 1 99 -0.12848986265610676
filtered_r1 2 101 101.0 -0.25369778011692584 -0.11805562875708756 0.9857142857142858 0.9948979591836735 6.25e-05 2 99 -0.12848986265610676
filtered_r1 2 102 102.0 -0.25472139584385045 -0.12605358435183156 0.9857142857142858 0.9948979591836735 6.25e-05 3 99 -0.12848986265610676
filtered_r1 2 103 103.0 -0.2545252503506768 -0.1258001930859624 0.986734693877551 0.9948979591836735 6.25e-05 4 99 -0.12848986265610676
filtered_r1 2 104 104.0 -0.25442988854671034 -0.11612346902185557 0.986734693877551 0.9948979591836735 6.25e-05 5 99 -0.12848986265610676
filtered_r1 2 105 105.0 -0.2541166102404601 -0.10955754396866779 0.986734693877551 0.9948979591836735 6.25e-05 6 99 -0.12848986265610676
filtered_r1 2 106 106.0 -0.25428795278802874 -0.10386805777647057 0.9795918367346939 0.9938775510204082 6.25e-05 7 99 -0.12848986265610676
filtered_r1 2 107 107.0 -0.2545576436758799 -0.12428505420684814 0.986734693877551 0.9948979591836735 6.25e-05 8 99 -0.12848986265610676
filtered_r1 2 108 108.0 -0.2543724413573931 -0.10751268279795743 0.9836734693877551 0.9948979591836735 6.25e-05 9 99 -0.12848986265610676
filtered_r1 2 109 109.0 -0.25468821829684585 -0.1152219159262521 0.9857142857142858 0.9938775510204082 6.25e-05 10 99 -0.12848986265610676
filtered_r1 2 110 110.0 -0.25441955207858474 -0.13099698923072037 0.9877551020408163 0.9948979591836735 6.25e-05 0 110 -0.13099698923072037
filtered_r1 2 111 111.0 -0.25490988607683673 -0.10931403734246078 0.9857142857142858 0.9948979591836735 6.25e-05 1 110 -0.13099698923072037
filtered_r1 2 112 112.0 -0.25432787940440477 -0.12576027743670407 0.9877551020408163 0.9948979591836735 6.25e-05 2 110 -0.13099698923072037
filtered_r1 2 113 113.0 -0.25400736455856754 -0.1278888463973999 0.9857142857142858 0.9948979591836735 6.25e-05 3 110 -0.13099698923072037
filtered_r1 2 114 114.0 -0.25384330514123427 -0.12631878512246267 0.9857142857142858 0.9948979591836735 6.25e-05 4 110 -0.13099698923072037
filtered_r1 2 115 115.0 -0.2544816310872179 -0.12513964127521127 0.986734693877551 0.9948979591836735 6.25e-05 5 110 -0.13099698923072037
filtered_r1 2 116 116.0 -0.25471174790001 -0.11476295918834453 0.9836734693877551 0.9948979591836735 6.25e-05 6 110 -0.13099698923072037
filtered_r1 2 117 117.0 -0.2549030345729736 -0.11900133016158124 0.986734693877551 0.9948979591836735 6.25e-05 7 110 -0.13099698923072037
filtered_r1 2 118 118.0 -0.2547926205264077 -0.11461176969567123 0.9826530612244898 0.9948979591836735 6.25e-05 8 110 -0.13099698923072037
filtered_r1 2 119 119.0 -0.2548606144911151 -0.103345402892755 0.9795918367346939 0.9948979591836735 6.25e-05 9 110 -0.13099698923072037
filtered_r1 2 120 120.0 -0.25444260178724853 -0.12352275410476996 0.9857142857142858 0.9948979591836735 6.25e-05 10 110 -0.13099698923072037
filtered_r1 2 121 121.0 -0.25385431224954597 -0.09198660607240638 0.9816326530612245 0.9948979591836735 3.125e-05 11 110 -0.13099698923072037
filtered_r1 2 122 122.0 -0.2550667881478627 -0.12330082533310871 0.9887755102040816 0.9948979591836735 3.125e-05 12 110 -0.13099698923072037
filtered_r1 2 123 123.0 -0.25591365232069385 -0.12363430821165747 0.9836734693877551 0.9948979591836735 3.125e-05 13 110 -0.13099698923072037
filtered_r1 2 124 124.0 -0.25544210230822567 -0.12805370116720394 0.9857142857142858 0.9948979591836735 3.125e-05 14 110 -0.13099698923072037
filtered_r1 2 125 125.0 -0.25565687245365926 -0.11648133092997026 0.9846938775510204 0.9948979591836735 3.125e-05 15 110 -0.13099698923072037
filtered_r1 2 126 126.0 -0.2552707724770361 -0.12483051796348728 0.9857142857142858 0.9948979591836735 3.125e-05 16 110 -0.13099698923072037
filtered_r1 2 127 127.0 -0.2559845886390641 -0.1262967401621293 0.9836734693877551 0.9948979591836735 3.125e-05 17 110 -0.13099698923072037
filtered_r1 2 128 128.0 -0.2551069433885004 -0.10647469442717883 0.9785714285714285 0.9948979591836735 3.125e-05 18 110 -0.13099698923072037
filtered_r1 2 129 129.0 -0.2555678228438036 -0.11952814180023816 0.986734693877551 0.9948979591836735 3.125e-05 19 110 -0.13099698923072037
filtered_r1 2 130 130.0 -0.25513509699176024 -0.12418925908147073 0.986734693877551 0.9948979591836735 3.125e-05 20 110 -0.13099698923072037
filtered_r1 2 131 131.0 -0.25526391047539626 -0.11870677081906066 0.9826530612244898 0.9948979591836735 3.125e-05 21 110 -0.13099698923072037
filtered_r1 2 132 132.0 -0.2560647055878728 -0.11988339813388124 0.9836734693877551 0.9948979591836735 1.5625e-05 22 110 -0.13099698923072037
filtered_r1 2 133 133.0 -0.25615678556496807 -0.12706141958431322 0.9877551020408163 0.9948979591836735 1.5625e-05 23 110 -0.13099698923072037
filtered_r1 2 134 134.0 -0.2561569040437422 -0.12117830393265705 0.9836734693877551 0.9948979591836735 1.5625e-05 24 110 -0.13099698923072037
filtered_r1 2 135 135.0 -0.255907545563745 -0.12051918068710639 0.9857142857142858 0.9948979591836735 1.5625e-05 25 110 -0.13099698923072037
filtered_r1 2 136 136.0 -0.2560158666566562 -0.13178440016143175 0.986734693877551 0.9948979591836735 1.5625e-05 0 136 -0.13178440016143175
filtered_r1 2 137 137.0 -0.25650537030241244 -0.12598692057084065 0.9846938775510204 0.9948979591836735 1.5625e-05 1 136 -0.13178440016143175
filtered_r1 2 138 138.0 -0.2562705218602569 -0.12338712507364702 0.9846938775510204 0.9948979591836735 1.5625e-05 2 136 -0.13178440016143175
filtered_r1 2 139 139.0 -0.25609363353744835 -0.12830834923958293 0.986734693877551 0.9948979591836735 1.5625e-05 3 136 -0.13178440016143175
filtered_r1 2 140 140.0 -0.2559676034256809 -0.12384293955199573 0.9836734693877551 0.9948979591836735 1.5625e-05 4 136 -0.13178440016143175
filtered_r1 2 141 141.0 -0.25649544649431505 -0.12552704227213957 0.9877551020408163 0.9948979591836735 1.5625e-05 5 136 -0.13178440016143175
filtered_r1 2 142 142.0 -0.2563303787763477 -0.12932827959255297 0.986734693877551 0.9948979591836735 1.5625e-05 6 136 -0.13178440016143175
filtered_r1 2 143 143.0 -0.2560815495953363 -0.12652586625546824 0.9877551020408163 0.9948979591836735 1.5625e-05 7 136 -0.13178440016143175
filtered_r1 2 144 144.0 -0.2560526976464177 -0.12413701621853575 0.9846938775510204 0.9948979591836735 1.5625e-05 8 136 -0.13178440016143175
filtered_r1 2 145 145.0 -0.2568088144645656 -0.12141556009954335 0.9846938775510204 0.9948979591836735 1.5625e-05 9 136 -0.13178440016143175
filtered_r1 2 146 146.0 -0.2556329737778853 -0.12630834822752038 0.9887755102040816 0.9948979591836735 1.5625e-05 10 136 -0.13178440016143175
filtered_r1 2 147 147.0 -0.25610758914116344 -0.12591073026462477 0.9877551020408163 0.9948979591836735 7.8125e-06 11 136 -0.13178440016143175
filtered_r1 2 148 148.0 -0.2567382942964638 -0.12719253715203732 0.9877551020408163 0.9948979591836735 7.8125e-06 12 136 -0.13178440016143175
filtered_r1 2 149 149.0 -0.25652850713180075 -0.12235489913395473 0.986734693877551 0.9948979591836735 7.8125e-06 13 136 -0.13178440016143175
filtered_r1 2 150 150.0 -0.25640357779850487 -0.1254239675950031 0.9857142857142858 0.9948979591836735 7.8125e-06 14 136 -0.13178440016143175
filtered_r1 2 151 151.0 -0.2565149899726016 -0.12785648326484525 0.986734693877551 0.9948979591836735 7.8125e-06 15 136 -0.13178440016143175
filtered_r1 2 152 152.0 -0.2564851166278841 -0.1291098774695883 0.9857142857142858 0.9948979591836735 7.8125e-06 16 136 -0.13178440016143175
filtered_r1 2 153 153.0 -0.256464510899049 -0.12718042159567075 0.9887755102040816 0.9948979591836735 7.8125e-06 17 136 -0.13178440016143175
filtered_r1 2 154 154.0 -0.25640957838721673 -0.12501378983867412 0.9846938775510204 0.9948979591836735 7.8125e-06 18 136 -0.13178440016143175
filtered_r1 2 155 155.0 -0.25634522633935664 -0.12428301791755521 0.9846938775510204 0.9948979591836735 7.8125e-06 19 136 -0.13178440016143175
filtered_r1 2 156 156.0 -0.25646868852718385 -0.12823723286998515 0.9877551020408163 0.9948979591836735 7.8125e-06 20 136 -0.13178440016143175
filtered_r1 2 157 157.0 -0.25613083002841097 -0.12431620237778644 0.9836734693877551 0.9948979591836735 7.8125e-06 21 136 -0.13178440016143175
filtered_r1 2 158 158.0 -0.2558341033070184 -0.12963109502986986 0.9877551020408163 0.9948979591836735 3.90625e-06 22 136 -0.13178440016143175
filtered_r1 2 159 159.0 -0.2562228066240502 -0.12768692678334762 0.986734693877551 0.9948979591836735 3.90625e-06 23 136 -0.13178440016143175
filtered_r1 2 160 160.0 -0.25624189428778815 -0.1277388095855713 0.9857142857142858 0.9948979591836735 3.90625e-06 24 136 -0.13178440016143175
filtered_r1 2 161 161.0 -0.25676707646763436 -0.126791770604192 0.9857142857142858 0.9948979591836735 3.90625e-06 25 136 -0.13178440016143175
filtered_r1 2 162 162.0 -0.25637525044080617 -0.12901303038305165 0.9877551020408163 0.9948979591836735 3.90625e-06 26 136 -0.13178440016143175
filtered_r1 2 163 163.0 -0.2558162917995583 -0.12943816525595528 0.9857142857142858 0.9948979591836735 3.90625e-06 27 136 -0.13178440016143175
filtered_r1 2 164 164.0 -0.2567195464576638 -0.1280856482836665 0.9877551020408163 0.9948979591836735 3.90625e-06 28 136 -0.13178440016143175
filtered_r1 2 165 165.0 -0.25648378446542613 -0.12722534160224758 0.9877551020408163 0.9948979591836735 3.90625e-06 29 136 -0.13178440016143175
filtered_r1 2 166 166.0 -0.2567763640238813 -0.12659596472370382 0.9857142857142858 0.9948979591836735 3.90625e-06 30 136 -0.13178440016143175
filtered_r1 3 1 1.0 1.6285855924331 2.112955989643019 0.47959183673469385 0.7020408163265306 0.001 0 1 2.112955989643019
filtered_r1 3 2 2.0 1.0537300454287761 2.0845336884868386 0.5214285714285715 0.6948979591836735 0.001 0 2 2.0845336884868386
filtered_r1 3 3 3.0 0.8552276502400163 1.1239031601925284 0.8377551020408164 0.8959183673469387 0.001 0 3 1.1239031601925284
filtered_r1 3 4 4.0 0.7427049350100001 0.8804701413427081 0.8704081632653061 0.9683673469387755 0.001 0 4 0.8804701413427081
filtered_r1 3 5 5.0 0.6415091767075167 1.4880636448762854 0.6551020408163265 0.9306122448979591 0.001 1 4 0.8804701413427081
filtered_r1 3 6 6.0 0.5678600080977555 0.8709841577374206 0.8316326530612245 0.9857142857142858 0.001 0 6 0.8709841577374206
filtered_r1 3 7 7.0 0.5073276076650165 2.2926743692281293 0.4520408163265306 0.7744897959183673 0.001 1 6 0.8709841577374206
filtered_r1 3 8 8.0 0.4359720833075355 1.4477490478632402 0.6571428571428571 0.960204081632653 0.001 2 6 0.8709841577374206
filtered_r1 3 9 9.0 0.38326216433949756 1.17960544070419 0.9428571428571428 0.6663265306122449 0.001 3 6 0.8709841577374206
filtered_r1 3 10 10.0 0.3575559173504764 0.690764095345322 0.8540816326530613 0.9816326530612245 0.001 0 10 0.690764095345322
filtered_r1 3 11 11.0 0.33101757267795257 0.6151632644692245 0.8948979591836734 0.9693877551020408 0.001 0 11 0.6151632644692245
filtered_r1 3 12 12.0 0.26656936282901617 0.48282522547001744 0.9448979591836735 0.9428571428571428 0.001 0 12 0.48282522547001744
filtered_r1 3 13 13.0 0.20517817330371235 1.24536302138348 0.7846938775510204 0.9153061224489796 0.001 1 12 0.48282522547001744
filtered_r1 3 14 14.0 0.16625888490752638 0.831408345456026 0.8438775510204082 0.9520408163265306 0.001 2 12 0.48282522547001744
filtered_r1 3 15 15.0 0.14672761300559267 0.8366603063077342 0.7836734693877551 0.9785714285714285 0.001 3 12 0.48282522547001744
filtered_r1 3 16 16.0 0.13372274295773984 2.681912628485232 0.5540816326530612 0.6948979591836735 0.001 4 12 0.48282522547001744
filtered_r1 3 17 17.0 0.13147035705139568 3.089110434785181 0.5897959183673469 0.6632653061224489 0.001 5 12 0.48282522547001744
filtered_r1 3 18 18.0 0.10385715980395586 1.0394502868457716 0.8591836734693877 0.8459183673469388 0.001 6 12 0.48282522547001744
filtered_r1 3 19 19.0 0.054927926495353364 1.4670912202523678 0.6663265306122449 0.960204081632653 0.001 7 12 0.48282522547001744
filtered_r1 3 20 20.0 0.015882647502871463 0.5029676897185189 0.9418367346938775 0.8908163265306123 0.001 8 12 0.48282522547001744
filtered_r1 3 21 21.0 -0.007685309423947951 0.652959059452524 0.860204081632653 0.9928571428571429 0.001 9 12 0.48282522547001744
filtered_r1 3 22 22.0 -0.03422605704568594 0.11297843577910442 0.960204081632653 0.9928571428571429 0.001 0 22 0.11297843577910442
filtered_r1 3 23 23.0 -0.04876572031678257 0.21024049909747378 0.9377551020408164 0.9795918367346939 0.001 1 22 0.11297843577910442
filtered_r1 3 24 24.0 -0.02153141515881594 0.7090327849193495 0.8612244897959184 0.9561224489795919 0.001 2 22 0.11297843577910442
filtered_r1 3 25 25.0 -0.04472302126981863 2.1332272977245097 0.5571428571428572 0.9306122448979591 0.001 3 22 0.11297843577910442
filtered_r1 3 26 26.0 -0.08824826396166385 0.5229525466354525 0.9346938775510204 0.9224489795918367 0.001 4 22 0.11297843577910442
filtered_r1 3 27 27.0 -0.11687339288345316 1.6054359611199827 0.636734693877551 0.9948979591836735 0.001 5 22 0.11297843577910442
filtered_r1 3 28 28.0 -0.13093206022633133 0.7645734198239384 0.8183673469387756 0.9938775510204082 0.001 6 22 0.11297843577910442
filtered_r1 3 29 29.0 -0.07607685618653819 2.3928655935793506 0.65 0.8540816326530613 0.001 7 22 0.11297843577910442
filtered_r1 3 30 30.0 -0.03883514042285914 1.3910453387669155 0.7551020408163265 0.9653061224489796 0.001 8 22 0.11297843577910442
filtered_r1 3 31 31.0 -0.10734666684406538 0.27330489061316665 0.9479591836734694 0.95 0.001 9 22 0.11297843577910442
filtered_r1 3 32 32.0 -0.15328496164264757 0.568357301001646 0.863265306122449 0.9857142857142858 0.001 10 22 0.11297843577910442
filtered_r1 3 33 33.0 -0.16669568001439342 0.57808630855716 0.8397959183673469 0.9908163265306122 0.0005 11 22 0.11297843577910442
filtered_r1 3 34 34.0 -0.18987174746777002 -0.09118323691037236 0.9775510204081632 0.9959183673469387 0.0005 0 34 -0.09118323691037236
filtered_r1 3 35 35.0 -0.20282867866053778 -0.10129542034499499 0.9806122448979592 0.9948979591836735 0.0005 0 35 -0.10129542034499499
filtered_r1 3 36 36.0 -0.20598321666081168 -0.09232792659681671 0.9836734693877551 0.9938775510204082 0.0005 1 35 -0.10129542034499499
filtered_r1 3 37 37.0 -0.21037367431347986 -0.11615697145462037 0.9857142857142858 0.9948979591836735 0.0005 0 37 -0.11615697145462037
filtered_r1 3 38 38.0 -0.2111584430275535 -0.08588499876917625 0.9826530612244898 0.9928571428571429 0.0005 1 37 -0.11615697145462037
filtered_r1 3 39 39.0 -0.2161733880402335 -0.10104120921115486 0.9857142857142858 0.9948979591836735 0.0005 2 37 -0.11615697145462037
filtered_r1 3 40 40.0 -0.21534613844918707 -0.05389612767161155 0.9744897959183674 0.9908163265306122 0.0005 3 37 -0.11615697145462037
filtered_r1 3 41 41.0 -0.21788294067504024 -0.10637922822212686 0.9846938775510204 0.9938775510204082 0.0005 4 37 -0.11615697145462037
filtered_r1 3 42 42.0 -0.22077033241607902 -0.03649849064496099 0.9755102040816327 0.9836734693877551 0.0005 5 37 -0.11615697145462037
filtered_r1 3 43 43.0 -0.2207792150503497 -0.08014582638837853 0.9734693877551021 0.9938775510204082 0.0005 6 37 -0.11615697145462037
filtered_r1 3 44 44.0 -0.22684577584970123 -0.08810014724731445 0.9816326530612245 0.9938775510204082 0.0005 7 37 -0.11615697145462037
filtered_r1 3 45 45.0 -0.22551547203938418 0.018078285334061604 0.9836734693877551 0.9724489795918367 0.0005 8 37 -0.11615697145462037
filtered_r1 3 46 46.0 -0.22848834641889934 -0.06602538799752994 0.9744897959183674 0.9897959183673469 0.0005 9 37 -0.11615697145462037
filtered_r1 3 47 47.0 -0.2248707336834004 0.3439348892289765 0.9173469387755102 0.9744897959183674 0.0005 10 37 -0.11615697145462037
filtered_r1 3 48 48.0 -0.21688407104880064 0.49737652515878483 0.9255102040816326 0.9622448979591837 0.00025 11 37 -0.11615697145462037
filtered_r1 3 49 49.0 -0.2266443551966563 -0.09132042271750314 0.9836734693877551 0.9938775510204082 0.00025 12 37 -0.11615697145462037
filtered_r1 3 50 50.0 -0.23639661668919457 -0.11295944354972061 0.9785714285714285 0.9938775510204082 0.00025 13 37 -0.11615697145462037
filtered_r1 3 51 51.0 -0.23714471285417846 -0.09476375579833984 0.9755102040816327 0.9948979591836735 0.00025 14 37 -0.11615697145462037
filtered_r1 3 52 52.0 -0.2380996926015905 -0.11748379882501096 0.9826530612244898 0.9938775510204082 0.00025 0 52 -0.11748379882501096
filtered_r1 3 53 53.0 -0.23932968747653693 -0.11467888841823656 0.9785714285714285 0.9938775510204082 0.00025 1 52 -0.11748379882501096
filtered_r1 3 54 54.0 -0.24127409575042863 -0.11607589600037556 0.9806122448979592 0.9959183673469387 0.00025 2 52 -0.11748379882501096
filtered_r1 3 55 55.0 -0.24039142820654377 -0.12618052448545183 0.9836734693877551 0.9938775510204082 0.00025 0 55 -0.12618052448545183
filtered_r1 3 56 56.0 -0.24257530613590575 -0.10241920218175771 0.9744897959183674 0.9948979591836735 0.00025 1 55 -0.12618052448545183
filtered_r1 3 57 57.0 -0.24309042930819477 -0.12168975314315485 0.9836734693877551 0.9948979591836735 0.00025 2 55 -0.12618052448545183
filtered_r1 3 58 58.0 -0.2431295146414003 -0.11288595783467195 0.976530612244898 0.9948979591836735 0.00025 3 55 -0.12618052448545183
filtered_r1 3 59 59.0 -0.2401767718321185 -0.08800844854238082 0.976530612244898 0.9928571428571429 0.00025 4 55 -0.12618052448545183
filtered_r1 3 60 60.0 -0.24192018823844436 -0.08323257845275256 0.9755102040816327 0.9948979591836735 0.00025 5 55 -0.12618052448545183
filtered_r1 3 61 61.0 -0.24296383320933518 -0.10147953665986353 0.9846938775510204 0.9938775510204082 0.00025 6 55 -0.12618052448545183
filtered_r1 3 62 62.0 -0.24272432451187564 -0.0338609588389494 0.9806122448979592 0.9816326530612245 0.00025 7 55 -0.12618052448545183
filtered_r1 3 63 63.0 -0.24318954782814964 -0.08388182484373755 0.9755102040816327 0.9948979591836735 0.00025 8 55 -0.12618052448545183
filtered_r1 3 64 64.0 -0.24397938139483002 -0.10932729341545884 0.9806122448979592 0.9948979591836735 0.00025 9 55 -0.12618052448545183
filtered_r1 3 65 65.0 -0.2396061651770548 -0.038761530603681295 0.9775510204081632 0.9877551020408163 0.00025 10 55 -0.12618052448545183
filtered_r1 3 66 66.0 -0.2413937270614271 -0.0622398279151138 0.976530612244898 0.9918367346938776 0.000125 11 55 -0.12618052448545183
filtered_r1 3 67 67.0 -0.24599953432057156 -0.1155682845991485 0.9785714285714285 0.9948979591836735 0.000125 12 55 -0.12618052448545183
filtered_r1 3 68 68.0 -0.24765249333271264 -0.13789298972304986 0.9857142857142858 0.9938775510204082 0.000125 0 68 -0.13789298972304986
filtered_r1 3 69 69.0 -0.24784303899250731 -0.1252311760065507 0.9826530612244898 0.9948979591836735 0.000125 1 68 -0.13789298972304986
filtered_r1 3 70 70.0 -0.24743521608550928 -0.11809035417984944 0.9816326530612245 0.9959183673469387 0.000125 2 68 -0.13789298972304986
filtered_r1 3 71 71.0 -0.24859531181160557 -0.12243448130938471 0.9836734693877551 0.9959183673469387 0.000125 3 68 -0.13789298972304986
filtered_r1 3 72 72.0 -0.2487517267370895 -0.12589535567225243 0.9806122448979592 0.9959183673469387 0.000125 4 68 -0.13789298972304986
filtered_r1 3 73 73.0 -0.24914787354601334 -0.1289511656274601 0.9836734693877551 0.9948979591836735 0.000125 5 68 -0.13789298972304986
filtered_r1 3 74 74.0 -0.24892269001188896 -0.10623779442845559 0.976530612244898 0.9948979591836735 0.000125 6 68 -0.13789298972304986
filtered_r1 3 75 75.0 -0.24945974433849574 -0.13161753586360386 0.9836734693877551 0.9959183673469387 0.000125 7 68 -0.13789298972304986
filtered_r1 3 76 76.0 -0.2502871464449224 -0.13414141255982068 0.9846938775510204 0.9948979591836735 0.000125 8 68 -0.13789298972304986
filtered_r1 3 77 77.0 -0.250002085269715 -0.1267833996792229 0.9846938775510204 0.9959183673469387 0.000125 9 68 -0.13789298972304986
filtered_r1 3 78 78.0 -0.24944472448207874 -0.08872507251038843 0.976530612244898 0.9948979591836735 0.000125 10 68 -0.13789298972304986
filtered_r1 3 79 79.0 -0.24970778193843943 -0.10571533076617183 0.9816326530612245 0.9938775510204082 6.25e-05 11 68 -0.13789298972304986
filtered_r1 3 80 80.0 -0.25110870421176273 -0.13463297717425288 0.986734693877551 0.9959183673469387 6.25e-05 12 68 -0.13789298972304986
filtered_r1 3 81 81.0 -0.251361186835531 -0.1289320585679035 0.9816326530612245 0.9948979591836735 6.25e-05 13 68 -0.13789298972304986
filtered_r1 3 82 82.0 -0.25157056372110487 -0.13342062210550112 0.9826530612244898 0.9948979591836735 6.25e-05 14 68 -0.13789298972304986
filtered_r1 3 83 83.0 -0.2521572704754577 -0.1340281749258236 0.9846938775510204 0.9948979591836735 6.25e-05 15 68 -0.13789298972304986
filtered_r1 3 84 84.0 -0.2516706576955573 -0.1290454188171698 0.9806122448979592 0.9948979591836735 6.25e-05 16 68 -0.13789298972304986
filtered_r1 3 85 85.0 -0.2518175253801004 -0.12460340480415188 0.9806122448979592 0.9948979591836735 6.25e-05 17 68 -0.13789298972304986
filtered_r1 3 86 86.0 -0.2517081888978502 -0.13076829472366644 0.9836734693877551 0.9959183673469387 6.25e-05 18 68 -0.13789298972304986
filtered_r1 3 87 87.0 -0.251874163347756 -0.1358252306373752 0.9857142857142858 0.9948979591836735 6.25e-05 19 68 -0.13789298972304986
filtered_r1 3 88 88.0 -0.2515684456052533 -0.12070259318059805 0.9816326530612245 0.9959183673469387 6.25e-05 20 68 -0.13789298972304986
filtered_r1 3 89 89.0 -0.2522786400343037 -0.12209677258316351 0.9826530612244898 0.9948979591836735 6.25e-05 21 68 -0.13789298972304986
filtered_r1 3 90 90.0 -0.2513014446374129 -0.12623124414560746 0.9806122448979592 0.9959183673469387 3.125e-05 22 68 -0.13789298972304986
filtered_r1 3 91 91.0 -0.25271743251906165 -0.13899959739373655 0.986734693877551 0.9948979591836735 3.125e-05 0 91 -0.13899959739373655
filtered_r1 3 92 92.0 -0.2533527739038264 -0.1364290154710108 0.9826530612244898 0.9948979591836735 3.125e-05 1 91 -0.13899959739373655
filtered_r1 3 93 93.0 -0.25261228289108517 -0.13648154248996658 0.986734693877551 0.9948979591836735 3.125e-05 2 91 -0.13899959739373655
filtered_r1 3 94 94.0 -0.2530171874702599 -0.13467034855667426 0.9846938775510204 0.9948979591836735 3.125e-05 3 91 -0.13899959739373655
filtered_r1 3 95 95.0 -0.25311210395745454 -0.13336771653622997 0.9836734693877551 0.9959183673469387 3.125e-05 4 91 -0.13899959739373655
filtered_r1 3 96 96.0 -0.2536375829159429 -0.13501094993279905 0.9826530612244898 0.9959183673469387 3.125e-05 5 91 -0.13899959739373655
filtered_r1 3 97 97.0 -0.25314433938310843 -0.13493231802570577 0.9846938775510204 0.9959183673469387 3.125e-05 6 91 -0.13899959739373655
filtered_r1 3 98 98.0 -0.2530658910937922 -0.10810893847017872 0.9816326530612245 0.9948979591836735 3.125e-05 7 91 -0.13899959739373655
filtered_r1 3 99 99.0 -0.25313003524238287 -0.13351999156329097 0.9836734693877551 0.9948979591836735 3.125e-05 8 91 -0.13899959739373655
filtered_r1 3 100 100.0 -0.2530894775959886 -0.13759247721457968 0.986734693877551 0.9959183673469387 3.125e-05 9 91 -0.13899959739373655
filtered_r1 3 101 101.0 -0.2537156259315532 -0.12017067062611482 0.9795918367346939 0.9959183673469387 3.125e-05 10 91 -0.13899959739373655
filtered_r1 3 102 102.0 -0.25279696148414804 -0.12397257405884411 0.9785714285714285 0.9959183673469387 1.5625e-05 11 91 -0.13899959739373655
filtered_r1 3 103 103.0 -0.25367474623609554 -0.1374914232565432 0.9836734693877551 0.9948979591836735 1.5625e-05 12 91 -0.13899959739373655
filtered_r1 3 104 104.0 -0.25356479890769684 -0.12694464702995456 0.9836734693877551 0.9959183673469387 1.5625e-05 13 91 -0.13899959739373655
filtered_r1 3 105 105.0 -0.25360714117613803 -0.13424003075580207 0.9826530612244898 0.9948979591836735 1.5625e-05 14 91 -0.13899959739373655
filtered_r1 3 106 106.0 -0.25382630353183894 -0.13810949276904672 0.9836734693877551 0.9948979591836735 1.5625e-05 15 91 -0.13899959739373655
filtered_r1 3 107 107.0 -0.25377661644519595 -0.133866633201132 0.9857142857142858 0.9959183673469387 1.5625e-05 16 91 -0.13899959739373655
filtered_r1 3 108 108.0 -0.2539802736387543 -0.1350130222281631 0.9846938775510204 0.9959183673469387 1.5625e-05 17 91 -0.13899959739373655
filtered_r1 3 109 109.0 -0.25403448288623603 -0.1370526970649252 0.9857142857142858 0.9959183673469387 1.5625e-05 18 91 -0.13899959739373655
filtered_r1 3 110 110.0 -0.2538278475437606 -0.13340329345391722 0.9857142857142858 0.9959183673469387 1.5625e-05 19 91 -0.13899959739373655
filtered_r1 3 111 111.0 -0.25420207521128646 -0.13432355413631517 0.9816326530612245 0.9959183673469387 1.5625e-05 20 91 -0.13899959739373655
filtered_r1 3 112 112.0 -0.25376757550553414 -0.13728474597541654 0.9857142857142858 0.9959183673469387 1.5625e-05 21 91 -0.13899959739373655
filtered_r1 3 113 113.0 -0.25355525810611396 -0.1354057652609689 0.9836734693877551 0.9959183673469387 7.8125e-06 22 91 -0.13899959739373655
filtered_r1 3 114 114.0 -0.254090047835005 -0.139965236916834 0.9846938775510204 0.9948979591836735 7.8125e-06 0 114 -0.139965236916834
filtered_r1 3 115 115.0 -0.25426731848792494 -0.13614206362743766 0.9826530612244898 0.9959183673469387 7.8125e-06 1 114 -0.139965236916834
filtered_r1 3 116 116.0 -0.2543231539167819 -0.1359878092396016 0.9826530612244898 0.9948979591836735 7.8125e-06 2 114 -0.139965236916834
filtered_r1 3 117 117.0 -0.25392326327058545 -0.1379440589826934 0.9826530612244898 0.9948979591836735 7.8125e-06 3 114 -0.139965236916834
filtered_r1 3 118 118.0 -0.25449082803250006 -0.13866012339689293 0.9846938775510204 0.9959183673469387 7.8125e-06 4 114 -0.139965236916834
filtered_r1 3 119 119.0 -0.2545130794772331 -0.1377769275587432 0.9826530612244898 0.9959183673469387 7.8125e-06 5 114 -0.139965236916834
filtered_r1 3 120 120.0 -0.2545306935832006 -0.13669245632327331 0.9826530612244898 0.9959183673469387 7.8125e-06 6 114 -0.139965236916834
filtered_r1 3 121 121.0 -0.2545538268141242 -0.13550920681077608 0.9816326530612245 0.9959183673469387 7.8125e-06 7 114 -0.139965236916834
filtered_r1 3 122 122.0 -0.2543281980443964 -0.1349030737974206 0.9836734693877551 0.9948979591836735 7.8125e-06 8 114 -0.139965236916834
filtered_r1 3 123 123.0 -0.25405935201112434 -0.13372488703046526 0.9826530612244898 0.9948979591836735 7.8125e-06 9 114 -0.139965236916834
filtered_r1 3 124 124.0 -0.25406938263680573 -0.13443711339210979 0.9826530612244898 0.9948979591836735 7.8125e-06 10 114 -0.139965236916834
filtered_r1 3 125 125.0 -0.2540015403757948 -0.1375220790201304 0.9836734693877551 0.9948979591836735 3.90625e-06 11 114 -0.139965236916834
filtered_r1 3 126 126.0 -0.2548727497316413 -0.13623133678825533 0.9836734693877551 0.9948979591836735 3.90625e-06 12 114 -0.139965236916834
filtered_r1 3 127 127.0 -0.25456151107847824 -0.1405009464341767 0.9846938775510204 0.9948979591836735 3.90625e-06 0 127 -0.1405009464341767
filtered_r1 3 128 128.0 -0.25449090874092284 -0.13772005694253103 0.9846938775510204 0.9948979591836735 3.90625e-06 1 127 -0.1405009464341767
filtered_r1 3 129 129.0 -0.25448849208778107 -0.13817876601705745 0.9846938775510204 0.9959183673469387 3.90625e-06 2 127 -0.1405009464341767
filtered_r1 3 130 130.0 -0.2544485148223378 -0.13570468133809616 0.9846938775510204 0.9948979591836735 3.90625e-06 3 127 -0.1405009464341767
filtered_r1 3 131 131.0 -0.25472287635504526 -0.13855630670275007 0.9836734693877551 0.9959183673469387 3.90625e-06 4 127 -0.1405009464341767
filtered_r1 3 132 132.0 -0.2543724976611906 -0.13984170543904206 0.9836734693877551 0.9959183673469387 3.90625e-06 5 127 -0.1405009464341767
filtered_r1 3 133 133.0 -0.25464701441489074 -0.13860587781789352 0.9836734693877551 0.9959183673469387 3.90625e-06 6 127 -0.1405009464341767
filtered_r1 3 134 134.0 -0.254514084287627 -0.13674377373286656 0.9836734693877551 0.9948979591836735 3.90625e-06 7 127 -0.1405009464341767
filtered_r1 3 135 135.0 -0.25485598667610576 -0.1378052857457375 0.9836734693877551 0.9959183673469387 3.90625e-06 8 127 -0.1405009464341767
filtered_r1 3 136 136.0 -0.2543603744335841 -0.1351761681692941 0.9836734693877551 0.9948979591836735 3.90625e-06 9 127 -0.1405009464341767
filtered_r1 3 137 137.0 -0.2543280821359542 -0.1340476907029444 0.9836734693877551 0.9959183673469387 3.90625e-06 10 127 -0.1405009464341767
filtered_r1 3 138 138.0 -0.25434077827702095 -0.1372648978719906 0.9836734693877551 0.9948979591836735 1.953125e-06 11 127 -0.1405009464341767
filtered_r1 3 139 139.0 -0.25477734057945495 -0.13893486285696224 0.9836734693877551 0.9959183673469387 1.953125e-06 12 127 -0.1405009464341767
filtered_r1 3 140 140.0 -0.25450479486450733 -0.13661271066081768 0.9826530612244898 0.9948979591836735 1.953125e-06 13 127 -0.1405009464341767
filtered_r1 3 141 141.0 -0.254292592859463 -0.13878814541563697 0.9826530612244898 0.9948979591836735 1.953125e-06 14 127 -0.1405009464341767
filtered_r1 3 142 142.0 -0.2543423838145723 -0.13797978770976163 0.9826530612244898 0.9948979591836735 1.953125e-06 15 127 -0.1405009464341767
filtered_r1 3 143 143.0 -0.2548644250758496 -0.13666679518563407 0.9826530612244898 0.9948979591836735 1.953125e-06 16 127 -0.1405009464341767
filtered_r1 3 144 144.0 -0.25476746301027625 -0.1339515053496069 0.9836734693877551 0.9948979591836735 1.953125e-06 17 127 -0.1405009464341767
filtered_r1 3 145 145.0 -0.254596173736219 -0.13818712867036156 0.9857142857142858 0.9948979591836735 1.953125e-06 18 127 -0.1405009464341767
filtered_r1 3 146 146.0 -0.2544647649207875 -0.13703215316850312 0.9826530612244898 0.9959183673469387 1.953125e-06 19 127 -0.1405009464341767
filtered_r1 3 147 147.0 -0.2548931725881233 -0.13875434787905946 0.9857142857142858 0.9948979591836735 1.953125e-06 20 127 -0.1405009464341767
filtered_r1 3 148 148.0 -0.2546822644881752 -0.1357618351371921 0.9836734693877551 0.9948979591836735 1.953125e-06 21 127 -0.1405009464341767
filtered_r1 3 149 149.0 -0.2548866727868373 -0.13713839248735077 0.9826530612244898 0.9948979591836735 9.765625e-07 22 127 -0.1405009464341767
filtered_r1 3 150 150.0 -0.2548332400772174 -0.13275192951669498 0.9836734693877551 0.9948979591836735 9.765625e-07 23 127 -0.1405009464341767
filtered_r1 3 151 151.0 -0.2548170876243252 -0.13684058335362648 0.9826530612244898 0.9948979591836735 9.765625e-07 24 127 -0.1405009464341767
filtered_r1 3 152 152.0 -0.25461352123112446 -0.13733668862556925 0.9826530612244898 0.9948979591836735 9.765625e-07 25 127 -0.1405009464341767
filtered_r1 3 153 153.0 -0.25524974085772734 -0.13761439566709557 0.9826530612244898 0.9959183673469387 9.765625e-07 26 127 -0.1405009464341767
filtered_r1 3 154 154.0 -0.2547669800854898 -0.13825609635333624 0.9826530612244898 0.9959183673469387 9.765625e-07 27 127 -0.1405009464341767
filtered_r1 3 155 155.0 -0.25425529623377935 -0.1367843384645423 0.9826530612244898 0.9948979591836735 9.765625e-07 28 127 -0.1405009464341767
filtered_r1 3 156 156.0 -0.25500850503248784 -0.13528626062432114 0.9836734693877551 0.9959183673469387 9.765625e-07 29 127 -0.1405009464341767
filtered_r1 3 157 157.0 -0.25443425077879045 -0.13649968906324736 0.9826530612244898 0.9948979591836735 9.765625e-07 30 127 -0.1405009464341767
filtered_r1 4 1 1.0 1.7245087813530193 2.7706221638893593 0.3622448979591837 0.6846938775510204 0.001 0 1 2.7706221638893593
filtered_r1 4 2 2.0 1.1086793549754541 2.2921722470497596 0.5938775510204082 0.5969387755102041 0.001 0 2 2.2921722470497596
filtered_r1 4 3 3.0 0.8713021353326815 2.1698396770321593 0.7295918367346939 0.5357142857142857 0.001 0 3 2.1698396770321593
filtered_r1 4 4 4.0 0.7511860877613669 1.0663141420909337 0.85 0.889795918367347 0.001 0 4 1.0663141420909337
filtered_r1 4 5 5.0 0.6797471429291931 1.2493069444383893 0.7030612244897959 0.9132653061224489 0.001 1 4 1.0663141420909337
filtered_r1 4 6 6.0 0.5846396661919461 1.2258812184236487 0.6744897959183673 0.9316326530612244 0.001 2 4 1.0663141420909337
filtered_r1 4 7 7.0 0.54406988523356 1.3323214866677109 0.7153061224489796 0.9163265306122449 0.001 3 4 1.0663141420909337
filtered_r1 4 8 8.0 0.4528362019138882 0.5987749347881395 0.9244897959183673 0.9581632653061225 0.001 0 8 0.5987749347881395
filtered_r1 4 9 9.0 0.41371351661760053 0.6553446550758517 0.9479591836734694 0.9255102040816326 0.001 1 8 0.5987749347881395
filtered_r1 4 10 10.0 0.3520060000206414 1.3291373992452815 0.8530612244897959 0.7122448979591837 0.001 2 8 0.5987749347881395
filtered_r1 4 11 11.0 0.3160935886816388 0.6774446156560158 0.9418367346938775 0.8887755102040816 0.001 3 8 0.5987749347881395
filtered_r1 4 12 12.0 0.25693919884038413 0.7285964221370463 0.9295918367346939 0.8704081632653061 0.001 4 8 0.5987749347881395
filtered_r1 4 13 13.0 0.2287550137576546 0.6475928919655937 0.8622448979591837 0.9908163265306122 0.001 5 8 0.5987749347881395
filtered_r1 4 14 14.0 0.169948830409208 0.3843458467600297 0.9346938775510204 0.9622448979591837 0.001 0 14 0.3843458467600297
filtered_r1 4 15 15.0 0.1480391727379112 0.40658871154395904 0.9061224489795918 0.9938775510204082 0.001 1 14 0.3843458467600297
filtered_r1 4 16 16.0 0.1588855180424341 1.4378561428615024 0.676530612244898 0.9183673469387755 0.001 2 14 0.3843458467600297
filtered_r1 4 17 17.0 0.1442171879860146 0.5042952992478196 0.8969387755102041 0.9836734693877551 0.001 3 14 0.3843458467600297
filtered_r1 4 18 18.0 0.11638566939548314 0.9574007681437902 0.7959183673469388 0.9183673469387755 0.001 4 14 0.3843458467600297
filtered_r1 4 19 19.0 0.056124027891154726 1.162859792612037 0.7397959183673469 0.9540816326530612 0.001 5 14 0.3843458467600297
filtered_r1 4 20 20.0 -0.009970289466059646 0.5245171804817356 0.860204081632653 0.9846938775510204 0.001 6 14 0.3843458467600297
filtered_r1 4 21 21.0 -0.03173896439011618 0.15122694166339173 0.9551020408163265 0.9897959183673469 0.001 0 21 0.15122694166339173
filtered_r1 4 22 22.0 -0.037915547355109866 1.1200159072875977 0.7153061224489796 0.9846938775510204 0.001 1 21 0.15122694166339173
filtered_r1 4 23 23.0 0.00655338878367524 2.1419815462462757 0.6346938775510204 0.9459183673469388 0.001 2 21 0.15122694166339173
filtered_r1 4 24 24.0 -0.003416345274237357 1.4005261138993867 0.7704081632653061 0.8877551020408163 0.001 3 21 0.15122694166339173
filtered_r1 4 25 25.0 -0.021819331052895304 2.6006454467773437 0.4142857142857143 0.9663265306122449 0.001 4 21 0.15122694166339173
filtered_r1 4 26 26.0 -0.057826605023874565 1.609001831619107 0.8428571428571429 0.7704081632653061 0.001 5 21 0.15122694166339173
filtered_r1 4 27 27.0 -0.04075848350079017 0.7945330683065921 0.7765306122448979 0.9826530612244898 0.001 6 21 0.15122694166339173
filtered_r1 4 28 28.0 -0.09769392890168276 1.290736047589049 0.689795918367347 0.9275510204081633 0.001 7 21 0.15122694166339173
filtered_r1 4 29 29.0 -0.13103686921768604 0.19001669445816352 0.9336734693877551 0.9836734693877551 0.001 8 21 0.15122694166339173
filtered_r1 4 30 30.0 -0.15221611900433485 0.056250384389137736 0.9673469387755103 0.9938775510204082 0.001 0 30 0.056250384389137736
filtered_r1 4 31 31.0 -0.1612589923674228 0.8191372226695626 0.9142857142857143 0.8071428571428572 0.001 1 30 0.056250384389137736
filtered_r1 4 32 32.0 -0.17462709542030755 0.2534233594427303 0.9387755102040817 0.9795918367346939 0.001 2 30 0.056250384389137736
filtered_r1 4 33 33.0 -0.17500925532157888 0.19741300539094575 0.9357142857142857 0.9816326530612245 0.001 3 30 0.056250384389137736
filtered_r1 4 34 34.0 -0.17325275132616055 0.977533503697843 0.7989795918367347 0.9622448979591837 0.001 4 30 0.056250384389137736
filtered_r1 4 35 35.0 -0.1140662080257847 1.5843234393061423 0.6632653061224489 0.9489795918367347 0.001 5 30 0.056250384389137736
filtered_r1 4 36 36.0 -0.04041169239508256 0.9060015391330329 0.8071428571428572 0.9346938775510204 0.001 6 30 0.056250384389137736
filtered_r1 4 37 37.0 -0.12521068053087536 0.4426860386011552 0.9336734693877551 0.9377551020408164 0.001 7 30 0.056250384389137736
filtered_r1 4 38 38.0 -0.167189531308978 0.05320889463230055 0.9459183673469388 0.9928571428571429 0.001 0 38 0.05320889463230055
filtered_r1 4 39 39.0 -0.2031127439538728 0.12293682098388672 0.9673469387755103 0.9693877551020408 0.001 1 38 0.05320889463230055
filtered_r1 4 40 40.0 -0.21223265987821346 0.2084869910259636 0.9724489795918367 0.9336734693877551 0.001 2 38 0.05320889463230055
filtered_r1 4 41 41.0 -0.21265237019162692 -0.022011825503135213 0.9734693877551021 0.9928571428571429 0.001 0 41 -0.022011825503135213
filtered_r1 4 42 42.0 -0.22169540272590196 -0.11455334935869489 0.9826530612244898 0.9928571428571429 0.001 0 42 -0.11455334935869489
filtered_r1 4 43 43.0 -0.21423064263582337 0.2917377549774793 0.9183673469387755 0.9877551020408163 0.001 1 42 -0.11455334935869489
filtered_r1 4 44 44.0 -0.21419259942340893 0.09302404413417895 0.95 0.9928571428571429 0.001 2 42 -0.11455334935869489
filtered_r1 4 45 45.0 -0.16075682493972604 3.5968624426394094 0.513265306122449 0.8959183673469387 0.001 3 42 -0.11455334935869489
filtered_r1 4 46 46.0 -0.0628160429011677 3.0191009404707927 0.7142857142857143 0.7387755102040816 0.001 4 42 -0.11455334935869489
filtered_r1 4 47 47.0 -0.12878256657423348 3.9279084575419523 0.4806122448979592 0.7846938775510204 0.001 5 42 -0.11455334935869489
filtered_r1 4 48 48.0 -0.16027609997860584 0.5769678874891632 0.8663265306122448 0.9877551020408163 0.001 6 42 -0.11455334935869489
filtered_r1 4 49 49.0 -0.2079826277924623 -0.03199269722919075 0.9693877551020408 0.9959183673469387 0.001 7 42 -0.11455334935869489
filtered_r1 4 50 50.0 -0.22316780625502197 0.010300182323066556 0.9622448979591837 0.9928571428571429 0.001 8 42 -0.11455334935869489
filtered_r1 4 51 51.0 -0.23402609137367564 -0.06307098038342535 0.976530612244898 0.9928571428571429 0.001 9 42 -0.11455334935869489
filtered_r1 4 52 52.0 -0.23477762315254888 -0.06350758513625787 0.9755102040816327 0.9938775510204082 0.001 10 42 -0.11455334935869489
filtered_r1 4 53 53.0 -0.2314249791181255 -0.09529741150992257 0.9857142857142858 0.9897959183673469 0.0005 11 42 -0.11455334935869489
filtered_r1 4 54 54.0 -0.2397687733579212 -0.07344179931952029 0.9755102040816327 0.9918367346938776 0.0005 12 42 -0.11455334935869489
filtered_r1 4 55 55.0 -0.24165999004638472 -0.11175266723243557 0.9806122448979592 0.9938775510204082 0.0005 13 42 -0.11455334935869489
filtered_r1 4 56 56.0 -0.24236571442469435 -0.12418685056725327 0.9816326530612245 0.9938775510204082 0.0005 0 56 -0.12418685056725327
filtered_r1 4 57 57.0 -0.24412222629344524 -0.11209483633236009 0.9816326530612245 0.9928571428571429 0.0005 1 56 -0.12418685056725327
filtered_r1 4 58 58.0 -0.2435366893918526 -0.12099456203227141 0.9826530612244898 0.9928571428571429 0.0005 2 56 -0.12418685056725327
filtered_r1 4 59 59.0 -0.24379480458691183 -0.1082748354697714 0.9806122448979592 0.9948979591836735 0.0005 3 56 -0.12418685056725327
filtered_r1 4 60 60.0 -0.2419013955676442 -0.06155284034962557 0.9755102040816327 0.9928571428571429 0.0005 4 56 -0.12418685056725327
filtered_r1 4 61 61.0 -0.24238639896802344 -0.08466546389521384 0.9795918367346939 0.9928571428571429 0.0005 5 56 -0.12418685056725327
filtered_r1 4 62 62.0 -0.24412416424255615 -0.05751015896699867 0.9724489795918367 0.9959183673469387 0.0005 6 56 -0.12418685056725327
filtered_r1 4 63 63.0 -0.24397132391827894 -0.1066075831043477 0.9816326530612245 0.9938775510204082 0.0005 7 56 -0.12418685056725327
filtered_r1 4 64 64.0 -0.24609205477139218 -0.11031714361541126 0.9836734693877551 0.9928571428571429 0.0005 8 56 -0.12418685056725327
filtered_r1 4 65 65.0 -0.24239759051794363 -0.09335223606654576 0.9755102040816327 0.9948979591836735 0.0005 9 56 -0.12418685056725327
filtered_r1 4 66 66.0 -0.24370330382735417 -0.062321478006791095 0.9734693877551021 0.9938775510204082 0.0005 10 56 -0.12418685056725327
filtered_r1 4 67 67.0 -0.2455549313163844 -0.08395290034157889 0.976530612244898 0.9959183673469387 0.00025 11 56 -0.12418685056725327
filtered_r1 4 68 68.0 -0.24613775256759082 -0.0656601467911078 0.9724489795918367 0.9928571428571429 0.00025 12 56 -0.12418685056725327
filtered_r1 4 69 69.0 -0.24719213094702647 -0.09709307368920773 0.976530612244898 0.9938775510204082 0.00025 13 56 -0.12418685056725327
filtered_r1 4 70 70.0 -0.2493502956003803 -0.12415964457453514 0.9816326530612245 0.9938775510204082 0.00025 14 56 -0.12418685056725327
filtered_r1 4 71 71.0 -0.24910087361965622 -0.1279454182605354 0.9826530612244898 0.9928571428571429 0.00025 0 71 -0.1279454182605354
filtered_r1 4 72 72.0 -0.24898800707058208 -0.11079817499433245 0.9816326530612245 0.9938775510204082 0.00025 1 71 -0.1279454182605354
filtered_r1 4 73 73.0 -0.24758254091035112 -0.12222935910127601 0.9816326530612245 0.9928571428571429 0.00025 2 71 -0.1279454182605354
filtered_r1 4 74 74.0 -0.24849856091909284 -0.09857364430719492 0.9775510204081632 0.9928571428571429 0.00025 3 71 -0.1279454182605354
filtered_r1 4 75 75.0 -0.2479666582140877 -0.10879362359338877 0.976530612244898 0.9938775510204082 0.00025 4 71 -0.1279454182605354
filtered_r1 4 76 76.0 -0.24925806757216556 -0.11309074236422169 0.9795918367346939 0.9928571428571429 0.00025 5 71 -0.1279454182605354
filtered_r1 4 77 77.0 -0.24806296968806402 -0.11850515628347591 0.9806122448979592 0.9928571428571429 0.00025 6 71 -0.1279454182605354
filtered_r1 4 78 78.0 -0.24728607923076523 -0.10693704595371169 0.976530612244898 0.9928571428571429 0.00025 7 71 -0.1279454182605354
filtered_r1 4 79 79.0 -0.24997062207999904 -0.10610498506195691 0.9806122448979592 0.9928571428571429 0.00025 8 71 -0.1279454182605354
filtered_r1 4 80 80.0 -0.24820981440195647 -0.09705446690929179 0.9734693877551021 0.9928571428571429 0.00025 9 71 -0.1279454182605354
filtered_r1 4 81 81.0 -0.2481574184289587 -0.11261388233729772 0.9795918367346939 0.9928571428571429 0.00025 10 71 -0.1279454182605354
filtered_r1 4 82 82.0 -0.24984486496453928 -0.09277505290751555 0.9806122448979592 0.9928571428571429 0.000125 11 71 -0.1279454182605354
filtered_r1 4 83 83.0 -0.25138561867931675 -0.12380486897059849 0.9795918367346939 0.9938775510204082 0.000125 12 71 -0.1279454182605354
filtered_r1 4 84 84.0 -0.2520488664284653 -0.12278135795982517 0.9826530612244898 0.9948979591836735 0.000125 13 71 -0.1279454182605354
filtered_r1 4 85 85.0 -0.25189576882748943 -0.12168446706265819 0.9806122448979592 0.9928571428571429 0.000125 14 71 -0.1279454182605354
filtered_r1 4 86 86.0 -0.2517687346628997 -0.12108641157344896 0.9816326530612245 0.9928571428571429 0.000125 15 71 -0.1279454182605354
filtered_r1 4 87 87.0 -0.25171011686325073 -0.1102227833806252 0.9806122448979592 0.9938775510204082 0.000125 16 71 -0.1279454182605354
filtered_r1 4 88 88.0 -0.2527732638894998 -0.12218679895206373 0.9816326530612245 0.9928571428571429 0.000125 17 71 -0.1279454182605354
filtered_r1 4 89 89.0 -0.25207549255109624 -0.11616460741782675 0.9785714285714285 0.9938775510204082 0.000125 18 71 -0.1279454182605354
filtered_r1 4 90 90.0 -0.25080576526864357 -0.0814947186684122 0.9775510204081632 0.9928571428571429 0.000125 19 71 -0.1279454182605354
filtered_r1 4 91 91.0 -0.2500191792757794 -0.11209574621550891 0.9795918367346939 0.9928571428571429 0.000125 20 71 -0.1279454182605354
filtered_r1 4 92 92.0 -0.25214864038306367 -0.105672253881182 0.9806122448979592 0.9928571428571429 0.000125 21 71 -0.1279454182605354
filtered_r1 4 93 93.0 -0.2516192495146503 -0.10732797457247364 0.9826530612244898 0.9938775510204082 6.25e-05 22 71 -0.1279454182605354
filtered_r1 4 94 94.0 -0.2525519992998931 -0.12751410640015895 0.9826530612244898 0.9928571428571429 6.25e-05 23 71 -0.1279454182605354
filtered_r1 4 95 95.0 -0.2529880166107884 -0.11868200837349405 0.9816326530612245 0.9928571428571429 6.25e-05 24 71 -0.1279454182605354
filtered_r1 4 96 96.0 -0.25303734504143 -0.12408086231776647 0.9836734693877551 0.9928571428571429 6.25e-05 25 71 -0.1279454182605354
filtered_r1 4 97 97.0 -0.25359901586988004 -0.12329834042763224 0.9806122448979592 0.9928571428571429 6.25e-05 26 71 -0.1279454182605354
filtered_r1 4 98 98.0 -0.25311062544841306 -0.1213127428171586 0.9846938775510204 0.9928571428571429 6.25e-05 27 71 -0.1279454182605354
filtered_r1 4 99 99.0 -0.25302028380033376 -0.1266938676639479 0.9836734693877551 0.9928571428571429 6.25e-05 28 71 -0.1279454182605354
filtered_r1 4 100 100.0 -0.2527156287412778 -0.12124345935120874 0.9816326530612245 0.9928571428571429 6.25e-05 29 71 -0.1279454182605354
filtered_r1 4 101 101.0 -0.2529145151552589 -0.12232952507174745 0.9826530612244898 0.9928571428571429 6.25e-05 30 71 -0.1279454182605354
filtered_r1 5 1 1.0 1.678473554899949 2.0477064210541394 0.42551020408163265 0.6755102040816326 0.001 0 1 2.0477064210541394
filtered_r1 5 2 2.0 1.057474910752967 1.238453349288629 0.7714285714285715 0.9418367346938775 0.001 0 2 1.238453349288629
filtered_r1 5 3 3.0 0.8507671037750573 1.0688457279789205 0.8285714285714286 0.9530612244897959 0.001 0 3 1.0688457279789205
filtered_r1 5 4 4.0 0.7327728632413091 0.9878967010245031 0.886734693877551 0.9295918367346939 0.001 0 4 0.9878967010245031
filtered_r1 5 5 5.0 0.6530525282302663 1.5248489769137636 0.6091836734693877 0.9020408163265307 0.001 1 4 0.9878967010245031
filtered_r1 5 6 6.0 0.5604865500941041 1.7503554241997854 0.5377551020408163 0.9061224489795918 0.001 2 4 0.9878967010245031
filtered_r1 5 7 7.0 0.5306190291264898 1.4258186033793858 0.7959183673469388 0.7224489795918367 0.001 3 4 0.9878967010245031
filtered_r1 5 8 8.0 0.46040311328562833 0.9623791816283246 0.7979591836734694 0.9387755102040817 0.001 0 8 0.9623791816283246
filtered_r1 5 9 9.0 0.3998787235629272 0.9054572229482689 0.7979591836734694 0.9459183673469388 0.001 0 9 0.9054572229482689
filtered_r1 5 10 10.0 0.35104523702637475 0.5680297729920368 0.9132653061224489 0.9836734693877551 0.001 0 10 0.5680297729920368
filtered_r1 5 11 11.0 0.2944045038559845 1.3429308054398517 0.7040816326530612 0.926530612244898 0.001 1 10 0.5680297729920368
filtered_r1 5 12 12.0 0.262172926097256 0.66818466332494 0.8683673469387755 0.9775510204081632 0.001 2 10 0.5680297729920368
filtered_r1 5 13 13.0 0.2686958525514148 1.1238640259723274 0.676530612244898 0.9683673469387755 0.001 3 10 0.5680297729920368
filtered_r1 5 14 14.0 0.20961241758903265 0.5103194154038722 0.9010204081632653 0.9846938775510204 0.001 0 14 0.5103194154038722
filtered_r1 5 15 15.0 0.15108328089084183 0.725564034617677 0.8724489795918368 0.8969387755102041 0.001 1 14 0.5103194154038722
filtered_r1 5 16 16.0 0.10789923036417742 1.0928474309493084 0.8061224489795918 0.9193877551020408 0.001 2 14 0.5103194154038722
filtered_r1 5 17 17.0 0.08912386339034375 0.5198727481219233 0.9224489795918367 0.9377551020408164 0.001 3 14 0.5103194154038722
filtered_r1 5 18 18.0 0.08399840679376493 0.9859595396080796 0.9132653061224489 0.746938775510204 0.001 4 14 0.5103194154038722
filtered_r1 5 19 19.0 0.037199704283429884 2.2870748792375837 0.5051020408163265 0.9785714285714285 0.001 5 14 0.5103194154038722
filtered_r1 5 20 20.0 0.05709809048631437 0.6369149383233518 0.8153061224489796 0.9826530612244898 0.001 6 14 0.5103194154038722
filtered_r1 5 21 21.0 0.03506681619316028 1.0518758657027265 0.7571428571428571 0.9897959183673469 0.001 7 14 0.5103194154038722
filtered_r1 5 22 22.0 -0.0050502576397269405 0.5027906831429929 0.8673469387755102 0.9775510204081632 0.001 0 22 0.5027906831429929
filtered_r1 5 23 23.0 -0.03253226920360335 1.9855388738671127 0.5959183673469388 0.9857142857142858 0.001 1 22 0.5027906831429929
filtered_r1 5 24 24.0 -0.05151252033923682 0.2368468849026427 0.939795918367347 0.9897959183673469 0.001 0 24 0.2368468849026427
filtered_r1 5 25 25.0 -0.07407437239892364 0.5790253159951191 0.8346938775510204 0.9918367346938776 0.001 1 24 0.2368468849026427
filtered_r1 5 26 26.0 -0.09663449440876895 0.5886422607363487 0.8683673469387755 0.9479591836734694 0.001 2 24 0.2368468849026427
filtered_r1 5 27 27.0 -0.10464207426937829 0.4385012865066528 0.8918367346938776 0.9775510204081632 0.001 3 24 0.2368468849026427
filtered_r1 5 28 28.0 -0.12739571900569036 0.13151747839791433 0.9479591836734694 0.9938775510204082 0.001 0 28 0.13151747839791433
filtered_r1 5 29 29.0 -0.13761918470635504 0.9180682012013026 0.7418367346938776 0.9897959183673469 0.001 1 28 0.13151747839791433
filtered_r1 5 30 30.0 -0.12704462987208875 1.3667483485474878 0.7673469387755102 0.9897959183673469 0.001 2 28 0.13151747839791433
filtered_r1 5 31 31.0 0.007374863028255745 3.8695666439679206 0.5642857142857143 0.6622448979591836 0.001 3 28 0.13151747839791433
filtered_r1 5 32 32.0 -0.057315645464647375 0.6100321202862019 0.8469387755102041 0.9857142857142858 0.001 4 28 0.13151747839791433
filtered_r1 5 33 33.0 -0.11592743356715968 0.6095803148892461 0.8520408163265306 0.9510204081632653 0.001 5 28 0.13151747839791433
filtered_r1 5 34 34.0 -0.1614932653257861 0.021546282087053573 0.9612244897959183 0.9959183673469387 0.001 0 34 0.021546282087053573
filtered_r1 5 35 35.0 -0.18668102330637693 0.13866466551410908 0.9612244897959183 0.9714285714285714 0.001 1 34 0.021546282087053573
filtered_r1 5 36 36.0 -0.19800615673221028 -0.00923912476520149 0.9755102040816327 0.9928571428571429 0.001 0 36 -0.00923912476520149
filtered_r1 5 37 37.0 -0.20533812817150607 0.07598203298996906 0.9551020408163265 0.9938775510204082 0.001 1 36 -0.00923912476520149
filtered_r1 5 38 38.0 -0.21355701810492206 -0.010247600808435557 0.9693877551020408 0.9918367346938776 0.001 0 38 -0.010247600808435557
filtered_r1 5 39 39.0 -0.2169543798273929 0.27258704779099446 0.9244897959183673 0.9806122448979592 0.001 1 38 -0.010247600808435557
filtered_r1 5 40 40.0 -0.212679119960752 0.08078842795625026 0.9540816326530612 0.986734693877551 0.001 2 38 -0.010247600808435557
filtered_r1 5 41 41.0 -0.20271287446556663 2.740035121294917 0.6704081632653062 0.7438775510204082 0.001 3 38 -0.010247600808435557
filtered_r1 5 42 42.0 -0.06434302696898153 1.641791459005706 0.7255102040816327 0.8887755102040816 0.001 4 38 -0.010247600808435557
filtered_r1 5 43 43.0 0.0009168824227463371 0.9143885943354393 0.9061224489795918 0.9010204081632653 0.001 5 38 -0.010247600808435557
filtered_r1 5 44 44.0 -0.14086943748481048 0.4091096629901808 0.8816326530612245 0.9887755102040816 0.001 6 38 -0.010247600808435557
filtered_r1 5 45 45.0 -0.19799235134410467 -0.0537494284766061 0.9775510204081632 0.9948979591836735 0.001 0 45 -0.0537494284766061
filtered_r1 5 46 46.0 -0.22282900687948012 -0.07958545830785012 0.9795918367346939 0.9948979591836735 0.001 0 46 -0.07958545830785012
filtered_r1 5 47 47.0 -0.2281483044096193 0.05384290948206065 0.9520408163265306 0.9928571428571429 0.001 1 46 -0.07958545830785012
filtered_r1 5 48 48.0 -0.22864670962893416 -0.056144737224189604 0.976530612244898 0.9928571428571429 0.001 2 46 -0.07958545830785012
filtered_r1 5 49 49.0 -0.2318660260274959 -0.09185584759225651 0.9795918367346939 0.9928571428571429 0.001 0 49 -0.09185584759225651
filtered_r1 5 50 50.0 -0.23310290484660007 -0.06082597995290951 0.976530612244898 0.9938775510204082 0.001 1 49 -0.09185584759225651
filtered_r1 5 51 51.0 -0.23638960890914978 -0.06966469823097696 0.9816326530612245 0.9948979591836735 0.001 2 49 -0.09185584759225651
filtered_r1 5 52 52.0 -0.23506482086882935 -0.03175950682893091 0.9673469387755103 0.9959183673469387 0.001 3 49 -0.09185584759225651
filtered_r1 5 53 53.0 -0.22097077701939163 0.31220813624712884 0.9091836734693878 0.9857142857142858 0.001 4 49 -0.09185584759225651
filtered_r1 5 54 54.0 -0.202213543277408 0.6110393806379668 0.8816326530612245 0.976530612244898 0.001 5 49 -0.09185584759225651
filtered_r1 5 55 55.0 -0.1764644242610057 1.1235382897513253 0.8153061224489796 0.9255102040816326 0.001 6 49 -0.09185584759225651
filtered_r1 5 56 56.0 -0.0695408927923541 1.513203044326938 0.7510204081632653 0.9663265306122449 0.001 7 49 -0.09185584759225651
filtered_r1 5 57 57.0 -0.12965705396909363 0.424993177822658 0.9193877551020408 0.9612244897959183 0.001 8 49 -0.09185584759225651
filtered_r1 5 58 58.0 -0.19838686756150484 0.14194028620817223 0.9336734693877551 0.9918367346938776 0.001 9 49 -0.09185584759225651
filtered_r1 5 59 59.0 -0.22888779453510488 -0.06371128851053666 0.9775510204081632 0.9948979591836735 0.001 10 49 -0.09185584759225651
filtered_r1 5 60 60.0 -0.23629026122381078 -0.10076589730321145 0.9806122448979592 0.9938775510204082 0.001 0 60 -0.10076589730321145
filtered_r1 5 61 61.0 -0.2399327204923331 -0.0920420014128393 0.9795918367346939 0.9948979591836735 0.001 1 60 -0.10076589730321145
filtered_r1 5 62 62.0 -0.24052920687268986 -0.11709301082455383 0.9795918367346939 0.9948979591836735 0.001 0 62 -0.11709301082455383
filtered_r1 5 63 63.0 -0.24133911362248445 -0.10338142648035166 0.9795918367346939 0.9948979591836735 0.001 1 62 -0.11709301082455383
filtered_r1 5 64 64.0 -0.2419372256430939 0.09133337906428746 0.9581632653061225 0.9928571428571429 0.001 2 62 -0.11709301082455383
filtered_r1 5 65 65.0 -0.24011136984424702 -0.0514275852514773 0.9836734693877551 0.9918367346938776 0.001 3 62 -0.11709301082455383
filtered_r1 5 66 66.0 -0.21219366661700345 1.7630690010226502 0.7377551020408163 0.9183673469387755 0.001 4 62 -0.11709301082455383
filtered_r1 5 67 67.0 -0.03912937430106019 1.7802406963036985 0.7540816326530613 0.9704081632653061 0.001 5 62 -0.11709301082455383
filtered_r1 5 68 68.0 -0.14111053494502349 0.8001557992429149 0.8438775510204082 0.976530612244898 0.001 6 62 -0.11709301082455383
filtered_r1 5 69 69.0 -0.21562900653601882 0.031050605190043545 0.9561224489795919 0.9938775510204082 0.001 7 62 -0.11709301082455383
filtered_r1 5 70 70.0 -0.2354926769158757 -0.07291749545506068 0.9755102040816327 0.9938775510204082 0.001 8 62 -0.11709301082455383
filtered_r1 5 71 71.0 -0.2378524888714389 -0.10549555457368189 0.9816326530612245 0.9938775510204082 0.001 9 62 -0.11709301082455383
filtered_r1 5 72 72.0 -0.23968793998996182 -0.08538037660170575 0.9785714285714285 0.9948979591836735 0.001 10 62 -0.11709301082455383
filtered_r1 5 73 73.0 -0.24260646813683115 -0.0916407838159678 0.976530612244898 0.9928571428571429 0.0005 11 62 -0.11709301082455383
filtered_r1 5 74 74.0 -0.24533356740374052 -0.12063226505201691 0.9806122448979592 0.9948979591836735 0.0005 0 74 -0.12063226505201691
filtered_r1 5 75 75.0 -0.24658644886596928 -0.11555236505002392 0.9836734693877551 0.9948979591836735 0.0005 1 74 -0.12063226505201691
filtered_r1 5 76 76.0 -0.247405734297042 -0.10391175357662902 0.9755102040816327 0.9948979591836735 0.0005 2 74 -0.12063226505201691
filtered_r1 5 77 77.0 -0.24631492473621341 -0.10706998182802784 0.9816326530612245 0.9948979591836735 0.0005 3 74 -0.12063226505201691
filtered_r1 5 78 78.0 -0.24730445147642913 -0.09498717444283622 0.9775510204081632 0.9948979591836735 0.0005 4 74 -0.12063226505201691
filtered_r1 5 79 79.0 -0.2471208739865113 -0.115252279748722 0.9826530612244898 0.9948979591836735 0.0005 5 74 -0.12063226505201691
filtered_r1 5 80 80.0 -0.24882178895320883 -0.11820911436664815 0.9806122448979592 0.9948979591836735 0.0005 6 74 -0.12063226505201691
filtered_r1 5 81 81.0 -0.24888317007613733 -0.09231260990609928 0.9785714285714285 0.9938775510204082 0.0005 7 74 -0.12063226505201691
filtered_r1 5 82 82.0 -0.24866996190789284 -0.09883073008790308 0.9785714285714285 0.9948979591836735 0.0005 8 74 -0.12063226505201691
filtered_r1 5 83 83.0 -0.24719483961693223 -0.12254723821367536 0.9795918367346939 0.9948979591836735 0.0005 0 83 -0.12254723821367536
filtered_r1 5 84 84.0 -0.24849165844148904 -0.10818881161358891 0.9775510204081632 0.9948979591836735 0.0005 1 83 -0.12254723821367536
filtered_r1 5 85 85.0 -0.24857837421700352 -0.11167157912740902 0.9795918367346939 0.9948979591836735 0.0005 2 83 -0.12254723821367536
filtered_r1 5 86 86.0 -0.2475299643106586 -0.09901589033555011 0.9795918367346939 0.9948979591836735 0.0005 3 83 -0.12254723821367536
filtered_r1 5 87 87.0 -0.246116180393948 -0.10469006762212636 0.9795918367346939 0.9948979591836735 0.0005 4 83 -0.12254723821367536
filtered_r1 5 88 88.0 -0.2475033389726553 -0.08693027788279008 0.9806122448979592 0.9938775510204082 0.0005 5 83 -0.12254723821367536
filtered_r1 5 89 89.0 -0.24978111962324048 -0.07947783275526397 0.976530612244898 0.9948979591836735 0.0005 6 83 -0.12254723821367536
filtered_r1 5 90 90.0 -0.24661660841038374 -0.09365229266030448 0.9795918367346939 0.9948979591836735 0.0005 7 83 -0.12254723821367536
filtered_r1 5 91 91.0 -0.24822631468839987 -0.09652136539926334 0.9806122448979592 0.9948979591836735 0.0005 8 83 -0.12254723821367536
filtered_r1 5 92 92.0 -0.2490514342047873 -0.0973919610587918 0.9775510204081632 0.9948979591836735 0.0005 9 83 -0.12254723821367536
filtered_r1 5 93 93.0 -0.24886348882805906 -0.08887846956447679 0.9744897959183674 0.9948979591836735 0.0005 10 83 -0.12254723821367536
filtered_r1 5 94 94.0 -0.24642339539538716 -0.12163384885204082 0.9806122448979592 0.9948979591836735 0.00025 11 83 -0.12254723821367536
filtered_r1 5 95 95.0 -0.25174757958648963 -0.11487519011205556 0.9816326530612245 0.9948979591836735 0.00025 12 83 -0.12254723821367536
filtered_r1 5 96 96.0 -0.2529649031037804 -0.11288055643743398 0.9806122448979592 0.9948979591836735 0.00025 13 83 -0.12254723821367536
filtered_r1 5 97 97.0 -0.25304473831715285 -0.12179584843771799 0.9816326530612245 0.9948979591836735 0.00025 14 83 -0.12254723821367536
filtered_r1 5 98 98.0 -0.25242123488020585 -0.11735798290797643 0.9816326530612245 0.9948979591836735 0.00025 15 83 -0.12254723821367536
filtered_r1 5 99 99.0 -0.25297679849175286 -0.11853955132620675 0.9846938775510204 0.9938775510204082 0.00025 16 83 -0.12254723821367536
filtered_r1 5 100 100.0 -0.25271974606130865 -0.10391260604469144 0.9816326530612245 0.9948979591836735 0.00025 17 83 -0.12254723821367536
filtered_r1 5 101 101.0 -0.2518581701472192 -0.09630840408558748 0.9785714285714285 0.9948979591836735 0.00025 18 83 -0.12254723821367536
filtered_r1 5 102 102.0 -0.2519434595508463 -0.10641262774564782 0.9806122448979592 0.9938775510204082 0.00025 19 83 -0.12254723821367536
filtered_r1 5 103 103.0 -0.25174733775883873 -0.10255544039667869 0.9775510204081632 0.9948979591836735 0.00025 20 83 -0.12254723821367536
filtered_r1 5 104 104.0 -0.25198028282961193 -0.10352981820398448 0.9806122448979592 0.9948979591836735 0.00025 21 83 -0.12254723821367536
filtered_r1 5 105 105.0 -0.2511591271438547 -0.11442264732049436 0.9826530612244898 0.9948979591836735 0.000125 22 83 -0.12254723821367536
filtered_r1 5 106 106.0 -0.25364794803650553 -0.12494862079620361 0.9836734693877551 0.9948979591836735 0.000125 0 106 -0.12494862079620361
filtered_r1 5 107 107.0 -0.2543254516582515 -0.13074613590629733 0.9816326530612245 0.9948979591836735 0.000125 0 107 -0.13074613590629733
filtered_r1 5 108 108.0 -0.2540876652455254 -0.12433897329836475 0.9826530612244898 0.9948979591836735 0.000125 1 107 -0.13074613590629733
filtered_r1 5 109 109.0 -0.2535961696466315 -0.11313133288402946 0.9806122448979592 0.9948979591836735 0.000125 2 107 -0.13074613590629733
filtered_r1 5 110 110.0 -0.2541569725416273 -0.12704284872327531 0.9806122448979592 0.9948979591836735 0.000125 3 107 -0.13074613590629733
filtered_r1 5 111 111.0 -0.25459352913521877 -0.11250661879169697 0.9816326530612245 0.9938775510204082 0.000125 4 107 -0.13074613590629733
filtered_r1 5 112 112.0 -0.25377732953644316 -0.12139135818092191 0.9826530612244898 0.9948979591836735 0.000125 5 107 -0.13074613590629733
filtered_r1 5 113 113.0 -0.2545814435426831 -0.1063868809719475 0.9795918367346939 0.9948979591836735 0.000125 6 107 -0.13074613590629733
filtered_r1 5 114 114.0 -0.25325310719971 -0.12644860209250935 0.9826530612244898 0.9948979591836735 0.000125 7 107 -0.13074613590629733
filtered_r1 5 115 115.0 -0.25404751685008753 -0.12556063155738675 0.9846938775510204 0.9959183673469387 0.000125 8 107 -0.13074613590629733
filtered_r1 5 116 116.0 -0.2532739733437544 -0.11840400793114488 0.9836734693877551 0.9948979591836735 0.000125 9 107 -0.13074613590629733
filtered_r1 5 117 117.0 -0.25380096644420164 -0.09769958963199538 0.9806122448979592 0.9948979591836735 0.000125 10 107 -0.13074613590629733
filtered_r1 5 118 118.0 -0.2526927360122549 -0.11836761357832928 0.9826530612244898 0.9948979591836735 6.25e-05 11 107 -0.13074613590629733
filtered_r1 5 119 119.0 -0.25429064230219756 -0.1203301663301429 0.9836734693877551 0.9948979591836735 6.25e-05 12 107 -0.13074613590629733
filtered_r1 5 120 120.0 -0.2548789475053968 -0.12016077430880799 0.9806122448979592 0.9948979591836735 6.25e-05 13 107 -0.13074613590629733
filtered_r1 5 121 121.0 -0.2545362407383029 -0.12485886544597392 0.9836734693877551 0.9948979591836735 6.25e-05 14 107 -0.13074613590629733
filtered_r1 5 122 122.0 -0.2552933429946588 -0.11843589130713016 0.9836734693877551 0.9948979591836735 6.25e-05 15 107 -0.13074613590629733
filtered_r1 5 123 123.0 -0.2552380575627237 -0.12442681546113929 0.9857142857142858 0.9948979591836735 6.25e-05 16 107 -0.13074613590629733
filtered_r1 5 124 124.0 -0.25484889128832616 -0.12028829321569326 0.9826530612244898 0.9948979591836735 6.25e-05 17 107 -0.13074613590629733
filtered_r1 5 125 125.0 -0.2548482303612891 -0.12018386003922443 0.9836734693877551 0.9948979591836735 6.25e-05 18 107 -0.13074613590629733
filtered_r1 5 126 126.0 -0.25474861969040896 -0.11522826029329884 0.9826530612244898 0.9948979591836735 6.25e-05 19 107 -0.13074613590629733
filtered_r1 5 127 127.0 -0.25452035235319687 -0.12742557476977912 0.9826530612244898 0.9948979591836735 6.25e-05 20 107 -0.13074613590629733
filtered_r1 5 128 128.0 -0.25539039889087584 -0.12068727405703798 0.9826530612244898 0.9948979591836735 6.25e-05 21 107 -0.13074613590629733
filtered_r1 5 129 129.0 -0.25506191780174314 -0.12243630642793617 0.9806122448979592 0.9948979591836735 3.125e-05 22 107 -0.13074613590629733
filtered_r1 5 130 130.0 -0.25484371996986505 -0.1171824683948439 0.9836734693877551 0.9948979591836735 3.125e-05 23 107 -0.13074613590629733
filtered_r1 5 131 131.0 -0.2555106076607637 -0.1219771686865359 0.9836734693877551 0.9948979591836735 3.125e-05 24 107 -0.13074613590629733
filtered_r1 5 132 132.0 -0.25503550902096944 -0.1199603761945452 0.9826530612244898 0.9938775510204082 3.125e-05 25 107 -0.13074613590629733
filtered_r1 5 133 133.0 -0.255003924268081 -0.12778878017347686 0.9836734693877551 0.9948979591836735 3.125e-05 26 107 -0.13074613590629733
filtered_r1 5 134 134.0 -0.25549733078701625 -0.11959862903672822 0.9826530612244898 0.9948979591836735 3.125e-05 27 107 -0.13074613590629733
filtered_r1 5 135 135.0 -0.2554807908633488 -0.12262644135222144 0.9826530612244898 0.9948979591836735 3.125e-05 28 107 -0.13074613590629733
filtered_r1 5 136 136.0 -0.25552347842206535 -0.11552550987321503 0.9816326530612245 0.9948979591836735 3.125e-05 29 107 -0.13074613590629733
filtered_r1 5 137 137.0 -0.2554893746627118 -0.12133671020974918 0.9836734693877551 0.9948979591836735 3.125e-05 30 107 -0.13074613590629733
filtered_r1 6 1 1.0 1.7177990729084784 2.1279075476588036 0.47959183673469385 0.7714285714285715 0.001 0 1 2.1279075476588036
filtered_r1 6 2 2.0 1.0881535069162176 1.545145306295278 0.6744897959183673 0.7765306122448979 0.001 0 2 1.545145306295278
filtered_r1 6 3 3.0 0.9048786013709703 1.057746240070888 0.8540816326530613 0.9479591836734694 0.001 0 3 1.057746240070888
filtered_r1 6 4 4.0 0.7666605598429794 0.889521410270613 0.8367346938775511 0.9653061224489796 0.001 0 4 0.889521410270613
filtered_r1 6 5 5.0 0.6819665133276691 1.2502950181766432 0.7887755102040817 0.8306122448979592 0.001 1 4 0.889521410270613
filtered_r1 6 6 6.0 0.5953585074481453 0.6876809811105533 0.9081632653061225 0.9826530612244898 0.001 0 6 0.6876809811105533
filtered_r1 6 7 7.0 0.5529565415326109 2.3203382550453653 0.5836734693877551 0.9357142857142857 0.001 1 6 0.6876809811105533
filtered_r1 6 8 8.0 0.4621491736165513 1.5677076393244218 0.5816326530612245 0.9387755102040817 0.001 2 6 0.6876809811105533
filtered_r1 6 9 9.0 0.4137666371671709 0.8146748114605339 0.8387755102040816 0.9816326530612245 0.001 3 6 0.6876809811105533
filtered_r1 6 10 10.0 0.39336473189372123 0.9659521976295783 0.7765306122448979 0.9714285714285714 0.001 4 6 0.6876809811105533
filtered_r1 6 11 11.0 0.31806491102297846 0.8294224641761001 0.8397959183673469 0.9653061224489796 0.001 5 6 0.6876809811105533
filtered_r1 6 12 12.0 0.27267827220088614 0.378297050510134 0.9540816326530612 0.9693877551020408 0.001 0 12 0.378297050510134
filtered_r1 6 13 13.0 0.22056697992860758 2.105576250504474 0.6836734693877551 0.7428571428571429 0.001 1 12 0.378297050510134
filtered_r1 6 14 14.0 0.20509825390520497 2.3228914173281923 0.5204081632653061 0.9714285714285714 0.001 2 12 0.378297050510134
filtered_r1 6 15 15.0 0.1961035497665838 0.8348350325409247 0.8316326530612245 0.9744897959183674 0.001 3 12 0.378297050510134
filtered_r1 6 16 16.0 0.1511071693935126 1.0220896983633236 0.75 0.9540816326530612 0.001 4 12 0.378297050510134
filtered_r1 6 17 17.0 0.11566847979454252 0.44522998430291 0.8938775510204081 0.9887755102040816 0.001 5 12 0.378297050510134
filtered_r1 6 18 18.0 0.07837339084471998 1.4122687193812156 0.6551020408163265 0.9918367346938776 0.001 6 12 0.378297050510134
filtered_r1 6 19 19.0 0.07983741444238358 1.190483217823262 0.6887755102040817 0.9836734693877551 0.001 7 12 0.378297050510134
filtered_r1 6 20 20.0 0.03947036868596261 0.43124834445058086 0.9142857142857143 0.9806122448979592 0.001 8 12 0.378297050510134
filtered_r1 6 21 21.0 0.008220048070873827 0.8568162409626707 0.7540816326530613 0.9734693877551021 0.001 9 12 0.378297050510134
filtered_r1 6 22 22.0 -0.019756806881602005 0.9077244600471185 0.7408163265306122 0.9897959183673469 0.001 10 12 0.378297050510134
filtered_r1 6 23 23.0 -0.031149950722267127 0.6444972517539044 0.8040816326530612 0.976530612244898 0.0005 11 12 0.378297050510134
filtered_r1 6 24 24.0 -0.07062576201846262 0.18709763969693866 0.9581632653061225 0.9724489795918367 0.0005 0 24 0.18709763969693866
filtered_r1 6 25 25.0 -0.09939754423205549 0.0053489346893466246 0.976530612244898 0.9908163265306122 0.0005 0 25 0.0053489346893466246
filtered_r1 6 26 26.0 -0.1139636624687323 -0.018554238883816465 0.9826530612244898 0.9938775510204082 0.0005 0 26 -0.018554238883816465
filtered_r1 6 27 27.0 -0.12615814070457013 -0.02310205333086909 0.9857142857142858 0.9928571428571429 0.0005 0 27 -0.02310205333086909
filtered_r1 6 28 28.0 -0.13167904305880143 -0.008448656724423778 0.9755102040816327 0.9938775510204082 0.0005 1 27 -0.02310205333086909
filtered_r1 6 29 29.0 -0.13990285049716397 -0.029580655146618277 0.9826530612244898 0.9928571428571429 0.0005 0 29 -0.029580655146618277
filtered_r1 6 30 30.0 -0.14469071720818524 0.06944905422171768 0.9591836734693877 0.9928571428571429 0.0005 1 29 -0.029580655146618277
filtered_r1 6 31 31.0 -0.14825709181052688 0.002228028676947769 0.9724489795918367 0.9908163265306122 0.0005 2 29 -0.029580655146618277
filtered_r1 6 32 32.0 -0.16011409937009669 0.01358272664400996 0.9734693877551021 0.9938775510204082 0.0005 3 29 -0.029580655146618277
filtered_r1 6 33 33.0 -0.16565403129856424 -0.012723491873059954 0.9724489795918367 0.9908163265306122 0.0005 4 29 -0.029580655146618277
filtered_r1 6 34 34.0 -0.16555702932520558 0.1109896107595794 0.9561224489795919 0.9846938775510204 0.0005 5 29 -0.029580655146618277
filtered_r1 6 35 35.0 -0.14988408246150733 0.18622534056099094 0.9408163265306122 0.9928571428571429 0.0005 6 29 -0.029580655146618277
filtered_r1 6 36 36.0 -0.10772475111879547 0.9706938130514963 0.9030612244897959 0.8795918367346939 0.0005 7 29 -0.029580655146618277
filtered_r1 6 37 37.0 -0.11446769836540932 0.1420248231109308 0.9448979591836735 0.9836734693877551 0.0005 8 29 -0.029580655146618277
filtered_r1 6 38 38.0 -0.16197773163501533 0.059465162608088276 0.963265306122449 0.9918367346938776 0.0005 9 29 -0.029580655146618277
filtered_r1 6 39 39.0 -0.17616807067064172 0.397754129828239 0.9336734693877551 0.9530612244897959 0.0005 10 29 -0.029580655146618277
filtered_r1 6 40 40.0 -0.19332869189249835 0.018115996827884596 0.9591836734693877 0.9918367346938776 0.00025 11 29 -0.029580655146618277
filtered_r1 6 41 41.0 -0.19998438654300899 -0.09364651368588818 0.9836734693877551 0.9948979591836735 0.00025 0 41 -0.09364651368588818
filtered_r1 6 42 42.0 -0.20435686897160082 -0.09243791054706184 0.9806122448979592 0.9948979591836735 0.00025 1 41 -0.09364651368588818
filtered_r1 6 43 43.0 -0.207594474391184 -0.0909522355819235 0.9826530612244898 0.9938775510204082 0.00025 2 41 -0.09364651368588818
filtered_r1 6 44 44.0 -0.20943402413395498 -0.09681818655558995 0.9857142857142858 0.9948979591836735 0.00025 0 44 -0.09681818655558995
filtered_r1 6 45 45.0 -0.2110273806387546 -0.09383020230701991 0.9836734693877551 0.9948979591836735 0.00025 1 44 -0.09681818655558995
filtered_r1 6 46 46.0 -0.21300671423125472 -0.07221164679040715 0.9816326530612245 0.9948979591836735 0.00025 2 44 -0.09681818655558995
filtered_r1 6 47 47.0 -0.21401721195800164 -0.10635490490465747 0.9846938775510204 0.9948979591836735 0.00025 0 47 -0.10635490490465747
filtered_r1 6 48 48.0 -0.21526883195542879 -0.06894027724557994 0.9734693877551021 0.9948979591836735 0.00025 1 47 -0.10635490490465747
filtered_r1 6 49 49.0 -0.21784478244703573 -0.08925247508652356 0.9795918367346939 0.9948979591836735 0.00025 2 47 -0.10635490490465747
filtered_r1 6 50 50.0 -0.21913533277312464 -0.07776529691657241 0.9816326530612245 0.9887755102040816 0.00025 3 47 -0.10635490490465747
filtered_r1 6 51 51.0 -0.22059369438948873 -0.08420909156604689 0.9846938775510204 0.9918367346938776 0.00025 4 47 -0.10635490490465747
filtered_r1 6 52 52.0 -0.2225397952134318 -0.10721423942215588 0.986734693877551 0.9928571428571429 0.00025 0 52 -0.10721423942215588
filtered_r1 6 53 53.0 -0.2238629226299291 -0.06168917052599848 0.9795918367346939 0.9918367346938776 0.00025 1 52 -0.10721423942215588
filtered_r1 6 54 54.0 -0.22349392664308068 -0.06339312718839062 0.986734693877551 0.9887755102040816 0.00025 2 52 -0.10721423942215588
filtered_r1 6 55 55.0 -0.22412813367272202 -0.07954033807832367 0.9857142857142858 0.9928571428571429 0.00025 3 52 -0.10721423942215588
filtered_r1 6 56 56.0 -0.22479092898933767 0.03663092146114427 0.9714285714285714 0.9836734693877551 0.00025 4 52 -0.10721423942215588
filtered_r1 6 57 57.0 -0.22419853341400867 -0.08692352577131622 0.9836734693877551 0.9918367346938776 0.00025 5 52 -0.10721423942215588
filtered_r1 6 58 58.0 -0.22562060191638894 -0.05892088851150201 0.9877551020408163 0.9877551020408163 0.00025 6 52 -0.10721423942215588
filtered_r1 6 59 59.0 -0.22687539078136276 -0.070201098189062 0.9775510204081632 0.9928571428571429 0.00025 7 52 -0.10721423942215588
filtered_r1 6 60 60.0 -0.22781132864400142 -0.05973287212605379 0.9816326530612245 0.986734693877551 0.00025 8 52 -0.10721423942215588
filtered_r1 6 61 61.0 -0.22385040503223538 0.3855239167505381 0.9020408163265307 0.9887755102040816 0.00025 9 52 -0.10721423942215588
filtered_r1 6 62 62.0 -0.21423771746094747 0.01564633067773313 0.976530612244898 0.9785714285714285 0.00025 10 52 -0.10721423942215588
filtered_r1 6 63 63.0 -0.20927394637723862 0.6442425815426573 0.9153061224489796 0.9316326530612244 0.000125 11 52 -0.10721423942215588
filtered_r1 6 64 64.0 -0.22657444371021287 -0.07175179403655384 0.9816326530612245 0.9928571428571429 0.000125 12 52 -0.10721423942215588
filtered_r1 6 65 65.0 -0.2355542859054943 -0.09838624341147287 0.9795918367346939 0.9928571428571429 0.000125 13 52 -0.10721423942215588
filtered_r1 6 66 66.0 -0.23748905746383772 -0.08779260163404504 0.9785714285714285 0.9928571428571429 0.000125 14 52 -0.10721423942215588
filtered_r1 6 67 67.0 -0.23895139316510353 -0.1024321505001613 0.9806122448979592 0.9928571428571429 0.000125 15 52 -0.10721423942215588
filtered_r1 6 68 68.0 -0.23927712421551434 -0.10623332213382332 0.9816326530612245 0.9938775510204082 0.000125 16 52 -0.10721423942215588
filtered_r1 6 69 69.0 -0.24027177717162976 -0.11531848639858013 0.9846938775510204 0.9938775510204082 0.000125 0 69 -0.11531848639858013
filtered_r1 6 70 70.0 -0.24144635596061045 -0.12470161890497013 0.9857142857142858 0.9948979591836735 0.000125 0 70 -0.12470161890497013
filtered_r1 6 71 71.0 -0.24157809107291714 -0.11248356006583389 0.9857142857142858 0.9938775510204082 0.000125 1 70 -0.12470161890497013
filtered_r1 6 72 72.0 -0.24126064374237996 -0.11855818008889957 0.9857142857142858 0.9938775510204082 0.000125 2 70 -0.12470161890497013
filtered_r1 6 73 73.0 -0.24214619714673735 -0.10483383645816725 0.9816326530612245 0.9928571428571429 0.000125 3 70 -0.12470161890497013
filtered_r1 6 74 74.0 -0.24306426625115407 -0.09493606966369006 0.9795918367346939 0.9948979591836735 0.000125 4 70 -0.12470161890497013
filtered_r1 6 75 75.0 -0.24181432319239385 -0.09967948392945893 0.9836734693877551 0.9928571428571429 0.000125 5 70 -0.12470161890497013
filtered_r1 6 76 76.0 -0.24249723655118002 -0.09886728160235346 0.9826530612244898 0.9928571428571429 0.000125 6 70 -0.12470161890497013
filtered_r1 6 77 77.0 -0.24386301740861946 -0.11036177119430231 0.9816326530612245 0.9928571428571429 0.000125 7 70 -0.12470161890497013
filtered_r1 6 78 78.0 -0.2439963568950641 -0.08932729253963548 0.9785714285714285 0.9938775510204082 0.000125 8 70 -0.12470161890497013
filtered_r1 6 79 79.0 -0.24350278909456388 -0.10157940485039536 0.9806122448979592 0.9948979591836735 0.000125 9 70 -0.12470161890497013
filtered_r1 6 80 80.0 -0.24455792307042015 -0.12238400250065083 0.9887755102040816 0.9938775510204082 0.000125 10 70 -0.12470161890497013
filtered_r1 6 81 81.0 -0.2438768985268207 -0.10976320237529522 0.9857142857142858 0.9897959183673469 6.25e-05 11 70 -0.12470161890497013
filtered_r1 6 82 82.0 -0.24569759759045817 -0.1121453942084799 0.9846938775510204 0.9928571428571429 6.25e-05 12 70 -0.12470161890497013
filtered_r1 6 83 83.0 -0.24665583733044805 -0.11630332907851862 0.9836734693877551 0.9948979591836735 6.25e-05 13 70 -0.12470161890497013
filtered_r1 6 84 84.0 -0.2461960750766846 -0.11137564766163728 0.9836734693877551 0.9938775510204082 6.25e-05 14 70 -0.12470161890497013
filtered_r1 6 85 85.0 -0.24742506681871695 -0.12515927188250484 0.9846938775510204 0.9938775510204082 6.25e-05 0 85 -0.12515927188250484
filtered_r1 6 86 86.0 -0.24770883628037427 -0.12255210097955198 0.9836734693877551 0.9938775510204082 6.25e-05 1 85 -0.12515927188250484
filtered_r1 6 87 87.0 -0.2474254555881862 -0.12245506753726881 0.9846938775510204 0.9938775510204082 6.25e-05 2 85 -0.12515927188250484
filtered_r1 6 88 88.0 -0.24774814371731516 -0.11929476455766327 0.9857142857142858 0.9938775510204082 6.25e-05 3 85 -0.12515927188250484
filtered_r1 6 89 89.0 -0.24785734123930409 -0.12193477494376047 0.986734693877551 0.9938775510204082 6.25e-05 4 85 -0.12515927188250484
filtered_r1 6 90 90.0 -0.24685988645904236 -0.10879539908195028 0.9816326530612245 0.9938775510204082 6.25e-05 5 85 -0.12515927188250484
filtered_r1 6 91 91.0 -0.2487860684821241 -0.12114991849782515 0.986734693877551 0.9938775510204082 6.25e-05 6 85 -0.12515927188250484
filtered_r1 6 92 92.0 -0.2478978360343185 -0.11369226416762994 0.9816326530612245 0.9938775510204082 6.25e-05 7 85 -0.12515927188250484
filtered_r1 6 93 93.0 -0.2477659641262406 -0.11896429061889649 0.9857142857142858 0.9938775510204082 6.25e-05 8 85 -0.12515927188250484
filtered_r1 6 94 94.0 -0.24861543845762407 -0.11638694247420953 0.9897959183673469 0.9938775510204082 6.25e-05 9 85 -0.12515927188250484
filtered_r1 6 95 95.0 -0.24875858706124956 -0.12540350933464206 0.9877551020408163 0.9948979591836735 6.25e-05 0 95 -0.12540350933464206
filtered_r1 6 96 96.0 -0.24823945306184017 -0.11357424843068026 0.9816326530612245 0.9938775510204082 6.25e-05 1 95 -0.12540350933464206
filtered_r1 6 97 97.0 -0.24830087449839588 -0.11817996939834283 0.9816326530612245 0.9938775510204082 6.25e-05 2 95 -0.12540350933464206
filtered_r1 6 98 98.0 -0.24812431929060616 -0.11644475070797668 0.9877551020408163 0.9928571428571429 6.25e-05 3 95 -0.12540350933464206
filtered_r1 6 99 99.0 -0.24854318393775673 -0.11877059595925467 0.9836734693877551 0.9948979591836735 6.25e-05 4 95 -0.12540350933464206
filtered_r1 6 100 100.0 -0.24871307313848073 -0.10633385181427002 0.9785714285714285 0.9938775510204082 6.25e-05 5 95 -0.12540350933464206
filtered_r1 6 101 101.0 -0.24870437040038937 -0.11236719063350133 0.9836734693877551 0.9938775510204082 6.25e-05 6 95 -0.12540350933464206
filtered_r1 6 102 102.0 -0.24964632738518597 -0.10140696107124796 0.9775510204081632 0.9948979591836735 6.25e-05 7 95 -0.12540350933464206
filtered_r1 6 103 103.0 -0.24911699049374325 -0.12853300474127943 0.9846938775510204 0.9948979591836735 6.25e-05 0 103 -0.12853300474127943
filtered_r1 6 104 104.0 -0.2494297258106081 -0.12719191191147786 0.986734693877551 0.9938775510204082 6.25e-05 1 103 -0.12853300474127943
filtered_r1 6 105 105.0 -0.24950115057321445 -0.11719856797432412 0.9836734693877551 0.9948979591836735 6.25e-05 2 103 -0.12853300474127943
filtered_r1 6 106 106.0 -0.2501959973067735 -0.11606710541005037 0.9836734693877551 0.9948979591836735 6.25e-05 3 103 -0.12853300474127943
filtered_r1 6 107 107.0 -0.2505881553393194 -0.10885440865341497 0.9846938775510204 0.9938775510204082 6.25e-05 4 103 -0.12853300474127943
filtered_r1 6 108 108.0 -0.25056648901035933 -0.1110081147174446 0.9795918367346939 0.9938775510204082 6.25e-05 5 103 -0.12853300474127943
filtered_r1 6 109 109.0 -0.249862915864599 -0.10812296672743194 0.986734693877551 0.9938775510204082 6.25e-05 6 103 -0.12853300474127943
filtered_r1 6 110 110.0 -0.2505323712088766 -0.11770992960248675 0.9836734693877551 0.9938775510204082 6.25e-05 7 103 -0.12853300474127943
filtered_r1 6 111 111.0 -0.25044526606865813 -0.11039486758562983 0.986734693877551 0.9928571428571429 6.25e-05 8 103 -0.12853300474127943
filtered_r1 6 112 112.0 -0.24995123003484768 -0.11115344738473698 0.9857142857142858 0.9928571428571429 6.25e-05 9 103 -0.12853300474127943
filtered_r1 6 113 113.0 -0.25108584551934593 -0.11266475502325564 0.9846938775510204 0.9948979591836735 6.25e-05 10 103 -0.12853300474127943
filtered_r1 6 114 114.0 -0.25095668650192937 -0.12242481805840318 0.986734693877551 0.9948979591836735 3.125e-05 11 103 -0.12853300474127943
filtered_r1 6 115 115.0 -0.2522493058640579 -0.12456283228737967 0.9887755102040816 0.9948979591836735 3.125e-05 12 103 -0.12853300474127943
filtered_r1 6 116 116.0 -0.2527321626314292 -0.12402449432684451 0.9826530612244898 0.9948979591836735 3.125e-05 13 103 -0.12853300474127943
filtered_r1 6 117 117.0 -0.252703072805054 -0.11918646754050741 0.9857142857142858 0.9938775510204082 3.125e-05 14 103 -0.12853300474127943
filtered_r1 6 118 118.0 -0.2531019394851196 -0.13057631424495153 0.9846938775510204 0.9948979591836735 3.125e-05 0 118 -0.13057631424495153
filtered_r1 6 119 119.0 -0.25319924621867745 -0.11827555675895847 0.986734693877551 0.9938775510204082 3.125e-05 1 118 -0.13057631424495153
filtered_r1 6 120 120.0 -0.2526309950969677 -0.12999975924589197 0.9877551020408163 0.9948979591836735 3.125e-05 2 118 -0.13057631424495153
filtered_r1 6 121 121.0 -0.2525112921684047 -0.11290831371229522 0.9806122448979592 0.9948979591836735 3.125e-05 3 118 -0.13057631424495153
filtered_r1 6 122 122.0 -0.25249464404729083 -0.12365539511855768 0.986734693877551 0.9948979591836735 3.125e-05 4 118 -0.13057631424495153
filtered_r1 6 123 123.0 -0.2535194967802795 -0.126091176636365 0.9836734693877551 0.9938775510204082 3.125e-05 5 118 -0.13057631424495153
filtered_r1 6 124 124.0 -0.2531553418107104 -0.11870160005530532 0.9826530612244898 0.9938775510204082 3.125e-05 6 118 -0.13057631424495153
filtered_r1 6 125 125.0 -0.25272728779399284 -0.1094420068118037 0.9806122448979592 0.9938775510204082 3.125e-05 7 118 -0.13057631424495153
filtered_r1 6 126 126.0 -0.25307287024845604 -0.11830089140911491 0.9826530612244898 0.9938775510204082 3.125e-05 8 118 -0.13057631424495153
filtered_r1 6 127 127.0 -0.25271868446010703 -0.1231568667353416 0.9877551020408163 0.9948979591836735 3.125e-05 9 118 -0.13057631424495153
filtered_r1 6 128 128.0 -0.2523871323654341 -0.11957561434531698 0.9836734693877551 0.9948979591836735 3.125e-05 10 118 -0.13057631424495153
filtered_r1 6 129 129.0 -0.25319229257794007 -0.11127493624784508 0.9826530612244898 0.9948979591836735 1.5625e-05 11 118 -0.13057631424495153
filtered_r1 6 130 130.0 -0.25380446128395 -0.1224454539162772 0.9836734693877551 0.9948979591836735 1.5625e-05 12 118 -0.13057631424495153
filtered_r1 6 131 131.0 -0.2536038999334553 -0.12492385689093143 0.9846938775510204 0.9948979591836735 1.5625e-05 13 118 -0.13057631424495153
filtered_r1 6 132 132.0 -0.2538191267321773 -0.12513817865021376 0.9897959183673469 0.9948979591836735 1.5625e-05 14 118 -0.13057631424495153
filtered_r1 6 133 133.0 -0.2541448804556214 -0.13196275818104647 0.9908163265306122 0.9948979591836735 1.5625e-05 0 133 -0.13196275818104647
filtered_r1 6 134 134.0 -0.2534428989946761 -0.1303127536968309 0.9908163265306122 0.9948979591836735 1.5625e-05 1 133 -0.13196275818104647
filtered_r1 6 135 135.0 -0.2539533424583068 -0.12769291595536836 0.9877551020408163 0.9948979591836735 1.5625e-05 2 133 -0.13196275818104647
filtered_r1 6 136 136.0 -0.254212973959815 -0.12325111165338633 0.9846938775510204 0.9948979591836735 1.5625e-05 3 133 -0.13196275818104647
filtered_r1 6 137 137.0 -0.2533183967964356 -0.1308582860596326 0.9857142857142858 0.9948979591836735 1.5625e-05 4 133 -0.13196275818104647
filtered_r1 6 138 138.0 -0.25417827637261603 -0.12303666873854034 0.9836734693877551 0.9948979591836735 1.5625e-05 5 133 -0.13196275818104647
filtered_r1 6 139 139.0 -0.25398903971523573 -0.12915623139361945 0.9857142857142858 0.9948979591836735 1.5625e-05 6 133 -0.13196275818104647
filtered_r1 6 140 140.0 -0.25440958947200315 -0.1285866557335367 0.9857142857142858 0.9948979591836735 1.5625e-05 7 133 -0.13196275818104647
filtered_r1 6 141 141.0 -0.2544226901833166 -0.12599312918526787 0.9877551020408163 0.9938775510204082 1.5625e-05 8 133 -0.13196275818104647
filtered_r1 6 142 142.0 -0.2538591698522304 -0.12571677966993683 0.9836734693877551 0.9948979591836735 1.5625e-05 9 133 -0.13196275818104647
filtered_r1 6 143 143.0 -0.2541817279496195 -0.12922625882284983 0.9857142857142858 0.9948979591836735 1.5625e-05 10 133 -0.13196275818104647
filtered_r1 6 144 144.0 -0.2545930919352846 -0.12660842331088318 0.9846938775510204 0.9938775510204082 7.8125e-06 11 133 -0.13196275818104647
filtered_r1 6 145 145.0 -0.254646343639424 -0.13247946817047743 0.9877551020408163 0.9948979591836735 7.8125e-06 0 145 -0.13247946817047743
filtered_r1 6 146 146.0 -0.2546570190666916 -0.13192342690059117 0.9887755102040816 0.9948979591836735 7.8125e-06 1 145 -0.13247946817047743
filtered_r1 6 147 147.0 -0.2546090232043498 -0.13378624186223867 0.986734693877551 0.9948979591836735 7.8125e-06 0 147 -0.13378624186223867
filtered_r1 6 148 148.0 -0.25452134961493167 -0.1307467577408771 0.986734693877551 0.9948979591836735 7.8125e-06 1 147 -0.13378624186223867
filtered_r1 6 149 149.0 -0.2538688960964984 -0.13154678733981384 0.9846938775510204 0.9948979591836735 7.8125e-06 2 147 -0.13378624186223867
filtered_r1 6 150 150.0 -0.25453565965389263 -0.13141462802886963 0.9887755102040816 0.9948979591836735 7.8125e-06 3 147 -0.13378624186223867
filtered_r1 6 151 151.0 -0.25490756885495663 -0.13029860331087698 0.986734693877551 0.9948979591836735 7.8125e-06 4 147 -0.13378624186223867
filtered_r1 6 152 152.0 -0.25493156514923193 -0.12909280913216728 0.986734693877551 0.9948979591836735 7.8125e-06 5 147 -0.13378624186223867
filtered_r1 6 153 153.0 -0.2547511607476164 -0.12561162539890836 0.9877551020408163 0.9948979591836735 7.8125e-06 6 147 -0.13378624186223867
filtered_r1 6 154 154.0 -0.25438469521197415 -0.12761507910125108 0.9846938775510204 0.9948979591836735 7.8125e-06 7 147 -0.13378624186223867
filtered_r1 6 155 155.0 -0.2549223548923359 -0.1295594886857636 0.9897959183673469 0.9948979591836735 7.8125e-06 8 147 -0.13378624186223867
filtered_r1 6 156 156.0 -0.2544921960713806 -0.12982850366709184 0.9846938775510204 0.9948979591836735 7.8125e-06 9 147 -0.13378624186223867
filtered_r1 6 157 157.0 -0.25473104773788524 -0.129144371772299 0.9877551020408163 0.9948979591836735 7.8125e-06 10 147 -0.13378624186223867
filtered_r1 6 158 158.0 -0.25446611580608436 -0.1309903791972569 0.9857142857142858 0.9948979591836735 3.90625e-06 11 147 -0.13378624186223867
filtered_r1 6 159 159.0 -0.2550370438608645 -0.12789421811395763 0.986734693877551 0.9948979591836735 3.90625e-06 12 147 -0.13378624186223867
filtered_r1 6 160 160.0 -0.2553354802047238 -0.13052651784857924 0.986734693877551 0.9948979591836735 3.90625e-06 13 147 -0.13378624186223867
filtered_r1 6 161 161.0 -0.25494519112816844 -0.12921586863848628 0.9857142857142858 0.9948979591836735 3.90625e-06 14 147 -0.13378624186223867
filtered_r1 6 162 162.0 -0.2553004843778519 -0.12872705605565285 0.9857142857142858 0.9948979591836735 3.90625e-06 15 147 -0.13378624186223867
filtered_r1 6 163 163.0 -0.2552393110459683 -0.13042588379918313 0.9846938775510204 0.9948979591836735 3.90625e-06 16 147 -0.13378624186223867
filtered_r1 6 164 164.0 -0.25521056093630656 -0.12759248480504873 0.9846938775510204 0.9948979591836735 3.90625e-06 17 147 -0.13378624186223867
filtered_r1 6 165 165.0 -0.2549159429152338 -0.12923029977448133 0.9857142857142858 0.9948979591836735 3.90625e-06 18 147 -0.13378624186223867
filtered_r1 6 166 166.0 -0.25548686393542125 -0.12579679489135742 0.9846938775510204 0.9948979591836735 3.90625e-06 19 147 -0.13378624186223867
filtered_r1 6 167 167.0 -0.2556809961822863 -0.13079831989444032 0.9877551020408163 0.9948979591836735 3.90625e-06 20 147 -0.13378624186223867
filtered_r1 6 168 168.0 -0.25552369708967276 -0.13017600945064 0.9846938775510204 0.9948979591836735 3.90625e-06 21 147 -0.13378624186223867
filtered_r1 6 169 169.0 -0.2550458144016067 -0.12785375556167292 0.9857142857142858 0.9948979591836735 1.953125e-06 22 147 -0.13378624186223867
filtered_r1 6 170 170.0 -0.2552150290660624 -0.12476451396942138 0.9857142857142858 0.9948979591836735 1.953125e-06 23 147 -0.13378624186223867
filtered_r1 6 171 171.0 -0.25537155800605976 -0.12641502399833834 0.9846938775510204 0.9948979591836735 1.953125e-06 24 147 -0.13378624186223867
filtered_r1 6 172 172.0 -0.2549957404664793 -0.12750351964210976 0.9857142857142858 0.9948979591836735 1.953125e-06 25 147 -0.13378624186223867
filtered_r1 6 173 173.0 -0.2552995574890999 -0.13016075504069424 0.9857142857142858 0.9948979591836735 1.953125e-06 26 147 -0.13378624186223867
filtered_r1 6 174 174.0 -0.2551857042842922 -0.12689120769500734 0.986734693877551 0.9948979591836735 1.953125e-06 27 147 -0.13378624186223867
filtered_r1 6 175 175.0 -0.25552895106459766 -0.12756795639894447 0.986734693877551 0.9948979591836735 1.953125e-06 28 147 -0.13378624186223867
filtered_r1 6 176 176.0 -0.25540600886844905 -0.12627767397432912 0.986734693877551 0.9948979591836735 1.953125e-06 29 147 -0.13378624186223867
filtered_r1 6 177 177.0 -0.25527324575864885 -0.12942829618648607 0.9857142857142858 0.9948979591836735 1.953125e-06 30 147 -0.13378624186223867
filtered_r1 7 1 1.0 1.6251230403828285 2.3331132071358818 0.45918367346938777 0.5704081632653061 0.001 0 1 2.3331132071358818
filtered_r1 7 2 2.0 1.0267822532777184 2.1839077239133875 0.6040816326530613 0.7846938775510204 0.001 0 2 2.1839077239133875
filtered_r1 7 3 3.0 0.855053937792291 1.1661789913566745 0.7918367346938775 0.939795918367347 0.001 0 3 1.1661789913566745
filtered_r1 7 4 4.0 0.726360937843418 0.8630127974918911 0.8734693877551021 0.9489795918367347 0.001 0 4 0.8630127974918911
filtered_r1 7 5 5.0 0.6376988770092719 1.5582936291791956 0.7561224489795918 0.8122448979591836 0.001 1 4 0.8630127974918911
filtered_r1 7 6 6.0 0.5973016791759271 1.9383131922507773 0.6387755102040816 0.8030612244897959 0.001 2 4 0.8630127974918911
filtered_r1 7 7 7.0 0.5091356675948439 1.9052876637906444 0.6602040816326531 0.7459183673469387 0.001 3 4 0.8630127974918911
filtered_r1 7 8 8.0 0.45873672635891843 0.9161881325196247 0.8704081632653061 0.8979591836734694 0.001 4 4 0.8630127974918911
filtered_r1 7 9 9.0 0.410633944661521 0.8449047244324976 0.8214285714285714 0.9724489795918367 0.001 0 9 0.8449047244324976
filtered_r1 7 10 10.0 0.3551257994707422 0.9082482464459478 0.813265306122449 0.9357142857142857 0.001 1 9 0.8449047244324976
filtered_r1 7 11 11.0 0.28455488703708676 1.2439953020640782 0.8591836734693877 0.7887755102040817 0.001 2 9 0.8449047244324976
filtered_r1 7 12 12.0 0.24073209219556801 1.7810240132468087 0.7428571428571429 0.8387755102040816 0.001 3 9 0.8449047244324976
filtered_r1 7 13 13.0 0.25140190792798023 3.2686080319540842 0.5255102040816326 0.5326530612244897 0.001 4 9 0.8449047244324976
filtered_r1 7 14 14.0 0.23825195614338138 1.5157811417871592 0.5836734693877551 0.9622448979591837 0.001 5 9 0.8449047244324976
filtered_r1 7 15 15.0 0.15639660534834895 1.378682634781818 0.6040816326530613 0.95 0.001 6 9 0.8449047244324976
filtered_r1 7 16 16.0 0.13336969956018357 0.35817335771054637 0.9520408163265306 0.9612244897959183 0.001 0 16 0.35817335771054637
filtered_r1 7 17 17.0 0.08535626258733216 0.7332431698332027 0.8438775510204082 0.9836734693877551 0.001 1 16 0.35817335771054637
filtered_r1 7 18 18.0 0.06290209342066505 2.381751794231181 0.5785714285714286 0.8306122448979592 0.001 2 16 0.35817335771054637
filtered_r1 7 19 19.0 0.04617144687577263 1.625078829453916 0.5948979591836735 0.9785714285714285 0.001 3 16 0.35817335771054637
filtered_r1 7 20 20.0 0.03346720828936417 2.0173918159640567 0.6387755102040816 0.8071428571428572 0.001 4 16 0.35817335771054637
filtered_r1 7 21 21.0 0.003777520904419804 0.45302610518981 0.860204081632653 0.9908163265306122 0.001 5 16 0.35817335771054637
filtered_r1 7 22 22.0 -0.01909517933442492 2.1152410254186513 0.5326530612244897 0.9714285714285714 0.001 6 16 0.35817335771054637
filtered_r1 7 23 23.0 -0.02863848063278025 0.34025277702175843 0.9102040816326531 0.9836734693877551 0.001 0 23 0.34025277702175843
filtered_r1 7 24 24.0 -0.045109941452890434 1.5461049196671466 0.8163265306122449 0.7755102040816326 0.001 1 23 0.34025277702175843
filtered_r1 7 25 25.0 -0.03171520386291968 4.34888963310086 0.6561224489795918 0.4306122448979592 0.001 2 23 0.34025277702175843
filtered_r1 7 26 26.0 -0.05209750824498416 3.183052561234455 0.48673469387755103 0.9428571428571428 0.001 3 23 0.34025277702175843
filtered_r1 7 27 27.0 -0.07637470021769506 1.1875059867391782 0.7663265306122449 0.9755102040816327 0.001 4 23 0.34025277702175843
filtered_r1 7 28 28.0 -0.10263420769262466 2.7166431796794037 0.6408163265306123 0.8112244897959183 0.001 5 23 0.34025277702175843
filtered_r1 7 29 29.0 -0.11666232214913387 1.7672324774216632 0.6081632653061224 0.9795918367346939 0.001 6 23 0.34025277702175843
filtered_r1 7 30 30.0 -0.13683116665981707 0.1666323131444503 0.936734693877551 0.9908163265306122 0.001 0 30 0.1666323131444503
filtered_r1 7 31 31.0 -0.137585122613435 0.6117529253570401 0.889795918367347 0.9275510204081633 0.001 1 30 0.1666323131444503
filtered_r1 7 32 32.0 -0.1545247421771139 1.592893189800029 0.7928571428571428 0.8142857142857143 0.001 2 30 0.1666323131444503
filtered_r1 7 33 33.0 -0.1636347818309699 0.2666726623262678 0.95 0.9673469387755103 0.001 3 30 0.1666323131444503
filtered_r1 7 34 34.0 -0.15288842541490746 1.6204971868164686 0.8724489795918368 0.7714285714285715 0.001 4 30 0.1666323131444503
filtered_r1 7 35 35.0 -0.12231115398220836 0.625951335868057 0.8295918367346938 0.9897959183673469 0.001 5 30 0.1666323131444503
filtered_r1 7 36 36.0 -0.15445445071444205 3.2196818118192714 0.5979591836734693 0.8142857142857143 0.001 6 30 0.1666323131444503
filtered_r1 7 37 37.0 -0.14141214221269502 0.6401380582731597 0.9275510204081633 0.8918367346938776 0.001 7 30 0.1666323131444503
filtered_r1 7 38 38.0 -0.18047569848383982 0.050004324621083784 0.963265306122449 0.9908163265306122 0.001 0 38 0.050004324621083784
filtered_r1 7 39 39.0 -0.19094897918250958 0.6107356723473997 0.8561224489795919 0.9928571428571429 0.001 1 38 0.050004324621083784
filtered_r1 7 40 40.0 -0.17916605015857295 0.6063732161813853 0.9295918367346939 0.9387755102040817 0.001 2 38 0.050004324621083784
filtered_r1 7 41 41.0 -0.17909286341989683 0.3186125288204271 0.9153061224489796 0.9836734693877551 0.001 3 38 0.050004324621083784
filtered_r1 7 42 42.0 -0.1879551597632877 0.06103199696054264 0.9591836734693877 0.9897959183673469 0.001 4 38 0.050004324621083784
filtered_r1 7 43 43.0 -0.20965432990858135 0.4176274338547064 0.9010204081632653 0.9775510204081632 0.001 5 38 0.050004324621083784
filtered_r1 7 44 44.0 -0.20304145246974134 0.22380220306162932 0.9581632653061225 0.963265306122449 0.001 6 38 0.050004324621083784
filtered_r1 7 45 45.0 -0.21308868547163387 0.6457880642949319 0.9030612244897959 0.9520408163265306 0.001 7 38 0.050004324621083784
filtered_r1 7 46 46.0 -0.22315530721783042 0.06945720546099604 0.9581632653061225 0.9918367346938776 0.001 8 38 0.050004324621083784
filtered_r1 7 47 47.0 -0.2307201634739076 -0.00622288499559675 0.9704081632653061 0.9918367346938776 0.001 0 47 -0.00622288499559675
filtered_r1 7 48 48.0 -0.22892746649922646 0.048287618890100595 0.9571428571428572 0.9928571428571429 0.001 1 47 -0.00622288499559675
filtered_r1 7 49 49.0 -0.170526948453511 4.065233067103795 0.373469387755102 0.8244897959183674 0.001 2 47 -0.00622288499559675
filtered_r1 7 50 50.0 0.1129756504657103 2.598209964012613 0.7969387755102041 0.7438775510204082 0.001 3 47 -0.00622288499559675
filtered_r1 7 51 51.0 -0.10283530897516259 0.9073492312917903 0.8714285714285714 0.9040816326530612 0.001 4 47 -0.00622288499559675
filtered_r1 7 52 52.0 -0.16839903011356652 0.5260739749791671 0.8816326530612245 0.9571428571428572 0.001 5 47 -0.00622288499559675
filtered_r1 7 53 53.0 -0.21877412302516777 0.17052806153589364 0.9224489795918367 0.9959183673469387 0.001 6 47 -0.00622288499559675
filtered_r1 7 54 54.0 -0.22868568703525455 -0.028429106303623743 0.9714285714285714 0.9959183673469387 0.001 0 54 -0.028429106303623743
filtered_r1 7 55 55.0 -0.1997649605524199 0.34325563129113645 0.9091836734693878 0.9938775510204082 0.001 1 54 -0.028429106303623743
filtered_r1 7 56 56.0 -0.2224023058043249 0.11476330805797966 0.9724489795918367 0.9744897959183674 0.001 2 54 -0.028429106303623743
filtered_r1 7 57 57.0 -0.2359958538076199 0.004991711888994489 0.9642857142857143 0.9938775510204082 0.001 3 54 -0.028429106303623743
filtered_r1 7 58 58.0 -0.23917856835474818 -0.0522681898000289 0.976530612244898 0.9938775510204082 0.001 0 58 -0.0522681898000289
filtered_r1 7 59 59.0 -0.2374542849041146 0.036245052181944556 0.9612244897959183 0.9918367346938776 0.001 1 58 -0.0522681898000289
filtered_r1 7 60 60.0 -0.2377921882619438 -0.029486878550782497 0.9775510204081632 0.9897959183673469 0.001 2 58 -0.0522681898000289
filtered_r1 7 61 61.0 -0.24123983463264842 -0.029047558745559383 0.9734693877551021 0.9938775510204082 0.001 3 58 -0.0522681898000289
filtered_r1 7 62 62.0 -0.24112677089853066 -0.04067026157768405 0.9744897959183674 0.9928571428571429 0.001 4 58 -0.0522681898000289
filtered_r1 7 63 63.0 -0.24071500902548196 -0.005511357346359564 0.9704081632653061 0.9928571428571429 0.001 5 58 -0.0522681898000289
filtered_r1 7 64 64.0 -0.2401527205327398 0.061864937081628914 0.9591836734693877 0.9948979591836735 0.001 6 58 -0.0522681898000289
filtered_r1 7 65 65.0 -0.23958865207160435 0.0351562465940203 0.9673469387755103 0.9918367346938776 0.001 7 58 -0.0522681898000289
filtered_r1 7 66 66.0 -0.241129717445893 0.05794274271750937 0.9704081632653061 0.9877551020408163 0.001 8 58 -0.0522681898000289
filtered_r1 7 67 67.0 -0.23733144746928447 0.3810216640939518 0.9081632653061225 0.9887755102040816 0.001 9 58 -0.0522681898000289
filtered_r1 7 68 68.0 -0.07752835956206389 6.818518360293641 0.7408163265306122 0.3846938775510204 0.001 10 58 -0.0522681898000289
filtered_r1 7 69 69.0 0.04561905702893105 2.622041910521838 0.6224489795918368 0.9408163265306122 0.0005 11 58 -0.0522681898000289
filtered_r1 7 70 70.0 -0.16291136623673474 0.25978194304874963 0.9071428571428571 0.9918367346938776 0.0005 12 58 -0.0522681898000289
filtered_r1 7 71 71.0 -0.218014237342831 -0.03827296909020871 0.9714285714285714 0.9938775510204082 0.0005 13 58 -0.0522681898000289
filtered_r1 7 72 72.0 -0.23378378445053447 -0.053195392355626946 0.9755102040816327 0.9948979591836735 0.0005 0 72 -0.053195392355626946
filtered_r1 7 73 73.0 -0.2384945035413672 -0.07190004660158741 0.976530612244898 0.9948979591836735 0.0005 0 73 -0.07190004660158741
filtered_r1 7 74 74.0 -0.2411621356086194 -0.04369522795385244 0.9714285714285714 0.9959183673469387 0.0005 1 73 -0.07190004660158741
filtered_r1 7 75 75.0 -0.2420704323380739 -0.07161135478895538 0.9775510204081632 0.9948979591836735 0.0005 2 73 -0.07190004660158741
filtered_r1 7 76 76.0 -0.24406845879132674 -0.07001131116127482 0.9785714285714285 0.9938775510204082 0.0005 3 73 -0.07190004660158741
filtered_r1 7 77 77.0 -0.24426873445619088 -0.051669553347996305 0.9755102040816327 0.9959183673469387 0.0005 4 73 -0.07190004660158741
filtered_r1 7 78 78.0 -0.244968872015118 -0.0646688480766452 0.9755102040816327 0.9959183673469387 0.0005 5 73 -0.07190004660158741
filtered_r1 7 79 79.0 -0.2445240369775974 -0.058685551857461736 0.976530612244898 0.9959183673469387 0.0005 6 73 -0.07190004660158741
filtered_r1 7 80 80.0 -0.24519195464108676 -0.04563744943969104 0.9744897959183674 0.9948979591836735 0.0005 7 73 -0.07190004660158741
filtered_r1 7 81 81.0 -0.2462010791882893 -0.06602404409525346 0.976530612244898 0.9948979591836735 0.0005 8 73 -0.07190004660158741
filtered_r1 7 82 82.0 -0.24629312742854917 -0.06738914810881323 0.9775510204081632 0.9948979591836735 0.0005 9 73 -0.07190004660158741
filtered_r1 7 83 83.0 -0.24493945294274994 -0.06661405320070228 0.976530612244898 0.9948979591836735 0.0005 10 73 -0.07190004660158741
filtered_r1 7 84 84.0 -0.24548893620412673 -0.023115023301572217 0.9724489795918367 0.9938775510204082 0.00025 11 73 -0.07190004660158741
filtered_r1 7 85 85.0 -0.2486310843927883 -0.06866377421787807 0.9785714285714285 0.9938775510204082 0.00025 12 73 -0.07190004660158741
filtered_r1 7 86 86.0 -0.24961445161661017 -0.06743154136502012 0.976530612244898 0.9948979591836735 0.00025 13 73 -0.07190004660158741
filtered_r1 7 87 87.0 -0.248800045784852 -0.054350138683708346 0.9755102040816327 0.9938775510204082 0.00025 14 73 -0.07190004660158741
filtered_r1 7 88 88.0 -0.2498946677431755 -0.06695827902579794 0.9795918367346939 0.9948979591836735 0.00025 15 73 -0.07190004660158741
filtered_r1 7 89 89.0 -0.2504161374708549 -0.05853859502442029 0.9744897959183674 0.9948979591836735 0.00025 16 73 -0.07190004660158741
filtered_r1 7 90 90.0 -0.24898825798909122 -0.061657322669515804 0.9775510204081632 0.9948979591836735 0.00025 17 73 -0.07190004660158741
filtered_r1 7 91 91.0 -0.24998312734009945 -0.05515705663330701 0.9755102040816327 0.9938775510204082 0.00025 18 73 -0.07190004660158741
filtered_r1 7 92 92.0 -0.2502785233330088 -0.05960124998676534 0.9785714285714285 0.9948979591836735 0.00025 19 73 -0.07190004660158741
filtered_r1 7 93 93.0 -0.24974721147967532 -0.05767475585548245 0.9785714285714285 0.9959183673469387 0.00025 20 73 -0.07190004660158741
filtered_r1 7 94 94.0 -0.2483856306257867 -0.05354115087158826 0.9775510204081632 0.9938775510204082 0.00025 21 73 -0.07190004660158741
filtered_r1 7 95 95.0 -0.2502617198556215 -0.05497057194612464 0.9775510204081632 0.9948979591836735 0.000125 22 73 -0.07190004660158741
filtered_r1 7 96 96.0 -0.25156592467780337 -0.06692267145429338 0.9785714285714285 0.9948979591836735 0.000125 23 73 -0.07190004660158741
filtered_r1 7 97 97.0 -0.2521685435995967 -0.06041487528353321 0.9755102040816327 0.9959183673469387 0.000125 24 73 -0.07190004660158741
filtered_r1 7 98 98.0 -0.25159968707001973 -0.0646932587331655 0.9775510204081632 0.9948979591836735 0.000125 25 73 -0.07190004660158741
filtered_r1 7 99 99.0 -0.2520150537659675 -0.060789663451058525 0.9775510204081632 0.9948979591836735 0.000125 26 73 -0.07190004660158741
filtered_r1 7 100 100.0 -0.25158921394140354 -0.06782569204057966 0.9785714285714285 0.9948979591836735 0.000125 27 73 -0.07190004660158741
filtered_r1 7 101 101.0 -0.25154198165703945 -0.06438394517314677 0.976530612244898 0.9948979591836735 0.000125 28 73 -0.07190004660158741
filtered_r1 7 102 102.0 -0.25136140888515407 -0.07005361537544094 0.9775510204081632 0.9948979591836735 0.000125 29 73 -0.07190004660158741
filtered_r1 7 103 103.0 -0.2518671581380431 -0.05742272892776801 0.9755102040816327 0.9938775510204082 0.000125 30 73 -0.07190004660158741
filtered_r1 8 1 1.0 1.6132318087182584 2.3147228406400098 0.336734693877551 0.8551020408163266 0.001 0 1 2.3147228406400098
filtered_r1 8 2 2.0 0.9724355074042252 1.5812201261520387 0.8224489795918367 0.7214285714285714 0.001 0 2 1.5812201261520387
filtered_r1 8 3 3.0 0.830952930872515 1.0483927673223068 0.8336734693877551 0.9408163265306122 0.001 0 3 1.0483927673223068
filtered_r1 8 4 4.0 0.711816161559811 1.7882218720961591 0.5928571428571429 0.9530612244897959 0.001 1 3 1.0483927673223068
filtered_r1 8 5 5.0 0.621617838787697 1.059716450924776 0.8469387755102041 0.8989795918367347 0.001 2 3 1.0483927673223068
filtered_r1 8 6 6.0 0.545786005769921 1.4414395497769725 0.6663265306122449 0.8142857142857143 0.001 3 3 1.0483927673223068
filtered_r1 8 7 7.0 0.497102787007108 1.080956982593147 0.8306122448979592 0.8142857142857143 0.001 4 3 1.0483927673223068
filtered_r1 8 8 8.0 0.43991428909927294 1.701791356534374 0.6285714285714286 0.9030612244897959 0.001 5 3 1.0483927673223068
filtered_r1 8 9 9.0 0.3726800905943891 1.772146343698307 0.55 0.9387755102040817 0.001 6 3 1.0483927673223068
filtered_r1 8 10 10.0 0.33022976711669727 0.8618488737515041 0.8581632653061224 0.926530612244898 0.001 0 10 0.8618488737515041
filtered_r1 8 11 11.0 0.28688328840004224 0.5546557995737815 0.9163265306122449 0.9714285714285714 0.001 0 11 0.5546557995737815
filtered_r1 8 12 12.0 0.2969074541203174 1.9936013922399405 0.5561224489795918 0.9918367346938776 0.001 1 11 0.5546557995737815
filtered_r1 8 13 13.0 0.2327196961010904 0.4086253893618681 0.9438775510204082 0.976530612244898 0.001 0 13 0.4086253893618681
filtered_r1 8 14 14.0 0.1732465089368539 1.350221476749498 0.8224489795918367 0.8183673469387756 0.001 1 13 0.4086253893618681
filtered_r1 8 15 15.0 0.1585824650306892 0.6735941093795154 0.9153061224489796 0.9142857142857143 0.001 2 13 0.4086253893618681
filtered_r1 8 16 16.0 0.11431864635867527 2.6160409265634965 0.7163265306122449 0.386734693877551 0.001 3 13 0.4086253893618681
filtered_r1 8 17 17.0 0.12794462518696345 0.3228581005213212 0.9438775510204082 0.9826530612244898 0.001 0 17 0.3228581005213212
filtered_r1 8 18 18.0 0.1596663423792319 1.3912806744478188 0.7173469387755103 0.9734693877551021 0.001 1 17 0.3228581005213212
filtered_r1 8 19 19.0 0.08617127328583504 0.35679297422876166 0.9142857142857143 0.9846938775510204 0.001 2 17 0.3228581005213212
filtered_r1 8 20 20.0 0.008125570704598238 0.7659221967872308 0.8377551020408164 0.9255102040816326 0.001 3 17 0.3228581005213212
filtered_r1 8 21 21.0 -0.008983891198595058 1.0837786873992608 0.736734693877551 0.9775510204081632 0.001 4 17 0.3228581005213212
filtered_r1 8 22 22.0 -0.02853382109946356 1.2010914384102336 0.6693877551020408 0.9744897959183674 0.001 5 17 0.3228581005213212
filtered_r1 8 23 23.0 -0.049961412651020456 0.9222729011457793 0.713265306122449 0.9908163265306122 0.001 6 17 0.3228581005213212
filtered_r1 8 24 24.0 -0.06756544356664311 0.4291386752712483 0.8816326530612245 0.9846938775510204 0.001 7 17 0.3228581005213212
filtered_r1 8 25 25.0 -0.08415276323509822 0.4189298943597443 0.9122448979591836 0.9734693877551021 0.001 8 17 0.3228581005213212
filtered_r1 8 26 26.0 -0.10788234669243375 0.27230815108941525 0.9561224489795919 0.9612244897959183 0.001 0 26 0.27230815108941525
filtered_r1 8 27 27.0 -0.12909964851179395 1.306174542952557 0.7142857142857143 0.9887755102040816 0.001 1 26 0.27230815108941525
filtered_r1 8 28 28.0 -0.14484482454376982 0.7378779494032568 0.8010204081632653 0.9836734693877551 0.001 2 26 0.27230815108941525
filtered_r1 8 29 29.0 -0.0416241548194487 25.290676296000576 0.2173469387755102 0.6295918367346939 0.001 3 26 0.27230815108941525
filtered_r1 8 30 30.0 0.0913194356536086 0.4376859270796484 0.9061224489795918 0.9622448979591837 0.001 4 26 0.27230815108941525
filtered_r1 8 31 31.0 -0.08409609155551012 0.3074288348762356 0.9132653061224489 0.9744897959183674 0.001 5 26 0.27230815108941525
filtered_r1 8 32 32.0 -0.14196096579161654 1.9044824716996174 0.7214285714285714 0.9081632653061225 0.001 6 26 0.27230815108941525
filtered_r1 8 33 33.0 -0.15937716970106064 1.0184682975009995 0.7775510204081633 0.9897959183673469 0.001 7 26 0.27230815108941525
filtered_r1 8 34 34.0 -0.17349849240216028 0.34555126720545243 0.863265306122449 0.9938775510204082 0.001 8 26 0.27230815108941525
filtered_r1 8 35 35.0 -0.19548609196679786 0.16281280639220258 0.9673469387755103 0.9581632653061225 0.001 0 35 0.16281280639220258
filtered_r1 8 36 36.0 -0.20474250195949553 -0.041277258250178125 0.9714285714285714 0.9938775510204082 0.001 0 36 -0.041277258250178125
filtered_r1 8 37 37.0 -0.20331314415808327 0.8300851096912306 0.8653061224489796 0.9061224489795918 0.001 1 36 -0.041277258250178125
filtered_r1 8 38 38.0 -0.15480267739111978 3.7189429682128283 0.5673469387755102 0.8 0.001 2 36 -0.041277258250178125
filtered_r1 8 39 39.0 -0.1538630787264581 0.6314193783974161 0.8428571428571429 0.9877551020408163 0.001 3 36 -0.041277258250178125
filtered_r1 8 40 40.0 -0.1893889743849953 1.7691153380335594 0.7540816326530613 0.9102040816326531 0.001 4 36 -0.041277258250178125
filtered_r1 8 41 41.0 -0.1955502495893391 0.5516862840068584 0.95 0.889795918367347 0.001 5 36 -0.041277258250178125
filtered_r1 8 42 42.0 -0.22050676538464808 0.44151419328183544 0.9081632653061225 0.9918367346938776 0.001 6 36 -0.041277258250178125
filtered_r1 8 43 43.0 -0.2192370561215751 0.20990503466859156 0.9612244897959183 0.9520408163265306 0.001 7 36 -0.041277258250178125
filtered_r1 8 44 44.0 -0.21354399688450576 0.21669835655056702 0.9275510204081633 0.9938775510204082 0.001 8 36 -0.041277258250178125
filtered_r1 8 45 45.0 -0.21631294445617058 0.8583775461936484 0.8091836734693878 0.9693877551020408 0.001 9 36 -0.041277258250178125
filtered_r1 8 46 46.0 -0.2227498259643939 0.10239437745541942 0.9591836734693877 0.9857142857142858 0.001 10 36 -0.041277258250178125
filtered_r1 8 47 47.0 -0.20420302735422613 2.8259695714833786 0.5704081632653061 0.9336734693877551 0.0005 11 36 -0.041277258250178125
filtered_r1 8 48 48.0 -0.22308090766126656 0.2096557077096433 0.9346938775510204 0.9928571428571429 0.0005 12 36 -0.041277258250178125
filtered_r1 8 49 49.0 -0.2417292179057017 -0.061654274804251535 0.9755102040816327 0.9928571428571429 0.0005 0 49 -0.061654274804251535
filtered_r1 8 50 50.0 -0.2443169904090684 -0.06900336596430565 0.9714285714285714 0.9938775510204082 0.0005 0 50 -0.06900336596430565
filtered_r1 8 51 51.0 -0.2440863228417828 -0.08779349764999078 0.9795918367346939 0.9938775510204082 0.0005 0 51 -0.08779349764999078
filtered_r1 8 52 52.0 -0.24417825008704885 -0.10724069974860366 0.9806122448979592 0.9938775510204082 0.0005 0 52 -0.10724069974860366
filtered_r1 8 53 53.0 -0.24646060254646332 -0.09578005780979079 0.9806122448979592 0.9938775510204082 0.0005 1 52 -0.10724069974860366
filtered_r1 8 54 54.0 -0.24612896208648405 -0.07566414414619912 0.9836734693877551 0.9918367346938776 0.0005 2 52 -0.10724069974860366
filtered_r1 8 55 55.0 -0.24576708813769893 0.02728500998750025 0.9734693877551021 0.9806122448979592 0.0005 3 52 -0.10724069974860366
filtered_r1 8 56 56.0 -0.2444215343045041 -0.06966329010165467 0.9826530612244898 0.9938775510204082 0.0005 4 52 -0.10724069974860366
filtered_r1 8 57 57.0 -0.24447513389630693 -0.09560305391039167 0.9877551020408163 0.9928571428571429 0.0005 5 52 -0.10724069974860366
filtered_r1 8 58 58.0 -0.2442122351511792 -0.1006889382187201 0.9816326530612245 0.9938775510204082 0.0005 6 52 -0.10724069974860366
filtered_r1 8 59 59.0 -0.24654540150370102 -0.08237951677672717 0.9816326530612245 0.9938775510204082 0.0005 7 52 -0.10724069974860366
filtered_r1 8 60 60.0 -0.24767358642353884 -0.027408248551037847 0.9714285714285714 0.9938775510204082 0.0005 8 52 -0.10724069974860366
filtered_r1 8 61 61.0 -0.24717133969433785 -0.0886945612576543 0.9785714285714285 0.9938775510204082 0.0005 9 52 -0.10724069974860366
filtered_r1 8 62 62.0 -0.24773673612423178 -0.02528023622473892 0.9704081632653061 0.9938775510204082 0.0005 10 52 -0.10724069974860366
filtered_r1 8 63 63.0 -0.24652622103745214 1.929419039220226 0.6551020408163265 0.9938775510204082 0.00025 11 52 -0.10724069974860366
filtered_r1 8 64 64.0 -0.25031241380892394 -0.11406615169680849 0.9857142857142858 0.9938775510204082 0.00025 0 64 -0.11406615169680849
filtered_r1 8 65 65.0 -0.25181992428442374 -0.054965185145942536 0.9785714285714285 0.986734693877551 0.00025 1 64 -0.11406615169680849
filtered_r1 8 66 66.0 -0.2515799680786462 -0.09659374879331005 0.9795918367346939 0.9938775510204082 0.00025 2 64 -0.11406615169680849
filtered_r1 8 67 67.0 -0.2517334801794668 -0.10486962065404776 0.9846938775510204 0.9938775510204082 0.00025 3 64 -0.11406615169680849
filtered_r1 8 68 68.0 -0.2513326865891895 -0.11173308284915223 0.9846938775510204 0.9948979591836735 0.00025 4 64 -0.11406615169680849
filtered_r1 8 69 69.0 -0.25270056732665175 -0.0989376398981834 0.9806122448979592 0.9938775510204082 0.00025 5 64 -0.11406615169680849
filtered_r1 8 70 70.0 -0.2513210955555743 -0.08451273684598962 0.9785714285714285 0.9938775510204082 0.00025 6 64 -0.11406615169680849
filtered_r1 8 71 71.0 -0.2523301483769878 -0.08606196568936718 0.9785714285714285 0.9938775510204082 0.00025 7 64 -0.11406615169680849
filtered_r1 8 72 72.0 -0.2517703311095928 -0.10135883652434056 0.9826530612244898 0.9938775510204082 0.00025 8 64 -0.11406615169680849
filtered_r1 8 73 73.0 -0.2524337587549207 -0.09446926798139299 0.9836734693877551 0.9938775510204082 0.00025 9 64 -0.11406615169680849
filtered_r1 8 74 74.0 -0.2523848489907672 -0.05356318269457136 0.9683673469387755 0.9938775510204082 0.00025 10 64 -0.11406615169680849
filtered_r1 8 75 75.0 -0.2519023594020769 -0.1083343048484958 0.9836734693877551 0.9938775510204082 0.000125 11 64 -0.11406615169680849
filtered_r1 8 76 76.0 -0.2536821062868961 -0.11284756173892897 0.9836734693877551 0.9938775510204082 0.000125 12 64 -0.11406615169680849
filtered_r1 8 77 77.0 -0.2541754179470549 -0.11447807818042989 0.986734693877551 0.9938775510204082 0.000125 0 77 -0.11447807818042989
filtered_r1 8 78 78.0 -0.253509432334441 -0.052952091061339086 0.9653061224489796 0.9938775510204082 0.000125 1 77 -0.11447807818042989
filtered_r1 8 79 79.0 -0.2536904901685468 -0.10357891686108647 0.9826530612244898 0.9938775510204082 0.000125 2 77 -0.11447807818042989
filtered_r1 8 80 80.0 -0.25340302968317413 -0.1017978201107103 0.986734693877551 0.9938775510204082 0.000125 3 77 -0.11447807818042989
filtered_r1 8 81 81.0 -0.2544910694543091 0.0045058143382169765 0.9612244897959183 0.9938775510204082 0.000125 4 77 -0.11447807818042989
filtered_r1 8 82 82.0 -0.25424771356517706 -0.10466684467938482 0.9836734693877551 0.9938775510204082 0.000125 5 77 -0.11447807818042989
filtered_r1 8 83 83.0 -0.25438407064837 -0.10146502718633535 0.9816326530612245 0.9938775510204082 0.000125 6 77 -0.11447807818042989
filtered_r1 8 84 84.0 -0.2542327923824502 -0.1113642541729674 0.9846938775510204 0.9938775510204082 0.000125 7 77 -0.11447807818042989
filtered_r1 8 85 85.0 -0.25395643778730403 -0.11268285488595768 0.9846938775510204 0.9938775510204082 0.000125 8 77 -0.11447807818042989
filtered_r1 8 86 86.0 -0.25462444311264043 -0.10075851119294459 0.9836734693877551 0.9938775510204082 0.000125 9 77 -0.11447807818042989
filtered_r1 8 87 87.0 -0.2539242732486993 -0.04098686928651771 0.9663265306122449 0.9938775510204082 0.000125 10 77 -0.11447807818042989
filtered_r1 8 88 88.0 -0.25330678135819507 -0.07673919492838334 0.9775510204081632 0.9938775510204082 6.25e-05 11 77 -0.11447807818042989
filtered_r1 8 89 89.0 -0.254525605299989 -0.10954221414060009 0.9857142857142858 0.9938775510204082 6.25e-05 12 77 -0.11447807818042989
filtered_r1 8 90 90.0 -0.25471155279828805 -0.10380674284331652 0.9826530612244898 0.9938775510204082 6.25e-05 13 77 -0.11447807818042989
filtered_r1 8 91 91.0 -0.25543073226904467 -0.10746361236183011 0.9816326530612245 0.9948979591836735 6.25e-05 14 77 -0.11447807818042989
filtered_r1 8 92 92.0 -0.255280312412823 -0.10777318818228586 0.9836734693877551 0.9938775510204082 6.25e-05 15 77 -0.11447807818042989
filtered_r1 8 93 93.0 -0.2552651324382545 -0.1065705732423432 0.9816326530612245 0.9938775510204082 6.25e-05 16 77 -0.11447807818042989
filtered_r1 8 94 94.0 -0.25528056714624586 -0.1083146825128672 0.9836734693877551 0.9938775510204082 6.25e-05 17 77 -0.11447807818042989
filtered_r1 8 95 95.0 -0.25590838546705313 -0.09968409927523866 0.9826530612244898 0.9938775510204082 6.25e-05 18 77 -0.11447807818042989
filtered_r1 8 96 96.0 -0.2551692758859746 -0.10716542175837926 0.9857142857142858 0.9938775510204082 6.25e-05 19 77 -0.11447807818042989
filtered_r1 8 97 97.0 -0.25495710753875056 -0.10990762953855554 0.986734693877551 0.9938775510204082 6.25e-05 20 77 -0.11447807818042989
filtered_r1 8 98 98.0 -0.25515552206684444 -0.09793035984039307 0.9836734693877551 0.9938775510204082 6.25e-05 21 77 -0.11447807818042989
filtered_r1 8 99 99.0 -0.2552455260544758 -0.10389442443847656 0.9826530612244898 0.9938775510204082 3.125e-05 22 77 -0.11447807818042989
filtered_r1 8 100 100.0 -0.25521597586812295 -0.111495988709586 0.9836734693877551 0.9938775510204082 3.125e-05 23 77 -0.11447807818042989
filtered_r1 8 101 101.0 -0.2564956094804159 -0.10802789221004563 0.9836734693877551 0.9938775510204082 3.125e-05 24 77 -0.11447807818042989
filtered_r1 8 102 102.0 -0.25598200981150526 -0.10946643839077073 0.9836734693877551 0.9938775510204082 3.125e-05 25 77 -0.11447807818042989
filtered_r1 8 103 103.0 -0.25641758240086354 -0.11307120177210593 0.9846938775510204 0.9938775510204082 3.125e-05 26 77 -0.11447807818042989
filtered_r1 8 104 104.0 -0.2562175603330649 -0.10420899926399699 0.9826530612244898 0.9938775510204082 3.125e-05 27 77 -0.11447807818042989
filtered_r1 8 105 105.0 -0.2558469653833037 -0.10527408317643769 0.9826530612244898 0.9938775510204082 3.125e-05 28 77 -0.11447807818042989
filtered_r1 8 106 106.0 -0.2559692116417887 -0.11200698687105763 0.9857142857142858 0.9938775510204082 3.125e-05 29 77 -0.11447807818042989
filtered_r1 8 107 107.0 -0.25618065518246314 -0.11269915639137736 0.9857142857142858 0.9938775510204082 3.125e-05 30 77 -0.11447807818042989
filtered_r1 9 1 1.0 1.5647722336578196 1.5913145994653508 0.6316326530612245 0.8193877551020409 0.001 0 1 1.5913145994653508
filtered_r1 9 2 2.0 0.9735438051518126 1.5609362256770232 0.7428571428571429 0.7561224489795918 0.001 0 2 1.5609362256770232
filtered_r1 9 3 3.0 0.8052525690237176 1.313830228727691 0.8010204081632653 0.8153061224489796 0.001 0 3 1.313830228727691
filtered_r1 9 4 4.0 0.6940496955143015 0.9852858888859651 0.85 0.8826530612244898 0.001 0 4 0.9852858888859651
filtered_r1 9 5 5.0 0.6285090460541354 0.909926734651838 0.8142857142857143 0.9775510204081632 0.001 0 5 0.909926734651838
filtered_r1 9 6 6.0 0.5287416129830854 0.9808087492475704 0.8336734693877551 0.8959183673469387 0.001 1 5 0.909926734651838
filtered_r1 9 7 7.0 0.5059467050442629 0.9601093092743231 0.8306122448979592 0.9887755102040816 0.001 2 5 0.909926734651838
filtered_r1 9 8 8.0 0.4344729096360278 0.6570658121790205 0.9520408163265306 0.8928571428571429 0.001 0 8 0.6570658121790205
filtered_r1 9 9 9.0 0.36624352027219476 0.6491011750941373 0.9030612244897959 0.9704081632653061 0.001 0 9 0.6491011750941373
filtered_r1 9 10 10.0 0.34461696590015795 0.7332524567234273 0.813265306122449 0.9836734693877551 0.001 1 9 0.6491011750941373
filtered_r1 9 11 11.0 0.2681571615050719 0.5131722078031423 0.8683673469387755 0.9918367346938776 0.001 0 11 0.5131722078031423
filtered_r1 9 12 12.0 0.23854324379889358 0.8976237637656076 0.7581632653061224 0.9908163265306122 0.001 1 11 0.5131722078031423
filtered_r1 9 13 13.0 0.1915316115007907 0.7030163056996404 0.8520408163265306 0.986734693877551 0.001 2 11 0.5131722078031423
filtered_r1 9 14 14.0 0.17099271317638703 0.6288899883931997 0.8948979591836734 0.9561224489795919 0.001 3 11 0.5131722078031423
filtered_r1 9 15 15.0 0.1573340130620689 1.9779601778302873 0.7306122448979592 0.7285714285714285 0.001 4 11 0.5131722078031423
filtered_r1 9 16 16.0 0.16149017757250406 0.8207787109881032 0.7591836734693878 0.9897959183673469 0.001 5 11 0.5131722078031423
filtered_r1 9 17 17.0 0.09490031718233743 1.8053388050624302 0.6214285714285714 0.9030612244897959 0.001 6 11 0.5131722078031423
filtered_r1 9 18 18.0 0.053353683087049804 0.505045832419882 0.8887755102040816 0.986734693877551 0.001 0 18 0.505045832419882
filtered_r1 9 19 19.0 0.052805108262147356 0.33237331083842686 0.9163265306122449 0.9918367346938776 0.001 0 19 0.33237331083842686
filtered_r1 9 20 20.0 0.012957416471437168 0.3632515435316125 0.8908163265306123 0.9877551020408163 0.001 1 19 0.33237331083842686
filtered_r1 9 21 21.0 -0.025768723343915414 0.5517886259117905 0.8795918367346939 0.9642857142857143 0.001 2 19 0.33237331083842686
filtered_r1 9 22 22.0 -0.03780525059684861 0.4520863160795095 0.8836734693877552 0.9816326530612245 0.001 3 19 0.33237331083842686
filtered_r1 9 23 23.0 -0.03866072351479065 1.708241674851398 0.6173469387755102 0.9653061224489796 0.001 4 19 0.33237331083842686
filtered_r1 9 24 24.0 -0.007204154081037247 1.129238373892648 0.763265306122449 0.9846938775510204 0.001 5 19 0.33237331083842686
filtered_r1 9 25 25.0 -0.07307351455329171 0.6154208433871367 0.8673469387755102 0.939795918367347 0.001 6 19 0.33237331083842686
filtered_r1 9 26 26.0 -0.09389493325272853 0.10813021100297267 0.963265306122449 0.9897959183673469 0.001 0 26 0.10813021100297267
filtered_r1 9 27 27.0 -0.11523452440392576 0.9689868593702511 0.8714285714285714 0.8520408163265306 0.001 1 26 0.10813021100297267
filtered_r1 9 28 28.0 -0.13367448513798966 -0.004396173175500364 0.976530612244898 0.9948979591836735 0.001 0 28 -0.004396173175500364
filtered_r1 9 29 29.0 -0.1438823234369362 1.132799767474739 0.8122448979591836 0.9571428571428572 0.001 1 28 -0.004396173175500364
filtered_r1 9 30 30.0 -0.14003967803226944 0.5437870086455832 0.8520408163265306 0.9908163265306122 0.001 2 28 -0.004396173175500364
filtered_r1 9 31 31.0 -0.1666831019462589 0.44704812059597093 0.8816326530612245 0.9948979591836735 0.001 3 28 -0.004396173175500364
filtered_r1 9 32 32.0 -0.15834322445943472 0.8927725808961051 0.8255102040816327 0.9489795918367347 0.001 4 28 -0.004396173175500364
filtered_r1 9 33 33.0 -0.1620498235475676 0.6316343735675423 0.9214285714285714 0.9132653061224489 0.001 5 28 -0.004396173175500364
filtered_r1 9 34 34.0 -0.1360891874789975 1.2381818528078041 0.9173469387755102 0.7979591836734694 0.001 6 28 -0.004396173175500364
filtered_r1 9 35 35.0 -0.11503269982998121 1.1824361372967156 0.8244897959183674 0.8612244897959184 0.001 7 28 -0.004396173175500364
filtered_r1 9 36 36.0 -0.15202613816821894 1.166478578411803 0.7306122448979592 0.9908163265306122 0.001 8 28 -0.004396173175500364
filtered_r1 9 37 37.0 -0.1798162934621031 0.5873603280709714 0.8510204081632653 0.9887755102040816 0.001 9 28 -0.004396173175500364
filtered_r1 9 38 38.0 -0.20401677076674785 0.400103522320183 0.8928571428571429 0.9908163265306122 0.001 10 28 -0.004396173175500364
filtered_r1 9 39 39.0 -0.21259539897367188 0.13445010915094494 0.9438775510204082 0.9948979591836735 0.0005 11 28 -0.004396173175500364
filtered_r1 9 40 40.0 -0.22608534974831102 -0.08641384669712611 0.9836734693877551 0.9959183673469387 0.0005 0 40 -0.08641384669712611
filtered_r1 9 41 41.0 -0.23107053096652627 -0.10560030815552691 0.9836734693877551 0.996938775510204 0.0005 0 41 -0.10560030815552691
filtered_r1 9 42 42.0 -0.23446257818951913 -0.10432352387175269 0.9857142857142858 0.996938775510204 0.0005 1 41 -0.10560030815552691
filtered_r1 9 43 43.0 -0.2337644656463152 -0.09758196436629003 0.9806122448979592 0.996938775510204 0.0005 2 41 -0.10560030815552691
filtered_r1 9 44 44.0 -0.2359487560733686 -0.11408980695568785 0.9846938775510204 0.996938775510204 0.0005 0 44 -0.11408980695568785
filtered_r1 9 45 45.0 -0.23698276105491994 -0.11386323437398793 0.9836734693877551 0.9959183673469387 0.0005 1 44 -0.11408980695568785
filtered_r1 9 46 46.0 -0.2369154137586714 -0.09777958709366467 0.9826530612244898 0.996938775510204 0.0005 2 44 -0.11408980695568785
filtered_r1 9 47 47.0 -0.2383966664806908 -0.07513921017549476 0.9775510204081632 0.996938775510204 0.0005 3 44 -0.11408980695568785
filtered_r1 9 48 48.0 -0.23987319809817964 -0.0673038015560228 0.9826530612244898 0.9918367346938776 0.0005 4 44 -0.11408980695568785
filtered_r1 9 49 49.0 -0.23916455387690366 -0.11800930913613768 0.9836734693877551 0.996938775510204 0.0005 0 49 -0.11800930913613768
filtered_r1 9 50 50.0 -0.2400715376266933 -0.08689282864940409 0.9795918367346939 0.9959183673469387 0.0005 1 49 -0.11800930913613768
filtered_r1 9 51 51.0 -0.23762331661504882 -0.04094620626799914 0.976530612244898 0.9928571428571429 0.0005 2 49 -0.11800930913613768
filtered_r1 9 52 52.0 -0.21306531225287584 0.6767480368516883 0.9448979591836735 0.8877551020408163 0.0005 3 49 -0.11800930913613768
filtered_r1 9 53 53.0 -0.2231957410824499 0.07632867560094717 0.9612244897959183 0.9836734693877551 0.0005 4 49 -0.11800930913613768
filtered_r1 9 54 54.0 -0.23192429772518572 0.22553618927391209 0.9132653061224489 0.9959183673469387 0.0005 5 49 -0.11800930913613768
filtered_r1 9 55 55.0 -0.24142037620882095 0.03477844364789068 0.9704081632653061 0.9836734693877551 0.0005 6 49 -0.11800930913613768
filtered_r1 9 56 56.0 -0.23868955474953948 -0.054162929495986625 0.9816326530612245 0.9938775510204082 0.0005 7 49 -0.11800930913613768
filtered_r1 9 57 57.0 -0.2434598457742917 -0.10170535652004943 0.9826530612244898 0.996938775510204 0.0005 8 49 -0.11800930913613768
filtered_r1 9 58 58.0 -0.245131839744838 -0.07796175869143739 0.9775510204081632 0.9948979591836735 0.0005 9 49 -0.11800930913613768
filtered_r1 9 59 59.0 -0.23813927525344136 0.15875148529909094 0.9387755102040817 0.9938775510204082 0.0005 10 49 -0.11800930913613768
filtered_r1 9 60 60.0 -0.21965618029108278 0.9605283698257134 0.9173469387755102 0.8663265306122448 0.00025 11 49 -0.11800930913613768
filtered_r1 9 61 61.0 -0.2315668045689829 0.02846395677449752 0.9581632653061225 0.9918367346938776 0.00025 12 49 -0.11800930913613768
filtered_r1 9 62 62.0 -0.24357676868594563 -0.0004454671120157047 0.9806122448979592 0.9857142857142858 0.00025 13 49 -0.11800930913613768
filtered_r1 9 63 63.0 -0.24824756153918806 -0.10425907105815654 0.9816326530612245 0.9959183673469387 0.00025 14 49 -0.11800930913613768
filtered_r1 9 64 64.0 -0.2501056330668293 -0.09001559724613112 0.9785714285714285 0.9959183673469387 0.00025 15 49 -0.11800930913613768
filtered_r1 9 65 65.0 -0.25110937409437734 -0.11045626718170788 0.9836734693877551 0.996938775510204 0.00025 16 49 -0.11800930913613768
filtered_r1 9 66 66.0 -0.2509204113802691 -0.11739563260759626 0.9816326530612245 0.9959183673469387 0.00025 17 49 -0.11800930913613768
filtered_r1 9 67 67.0 -0.25040698170499587 -0.1191626636349425 0.9846938775510204 0.9948979591836735 0.00025 0 67 -0.1191626636349425
filtered_r1 9 68 68.0 -0.25072536276948487 -0.10771582905127078 0.9846938775510204 0.996938775510204 0.00025 1 67 -0.1191626636349425
filtered_r1 9 69 69.0 -0.2513206857364393 -0.12102407387324741 0.9846938775510204 0.9959183673469387 0.00025 0 69 -0.12102407387324741
filtered_r1 9 70 70.0 -0.250104895625069 -0.1128553633787194 0.9846938775510204 0.9948979591836735 0.00025 1 69 -0.12102407387324741
filtered_r1 9 71 71.0 -0.25117489491275263 -0.11603302031147236 0.9846938775510204 0.9959183673469387 0.00025 2 69 -0.12102407387324741
filtered_r1 9 72 72.0 -0.25202642561790894 -0.12264828681945801 0.9846938775510204 0.996938775510204 0.00025 0 72 -0.12264828681945801
filtered_r1 9 73 73.0 -0.2507919863143727 -0.10443416371637461 0.9857142857142858 0.9928571428571429 0.00025 1 72 -0.12264828681945801
filtered_r1 9 74 74.0 -0.2523411254530001 -0.11686581300229443 0.9846938775510204 0.9959183673469387 0.00025 2 72 -0.12264828681945801
filtered_r1 9 75 75.0 -0.25191704990427655 -0.1170562525184787 0.9826530612244898 0.9948979591836735 0.00025 3 72 -0.12264828681945801
filtered_r1 9 76 76.0 -0.2516722078221633 -0.10319376673017229 0.9836734693877551 0.9959183673469387 0.00025 4 72 -0.12264828681945801
filtered_r1 9 77 77.0 -0.25222684192051414 -0.11804088037841175 0.9846938775510204 0.9959183673469387 0.00025 5 72 -0.12264828681945801
filtered_r1 9 78 78.0 -0.2519409894077441 -0.10814221343215631 0.9857142857142858 0.9928571428571429 0.00025 6 72 -0.12264828681945801
filtered_r1 9 79 79.0 -0.25061766897284654 -0.0877658089812921 0.9806122448979592 0.996938775510204 0.00025 7 72 -0.12264828681945801
filtered_r1 9 80 80.0 -0.25083514402738444 -0.11422904218946184 0.9806122448979592 0.996938775510204 0.00025 8 72 -0.12264828681945801
filtered_r1 9 81 81.0 -0.2504615820487737 -0.09818344602779466 0.9816326530612245 0.9948979591836735 0.00025 9 72 -0.12264828681945801
filtered_r1 9 82 82.0 -0.24917194291888395 -0.02395842318632165 0.9704081632653061 0.9938775510204082 0.00025 10 72 -0.12264828681945801
filtered_r1 9 83 83.0 -0.24989188667107753 -0.026046975778073682 0.9744897959183674 0.9948979591836735 0.000125 11 72 -0.12264828681945801
filtered_r1 9 84 84.0 -0.2532182142131717 -0.11986278952384481 0.9857142857142858 0.996938775510204 0.000125 12 72 -0.12264828681945801
filtered_r1 9 85 85.0 -0.25425600521249553 -0.11489409378596714 0.9846938775510204 0.996938775510204 0.000125 13 72 -0.12264828681945801
filtered_r1 9 86 86.0 -0.25473594730462046 -0.12874029996443767 0.986734693877551 0.9959183673469387 0.000125 0 86 -0.12874029996443767
filtered_r1 9 87 87.0 -0.2545859215749809 -0.12147933950229567 0.9826530612244898 0.996938775510204 0.000125 1 86 -0.12874029996443767
filtered_r1 9 88 88.0 -0.2536259287603866 -0.12804675394175005 0.9877551020408163 0.996938775510204 0.000125 2 86 -0.12874029996443767
filtered_r1 9 89 89.0 -0.2546147575066731 -0.11686772618974958 0.9857142857142858 0.9959183673469387 0.000125 3 86 -0.12874029996443767
filtered_r1 9 90 90.0 -0.2539969655907917 -0.12251886007737141 0.9846938775510204 0.9959183673469387 0.000125 4 86 -0.12874029996443767
filtered_r1 9 91 91.0 -0.25450657829608475 -0.11960533297791773 0.9857142857142858 0.9948979591836735 0.000125 5 86 -0.12874029996443767
filtered_r1 9 92 92.0 -0.2537076557651196 -0.11894417003709443 0.9826530612244898 0.996938775510204 0.000125 6 86 -0.12874029996443767
filtered_r1 9 93 93.0 -0.2546093705508907 -0.1288263140892496 0.986734693877551 0.9959183673469387 0.000125 0 93 -0.1288263140892496
filtered_r1 9 94 94.0 -0.25447808278456524 -0.12179477604068055 0.9857142857142858 0.9959183673469387 0.000125 1 93 -0.1288263140892496
filtered_r1 9 95 95.0 -0.2538596075662309 -0.11101720089815101 0.986734693877551 0.9959183673469387 0.000125 2 93 -0.1288263140892496
filtered_r1 9 96 96.0 -0.25512291932722897 -0.11468774445202885 0.9826530612244898 0.9959183673469387 0.000125 3 93 -0.1288263140892496
filtered_r1 9 97 97.0 -0.2543572859768428 -0.12432900253607303 0.986734693877551 0.996938775510204 0.000125 4 93 -0.1288263140892496
filtered_r1 9 98 98.0 -0.253679895449702 -0.1184656727070711 0.9857142857142858 0.9948979591836735 0.000125 5 93 -0.1288263140892496
filtered_r1 9 99 99.0 -0.25392080700727576 -0.1222971755631116 0.986734693877551 0.9959183673469387 0.000125 6 93 -0.1288263140892496
filtered_r1 9 100 100.0 -0.2534082757847665 -0.10752397654007892 0.9826530612244898 0.9959183673469387 0.000125 7 93 -0.1288263140892496
filtered_r1 9 101 101.0 -0.2542830676963207 -0.11379806654793875 0.9887755102040816 0.9938775510204082 0.000125 8 93 -0.1288263140892496
filtered_r1 9 102 102.0 -0.25503004243900923 -0.09652929014089157 0.9816326530612245 0.9959183673469387 0.000125 9 93 -0.1288263140892496
filtered_r1 9 103 103.0 -0.2541526867972143 -0.11167781450310532 0.9846938775510204 0.996938775510204 0.000125 10 93 -0.1288263140892496
filtered_r1 9 104 104.0 -0.2537335463128629 -0.10295345783233642 0.9816326530612245 0.9959183673469387 6.25e-05 11 93 -0.1288263140892496
filtered_r1 9 105 105.0 -0.2553326609293764 -0.11143826562531141 0.9826530612244898 0.996938775510204 6.25e-05 12 93 -0.1288263140892496
filtered_r1 9 106 106.0 -0.2556995336055972 -0.12356884674150116 0.9846938775510204 0.996938775510204 6.25e-05 13 93 -0.1288263140892496
filtered_r1 9 107 107.0 -0.25572108775986035 -0.12376258957142733 0.9857142857142858 0.9959183673469387 6.25e-05 14 93 -0.1288263140892496
filtered_r1 9 108 108.0 -0.25521835623900024 -0.13250842435019358 0.986734693877551 0.996938775510204 6.25e-05 0 108 -0.13250842435019358
filtered_r1 9 109 109.0 -0.25571793453075425 -0.12236042265989343 0.9857142857142858 0.996938775510204 6.25e-05 1 108 -0.13250842435019358
filtered_r1 9 110 110.0 -0.25574186962407336 -0.09533607862433609 0.9826530612244898 0.9959183673469387 6.25e-05 2 108 -0.13250842435019358
filtered_r1 9 111 111.0 -0.25486087658380413 -0.12628741361656967 0.9846938775510204 0.9959183673469387 6.25e-05 3 108 -0.13250842435019358
filtered_r1 9 112 112.0 -0.25546876528129975 -0.11514542881323367 0.9836734693877551 0.9959183673469387 6.25e-05 4 108 -0.13250842435019358
filtered_r1 9 113 113.0 -0.254930560961129 -0.12376551287514823 0.9857142857142858 0.9959183673469387 6.25e-05 5 108 -0.13250842435019358
filtered_r1 9 114 114.0 -0.25498068438191007 -0.10707627607851612 0.9857142857142858 0.9959183673469387 6.25e-05 6 108 -0.13250842435019358
filtered_r1 9 115 115.0 -0.25552549066729724 -0.11832567331742268 0.9857142857142858 0.9959183673469387 6.25e-05 7 108 -0.13250842435019358
filtered_r1 9 116 116.0 -0.25609843261773296 -0.11615692352762028 0.9836734693877551 0.9959183673469387 6.25e-05 8 108 -0.13250842435019358
filtered_r1 9 117 117.0 -0.2558812365659626 -0.11021699272856421 0.9846938775510204 0.996938775510204 6.25e-05 9 108 -0.13250842435019358
filtered_r1 9 118 118.0 -0.2555640539255025 -0.11138831790612669 0.9836734693877551 0.9959183673469387 6.25e-05 10 108 -0.13250842435019358
filtered_r1 9 119 119.0 -0.2559235328931025 -0.12770608687887386 0.9857142857142858 0.9959183673469387 3.125e-05 11 108 -0.13250842435019358
filtered_r1 9 120 120.0 -0.25641211002889247 -0.11919251072163485 0.9857142857142858 0.9948979591836735 3.125e-05 12 108 -0.13250842435019358
filtered_r1 9 121 121.0 -0.25649867702277207 -0.123261723712999 0.9857142857142858 0.9948979591836735 3.125e-05 13 108 -0.13250842435019358
filtered_r1 9 122 122.0 -0.2563596730388082 -0.12945761923887292 0.986734693877551 0.9959183673469387 3.125e-05 14 108 -0.13250842435019358
filtered_r1 9 123 123.0 -0.2561618953577995 -0.1290373082063636 0.9877551020408163 0.996938775510204 3.125e-05 15 108 -0.13250842435019358
filtered_r1 9 124 124.0 -0.2567350353049626 -0.12720519961143026 0.9857142857142858 0.996938775510204 3.125e-05 16 108 -0.13250842435019358
filtered_r1 9 125 125.0 -0.2564001704582668 -0.11741005303908368 0.9846938775510204 0.996938775510204 3.125e-05 17 108 -0.13250842435019358
filtered_r1 9 126 126.0 -0.25603294670175974 -0.1251453852166935 0.9857142857142858 0.996938775510204 3.125e-05 18 108 -0.13250842435019358
filtered_r1 9 127 127.0 -0.2561925278162339 -0.12474949311236946 0.9857142857142858 0.996938775510204 3.125e-05 19 108 -0.13250842435019358
filtered_r1 9 128 128.0 -0.25619771049826784 -0.12624649806898466 0.986734693877551 0.996938775510204 3.125e-05 20 108 -0.13250842435019358
filtered_r1 9 129 129.0 -0.25630824415996517 -0.12532984091311086 0.9877551020408163 0.9959183673469387 3.125e-05 21 108 -0.13250842435019358
filtered_r1 9 130 130.0 -0.25607574278259626 -0.11853541889969184 0.9857142857142858 0.9959183673469387 1.5625e-05 22 108 -0.13250842435019358
filtered_r1 9 131 131.0 -0.2569720457480054 -0.12857028902793416 0.9877551020408163 0.996938775510204 1.5625e-05 23 108 -0.13250842435019358
filtered_r1 9 132 132.0 -0.2566225521682448 -0.12448857317165453 0.9857142857142858 0.996938775510204 1.5625e-05 24 108 -0.13250842435019358
filtered_r1 9 133 133.0 -0.2567783580332846 -0.11994317453734729 0.9857142857142858 0.996938775510204 1.5625e-05 25 108 -0.13250842435019358
filtered_r1 9 134 134.0 -0.2569717925026695 -0.13002434214767145 0.986734693877551 0.996938775510204 1.5625e-05 26 108 -0.13250842435019358
filtered_r1 9 135 135.0 -0.25647212819949206 -0.12273828691365768 0.986734693877551 0.996938775510204 1.5625e-05 27 108 -0.13250842435019358
filtered_r1 9 136 136.0 -0.2566020861572425 -0.12825583438484037 0.9877551020408163 0.996938775510204 1.5625e-05 28 108 -0.13250842435019358
filtered_r1 9 137 137.0 -0.2566039498372885 -0.12786495734234246 0.9877551020408163 0.996938775510204 1.5625e-05 29 108 -0.13250842435019358
filtered_r1 9 138 138.0 -0.256935177718408 -0.12402450065223539 0.986734693877551 0.996938775510204 1.5625e-05 30 108 -0.13250842435019358
filtered_r2 0 1 1.0 1.5526302904368907 2.4571103329561192 0.5918367346938775 0.5061224489795918 0.001 0 1 2.4571103329561192
filtered_r2 0 2 2.0 0.8962719668651901 1.070495935848781 0.8030612244897959 0.9714285714285714 0.001 0 2 1.070495935848781
filtered_r2 0 3 3.0 0.6890981137526428 2.1252801564275003 0.5795918367346938 0.7306122448979592 0.001 1 2 1.070495935848781
filtered_r2 0 4 4.0 0.5752109449877487 2.0979170487851513 0.4816326530612245 0.9673469387755103 0.001 2 2 1.070495935848781
filtered_r2 0 5 5.0 0.4948664053139688 1.6704413993018015 0.6336734693877552 0.9418367346938775 0.001 3 2 1.070495935848781
filtered_r2 0 6 6.0 0.4119187098725878 1.4079542203825348 0.7244897959183674 0.8561224489795919 0.001 4 2 1.070495935848781
filtered_r2 0 7 7.0 0.32054562338385734 0.7968797012251251 0.8857142857142857 0.9173469387755102 0.001 0 7 0.7968797012251251
filtered_r2 0 8 8.0 0.2683669157284914 1.170948085492971 0.7081632653061225 0.9214285714285714 0.001 1 7 0.7968797012251251
filtered_r2 0 9 9.0 0.24749524551784816 1.8184991748965516 0.8214285714285714 0.6918367346938775 0.001 2 7 0.7968797012251251
filtered_r2 0 10 10.0 0.19107255740523305 0.7943185864662637 0.7928571428571428 0.95 0.001 0 10 0.7943185864662637
filtered_r2 0 11 11.0 0.11539459089374347 0.8869920280514931 0.8510204081632653 0.8724489795918368 0.001 1 10 0.7943185864662637
filtered_r2 0 12 12.0 0.09377416156978068 0.5184752189383215 0.8714285714285714 0.9816326530612245 0.001 0 12 0.5184752189383215
filtered_r2 0 13 13.0 0.030646911020838278 1.1901645563086685 0.7551020408163265 0.9489795918367347 0.001 1 12 0.5184752189383215
filtered_r2 0 14 14.0 0.024501846836369485 0.8301500082015991 0.7846938775510204 0.9683673469387755 0.001 2 12 0.5184752189383215
filtered_r2 0 15 15.0 -0.009203529319646304 0.38028508619386325 0.8989795918367347 0.9918367346938776 0.001 0 15 0.38028508619386325
filtered_r2 0 16 16.0 -0.04369026259009609 0.27964108452504993 0.9459183673469388 0.9622448979591837 0.001 0 16 0.27964108452504993
filtered_r2 0 17 17.0 -0.06385305820417224 1.804880969378413 0.6857142857142857 0.8704081632653061 0.001 1 16 0.27964108452504993
filtered_r2 0 18 18.0 -0.09485255595299882 3.8707046752073326 0.7173469387755103 0.5469387755102041 0.001 2 16 0.27964108452504993
filtered_r2 0 19 19.0 -0.0759357932464771 2.310117959003059 0.6255102040816326 0.9551020408163265 0.001 3 16 0.27964108452504993
filtered_r2 0 20 20.0 -0.08866950127763305 0.8522421814957444 0.8255102040816327 0.9897959183673469 0.001 4 16 0.27964108452504993
filtered_r2 0 21 21.0 -0.13369919532306138 0.12470769055035649 0.9469387755102041 0.9887755102040816 0.001 0 21 0.12470769055035649
filtered_r2 0 22 22.0 -0.1609708522442377 0.08207433491337056 0.9591836734693877 0.9836734693877551 0.001 0 22 0.08207433491337056
filtered_r2 0 23 23.0 -0.14596453758659397 3.1964469792891523 0.5163265306122449 0.8765306122448979 0.001 1 22 0.08207433491337056
filtered_r2 0 24 24.0 -0.15483222810944489 2.6501361632833675 0.5744897959183674 0.9438775510204082 0.001 2 22 0.08207433491337056
filtered_r2 0 25 25.0 -0.17196779429199469 0.9820469963307283 0.7959183673469388 0.9704081632653061 0.001 3 22 0.08207433491337056
filtered_r2 0 26 26.0 -0.20045273962123838 0.3812736243617778 0.8959183673469387 0.9816326530612245 0.001 4 22 0.08207433491337056
filtered_r2 0 27 27.0 -0.2095675613499606 0.5373104727998071 0.8785714285714286 0.9877551020408163 0.001 5 22 0.08207433491337056
filtered_r2 0 28 28.0 -0.21498886002094503 0.6298350231988089 0.8591836734693877 0.9663265306122449 0.001 6 22 0.08207433491337056
filtered_r2 0 29 29.0 -0.12588605080327106 1.5583409075834314 0.7244897959183674 0.9081632653061225 0.001 7 22 0.08207433491337056
filtered_r2 0 30 30.0 -0.12876591732524942 1.2808606454304285 0.7316326530612245 0.9795918367346939 0.001 8 22 0.08207433491337056
filtered_r2 0 31 31.0 -0.19308781928211877 0.4976135691817926 0.8755102040816326 0.9795918367346939 0.001 9 22 0.08207433491337056
filtered_r2 0 32 32.0 -0.21344037987520093 0.10079496782653186 0.9438775510204082 0.9836734693877551 0.001 10 22 0.08207433491337056
filtered_r2 0 33 33.0 -0.22701316574484606 0.23866403978698109 0.9071428571428571 0.9918367346938776 0.0005 11 22 0.08207433491337056
filtered_r2 0 34 34.0 -0.24050612367204788 -0.09646233441878338 0.9857142857142858 0.9918367346938776 0.0005 0 34 -0.09646233441878338
filtered_r2 0 35 35.0 -0.24415373010819041 -0.09443734616649394 0.9857142857142858 0.9918367346938776 0.0005 1 34 -0.09646233441878338
filtered_r2 0 36 36.0 -0.24474805560444546 -0.0822889366928412 0.976530612244898 0.9928571428571429 0.0005 2 34 -0.09646233441878338
filtered_r2 0 37 37.0 -0.2455933467445062 -0.1089932276278126 0.9826530612244898 0.9938775510204082 0.0005 0 37 -0.1089932276278126
filtered_r2 0 38 38.0 -0.24402105356048903 -0.07445144604663459 0.9795918367346939 0.9928571428571429 0.0005 1 37 -0.1089932276278126
filtered_r2 0 39 39.0 -0.24687734977615308 -0.06594660574076128 0.9795918367346939 0.9928571428571429 0.0005 2 37 -0.1089932276278126
filtered_r2 0 40 40.0 -0.24482324014156664 -0.04619425413559894 0.9795918367346939 0.9918367346938776 0.0005 3 37 -0.1089932276278126
filtered_r2 0 41 41.0 -0.24497811979338904 -0.09122126686329744 0.9785714285714285 0.9928571428571429 0.0005 4 37 -0.1089932276278126
filtered_r2 0 42 42.0 -0.24669493123049774 -0.07200212527294549 0.9846938775510204 0.9908163265306122 0.0005 5 37 -0.1089932276278126
filtered_r2 0 43 43.0 -0.24465857471847868 -0.09403432777949743 0.9846938775510204 0.9908163265306122 0.0005 6 37 -0.1089932276278126
filtered_r2 0 44 44.0 -0.2477602942330099 -0.07931180973442234 0.9795918367346939 0.9938775510204082 0.0005 7 37 -0.1089932276278126
filtered_r2 0 45 45.0 -0.248513543609283 -0.0920440741947719 0.9816326530612245 0.9928571428571429 0.0005 8 37 -0.1089932276278126
filtered_r2 0 46 46.0 -0.24637724743106465 -0.04013747147151402 0.9693877551020408 0.9897959183673469 0.0005 9 37 -0.1089932276278126
filtered_r2 0 47 47.0 -0.22967641288210777 1.5801011995393404 0.7479591836734694 0.9510204081632653 0.0005 10 37 -0.1089932276278126
filtered_r2 0 48 48.0 -0.15939460010823545 3.170468384878976 0.5591836734693878 0.9795918367346939 0.00025 11 37 -0.1089932276278126
filtered_r2 0 49 49.0 -0.22986419212376372 -0.0364054164107965 0.9714285714285714 0.9928571428571429 0.00025 12 37 -0.1089932276278126
filtered_r2 0 50 50.0 -0.24678780905943692 -0.0810977400565634 0.9775510204081632 0.9897959183673469 0.00025 13 37 -0.1089932276278126
filtered_r2 0 51 51.0 -0.24980893725029818 -0.08297810554504395 0.9806122448979592 0.9938775510204082 0.00025 14 37 -0.1089932276278126
filtered_r2 0 52 52.0 -0.2507440829924045 -0.08628899369921003 0.9755102040816327 0.9938775510204082 0.00025 15 37 -0.1089932276278126
filtered_r2 0 53 53.0 -0.25159466464908403 -0.08187961043143759 0.9795918367346939 0.9918367346938776 0.00025 16 37 -0.1089932276278126
filtered_r2 0 54 54.0 -0.2514086043935564 -0.1131637733809802 0.9836734693877551 0.9938775510204082 0.00025 0 54 -0.1131637733809802
filtered_r2 0 55 55.0 -0.2510336606538014 -0.11245440025718845 0.9877551020408163 0.9948979591836735 0.00025 1 54 -0.1131637733809802
filtered_r2 0 56 56.0 -0.25247596777803805 -0.1112638166972569 0.9846938775510204 0.9928571428571429 0.00025 2 54 -0.1131637733809802
filtered_r2 0 57 57.0 -0.25148853970088797 -0.08862543106079102 0.9795918367346939 0.9938775510204082 0.00025 3 54 -0.1131637733809802
filtered_r2 0 58 58.0 -0.25273379286072295 -0.10498644478467047 0.9826530612244898 0.9948979591836735 0.00025 4 54 -0.1131637733809802
filtered_r2 0 59 59.0 -0.2525825906259032 -0.1039917702577552 0.9826530612244898 0.9918367346938776 0.00025 5 54 -0.1131637733809802
filtered_r2 0 60 60.0 -0.25211855269118444 -0.1069448471069336 0.9826530612244898 0.9928571428571429 0.00025 6 54 -0.1131637733809802
filtered_r2 0 61 61.0 -0.25228919367557856 -0.05754559769922373 0.9734693877551021 0.9938775510204082 0.00025 7 54 -0.1131637733809802
filtered_r2 0 62 62.0 -0.25173661193661206 -0.08293085292894013 0.9795918367346939 0.9938775510204082 0.00025 8 54 -0.1131637733809802
filtered_r2 0 63 63.0 -0.2528922004570306 -0.09463424779930893 0.9795918367346939 0.9928571428571429 0.00025 9 54 -0.1131637733809802
filtered_r2 0 64 64.0 -0.2513300163390374 -0.05518586489619041 0.9775510204081632 0.9918367346938776 0.00025 10 54 -0.1131637733809802
filtered_r2 0 65 65.0 -0.25158472338744076 -0.09804725744286362 0.9785714285714285 0.9948979591836735 0.000125 11 54 -0.1131637733809802
filtered_r2 0 66 66.0 -0.2537003652083133 -0.08746476562655701 0.9785714285714285 0.9948979591836735 0.000125 12 54 -0.1131637733809802
filtered_r2 0 67 67.0 -0.2548001973664479 -0.10102709556112484 0.9816326530612245 0.9938775510204082 0.000125 13 54 -0.1131637733809802
filtered_r2 0 68 68.0 -0.25462060904134143 -0.11030614911293497 0.9816326530612245 0.9948979591836735 0.000125 14 54 -0.1131637733809802
filtered_r2 0 69 69.0 -0.2542471605137551 -0.12146080951301419 0.9846938775510204 0.9938775510204082 0.000125 0 69 -0.12146080951301419
filtered_r2 0 70 70.0 -0.25436048984945014 -0.12090514825314892 0.9836734693877551 0.9938775510204082 0.000125 1 69 -0.12146080951301419
filtered_r2 0 71 71.0 -0.2548078008285235 -0.0854748365830402 0.9816326530612245 0.9938775510204082 0.000125 2 69 -0.12146080951301419
filtered_r2 0 72 72.0 -0.2543311156125955 -0.09689029236229099 0.9795918367346939 0.9928571428571429 0.000125 3 69 -0.12146080951301419
filtered_r2 0 73 73.0 -0.25389292878801284 -0.11987382830405721 0.9857142857142858 0.9948979591836735 0.000125 4 69 -0.12146080951301419
filtered_r2 0 74 74.0 -0.25488073141608947 -0.09193016606934216 0.9826530612244898 0.9938775510204082 0.000125 5 69 -0.12146080951301419
filtered_r2 0 75 75.0 -0.25463032096337396 -0.11603004056580213 0.9826530612244898 0.9938775510204082 0.000125 6 69 -0.12146080951301419
filtered_r2 0 76 76.0 -0.2546865796778478 -0.08534344021154909 0.9795918367346939 0.9928571428571429 0.000125 7 69 -0.12146080951301419
filtered_r2 0 77 77.0 -0.2546256251365755 -0.10666164865299146 0.9816326530612245 0.9928571428571429 0.000125 8 69 -0.12146080951301419
filtered_r2 0 78 78.0 -0.2543123461673515 -0.09334659041190634 0.9795918367346939 0.9938775510204082 0.000125 9 69 -0.12146080951301419
filtered_r2 0 79 79.0 -0.2557310966385117 -0.10820484939886599 0.9816326530612245 0.9938775510204082 0.000125 10 69 -0.12146080951301419
filtered_r2 0 80 80.0 -0.2552069321574781 -0.08500970577707095 0.9795918367346939 0.9918367346938776 6.25e-05 11 69 -0.12146080951301419
filtered_r2 0 81 81.0 -0.2553284013100884 -0.10864712024221615 0.9836734693877551 0.9938775510204082 6.25e-05 12 69 -0.12146080951301419
filtered_r2 0 82 82.0 -0.2558342723655812 -0.10107219462492029 0.9806122448979592 0.9938775510204082 6.25e-05 13 69 -0.12146080951301419
filtered_r2 0 83 83.0 -0.25607856625469844 -0.10452510288783483 0.9826530612244898 0.9948979591836735 6.25e-05 14 69 -0.12146080951301419
filtered_r2 0 84 84.0 -0.2562399460130507 -0.09249283878170714 0.9816326530612245 0.9938775510204082 6.25e-05 15 69 -0.12146080951301419
filtered_r2 0 85 85.0 -0.25596909902865944 -0.11861047501466712 0.9836734693877551 0.9938775510204082 6.25e-05 16 69 -0.12146080951301419
filtered_r2 0 86 86.0 -0.2559472076183928 -0.09207065348722497 0.9816326530612245 0.9938775510204082 6.25e-05 17 69 -0.12146080951301419
filtered_r2 0 87 87.0 -0.25605362810266236 -0.10212237883587273 0.9826530612244898 0.9938775510204082 6.25e-05 18 69 -0.12146080951301419
filtered_r2 0 88 88.0 -0.25607293661600095 -0.11060734768303074 0.9826530612244898 0.9938775510204082 6.25e-05 19 69 -0.12146080951301419
filtered_r2 0 89 89.0 -0.2559079463154225 -0.11298784917714644 0.9826530612244898 0.9948979591836735 6.25e-05 20 69 -0.12146080951301419
filtered_r2 0 90 90.0 -0.2559108643341176 -0.11602262282858089 0.9816326530612245 0.9938775510204082 6.25e-05 21 69 -0.12146080951301419
filtered_r2 0 91 91.0 -0.2560822379669087 -0.09996132510049002 0.9816326530612245 0.9938775510204082 3.125e-05 22 69 -0.12146080951301419
filtered_r2 0 92 92.0 -0.25680738779696355 -0.11150354073972119 0.9826530612244898 0.9948979591836735 3.125e-05 23 69 -0.12146080951301419
filtered_r2 0 93 93.0 -0.256786224686929 -0.10304287890998684 0.9806122448979592 0.9938775510204082 3.125e-05 24 69 -0.12146080951301419
filtered_r2 0 94 94.0 -0.25646476464540086 -0.11020837365364541 0.9826530612244898 0.9938775510204082 3.125e-05 25 69 -0.12146080951301419
filtered_r2 0 95 95.0 -0.2565632402844703 -0.11365853280437235 0.9857142857142858 0.9938775510204082 3.125e-05 26 69 -0.12146080951301419
filtered_r2 0 96 96.0 -0.2569316394968425 -0.11248913151877267 0.9836734693877551 0.9938775510204082 3.125e-05 27 69 -0.12146080951301419
filtered_r2 0 97 97.0 -0.25659330405331854 -0.09507509299686977 0.9795918367346939 0.9928571428571429 3.125e-05 28 69 -0.12146080951301419
filtered_r2 0 98 98.0 -0.25687760145976585 -0.11086980566686513 0.9816326530612245 0.9948979591836735 3.125e-05 29 69 -0.12146080951301419
filtered_r2 0 99 99.0 -0.2567680593409342 -0.10423262946459712 0.9836734693877551 0.9948979591836735 3.125e-05 30 69 -0.12146080951301419
filtered_r2 1 1 1.0 1.4106212564275813 1.6175000122615268 0.7826530612244897 0.6948979591836735 0.001 0 1 1.6175000122615268
filtered_r2 1 2 2.0 0.8581479555634531 1.810492195401873 0.6683673469387755 0.8040816326530612 0.001 1 1 1.6175000122615268
filtered_r2 1 3 3.0 0.6753986376800515 1.0152529667834846 0.8448979591836735 0.9714285714285714 0.001 0 3 1.0152529667834846
filtered_r2 1 4 4.0 0.5771539197706919 1.7636500524014842 0.6153061224489796 0.9377551020408164 0.001 1 3 1.0152529667834846
filtered_r2 1 5 5.0 0.47528406666324896 1.0813124325810646 0.7857142857142857 0.9928571428571429 0.001 2 3 1.0152529667834846
filtered_r2 1 6 6.0 0.37923223308964515 1.8757926357035735 0.573469387755102 0.9163265306122449 0.001 3 3 1.0152529667834846
filtered_r2 1 7 7.0 0.35243572336019635 0.8924012091695046 0.7846938775510204 0.9928571428571429 0.001 0 7 0.8924012091695046
filtered_r2 1 8 8.0 0.27562854952321025 0.7052707477491729 0.8571428571428571 0.95 0.001 0 8 0.7052707477491729
filtered_r2 1 9 9.0 0.2066484585617456 0.945340455794821 0.7826530612244897 0.960204081632653 0.001 1 8 0.7052707477491729
filtered_r2 1 10 10.0 0.18687347569895585 1.4254598919226198 0.736734693877551 0.9408163265306122 0.001 2 8 0.7052707477491729
filtered_r2 1 11 11.0 0.12603378007180285 0.5989066958427429 0.8785714285714286 0.9357142857142857 0.001 0 11 0.5989066958427429
filtered_r2 1 12 12.0 0.05934033788325385 1.7921815745684566 0.6326530612244898 0.9244897959183673 0.001 1 11 0.5989066958427429
filtered_r2 1 13 13.0 0.023905299601764973 0.6236060040337699 0.9122448979591836 0.8785714285714286 0.001 2 11 0.5989066958427429
filtered_r2 1 14 14.0 -0.008481265453614679 1.6649404987996939 0.6510204081632653 0.9795918367346939 0.001 3 11 0.5989066958427429
filtered_r2 1 15 15.0 0.007569218989812775 0.65775169304439 0.8397959183673469 0.9408163265306122 0.001 4 11 0.5989066958427429
filtered_r2 1 16 16.0 -0.05059611684280475 1.4272337884319073 0.7714285714285715 0.863265306122449 0.001 5 11 0.5989066958427429
filtered_r2 1 17 17.0 -0.07191509307561339 2.1532850479593084 0.6377551020408163 0.8448979591836735 0.001 6 11 0.5989066958427429
filtered_r2 1 18 18.0 -0.10399248814283671 1.0028233250793146 0.8306122448979592 0.923469387755102 0.001 7 11 0.5989066958427429
filtered_r2 1 19 19.0 -0.11124964276242263 0.6350032765038159 0.8693877551020408 0.9846938775510204 0.001 8 11 0.5989066958427429
filtered_r2 1 20 20.0 -0.12166736725644951 1.368997776265047 0.7061224489795919 0.9846938775510204 0.001 9 11 0.5989066958427429
filtered_r2 1 21 21.0 -0.09364482363007108 0.4564687514791683 0.9051020408163265 0.9581632653061225 0.001 0 21 0.4564687514791683
filtered_r2 1 22 22.0 -0.1278088303429064 0.7244412120507688 0.826530612244898 0.9928571428571429 0.001 1 21 0.4564687514791683
filtered_r2 1 23 23.0 -0.1803217773399932 0.24757663108864608 0.9540816326530612 0.9622448979591837 0.001 0 23 0.24757663108864608
filtered_r2 1 24 24.0 -0.18797186037037997 2.708305024127571 0.5316326530612245 0.9530612244897959 0.001 1 23 0.24757663108864608
filtered_r2 1 25 25.0 -0.1942205828064762 0.7575101920536587 0.8051020408163265 0.9908163265306122 0.001 2 23 0.24757663108864608
filtered_r2 1 26 26.0 -0.1938775377089893 0.6459161636780719 0.8540816326530613 0.9836734693877551 0.001 3 23 0.24757663108864608
filtered_r2 1 27 27.0 -0.11800758823695877 1.4309644489872213 0.7969387755102041 0.8918367346938776 0.001 4 23 0.24757663108864608
filtered_r2 1 28 28.0 -0.14894017682396918 1.5271929585203832 0.75 0.9714285714285714 0.001 5 23 0.24757663108864608
filtered_r2 1 29 29.0 -0.19789750987529617 0.14914483440165616 0.9346938775510204 0.9938775510204082 0.001 0 29 0.14914483440165616
filtered_r2 1 30 30.0 -0.22744876742884756 0.04677299820646948 0.9551020408163265 0.9877551020408163 0.001 0 30 0.04677299820646948
filtered_r2 1 31 31.0 -0.23189961887637345 0.03836877005440848 0.9551020408163265 0.9918367346938776 0.001 0 31 0.03836877005440848
filtered_r2 1 32 32.0 -0.23238127853211557 0.17970293881941815 0.9357142857142857 0.9918367346938776 0.001 1 31 0.03836877005440848
filtered_r2 1 33 33.0 -0.22097093209532978 1.2721927370343888 0.763265306122449 0.9295918367346939 0.001 2 31 0.03836877005440848
filtered_r2 1 34 34.0 -0.10793242281993624 0.9445683990206037 0.8775510204081632 0.9153061224489796 0.001 3 31 0.03836877005440848
filtered_r2 1 35 35.0 -0.11604469011015679 0.46757212415033456 0.9081632653061225 0.9622448979591837 0.001 4 31 0.03836877005440848
filtered_r2 1 36 36.0 -0.20692130353661575 0.2693131870152999 0.9204081632653062 0.9897959183673469 0.001 5 31 0.03836877005440848
filtered_r2 1 37 37.0 -0.22800631670274224 0.2900240679176486 0.9061224489795918 0.9938775510204082 0.001 6 31 0.03836877005440848
filtered_r2 1 38 38.0 -0.23680652271459426 -0.04527788308202004 0.9714285714285714 0.9948979591836735 0.001 0 38 -0.04527788308202004
filtered_r2 1 39 39.0 -0.2428991980513714 -0.07126893315996442 0.9734693877551021 0.9959183673469387 0.001 0 39 -0.07126893315996442
filtered_r2 1 40 40.0 -0.24346232436856063 -0.0336176079146716 0.9693877551020408 0.9918367346938776 0.001 1 39 -0.07126893315996442
filtered_r2 1 41 41.0 -0.24543430638584618 -0.006189240728105817 0.9663265306122449 0.9918367346938776 0.001 2 39 -0.07126893315996442
filtered_r2 1 42 42.0 -0.2442642604605533 0.06474197592054094 0.9510204081632653 0.9928571428571429 0.001 3 39 -0.07126893315996442
filtered_r2 1 43 43.0 -0.24439976912460348 0.27494917207834674 0.9153061224489796 0.9918367346938776 0.001 4 39 -0.07126893315996442
filtered_r2 1 44 44.0 -0.16559502411973973 14.572858238220215 0.23877551020408164 0.5183673469387755 0.001 5 39 -0.07126893315996442
filtered_r2 1 45 45.0 -0.1400884963487236 1.9099313482946279 0.7357142857142858 0.8877551020408163 0.001 6 39 -0.07126893315996442
filtered_r2 1 46 46.0 -0.21134937063472625 0.1849182177563103 0.9387755102040817 0.9836734693877551 0.001 7 39 -0.07126893315996442
filtered_r2 1 47 47.0 -0.22604420888100415 0.03047181440859425 0.9571428571428572 0.9908163265306122 0.001 8 39 -0.07126893315996442
filtered_r2 1 48 48.0 -0.24290889579838623 -0.041604532027731136 0.9704081632653061 0.9938775510204082 0.001 9 39 -0.07126893315996442
filtered_r2 1 49 49.0 -0.24456143201806296 -0.043927896266080894 0.9683673469387755 0.9928571428571429 0.001 10 39 -0.07126893315996442
filtered_r2 1 50 50.0 -0.2463461478771536 -0.05938567288067876 0.9795918367346939 0.9928571428571429 0.0005 11 39 -0.07126893315996442
filtered_r2 1 51 51.0 -0.25069295363416466 -0.093332839012146 0.9806122448979592 0.9928571428571429 0.0005 0 51 -0.093332839012146
filtered_r2 1 52 52.0 -0.25170580075299875 -0.07634059361049107 0.9734693877551021 0.9938775510204082 0.0005 1 51 -0.093332839012146
filtered_r2 1 53 53.0 -0.25157449909504626 -0.08641432012830462 0.976530612244898 0.9928571428571429 0.0005 2 51 -0.093332839012146
filtered_r2 1 54 54.0 -0.2520745968136872 -0.09042500233163639 0.9755102040816327 0.9938775510204082 0.0005 3 51 -0.093332839012146
filtered_r2 1 55 55.0 -0.2511284555364775 -0.05774494823144407 0.976530612244898 0.9938775510204082 0.0005 4 51 -0.093332839012146
filtered_r2 1 56 56.0 -0.2524543288744049 -0.08364500415568449 0.9775510204081632 0.9948979591836735 0.0005 5 51 -0.093332839012146
filtered_r2 1 57 57.0 -0.252855172788989 -0.08755225210773701 0.9806122448979592 0.9938775510204082 0.0005 6 51 -0.093332839012146
filtered_r2 1 58 58.0 -0.2532328472284941 -0.06963218815472662 0.9724489795918367 0.9948979591836735 0.0005 7 51 -0.093332839012146
filtered_r2 1 59 59.0 -0.25206537538205076 -0.08727899765481754 0.9795918367346939 0.9938775510204082 0.0005 8 51 -0.093332839012146
filtered_r2 1 60 60.0 -0.25155128161622653 -0.046769761066047515 0.9714285714285714 0.9948979591836735 0.0005 9 51 -0.093332839012146
filtered_r2 1 61 61.0 -0.2528420088414308 -0.08876536379055101 0.9826530612244898 0.9948979591836735 0.0005 10 51 -0.093332839012146
filtered_r2 1 62 62.0 -0.25151707639421494 0.01924552479568793 0.9591836734693877 0.9908163265306122 0.00025 11 51 -0.093332839012146
filtered_r2 1 63 63.0 -0.25382469691442683 -0.0747311037413928 0.9734693877551021 0.9948979591836735 0.00025 12 51 -0.093332839012146
filtered_r2 1 64 64.0 -0.2553600234612453 -0.05589892912884148 0.9704081632653061 0.9948979591836735 0.00025 13 51 -0.093332839012146
filtered_r2 1 65 65.0 -0.25563339340745933 -0.0737348746280281 0.9734693877551021 0.9948979591836735 0.00025 14 51 -0.093332839012146
filtered_r2 1 66 66.0 -0.25462341115535225 -0.08022295942111891 0.9755102040816327 0.9948979591836735 0.00025 15 51 -0.093332839012146
filtered_r2 1 67 67.0 -0.2550809443744863 -0.0913743763553853 0.9755102040816327 0.9948979591836735 0.00025 16 51 -0.093332839012146
filtered_r2 1 68 68.0 -0.25567932787392345 -0.05605717386518206 0.9693877551020408 0.9948979591836735 0.00025 17 51 -0.093332839012146
filtered_r2 1 69 69.0 -0.2548401086505036 -0.07583009710117262 0.9744897959183674 0.9938775510204082 0.00025 18 51 -0.093332839012146
filtered_r2 1 70 70.0 -0.2550094008167457 -0.05820438375278395 0.9714285714285714 0.9948979591836735 0.00025 19 51 -0.093332839012146
filtered_r2 1 71 71.0 -0.25546035218384927 -0.07522672877019765 0.9714285714285714 0.9948979591836735 0.00025 20 51 -0.093332839012146
filtered_r2 1 72 72.0 -0.25398442565716495 -0.053447417337067274 0.9704081632653061 0.9948979591836735 0.00025 21 51 -0.093332839012146
filtered_r2 1 73 73.0 -0.24915532713420613 -0.04071300759607432 0.9724489795918367 0.9948979591836735 0.000125 22 51 -0.093332839012146
filtered_r2 1 74 74.0 -0.2550338554876276 -0.07467046513849375 0.9744897959183674 0.9938775510204082 0.000125 23 51 -0.093332839012146
filtered_r2 1 75 75.0 -0.25632178978214537 -0.07775307139571833 0.9734693877551021 0.9938775510204082 0.000125 24 51 -0.093332839012146
filtered_r2 1 76 76.0 -0.2563538190780731 -0.07704256797323422 0.9734693877551021 0.9948979591836735 0.000125 25 51 -0.093332839012146
filtered_r2 1 77 77.0 -0.25630029301132723 -0.07707214939350984 0.9734693877551021 0.9948979591836735 0.000125 26 51 -0.093332839012146
filtered_r2 1 78 78.0 -0.2570682782489564 -0.035132992510892906 0.9683673469387755 0.9948979591836735 0.000125 27 51 -0.093332839012146
filtered_r2 1 79 79.0 -0.25575837639910787 -0.07879164413529999 0.9744897959183674 0.9948979591836735 0.000125 28 51 -0.093332839012146
filtered_r2 1 80 80.0 -0.25640654337799235 -0.08033228845012431 0.9795918367346939 0.9948979591836735 0.000125 29 51 -0.093332839012146
filtered_r2 1 81 81.0 -0.2565490439955959 -0.08573535753756154 0.9755102040816327 0.9948979591836735 0.000125 30 51 -0.093332839012146
filtered_r2 2 1 1.0 1.4869077986240526 2.3202060631343295 0.563265306122449 0.5877551020408164 0.001 0 1 2.3202060631343295
filtered_r2 2 2 2.0 0.8398869930393396 1.1361232120163587 0.7642857142857142 0.9438775510204082 0.001 0 2 1.1361232120163587
filtered_r2 2 3 3.0 0.6841555841121445 2.26432903056242 0.47959183673469385 0.8367346938775511 0.001 1 2 1.1361232120163587
filtered_r2 2 4 4.0 0.5607498938292221 1.0581532288570794 0.7724489795918368 0.9806122448979592 0.001 0 4 1.0581532288570794
filtered_r2 2 5 5.0 0.46399845477266427 1.4674479523483588 0.6265306122448979 0.9826530612244898 0.001 1 4 1.0581532288570794
filtered_r2 2 6 6.0 0.38215471731527645 0.9677575870436065 0.8336734693877551 0.8826530612244898 0.001 0 6 0.9677575870436065
filtered_r2 2 7 7.0 0.33868029233593266 2.4046253544943674 0.5112244897959184 0.8877551020408163 0.001 1 6 0.9677575870436065
filtered_r2 2 8 8.0 0.2723967784655348 0.5214939866747175 0.9316326530612244 0.9551020408163265 0.001 0 8 0.5214939866747175
filtered_r2 2 9 9.0 0.19585979684017685 1.0175651525964542 0.7591836734693878 0.9214285714285714 0.001 1 8 0.5214939866747175
filtered_r2 2 10 10.0 0.15222808289952275 1.509946938923427 0.6112244897959184 0.9561224489795919 0.001 2 8 0.5214939866747175
filtered_r2 2 11 11.0 0.1210793884460732 1.5034594292543373 0.7071428571428572 0.8326530612244898 0.001 3 8 0.5214939866747175
filtered_r2 2 12 12.0 0.06726735896399114 1.5188939697888433 0.6204081632653061 0.9346938775510204 0.001 4 8 0.5214939866747175
filtered_r2 2 13 13.0 0.051742652275139994 2.7373837091484847 0.4816326530612245 0.9734693877551021 0.001 5 8 0.5214939866747175
filtered_r2 2 14 14.0 -0.009589987643647897 0.8017780895135841 0.7857142857142857 0.9887755102040816 0.001 6 8 0.5214939866747175
filtered_r2 2 15 15.0 -0.04152593904519728 0.7626271712536714 0.860204081632653 0.9316326530612244 0.001 7 8 0.5214939866747175
filtered_r2 2 16 16.0 -0.033808302246240686 0.24891720426325895 0.9448979591836735 0.9693877551020408 0.001 0 16 0.24891720426325895
filtered_r2 2 17 17.0 -0.065247429419023 0.5975480867891896 0.8693877551020408 0.9795918367346939 0.001 1 16 0.24891720426325895
filtered_r2 2 18 18.0 -0.08468507544654154 1.8008422929413466 0.7234693877551021 0.8908163265306123 0.001 2 16 0.24891720426325895
filtered_r2 2 19 19.0 -0.12620731590786932 0.4307646894941525 0.9091836734693878 0.9816326530612245 0.001 3 16 0.24891720426325895
filtered_r2 2 20 20.0 -0.14962043360784447 0.49380606875127675 0.8336734693877551 0.9897959183673469 0.001 4 16 0.24891720426325895
filtered_r2 2 21 21.0 -0.09042804408845659 2.291685894557408 0.6326530612244898 0.8775510204081632 0.001 5 16 0.24891720426325895
filtered_r2 2 22 22.0 -0.10208196623665548 0.3401753695643678 0.8959183673469387 0.976530612244898 0.001 6 16 0.24891720426325895
filtered_r2 2 23 23.0 -0.15992274876061074 1.0572821495484332 0.7857142857142857 0.9857142857142858 0.001 7 16 0.24891720426325895
filtered_r2 2 24 24.0 -0.16881463991715603 1.7524547323888662 0.746938775510204 0.9959183673469387 0.001 8 16 0.24891720426325895
filtered_r2 2 25 25.0 -0.18493206569882012 1.3837518473060764 0.8357142857142857 0.7938775510204081 0.001 9 16 0.24891720426325895
filtered_r2 2 26 26.0 -0.20573229531626816 0.2524379774015777 0.9418367346938775 0.9816326530612245 0.001 10 16 0.24891720426325895
filtered_r2 2 27 27.0 -0.21769861335618035 0.3110173575732173 0.9 0.9928571428571429 0.0005 11 16 0.24891720426325895
filtered_r2 2 28 28.0 -0.2297603394222009 -0.11804138081414359 0.9826530612244898 0.9928571428571429 0.0005 0 28 -0.11804138081414359
filtered_r2 2 29 29.0 -0.23699682811832234 -0.11248744507225192 0.9857142857142858 0.9928571428571429 0.0005 1 28 -0.11804138081414359
filtered_r2 2 30 30.0 -0.2374889302573748 -0.12734092328013205 0.986734693877551 0.9959183673469387 0.0005 0 30 -0.12734092328013205
filtered_r2 2 31 31.0 -0.2400861715206016 -0.10318891466880331 0.9846938775510204 0.9938775510204082 0.0005 1 30 -0.12734092328013205
filtered_r2 2 32 32.0 -0.24092064367844754 -0.1119059319398841 0.9857142857142858 0.9948979591836735 0.0005 2 30 -0.12734092328013205
filtered_r2 2 33 33.0 -0.24011258173517627 -0.07725301032163659 0.9785714285714285 0.9938775510204082 0.0005 3 30 -0.12734092328013205
filtered_r2 2 34 34.0 -0.2400726791474504 -0.10391864581983917 0.9826530612244898 0.9948979591836735 0.0005 4 30 -0.12734092328013205
filtered_r2 2 35 35.0 -0.24274945412149643 0.25516502565267135 0.9163265306122449 0.9938775510204082 0.0005 5 30 -0.12734092328013205
filtered_r2 2 36 36.0 -0.2452398175430743 -0.11136843087721844 0.9816326530612245 0.9938775510204082 0.0005 6 30 -0.12734092328013205
filtered_r2 2 37 37.0 -0.24285637269675436 0.06224062053524718 0.9591836734693877 0.986734693877551 0.0005 7 30 -0.12734092328013205
filtered_r2 2 38 38.0 -0.0881615686527939 0.4476376455657336 0.9244897959183673 0.9571428571428572 0.0005 8 30 -0.12734092328013205
filtered_r2 2 39 39.0 -0.2135163316721119 0.31252649608923466 0.9102040816326531 0.9948979591836735 0.0005 9 30 -0.12734092328013205
filtered_r2 2 40 40.0 -0.23622436712321784 0.041771977288382396 0.9561224489795919 0.9938775510204082 0.0005 10 30 -0.12734092328013205
filtered_r2 2 41 41.0 -0.24423633064930106 -0.05968963516001799 0.9704081632653061 0.9948979591836735 0.00025 11 30 -0.12734092328013205
filtered_r2 2 42 42.0 -0.24899269079097616 -0.09509979121539057 0.9816326530612245 0.9938775510204082 0.00025 12 30 -0.12734092328013205
filtered_r2 2 43 43.0 -0.24981580915971438 -0.11336980936478595 0.9846938775510204 0.9938775510204082 0.00025 13 30 -0.12734092328013205
filtered_r2 2 44 44.0 -0.2503089369439091 -0.10316430014006946 0.9826530612244898 0.9938775510204082 0.00025 14 30 -0.12734092328013205
filtered_r2 2 45 45.0 -0.2505166593918412 -0.11550887020266785 0.9846938775510204 0.9938775510204082 0.00025 15 30 -0.12734092328013205
filtered_r2 2 46 46.0 -0.2509850128802468 -0.11395046370370047 0.9816326530612245 0.9948979591836735 0.00025 16 30 -0.12734092328013205
filtered_r2 2 47 47.0 -0.24987654971909445 -0.11902808753811583 0.986734693877551 0.9948979591836735 0.00025 17 30 -0.12734092328013205
filtered_r2 2 48 48.0 -0.25046824307980187 -0.10180933913406061 0.9826530612244898 0.9938775510204082 0.00025 18 30 -0.12734092328013205
filtered_r2 2 49 49.0 -0.25234915166962835 -0.11223432725789595 0.9857142857142858 0.9938775510204082 0.00025 19 30 -0.12734092328013205
filtered_r2 2 50 50.0 -0.25091972923640576 -0.11367105902457723 0.9857142857142858 0.9948979591836735 0.00025 20 30 -0.12734092328013205
filtered_r2 2 51 51.0 -0.2515918487253014 -0.10205629796397929 0.9806122448979592 0.9938775510204082 0.00025 21 30 -0.12734092328013205
filtered_r2 2 52 52.0 -0.25168666740113593 -0.09247690950121198 0.9795918367346939 0.9938775510204082 0.000125 22 30 -0.12734092328013205
filtered_r2 2 53 53.0 -0.2537181065212647 -0.10811049646260787 0.9795918367346939 0.9938775510204082 0.000125 23 30 -0.12734092328013205
filtered_r2 2 54 54.0 -0.25376256549883625 -0.10674665071526353 0.9836734693877551 0.9938775510204082 0.000125 24 30 -0.12734092328013205
filtered_r2 2 55 55.0 -0.2542252301787161 -0.10768503850820113 0.9846938775510204 0.9938775510204082 0.000125 25 30 -0.12734092328013205
filtered_r2 2 56 56.0 -0.25416109638100015 -0.11496065928011524 0.9857142857142858 0.9938775510204082 0.000125 26 30 -0.12734092328013205
filtered_r2 2 57 57.0 -0.25339327920864163 -0.08304532401415766 0.9744897959183674 0.9948979591836735 0.000125 27 30 -0.12734092328013205
filtered_r2 2 58 58.0 -0.2538884261067003 -0.1181822917899307 0.9846938775510204 0.9948979591836735 0.000125 28 30 -0.12734092328013205
filtered_r2 2 59 59.0 -0.2536387675560561 -0.11311261507929588 0.9857142857142858 0.9948979591836735 0.000125 29 30 -0.12734092328013205
filtered_r2 2 60 60.0 -0.25428965128577763 -0.11062348132230798 0.9846938775510204 0.9948979591836735 0.000125 30 30 -0.12734092328013205
filtered_r2 3 1 1.0 1.3906484152681458 2.229480606195878 0.4846938775510204 0.676530612244898 0.001 0 1 2.229480606195878
filtered_r2 3 2 2.0 0.8303153111874135 0.8828022978743728 0.8887755102040816 0.9683673469387755 0.001 0 2 0.8828022978743728
filtered_r2 3 3 3.0 0.6695881214787461 0.7792626865056096 0.9163265306122449 0.9755102040816327 0.001 0 3 0.7792626865056096
filtered_r2 3 4 4.0 0.5457214346807205 0.8787034701327888 0.8326530612244898 0.9744897959183674 0.001 1 3 0.7792626865056096
filtered_r2 3 5 5.0 0.47640143733592294 1.2080657161011987 0.753061224489796 0.8571428571428571 0.001 2 3 0.7792626865056096
filtered_r2 3 6 6.0 0.3886838577424676 1.7092202833720616 0.6061224489795919 0.7693877551020408 0.001 3 3 0.7792626865056096
filtered_r2 3 7 7.0 0.32236632210783267 1.0861191676587474 0.7163265306122449 0.9642857142857143 0.001 4 3 0.7792626865056096
filtered_r2 3 8 8.0 0.26112177343628723 0.9180808164635483 0.7969387755102041 0.9469387755102041 0.001 5 3 0.7792626865056096
filtered_r2 3 9 9.0 0.20996897086514166 0.9328995359187223 0.7408163265306122 0.9775510204081632 0.001 6 3 0.7792626865056096
filtered_r2 3 10 10.0 0.1777556423442441 0.4546429237540887 0.8744897959183674 0.9887755102040816 0.001 0 10 0.4546429237540887
filtered_r2 3 11 11.0 0.11849076014967608 0.5616304677359912 0.8571428571428571 0.9785714285714285 0.001 1 10 0.4546429237540887
filtered_r2 3 12 12.0 0.06468237891710636 0.2939380373273577 0.9489795918367347 0.9775510204081632 0.001 0 12 0.2939380373273577
filtered_r2 3 13 13.0 0.03390493593307776 3.575884532928467 0.6255102040816326 0.5744897959183674 0.001 1 12 0.2939380373273577
filtered_r2 3 14 14.0 0.01485467938038292 0.2968079858896684 0.9540816326530612 0.9571428571428572 0.001 2 12 0.2939380373273577
filtered_r2 3 15 15.0 -0.02183935725379345 1.2529614030098428 0.7112244897959183 0.9173469387755102 0.001 3 12 0.2939380373273577
filtered_r2 3 16 16.0 -0.024439271247035602 1.9358011868535256 0.6489795918367347 0.9326530612244898 0.001 4 12 0.2939380373273577
filtered_r2 3 17 17.0 -0.06805848984875552 0.6394198702306163 0.9030612244897959 0.9204081632653062 0.001 5 12 0.2939380373273577
filtered_r2 3 18 18.0 -0.09738442507853201 0.3528945093252221 0.8959183673469387 0.9846938775510204 0.001 6 12 0.2939380373273577
filtered_r2 3 19 19.0 -0.11742789581144103 0.828851793250259 0.8071428571428572 0.9877551020408163 0.001 7 12 0.2939380373273577
filtered_r2 3 20 20.0 -0.11693738351801863 3.2909224179326273 0.45918367346938777 0.8448979591836735 0.001 8 12 0.2939380373273577
filtered_r2 3 21 21.0 -0.12687589717321782 0.8754089703365248 0.8051020408163265 0.960204081632653 0.001 9 12 0.2939380373273577
filtered_r2 3 22 22.0 -0.16422464698335676 1.2649207810966336 0.7857142857142857 0.9183673469387755 0.001 10 12 0.2939380373273577
filtered_r2 3 23 23.0 -0.18210404222547955 0.413459705819889 0.9040816326530612 0.9846938775510204 0.0005 11 12 0.2939380373273577
filtered_r2 3 24 24.0 -0.2090545602258037 -0.07210472189650244 0.9755102040816327 0.9959183673469387 0.0005 0 24 -0.07210472189650244
filtered_r2 3 25 25.0 -0.21723948902175208 -0.1069415452528973 0.976530612244898 0.996938775510204 0.0005 0 25 -0.1069415452528973
filtered_r2 3 26 26.0 -0.22211853463690798 -0.07224169628960746 0.9785714285714285 0.9918367346938776 0.0005 1 25 -0.1069415452528973
filtered_r2 3 27 27.0 -0.22551629191624864 -0.10436306924236063 0.9816326530612245 0.9938775510204082 0.0005 2 25 -0.1069415452528973
filtered_r2 3 28 28.0 -0.22806503959184907 -0.0764269376287655 0.9734693877551021 0.9959183673469387 0.0005 3 25 -0.1069415452528973
filtered_r2 3 29 29.0 -0.23071251536097442 -0.044083588950488035 0.9775510204081632 0.9918367346938776 0.0005 4 25 -0.1069415452528973
filtered_r2 3 30 30.0 -0.23302406310896015 0.02536576134817941 0.9561224489795919 0.9897959183673469 0.0005 5 25 -0.1069415452528973
filtered_r2 3 31 31.0 -0.23265493780522364 -0.004956712528150909 0.9673469387755103 0.9877551020408163 0.0005 6 25 -0.1069415452528973
filtered_r2 3 32 32.0 -0.22586069186714045 4.0871613327337775 0.3408163265306122 0.9908163265306122 0.0005 7 25 -0.1069415452528973
filtered_r2 3 33 33.0 -0.20809662879504717 0.34717457489091524 0.9193877551020408 0.9653061224489796 0.0005 8 25 -0.1069415452528973
filtered_r2 3 34 34.0 -0.18898118631047342 3.0102568373388174 0.5826530612244898 0.9795918367346939 0.0005 9 25 -0.1069415452528973
filtered_r2 3 35 35.0 -0.19397221355630248 1.4857815328909427 0.676530612244898 0.9887755102040816 0.0005 10 25 -0.1069415452528973
filtered_r2 3 36 36.0 -0.23061208876987432 -0.004012725304584114 0.9622448979591837 0.9928571428571429 0.00025 11 25 -0.1069415452528973
filtered_r2 3 37 37.0 -0.24381557744412719 -0.10871478343496517 0.9795918367346939 0.9948979591836735 0.00025 0 37 -0.10871478343496517
filtered_r2 3 38 38.0 -0.24513894806528774 -0.12943164572423818 0.9816326530612245 0.9948979591836735 0.00025 0 38 -0.12943164572423818
filtered_r2 3 39 39.0 -0.24706425192337325 -0.12303487476037474 0.9785714285714285 0.9948979591836735 0.00025 1 38 -0.12943164572423818
filtered_r2 3 40 40.0 -0.24762464333178874 -0.1255804071621019 0.9816326530612245 0.9959183673469387 0.00025 2 38 -0.12943164572423818
filtered_r2 3 41 41.0 -0.24701951426321542 -0.10814839771815708 0.9806122448979592 0.9948979591836735 0.00025 3 38 -0.12943164572423818
filtered_r2 3 42 42.0 -0.24818377165047184 -0.117368154136502 0.9816326530612245 0.9938775510204082 0.00025 4 38 -0.12943164572423818
filtered_r2 3 43 43.0 -0.2488509086467519 -0.12931651144611592 0.9816326530612245 0.9959183673469387 0.00025 5 38 -0.12943164572423818
filtered_r2 3 44 44.0 -0.24926428621629948 -0.12497917486696827 0.9795918367346939 0.9959183673469387 0.00025 6 38 -0.12943164572423818
filtered_r2 3 45 45.0 -0.24875027525692806 -0.09631833154328015 0.9775510204081632 0.9948979591836735 0.00025 7 38 -0.12943164572423818
filtered_r2 3 46 46.0 -0.24881118384679343 -0.11062607667884049 0.9795918367346939 0.9948979591836735 0.00025 8 38 -0.12943164572423818
filtered_r2 3 47 47.0 -0.24933104327930666 -0.06150561449479083 0.9775510204081632 0.986734693877551 0.00025 9 38 -0.12943164572423818
filtered_r2 3 48 48.0 -0.24984847240069533 -0.13309212947378354 0.9806122448979592 0.9948979591836735 0.00025 0 48 -0.13309212947378354
filtered_r2 3 49 49.0 -0.2503813525696068 -0.12339661705250643 0.9775510204081632 0.9948979591836735 0.00025 1 48 -0.13309212947378354
filtered_r2 3 50 50.0 -0.24956411093708236 -0.12919936520712716 0.9826530612244898 0.9938775510204082 0.00025 2 48 -0.13309212947378354
filtered_r2 3 51 51.0 -0.245714611689899 -0.05067422000729308 0.9693877551020408 0.9959183673469387 0.00025 3 48 -0.13309212947378354
filtered_r2 3 52 52.0 -0.2509968715260876 -0.0850851550394175 0.9795918367346939 0.9908163265306122 0.00025 4 48 -0.13309212947378354
filtered_r2 3 53 53.0 -0.2505614930420879 -0.12688598730126205 0.9816326530612245 0.9959183673469387 0.00025 5 48 -0.13309212947378354
filtered_r2 3 54 54.0 -0.2512367160423942 -0.11158232494276397 0.9795918367346939 0.9948979591836735 0.00025 6 48 -0.13309212947378354
filtered_r2 3 55 55.0 -0.2503810322316005 -0.03019676500437211 0.9795918367346939 0.9877551020408163 0.00025 7 48 -0.13309212947378354
filtered_r2 3 56 56.0 -0.2477428771714132 -0.03116429241336122 0.9683673469387755 0.9928571428571429 0.00025 8 48 -0.13309212947378354
filtered_r2 3 57 57.0 -0.25133639460998614 -0.05282587664467948 0.9704081632653061 0.9959183673469387 0.00025 9 48 -0.13309212947378354
filtered_r2 3 58 58.0 -0.2512006102722798 -0.09108217297768106 0.9755102040816327 0.9948979591836735 0.00025 10 48 -0.13309212947378354
filtered_r2 3 59 59.0 -0.25140499237295416 -0.09091094659299266 0.9795918367346939 0.9948979591836735 0.000125 11 48 -0.13309212947378354
filtered_r2 3 60 60.0 -0.25374679752226853 -0.10828858735610028 0.9795918367346939 0.9938775510204082 0.000125 12 48 -0.13309212947378354
filtered_r2 3 61 61.0 -0.25545558436883237 -0.12168565331673135 0.9806122448979592 0.9948979591836735 0.000125 13 48 -0.13309212947378354
filtered_r2 3 62 62.0 -0.2550578018406372 -0.1393912967370481 0.9836734693877551 0.9959183673469387 0.000125 0 62 -0.1393912967370481
filtered_r2 3 63 63.0 -0.25507753529143745 -0.08922820188561265 0.9724489795918367 0.9948979591836735 0.000125 1 62 -0.1393912967370481
filtered_r2 3 64 64.0 -0.25525297124079027 -0.1273660265669531 0.9826530612244898 0.9948979591836735 0.000125 2 62 -0.1393912967370481
filtered_r2 3 65 65.0 -0.25513017290634077 -0.12115785151111837 0.9806122448979592 0.9938775510204082 0.000125 3 62 -0.1393912967370481
filtered_r2 3 66 66.0 -0.2548970848121899 -0.12185803773451824 0.9846938775510204 0.9938775510204082 0.000125 4 62 -0.1393912967370481
filtered_r2 3 67 67.0 -0.25404887888846883 -0.11804549888688691 0.9806122448979592 0.9948979591836735 0.000125 5 62 -0.1393912967370481
filtered_r2 3 68 68.0 -0.254074379797402 -0.11628423223690111 0.9795918367346939 0.9948979591836735 0.000125 6 62 -0.1393912967370481
filtered_r2 3 69 69.0 -0.2546911726096715 -0.12508243735955685 0.9826530612244898 0.9938775510204082 0.000125 7 62 -0.1393912967370481
filtered_r2 3 70 70.0 -0.2545901645819578 -0.12130575861249651 0.9836734693877551 0.9928571428571429 0.000125 8 62 -0.1393912967370481
filtered_r2 3 71 71.0 -0.2546702375174056 -0.12436891769876285 0.9826530612244898 0.9948979591836735 0.000125 9 62 -0.1393912967370481
filtered_r2 3 72 72.0 -0.2549104996836495 -0.1087672978031392 0.9795918367346939 0.9948979591836735 0.000125 10 62 -0.1393912967370481
filtered_r2 3 73 73.0 -0.25402304706679235 -0.11850186562051579 0.9836734693877551 0.9948979591836735 6.25e-05 11 62 -0.1393912967370481
filtered_r2 3 74 74.0 -0.25587131346075603 -0.12502305750944176 0.9826530612244898 0.9948979591836735 6.25e-05 12 62 -0.1393912967370481
filtered_r2 3 75 75.0 -0.25632591568627094 -0.12628794884195133 0.9857142857142858 0.9948979591836735 6.25e-05 13 62 -0.1393912967370481
filtered_r2 3 76 76.0 -0.25646479002129136 -0.11098185656022053 0.9785714285714285 0.9948979591836735 6.25e-05 14 62 -0.1393912967370481
filtered_r2 3 77 77.0 -0.2558830332262091 -0.12399011631401217 0.9846938775510204 0.9948979591836735 6.25e-05 15 62 -0.1393912967370481
filtered_r2 3 78 78.0 -0.25644118146851835 -0.11643265850689946 0.9826530612244898 0.9948979591836735 6.25e-05 16 62 -0.1393912967370481
filtered_r2 3 79 79.0 -0.2562305097298891 -0.11741149133565475 0.9816326530612245 0.9948979591836735 6.25e-05 17 62 -0.1393912967370481
filtered_r2 3 80 80.0 -0.2560449749066108 -0.11454260738528504 0.9795918367346939 0.9948979591836735 6.25e-05 18 62 -0.1393912967370481
filtered_r2 3 81 81.0 -0.2562926669735793 -0.11278038852068843 0.9775510204081632 0.9948979591836735 6.25e-05 19 62 -0.1393912967370481
filtered_r2 3 82 82.0 -0.2563605655342349 -0.11742393873175797 0.9816326530612245 0.9948979591836735 6.25e-05 20 62 -0.1393912967370481
filtered_r2 3 83 83.0 -0.2561646109946379 -0.1223882582722878 0.9826530612244898 0.9938775510204082 6.25e-05 21 62 -0.1393912967370481
filtered_r2 3 84 84.0 -0.25573663618323195 -0.12242821965898787 0.9826530612244898 0.9948979591836735 3.125e-05 22 62 -0.1393912967370481
filtered_r2 3 85 85.0 -0.2571851081183049 -0.12439219611031668 0.9836734693877551 0.9948979591836735 3.125e-05 23 62 -0.1393912967370481
filtered_r2 3 86 86.0 -0.2571361677828216 -0.13021155084882463 0.9806122448979592 0.9948979591836735 3.125e-05 24 62 -0.1393912967370481
filtered_r2 3 87 87.0 -0.2571963243836525 -0.12612122029674297 0.9806122448979592 0.9948979591836735 3.125e-05 25 62 -0.1393912967370481
filtered_r2 3 88 88.0 -0.25722034488157036 -0.12275122720368055 0.9816326530612245 0.9948979591836735 3.125e-05 26 62 -0.1393912967370481
filtered_r2 3 89 89.0 -0.25727877960909135 -0.12278787505869963 0.9806122448979592 0.9948979591836735 3.125e-05 27 62 -0.1393912967370481
filtered_r2 3 90 90.0 -0.25737979718537524 -0.12862874196500193 0.9785714285714285 0.9938775510204082 3.125e-05 28 62 -0.1393912967370481
filtered_r2 3 91 91.0 -0.2568522419705487 -0.1331960814339774 0.9857142857142858 0.9938775510204082 3.125e-05 29 62 -0.1393912967370481
filtered_r2 3 92 92.0 -0.257113617729925 -0.12835090646938402 0.9826530612244898 0.9948979591836735 3.125e-05 30 62 -0.1393912967370481
filtered_r2 4 1 1.0 1.4731504263528623 2.3302798903718287 0.5571428571428572 0.513265306122449 0.001 0 1 2.3302798903718287
filtered_r2 4 2 2.0 0.8537892120413924 2.14768791685299 0.7561224489795918 0.6510204081632653 0.001 0 2 2.14768791685299
filtered_r2 4 3 3.0 0.6807979788834477 1.0579426638934077 0.863265306122449 0.9132653061224489 0.001 0 3 1.0579426638934077
filtered_r2 4 4 4.0 0.5634935086205501 0.7068338163044988 0.9020408163265307 0.9897959183673469 0.001 0 4 0.7068338163044988
filtered_r2 4 5 5.0 0.47359617616680155 0.8738392399281871 0.8591836734693877 0.9244897959183673 0.001 1 4 0.7068338163044988
filtered_r2 4 6 6.0 0.3977921918525896 1.4673369689863556 0.6479591836734694 0.9785714285714285 0.001 2 4 0.7068338163044988
filtered_r2 4 7 7.0 0.3259080978882775 1.3454368630234077 0.6857142857142857 0.960204081632653 0.001 3 4 0.7068338163044988
filtered_r2 4 8 8.0 0.2760708423373231 0.9459757834064717 0.7806122448979592 0.9928571428571429 0.001 4 4 0.7068338163044988
filtered_r2 4 9 9.0 0.20624542145886293 1.022078996288533 0.7775510204081633 0.9693877551020408 0.001 5 4 0.7068338163044988
filtered_r2 4 10 10.0 0.13600794353114992 0.6816412229927219 0.923469387755102 0.8938775510204081 0.001 0 10 0.6816412229927219
filtered_r2 4 11 11.0 0.12893525511243792 1.4863780576355603 0.7214285714285714 0.8377551020408164 0.001 1 10 0.6816412229927219
filtered_r2 4 12 12.0 0.08115795888669783 2.1956769962700045 0.8244897959183674 0.5265306122448979 0.001 2 10 0.6816412229927219
filtered_r2 4 13 13.0 0.03339714293651063 0.8844733943744582 0.736734693877551 0.9785714285714285 0.001 3 10 0.6816412229927219
filtered_r2 4 14 14.0 0.004970613359396194 0.42150318330647996 0.9163265306122449 0.9489795918367347 0.001 0 14 0.42150318330647996
filtered_r2 4 15 15.0 -0.022663737790453074 0.5049680150285059 0.8612244897959184 0.9877551020408163 0.001 1 14 0.42150318330647996
filtered_r2 4 16 16.0 -0.02848154024650656 0.6840650181381069 0.8795918367346939 0.936734693877551 0.001 2 14 0.42150318330647996
filtered_r2 4 17 17.0 -0.06861488628498764 0.31846640815540234 0.9275510204081633 0.9775510204081632 0.001 0 17 0.31846640815540234
filtered_r2 4 18 18.0 -0.10687216477175653 0.9646129523004804 0.8714285714285714 0.8418367346938775 0.001 1 17 0.31846640815540234
filtered_r2 4 19 19.0 -0.11167057787742425 0.7122544867651803 0.826530612244898 0.9959183673469387 0.001 2 17 0.31846640815540234
filtered_r2 4 20 20.0 -0.12165161218523526 0.9650649112098071 0.7193877551020408 0.9959183673469387 0.001 3 17 0.31846640815540234
filtered_r2 4 21 21.0 -0.15683270632994567 0.6082366734134907 0.8642857142857143 0.9836734693877551 0.001 4 17 0.31846640815540234
filtered_r2 4 22 22.0 -0.15499830155529848 0.9827563305290378 0.763265306122449 0.9897959183673469 0.001 5 17 0.31846640815540234
filtered_r2 4 23 23.0 -0.15738767830734876 2.144426558942211 0.5275510204081633 0.9826530612244898 0.001 6 17 0.31846640815540234
filtered_r2 4 24 24.0 -0.09432723388610653 2.0942147809631972 0.6642857142857143 0.9142857142857143 0.001 7 17 0.31846640815540234
filtered_r2 4 25 25.0 -0.15300792662645868 1.023514072262511 0.786734693877551 0.9755102040816327 0.001 8 17 0.31846640815540234
filtered_r2 4 26 26.0 -0.2042531670270385 0.0554582303884078 0.963265306122449 0.9918367346938776 0.001 0 26 0.0554582303884078
filtered_r2 4 27 27.0 -0.21270867045572 0.020105026206191704 0.963265306122449 0.9948979591836735 0.001 0 27 0.020105026206191704
filtered_r2 4 28 28.0 -0.20663588221649892 0.12121268048578379 0.9438775510204082 0.9948979591836735 0.001 1 27 0.020105026206191704
filtered_r2 4 29 29.0 -0.21023551653173808 1.2951679584931355 0.9306122448979591 0.789795918367347 0.001 2 27 0.020105026206191704
filtered_r2 4 30 30.0 -0.20529773009564323 0.03169820795253832 0.9612244897959183 0.9928571428571429 0.001 3 27 0.020105026206191704
filtered_r2 4 31 31.0 -0.15482992436470497 1.549433303365902 0.7744897959183673 0.9051020408163265 0.001 4 27 0.020105026206191704
filtered_r2 4 32 32.0 -0.16405689088464095 0.0794185346486617 0.9612244897959183 0.9826530612244898 0.001 5 27 0.020105026206191704
filtered_r2 4 33 33.0 -0.21718894311767437 0.5114209817380321 0.8816326530612245 0.9918367346938776 0.001 6 27 0.020105026206191704
filtered_r2 4 34 34.0 -0.22307914138918616 0.8084638790208466 0.8295918367346938 0.9918367346938776 0.001 7 27 0.020105026206191704
filtered_r2 4 35 35.0 -0.22202534734037482 0.043804809511924274 0.9612244897959183 0.996938775510204 0.001 8 27 0.020105026206191704
filtered_r2 4 36 36.0 -0.2311870459394341 0.6946209051171127 0.810204081632653 0.9897959183673469 0.001 9 27 0.020105026206191704
filtered_r2 4 37 37.0 -0.20741401989744535 1.7038846429513426 0.7428571428571429 0.9316326530612244 0.001 10 27 0.020105026206191704
filtered_r2 4 38 38.0 -0.12895739308104837 3.4869261877877373 0.5020408163265306 0.8316326530612245 0.0005 11 27 0.020105026206191704
filtered_r2 4 39 39.0 -0.21919023080995 -0.07367603778839112 0.9734693877551021 0.9959183673469387 0.0005 0 39 -0.07367603778839112
filtered_r2 4 40 40.0 -0.2418671359047446 -0.10580108457682084 0.9785714285714285 0.9938775510204082 0.0005 0 40 -0.10580108457682084
filtered_r2 4 41 41.0 -0.2424181483388121 -0.12050969016795256 0.9816326530612245 0.9959183673469387 0.0005 0 41 -0.12050969016795256
filtered_r2 4 42 42.0 -0.24678818841073755 -0.12576472710589973 0.9826530612244898 0.9959183673469387 0.0005 0 42 -0.12576472710589973
filtered_r2 4 43 43.0 -0.24590221497001682 -0.12332721048471879 0.986734693877551 0.9959183673469387 0.0005 1 42 -0.12576472710589973
filtered_r2 4 44 44.0 -0.24634589721414205 -0.11839578249016587 0.9816326530612245 0.996938775510204 0.0005 2 42 -0.12576472710589973
filtered_r2 4 45 45.0 -0.24769710616116486 -0.10332998450921506 0.9816326530612245 0.9959183673469387 0.0005 3 42 -0.12576472710589973
filtered_r2 4 46 46.0 -0.24850177636186896 -0.10130636205478591 0.9806122448979592 0.996938775510204 0.0005 4 42 -0.12576472710589973
filtered_r2 4 47 47.0 -0.24808995044367077 -0.08249498630056576 0.9704081632653061 0.9959183673469387 0.0005 5 42 -0.12576472710589973
filtered_r2 4 48 48.0 -0.24853185054892035 -0.08013572790184799 0.9806122448979592 0.9948979591836735 0.0005 6 42 -0.12576472710589973
filtered_r2 4 49 49.0 -0.245419655522418 -0.1100631655478964 0.9806122448979592 0.9959183673469387 0.0005 7 42 -0.12576472710589973
filtered_r2 4 50 50.0 -0.24714495542969828 -0.09048039280638402 0.9744897959183674 0.9938775510204082 0.0005 8 42 -0.12576472710589973
filtered_r2 4 51 51.0 -0.2467057110792282 -0.042706200541282185 0.9704081632653061 0.9948979591836735 0.0005 9 42 -0.12576472710589973
filtered_r2 4 52 52.0 -0.24876112791133198 -0.12031444870695776 0.9816326530612245 0.9959183673469387 0.0005 10 42 -0.12576472710589973
filtered_r2 4 53 53.0 -0.24749704759740815 -0.09042484662970718 0.9795918367346939 0.9948979591836735 0.00025 11 42 -0.12576472710589973
filtered_r2 4 54 54.0 -0.25023672877785624 -0.10740838926665637 0.9795918367346939 0.9948979591836735 0.00025 12 42 -0.12576472710589973
filtered_r2 4 55 55.0 -0.2516563099050508 -0.10533622332981654 0.9785714285714285 0.9948979591836735 0.00025 13 42 -0.12576472710589973
filtered_r2 4 56 56.0 -0.2518757429525043 -0.12859015854037537 0.9857142857142858 0.9948979591836735 0.00025 0 56 -0.12859015854037537
filtered_r2 4 57 57.0 -0.25147123155212625 -0.06319723031958756 0.9724489795918367 0.9938775510204082 0.00025 1 56 -0.12859015854037537
filtered_r2 4 58 58.0 -0.25209996872126345 -0.09386590743551448 0.9724489795918367 0.9948979591836735 0.00025 2 56 -0.12859015854037537
filtered_r2 4 59 59.0 -0.25293233892400724 -0.09169642633321334 0.9775510204081632 0.9938775510204082 0.00025 3 56 -0.12859015854037537
filtered_r2 4 60 60.0 -0.2522479410000365 -0.09906555779126226 0.9775510204081632 0.9948979591836735 0.00025 4 56 -0.12859015854037537
filtered_r2 4 61 61.0 -0.25271038841081145 -0.11002530127155538 0.9816326530612245 0.9959183673469387 0.00025 5 56 -0.12859015854037537
filtered_r2 4 62 62.0 -0.25245627387814595 -0.07816493267915686 0.9795918367346939 0.9918367346938776 0.00025 6 56 -0.12859015854037537
filtered_r2 4 63 63.0 -0.2514120020322352 -0.08815368340939891 0.9744897959183674 0.9938775510204082 0.00025 7 56 -0.12859015854037537
filtered_r2 4 64 64.0 -0.2526916630907451 -0.11062125575785735 0.9785714285714285 0.9959183673469387 0.00025 8 56 -0.12859015854037537
filtered_r2 4 65 65.0 -0.2526735851254726 -0.10284209154090103 0.9795918367346939 0.9948979591836735 0.00025 9 56 -0.12859015854037537
filtered_r2 4 66 66.0 -0.25253391198037767 -0.0704321880729831 0.9673469387755103 0.9938775510204082 0.00025 10 56 -0.12859015854037537
filtered_r2 4 67 67.0 -0.24960618910303886 -0.08371459902549276 0.9785714285714285 0.9938775510204082 0.000125 11 56 -0.12859015854037537
filtered_r2 4 68 68.0 -0.25328614722544923 -0.10590220519474575 0.9816326530612245 0.9948979591836735 0.000125 12 56 -0.12859015854037537
filtered_r2 4 69 69.0 -0.2540372766104321 -0.09878520965576172 0.9785714285714285 0.9948979591836735 0.000125 13 56 -0.12859015854037537
filtered_r2 4 70 70.0 -0.25501958576694395 -0.11100437592486946 0.9816326530612245 0.9948979591836735 0.000125 14 56 -0.12859015854037537
filtered_r2 4 71 71.0 -0.2553358729358035 -0.09604859644052934 0.9785714285714285 0.9948979591836735 0.000125 15 56 -0.12859015854037537
filtered_r2 4 72 72.0 -0.25512702335655985 -0.09366686003548759 0.9816326530612245 0.9938775510204082 0.000125 16 56 -0.12859015854037537
filtered_r2 4 73 73.0 -0.2548667834596102 -0.08982867951295814 0.9755102040816327 0.9959183673469387 0.000125 17 56 -0.12859015854037537
filtered_r2 4 74 74.0 -0.2548486612300188 -0.10912049449219996 0.9816326530612245 0.9948979591836735 0.000125 18 56 -0.12859015854037537
filtered_r2 4 75 75.0 -0.25367456758060575 -0.11168145452226912 0.9806122448979592 0.9948979591836735 0.000125 19 56 -0.12859015854037537
filtered_r2 4 76 76.0 -0.25482913436923044 -0.1040529051605536 0.9806122448979592 0.9948979591836735 0.000125 20 56 -0.12859015854037537
filtered_r2 4 77 77.0 -0.2545459573457427 -0.11108369827270508 0.9806122448979592 0.9959183673469387 0.000125 21 56 -0.12859015854037537
filtered_r2 4 78 78.0 -0.2534818362487034 -0.03956102984292167 0.9673469387755103 0.9948979591836735 6.25e-05 22 56 -0.12859015854037537
filtered_r2 4 79 79.0 -0.2553549392737485 -0.10178266155476473 0.9806122448979592 0.9948979591836735 6.25e-05 23 56 -0.12859015854037537
filtered_r2 4 80 80.0 -0.25590895359391613 -0.10595326910213548 0.9816326530612245 0.9948979591836735 6.25e-05 24 56 -0.12859015854037537
filtered_r2 4 81 81.0 -0.2556815286889033 -0.10006378816098584 0.9806122448979592 0.9948979591836735 6.25e-05 25 56 -0.12859015854037537
filtered_r2 4 82 82.0 -0.25555560278899475 -0.09405090711554702 0.9785714285714285 0.9948979591836735 6.25e-05 26 56 -0.12859015854037537
filtered_r2 4 83 83.0 -0.2556510164851102 -0.10979615814831792 0.9826530612244898 0.9948979591836735 6.25e-05 27 56 -0.12859015854037537
filtered_r2 4 84 84.0 -0.2554227348002881 -0.10464767436591946 0.9795918367346939 0.9948979591836735 6.25e-05 28 56 -0.12859015854037537
filtered_r2 4 85 85.0 -0.2558046856773884 -0.09427821879484216 0.9806122448979592 0.9959183673469387 6.25e-05 29 56 -0.12859015854037537
filtered_r2 4 86 86.0 -0.25580546690348394 -0.09948868362271056 0.9806122448979592 0.9959183673469387 6.25e-05 30 56 -0.12859015854037537
filtered_r2 5 1 1.0 1.4810680288735583 3.1104487740263647 0.5357142857142857 0.47244897959183674 0.001 0 1 3.1104487740263647
filtered_r2 5 2 2.0 0.9019624079529523 1.11232688572942 0.746938775510204 0.9612244897959183 0.001 0 2 1.11232688572942
filtered_r2 5 3 3.0 0.7233808483783866 1.0659866488709742 0.8530612244897959 0.8418367346938775 0.001 0 3 1.0659866488709742
filtered_r2 5 4 4.0 0.5790367726511603 0.7657153241488398 0.8877551020408163 0.9755102040816327 0.001 0 4 0.7657153241488398
filtered_r2 5 5 5.0 0.48000804910793365 0.9670242110077216 0.7816326530612245 0.95 0.001 1 4 0.7657153241488398
filtered_r2 5 6 6.0 0.3981119914690746 0.7028897239237416 0.8877551020408163 0.9785714285714285 0.001 0 6 0.7028897239237416
filtered_r2 5 7 7.0 0.3169336259052014 1.219043288912092 0.8857142857142857 0.7183673469387755 0.001 1 6 0.7028897239237416
filtered_r2 5 8 8.0 0.27255392952044644 0.9793299154359467 0.9030612244897959 0.7887755102040817 0.001 2 6 0.7028897239237416
filtered_r2 5 9 9.0 0.22558312221104945 1.1074343369931592 0.7275510204081632 0.8908163265306123 0.001 3 6 0.7028897239237416
filtered_r2 5 10 10.0 0.15461318015286968 0.5504467212423987 0.8836734693877552 0.9877551020408163 0.001 0 10 0.5504467212423987
filtered_r2 5 11 11.0 0.12266725185211734 1.1660199729763732 0.7663265306122449 0.9530612244897959 0.001 1 10 0.5504467212423987
filtered_r2 5 12 12.0 0.08071578623847082 1.278397213196268 0.7826530612244897 0.886734693877551 0.001 2 10 0.5504467212423987
filtered_r2 5 13 13.0 0.02812041961871955 0.5825821056657908 0.8857142857142857 0.9459183673469388 0.001 3 10 0.5504467212423987
filtered_r2 5 14 14.0 0.012278100979512518 1.2198339034099968 0.8275510204081633 0.813265306122449 0.001 4 10 0.5504467212423987
filtered_r2 5 15 15.0 -0.008300623968178376 0.40831288950783867 0.8989795918367347 0.9826530612244898 0.001 0 15 0.40831288950783867
filtered_r2 5 16 16.0 -0.03986206550726155 0.5697544496886584 0.8816326530612245 0.9408163265306122 0.001 1 15 0.40831288950783867
filtered_r2 5 17 17.0 -0.05428035865554943 0.3327634806535682 0.9163265306122449 0.9795918367346939 0.001 0 17 0.3327634806535682
filtered_r2 5 18 18.0 -0.10174431512471988 1.2499636046740474 0.7520408163265306 0.9775510204081632 0.001 1 17 0.3327634806535682
filtered_r2 5 19 19.0 -0.13475874427250534 1.3611406598772322 0.689795918367347 0.9285714285714286 0.001 2 17 0.3327634806535682
filtered_r2 5 20 20.0 -0.14101264445121484 1.0193312752003572 0.8112244897959183 0.9377551020408164 0.001 3 17 0.3327634806535682
filtered_r2 5 21 21.0 -0.14154890479657473 0.1601243298880908 0.9387755102040817 0.986734693877551 0.001 0 21 0.1601243298880908
filtered_r2 5 22 22.0 -0.14348176945254168 4.4876805675273035 0.686734693877551 0.43673469387755104 0.001 1 21 0.1601243298880908
filtered_r2 5 23 23.0 -0.06508414065973522 0.8629371888783514 0.813265306122449 0.9724489795918367 0.001 2 21 0.1601243298880908
filtered_r2 5 24 24.0 -0.1471856767107872 0.10830982315297029 0.9510204081632653 0.9918367346938776 0.001 0 24 0.10830982315297029
filtered_r2 5 25 25.0 -0.18253593261157733 0.043193422531595034 0.9642857142857143 0.9928571428571429 0.001 0 25 0.043193422531595034
filtered_r2 5 26 26.0 -0.2101267567347395 0.04715643366988825 0.9663265306122449 0.9908163265306122 0.001 1 25 0.043193422531595034
filtered_r2 5 27 27.0 -0.2178753718955544 -0.05891625248655981 0.9755102040816327 0.9948979591836735 0.001 0 27 -0.05891625248655981
filtered_r2 5 28 28.0 -0.22007572464807965 0.3282461993548335 0.9836734693877551 0.9081632653061225 0.001 1 27 -0.05891625248655981
filtered_r2 5 29 29.0 -0.2075975704269643 0.3116666959256542 0.9183673469387755 0.9846938775510204 0.001 2 27 -0.05891625248655981
filtered_r2 5 30 30.0 -0.1736434364687572 4.700758147726254 0.5846938775510204 0.6530612244897959 0.001 3 27 -0.05891625248655981
filtered_r2 5 31 31.0 -0.09268154604357744 2.152809970232905 0.6714285714285714 0.976530612244898 0.001 4 27 -0.05891625248655981
filtered_r2 5 32 32.0 -0.19542951706654482 0.4146050642947761 0.8969387755102041 0.9908163265306122 0.001 5 27 -0.05891625248655981
filtered_r2 5 33 33.0 -0.217342944805428 -0.008273572824439223 0.9704081632653061 0.9908163265306122 0.001 6 27 -0.05891625248655981
filtered_r2 5 34 34.0 -0.22829789262420414 -0.047812014209980866 0.9724489795918367 0.9938775510204082 0.001 7 27 -0.05891625248655981
filtered_r2 5 35 35.0 -0.23663752657142018 0.12206698729067432 0.9530612244897959 0.9908163265306122 0.001 8 27 -0.05891625248655981
filtered_r2 5 36 36.0 -0.2391437135391135 0.03983776958621278 0.9795918367346939 0.9775510204081632 0.001 9 27 -0.05891625248655981
filtered_r2 5 37 37.0 -0.21460896989573602 1.1128658761783523 0.7377551020408163 0.9734693877551021 0.001 10 27 -0.05891625248655981
filtered_r2 5 38 38.0 -0.17792312536081004 0.5859561204910279 0.9061224489795918 0.9428571428571428 0.0005 11 27 -0.05891625248655981
filtered_r2 5 39 39.0 -0.21033264439621505 -0.03892603699041872 0.9755102040816327 0.9918367346938776 0.0005 12 27 -0.05891625248655981
filtered_r2 5 40 40.0 -0.23685181544409364 -0.062027888881916904 0.9704081632653061 0.9938775510204082 0.0005 0 40 -0.062027888881916904
filtered_r2 5 41 41.0 -0.24599658401081295 -0.121776084024079 0.986734693877551 0.9938775510204082 0.0005 0 41 -0.121776084024079
filtered_r2 5 42 42.0 -0.2480768159244928 -0.1088380867121171 0.9846938775510204 0.9948979591836735 0.0005 1 41 -0.121776084024079
filtered_r2 5 43 43.0 -0.2477680069383811 -0.1334683014422047 0.986734693877551 0.9938775510204082 0.0005 0 43 -0.1334683014422047
filtered_r2 5 44 44.0 -0.2472715140223886 -0.13669924541395537 0.9918367346938776 0.9938775510204082 0.0005 0 44 -0.13669924541395537
filtered_r2 5 45 45.0 -0.24768556856642945 -0.10940499792293626 0.9846938775510204 0.9938775510204082 0.0005 1 44 -0.13669924541395537
filtered_r2 5 46 46.0 -0.24566481201788548 -0.13049699773593826 0.9897959183673469 0.9938775510204082 0.0005 2 44 -0.13669924541395537
filtered_r2 5 47 47.0 -0.24769532748342848 -0.09832843712397984 0.9836734693877551 0.9938775510204082 0.0005 3 44 -0.13669924541395537
filtered_r2 5 48 48.0 -0.2493083830265182 -0.10595430549310178 0.986734693877551 0.9948979591836735 0.0005 4 44 -0.13669924541395537
filtered_r2 5 49 49.0 -0.24912000662528427 -0.08122497772683902 0.9816326530612245 0.9938775510204082 0.0005 5 44 -0.13669924541395537
filtered_r2 5 50 50.0 -0.24824705432099298 -0.13171888127618905 0.9877551020408163 0.9928571428571429 0.0005 6 44 -0.13669924541395537
filtered_r2 5 51 51.0 -0.24734054006220893 -0.1005175342365187 0.9826530612244898 0.9948979591836735 0.0005 7 44 -0.13669924541395537
filtered_r2 5 52 52.0 -0.24820361137042282 -0.002801221730757733 0.9673469387755103 0.9948979591836735 0.0005 8 44 -0.13669924541395537
filtered_r2 5 53 53.0 -0.24968767101784856 -0.11096203473149514 0.986734693877551 0.9948979591836735 0.0005 9 44 -0.13669924541395537
filtered_r2 5 54 54.0 -0.23680968991792478 0.591286471911839 0.8887755102040816 0.9897959183673469 0.0005 10 44 -0.13669924541395537
filtered_r2 5 55 55.0 -0.16927077754927614 5.917413695977658 0.5346938775510204 0.6153061224489796 0.00025 11 44 -0.13669924541395537
filtered_r2 5 56 56.0 -0.22638126627710842 -0.081857553306891 0.9836734693877551 0.9928571428571429 0.00025 12 44 -0.13669924541395537
filtered_r2 5 57 57.0 -0.24794701269635105 -0.13746385282399703 0.9877551020408163 0.9948979591836735 0.00025 0 57 -0.13746385282399703
filtered_r2 5 58 58.0 -0.2506727041257586 -0.12415636607578823 0.9836734693877551 0.9948979591836735 0.00025 1 57 -0.13746385282399703
filtered_r2 5 59 59.0 -0.25113912148067963 -0.1303811584200178 0.9857142857142858 0.9948979591836735 0.00025 2 57 -0.13746385282399703
filtered_r2 5 60 60.0 -0.2514499682951572 -0.14106631230334846 0.9897959183673469 0.9948979591836735 0.00025 0 60 -0.14106631230334846
filtered_r2 5 61 61.0 -0.2519189742170133 -0.09098776165319948 0.9816326530612245 0.9948979591836735 0.00025 1 60 -0.14106631230334846
filtered_r2 5 62 62.0 -0.25123438914802426 -0.1364646293679062 0.986734693877551 0.9948979591836735 0.00025 2 60 -0.14106631230334846
filtered_r2 5 63 63.0 -0.2532537926172146 -0.13891841781382658 0.986734693877551 0.9948979591836735 0.00025 3 60 -0.14106631230334846
filtered_r2 5 64 64.0 -0.2520049041827914 -0.14140251218056193 0.9846938775510204 0.9938775510204082 0.00025 0 64 -0.14140251218056193
filtered_r2 5 65 65.0 -0.252053573523244 -0.14099511370366932 0.9877551020408163 0.9938775510204082 0.00025 1 64 -0.14140251218056193
filtered_r2 5 66 66.0 -0.2531499172356235 -0.1256127678618139 0.986734693877551 0.9938775510204082 0.00025 2 64 -0.14140251218056193
filtered_r2 5 67 67.0 -0.2527982484052506 -0.12428199855648742 0.986734693877551 0.9948979591836735 0.00025 3 64 -0.14140251218056193
filtered_r2 5 68 68.0 -0.2537527543864655 -0.12065616043246523 0.986734693877551 0.9938775510204082 0.00025 4 64 -0.14140251218056193
filtered_r2 5 69 69.0 -0.25228062732107687 -0.11594554842734824 0.9846938775510204 0.9938775510204082 0.00025 5 64 -0.14140251218056193
filtered_r2 5 70 70.0 -0.2538045905302174 -0.12831182917770073 0.9846938775510204 0.9948979591836735 0.00025 6 64 -0.14140251218056193
filtered_r2 5 71 71.0 -0.2534035420257773 -0.13518042467078384 0.9887755102040816 0.9938775510204082 0.00025 7 64 -0.14140251218056193
filtered_r2 5 72 72.0 -0.25269876670517377 -0.13000133816076784 0.9846938775510204 0.9948979591836735 0.00025 8 64 -0.14140251218056193
filtered_r2 5 73 73.0 -0.24842238179232728 -0.05688587840722532 0.9816326530612245 0.9908163265306122 0.00025 9 64 -0.14140251218056193
filtered_r2 5 74 74.0 -0.25265399878178807 -0.11410676605847417 0.9826530612244898 0.9938775510204082 0.00025 10 64 -0.14140251218056193
filtered_r2 5 75 75.0 -0.2531644824054174 -0.12105000456985163 0.9846938775510204 0.9948979591836735 0.000125 11 64 -0.14140251218056193
filtered_r2 5 76 76.0 -0.2546353187267447 -0.13291092989396075 0.9857142857142858 0.9938775510204082 0.000125 12 64 -0.14140251218056193
filtered_r2 5 77 77.0 -0.2550182282524621 -0.1349615510629148 0.9877551020408163 0.9948979591836735 0.000125 13 64 -0.14140251218056193
filtered_r2 5 78 78.0 -0.2560466183912034 -0.12074874858466947 0.9846938775510204 0.9948979591836735 0.000125 14 64 -0.14140251218056193
filtered_r2 5 79 79.0 -0.2554711077350342 -0.13728661147915588 0.9857142857142858 0.9948979591836735 0.000125 15 64 -0.14140251218056193
filtered_r2 5 80 80.0 -0.2552688524957506 -0.13366675279578383 0.9857142857142858 0.9948979591836735 0.000125 16 64 -0.14140251218056193
filtered_r2 5 81 81.0 -0.25578633142971663 -0.14094494556894108 0.9877551020408163 0.9928571428571429 0.000125 17 64 -0.14140251218056193
filtered_r2 5 82 82.0 -0.25485501843845665 -0.13511602975884263 0.9897959183673469 0.9938775510204082 0.000125 18 64 -0.14140251218056193
filtered_r2 5 83 83.0 -0.25556568470507696 -0.12324257091600067 0.9857142857142858 0.9948979591836735 0.000125 19 64 -0.14140251218056193
filtered_r2 5 84 84.0 -0.255082081924001 -0.12119696480887276 0.9877551020408163 0.9948979591836735 0.000125 20 64 -0.14140251218056193
filtered_r2 5 85 85.0 -0.2551458703730661 -0.126270342846306 0.9877551020408163 0.9938775510204082 0.000125 21 64 -0.14140251218056193
filtered_r2 5 86 86.0 -0.2550073886425529 -0.11428826731078479 0.9846938775510204 0.9938775510204082 6.25e-05 22 64 -0.14140251218056193
filtered_r2 5 87 87.0 -0.2562125997081386 -0.13220637477174096 0.9897959183673469 0.9938775510204082 6.25e-05 23 64 -0.14140251218056193
filtered_r2 5 88 88.0 -0.2559492705095813 -0.1401803853560467 0.9887755102040816 0.9938775510204082 6.25e-05 24 64 -0.14140251218056193
filtered_r2 5 89 89.0 -0.25693443176660796 -0.13413204076338786 0.9897959183673469 0.9938775510204082 6.25e-05 25 64 -0.14140251218056193
filtered_r2 5 90 90.0 -0.2568887188826284 -0.13334345282340537 0.9887755102040816 0.9948979591836735 6.25e-05 26 64 -0.14140251218056193
filtered_r2 5 91 91.0 -0.2565291269130946 -0.13758413256431112 0.9887755102040816 0.9938775510204082 6.25e-05 27 64 -0.14140251218056193
filtered_r2 5 92 92.0 -0.25650324522666273 -0.1329833463746674 0.9877551020408163 0.9938775510204082 6.25e-05 28 64 -0.14140251218056193
filtered_r2 5 93 93.0 -0.25626771207241195 -0.13290881137458646 0.9877551020408163 0.9938775510204082 6.25e-05 29 64 -0.14140251218056193
filtered_r2 5 94 94.0 -0.25647228862302174 -0.13986204643638767 0.9897959183673469 0.9938775510204082 6.25e-05 30 64 -0.14140251218056193
filtered_r2 6 1 1.0 1.4014147441450486 1.3412961959838867 0.6683673469387755 0.9510204081632653 0.001 0 1 1.3412961959838867
filtered_r2 6 2 2.0 0.8449202678556306 1.1001149912269748 0.7887755102040817 0.9520408163265306 0.001 0 2 1.1001149912269748
filtered_r2 6 3 3.0 0.6757088286347246 0.8781142076667474 0.8775510204081632 0.9285714285714286 0.001 0 3 0.8781142076667474
filtered_r2 6 4 4.0 0.565459103931447 1.1056111652023939 0.7938775510204081 0.8663265306122448 0.001 1 3 0.8781142076667474
filtered_r2 6 5 5.0 0.4771295269689791 1.3067007371357509 0.6326530612244898 0.9734693877551021 0.001 2 3 0.8781142076667474
filtered_r2 6 6 6.0 0.3970264999588899 1.4093776187118219 0.6632653061224489 0.9857142857142858 0.001 3 3 0.8781142076667474
filtered_r2 6 7 7.0 0.3252853663697478 0.7402905532291957 0.8673469387755102 0.9275510204081633 0.001 0 7 0.7402905532291957
filtered_r2 6 8 8.0 0.2634860815304794 1.013032645595317 0.7673469387755102 0.9704081632653061 0.001 1 7 0.7402905532291957
filtered_r2 6 9 9.0 0.2117930301205563 1.1776193492266596 0.7397959183673469 0.9724489795918367 0.001 2 7 0.7402905532291957
filtered_r2 6 10 10.0 0.1591622222607359 0.654328258426822 0.8316326530612245 0.9846938775510204 0.001 0 10 0.654328258426822
filtered_r2 6 11 11.0 0.12417901616281554 1.403954199382237 0.773469387755102 0.8489795918367347 0.001 1 10 0.654328258426822
filtered_r2 6 12 12.0 0.09869597432632157 1.4657723475475701 0.6806122448979591 0.9438775510204082 0.001 2 10 0.654328258426822
filtered_r2 6 13 13.0 0.05524621439077501 0.42123444956176137 0.9336734693877551 0.9683673469387755 0.001 0 13 0.42123444956176137
filtered_r2 6 14 14.0 0.011570870284961825 1.7684630977864169 0.6306122448979592 0.9663265306122449 0.001 1 13 0.42123444956176137
filtered_r2 6 15 15.0 -0.02727108612887046 0.7641203654055693 0.7744897959183673 0.9785714285714285 0.001 2 13 0.42123444956176137
filtered_r2 6 16 16.0 -0.06521047914831708 0.8504444222061002 0.773469387755102 0.9846938775510204 0.001 3 13 0.42123444956176137
filtered_r2 6 17 17.0 -0.08124606465681114 1.622061436516898 0.610204081632653 0.9887755102040816 0.001 4 13 0.42123444956176137
filtered_r2 6 18 18.0 -0.08682228846142304 1.7207585797017935 0.6836734693877551 0.9755102040816327 0.001 5 13 0.42123444956176137
filtered_r2 6 19 19.0 -0.10054179285996712 1.4776524602150432 0.6928571428571428 0.9163265306122449 0.001 6 13 0.42123444956176137
filtered_r2 6 20 20.0 -0.12540714313589452 3.0194976407654432 0.4887755102040816 0.9836734693877551 0.001 7 13 0.42123444956176137
filtered_r2 6 21 21.0 -0.1463763147183817 0.8534285905409832 0.746938775510204 0.9918367346938776 0.001 8 13 0.42123444956176137
filtered_r2 6 22 22.0 -0.16234862673967895 0.7426868360869738 0.8612244897959184 0.9255102040816326 0.001 9 13 0.42123444956176137
filtered_r2 6 23 23.0 -0.15829904059609623 1.956590208715322 0.5918367346938775 0.976530612244898 0.001 10 13 0.42123444956176137
filtered_r2 6 24 24.0 -0.14430005829710635 0.5513387568142949 0.8877551020408163 0.9826530612244898 0.0005 11 13 0.42123444956176137
filtered_r2 6 25 25.0 -0.19987432428654409 -0.0775077722510513 0.976530612244898 0.9938775510204082 0.0005 0 25 -0.0775077722510513
filtered_r2 6 26 26.0 -0.22100921556557931 -0.08749711513519287 0.9806122448979592 0.9938775510204082 0.0005 0 26 -0.08749711513519287
filtered_r2 6 27 27.0 -0.2249195812776063 -0.053488048728631464 0.9734693877551021 0.9897959183673469 0.0005 1 26 -0.08749711513519287
filtered_r2 6 28 28.0 -0.22839973812587483 -0.0990779606663451 0.9785714285714285 0.9948979591836735 0.0005 0 28 -0.0990779606663451
filtered_r2 6 29 29.0 -0.23002546163004622 -0.10074893820042513 0.9795918367346939 0.9938775510204082 0.0005 0 29 -0.10074893820042513
filtered_r2 6 30 30.0 -0.2320108872340725 -0.07149110132334184 0.9816326530612245 0.9908163265306122 0.0005 1 29 -0.10074893820042513
filtered_r2 6 31 31.0 -0.23088394670261042 -0.0982255964863057 0.9816326530612245 0.9928571428571429 0.0005 2 29 -0.10074893820042513
filtered_r2 6 32 32.0 -0.23723625173226437 -0.04026533486891766 0.9755102040816327 0.9887755102040816 0.0005 3 29 -0.10074893820042513
filtered_r2 6 33 33.0 -0.23668977172095748 -0.07818463237918154 0.9785714285714285 0.9928571428571429 0.0005 4 29 -0.10074893820042513
filtered_r2 6 34 34.0 -0.2386089392052053 0.007860209503952338 0.9673469387755103 0.9908163265306122 0.0005 5 29 -0.10074893820042513
filtered_r2 6 35 35.0 -0.23649928360733932 0.1025917403551997 0.9581632653061225 0.9816326530612245 0.0005 6 29 -0.10074893820042513
filtered_r2 6 36 36.0 -0.23673133422933934 0.6979585618388896 0.8448979591836735 0.9806122448979592 0.0005 7 29 -0.10074893820042513
filtered_r2 6 37 37.0 -0.18047966277387145 2.778923089163644 0.8377551020408164 0.6755102040816326 0.0005 8 29 -0.10074893820042513
filtered_r2 6 38 38.0 -0.16575358833694792 0.14839972184628855 0.9489795918367347 0.9897959183673469 0.0005 9 29 -0.10074893820042513
filtered_r2 6 39 39.0 -0.21799251481538476 0.32724404189051415 0.8846938775510204 0.9938775510204082 0.0005 10 29 -0.10074893820042513
filtered_r2 6 40 40.0 -0.2348734461116763 -0.06253784967928516 0.9714285714285714 0.9928571428571429 0.00025 11 29 -0.10074893820042513
filtered_r2 6 41 41.0 -0.24663438301654123 -0.08282650441539531 0.9755102040816327 0.9918367346938776 0.00025 12 29 -0.10074893820042513
filtered_r2 6 42 42.0 -0.2483113953174639 -0.08495604408030608 0.9775510204081632 0.9938775510204082 0.00025 13 29 -0.10074893820042513
filtered_r2 6 43 43.0 -0.24896520428383423 -0.09818971984240474 0.9775510204081632 0.9918367346938776 0.00025 14 29 -0.10074893820042513
filtered_r2 6 44 44.0 -0.24906944630269168 -0.10580391689222686 0.9785714285714285 0.9928571428571429 0.00025 0 44 -0.10580391689222686
filtered_r2 6 45 45.0 -0.2494637745095301 -0.10845010329265983 0.9816326530612245 0.9918367346938776 0.00025 0 45 -0.10845010329265983
filtered_r2 6 46 46.0 -0.25097671459880905 -0.08044465415331782 0.9785714285714285 0.9928571428571429 0.00025 1 45 -0.10845010329265983
filtered_r2 6 47 47.0 -0.24929239946793355 -0.10377696728219792 0.9826530612244898 0.9948979591836735 0.00025 2 45 -0.10845010329265983
filtered_r2 6 48 48.0 -0.25026722795454726 -0.10234634341025839 0.9836734693877551 0.9938775510204082 0.00025 3 45 -0.10845010329265983
filtered_r2 6 49 49.0 -0.2501381951342667 -0.10387557088112345 0.9836734693877551 0.9918367346938776 0.00025 4 45 -0.10845010329265983
filtered_r2 6 50 50.0 -0.25053655054188695 -0.11035441865726393 0.9846938775510204 0.9918367346938776 0.00025 0 50 -0.11035441865726393
filtered_r2 6 51 51.0 -0.2514424517094167 -0.0757214015843917 0.976530612244898 0.9928571428571429 0.00025 1 50 -0.11035441865726393
filtered_r2 6 52 52.0 -0.25068847405030426 -0.10054066911035654 0.9795918367346939 0.9928571428571429 0.00025 2 50 -0.11035441865726393
filtered_r2 6 53 53.0 -0.2511928274223121 -0.04379729446099729 0.9724489795918367 0.9908163265306122 0.00025 3 50 -0.11035441865726393
filtered_r2 6 54 54.0 -0.24985701125740206 -0.046402411071621644 0.9734693877551021 0.9928571428571429 0.00025 4 50 -0.11035441865726393
filtered_r2 6 55 55.0 -0.2500963536998013 -0.10043346881866455 0.9806122448979592 0.9928571428571429 0.00025 5 50 -0.11035441865726393
filtered_r2 6 56 56.0 -0.25051378593314033 -0.02117684033452248 0.9683673469387755 0.9928571428571429 0.00025 6 50 -0.11035441865726393
filtered_r2 6 57 57.0 -0.24861148475452732 0.0066241595209861285 0.9663265306122449 0.9918367346938776 0.00025 7 50 -0.11035441865726393
filtered_r2 6 58 58.0 -0.25191582588471856 -0.06781595726402438 0.9704081632653061 0.9928571428571429 0.00025 8 50 -0.11035441865726393
filtered_r2 6 59 59.0 -0.2511364115129799 -0.08047748147224894 0.9755102040816327 0.9928571428571429 0.00025 9 50 -0.11035441865726393
filtered_r2 6 60 60.0 -0.2512597416975702 -0.02379845551082066 0.9775510204081632 0.9908163265306122 0.00025 10 50 -0.11035441865726393
filtered_r2 6 61 61.0 -0.2531819746380893 -0.01902718787290612 0.9785714285714285 0.986734693877551 0.000125 11 50 -0.11035441865726393
filtered_r2 6 62 62.0 -0.25306767734870433 -0.07318042395066242 0.976530612244898 0.9938775510204082 0.000125 12 50 -0.11035441865726393
filtered_r2 6 63 63.0 -0.25501396365926815 -0.09552182907960853 0.9816326530612245 0.9938775510204082 0.000125 13 50 -0.11035441865726393
filtered_r2 6 64 64.0 -0.2550178213164032 -0.07419700865842858 0.9795918367346939 0.9928571428571429 0.000125 14 50 -0.11035441865726393
filtered_r2 6 65 65.0 -0.2548823748832894 -0.09344283853258406 0.9775510204081632 0.9938775510204082 0.000125 15 50 -0.11035441865726393
filtered_r2 6 66 66.0 -0.25465106174484575 -0.06410212662755227 0.9775510204081632 0.9918367346938776 0.000125 16 50 -0.11035441865726393
filtered_r2 6 67 67.0 -0.2540122004824266 -0.09172570316158996 0.9816326530612245 0.9938775510204082 0.000125 17 50 -0.11035441865726393
filtered_r2 6 68 68.0 -0.25397483492718514 -0.08561575218122833 0.9785714285714285 0.9928571428571429 0.000125 18 50 -0.11035441865726393
filtered_r2 6 69 69.0 -0.2547518858451832 -0.09504022209011778 0.9826530612244898 0.9938775510204082 0.000125 19 50 -0.11035441865726393
filtered_r2 6 70 70.0 -0.25413943090138297 -0.06937961335084876 0.9775510204081632 0.9918367346938776 0.000125 20 50 -0.11035441865726393
filtered_r2 6 71 71.0 -0.25452549804707536 -0.08068493969586431 0.9795918367346939 0.9928571428571429 0.000125 21 50 -0.11035441865726393
filtered_r2 6 72 72.0 -0.25480204564960834 -0.0668468494804538 0.9744897959183674 0.9938775510204082 6.25e-05 22 50 -0.11035441865726393
filtered_r2 6 73 73.0 -0.25562367520667667 -0.08617355969487404 0.9806122448979592 0.9938775510204082 6.25e-05 23 50 -0.11035441865726393
filtered_r2 6 74 74.0 -0.2560327363529044 -0.086218625185441 0.976530612244898 0.9938775510204082 6.25e-05 24 50 -0.11035441865726393
filtered_r2 6 75 75.0 -0.25619632033519785 -0.07810233028567568 0.9806122448979592 0.9928571428571429 6.25e-05 25 50 -0.11035441865726393
filtered_r2 6 76 76.0 -0.25617477580413617 -0.08494230581789601 0.9806122448979592 0.9928571428571429 6.25e-05 26 50 -0.11035441865726393
filtered_r2 6 77 77.0 -0.25627256431139905 -0.10253161848807821 0.9816326530612245 0.9938775510204082 6.25e-05 27 50 -0.11035441865726393
filtered_r2 6 78 78.0 -0.2563410178022549 -0.09982665947505406 0.9816326530612245 0.9928571428571429 6.25e-05 28 50 -0.11035441865726393
filtered_r2 6 79 79.0 -0.2564944208694471 -0.09021809928271235 0.9795918367346939 0.9928571428571429 6.25e-05 29 50 -0.11035441865726393
filtered_r2 6 80 80.0 -0.2562033099929202 -0.07706231633011176 0.9795918367346939 0.9928571428571429 6.25e-05 30 50 -0.11035441865726393
filtered_r2 7 1 1.0 1.3586769656568705 1.7889386011629689 0.636734693877551 0.7571428571428571 0.001 0 1 1.7889386011629689
filtered_r2 7 2 2.0 0.8242602825060439 1.4921923452494095 0.8663265306122448 0.6010204081632653 0.001 0 2 1.4921923452494095
filtered_r2 7 3 3.0 0.6721179915615446 1.2663501685979415 0.7020408163265306 0.9091836734693878 0.001 0 3 1.2663501685979415
filtered_r2 7 4 4.0 0.5574467323561747 1.239975298180872 0.6969387755102041 0.9520408163265306 0.001 0 4 1.239975298180872
filtered_r2 7 5 5.0 0.4648135658478577 1.892830465277847 0.5795918367346938 0.9306122448979591 0.001 1 4 1.239975298180872
filtered_r2 7 6 6.0 0.3953665061319817 1.222380010935725 0.6744897959183673 0.9785714285714285 0.001 0 6 1.222380010935725
filtered_r2 7 7 7.0 0.3091322177260688 1.9479834410609032 0.5153061224489796 0.9714285714285714 0.001 1 6 1.222380010935725
filtered_r2 7 8 8.0 0.2614104128158715 1.0319728491257647 0.7806122448979592 0.9448979591836735 0.001 0 8 1.0319728491257647
filtered_r2 7 9 9.0 0.20932960788536462 1.1263853199627936 0.7520408163265306 0.9275510204081633 0.001 1 8 1.0319728491257647
filtered_r2 7 10 10.0 0.16480571562046556 0.9014023403732144 0.8765306122448979 0.8397959183673469 0.001 0 10 0.9014023403732144
filtered_r2 7 11 11.0 0.12786622605032985 1.498102601693601 0.6816326530612244 0.9142857142857143 0.001 1 10 0.9014023403732144
filtered_r2 7 12 12.0 0.06780004816149914 1.305270493760401 0.7153061224489796 0.9387755102040817 0.001 2 10 0.9014023403732144
filtered_r2 7 13 13.0 0.03210526370849142 0.6392975310890042 0.8336734693877551 0.9908163265306122 0.001 0 13 0.6392975310890042
filtered_r2 7 14 14.0 -0.011887555676157773 0.6946309914394301 0.7918367346938775 0.9785714285714285 0.001 1 13 0.6392975310890042
filtered_r2 7 15 15.0 -0.004169945122724655 2.252248329045821 0.5306122448979592 0.9785714285714285 0.001 2 13 0.6392975310890042
filtered_r2 7 16 16.0 -0.04293875308853563 1.1106891028735102 0.7938775510204081 0.9438775510204082 0.001 3 13 0.6392975310890042
filtered_r2 7 17 17.0 -0.07026145442220189 0.4438979791135204 0.926530612244898 0.9510204081632653 0.001 0 17 0.4438979791135204
filtered_r2 7 18 18.0 -0.08094115246131882 1.9020849578234613 0.5908163265306122 0.9816326530612245 0.001 1 17 0.4438979791135204
filtered_r2 7 19 19.0 -0.10555370121124641 0.8473855748468516 0.810204081632653 0.9846938775510204 0.001 2 17 0.4438979791135204
filtered_r2 7 20 20.0 -0.14549084350810232 0.5577564594696979 0.8857142857142857 0.976530612244898 0.001 3 17 0.4438979791135204
filtered_r2 7 21 21.0 -0.16454923013782308 0.5515560286385672 0.8928571428571429 0.9928571428571429 0.001 4 17 0.4438979791135204
filtered_r2 7 22 22.0 -0.15693216216713754 0.24799616993690024 0.9377551020408164 0.9755102040816327 0.001 0 22 0.24799616993690024
filtered_r2 7 23 23.0 -0.1434658326280336 2.030858851452263 0.7755102040816326 0.726530612244898 0.001 1 22 0.24799616993690024
filtered_r2 7 24 24.0 -0.08962689664922513 3.572744589435811 0.43673469387755104 0.9755102040816327 0.001 2 22 0.24799616993690024
filtered_r2 7 25 25.0 -0.15363952285317453 0.29147256929047255 0.9071428571428571 0.9857142857142858 0.001 3 22 0.24799616993690024
filtered_r2 7 26 26.0 -0.20303669198803975 0.19341692632558394 0.9275510204081633 0.9918367346938776 0.001 0 26 0.19341692632558394
filtered_r2 7 27 27.0 -0.2174348506629728 0.005007068478331274 0.963265306122449 0.9948979591836735 0.001 0 27 0.005007068478331274
filtered_r2 7 28 28.0 -0.22357079137126454 0.295689150265285 0.9132653061224489 0.9948979591836735 0.001 1 27 0.005007068478331274
filtered_r2 7 29 29.0 -0.22944837109424088 0.040532316480364115 0.9591836734693877 0.9928571428571429 0.001 2 27 0.005007068478331274
filtered_r2 7 30 30.0 -0.23036803218620597 0.05331020793136285 0.9673469387755103 0.9877551020408163 0.001 3 27 0.005007068478331274
filtered_r2 7 31 31.0 -0.14213779927830603 4.55951221427139 0.8061224489795918 0.47551020408163264 0.001 4 27 0.005007068478331274
filtered_r2 7 32 32.0 -0.05258349485984515 4.850936897433534 0.4387755102040816 0.9683673469387755 0.001 5 27 0.005007068478331274
filtered_r2 7 33 33.0 -0.1807818590359817 0.30102853434426446 0.9357142857142857 0.9755102040816327 0.001 6 27 0.005007068478331274
filtered_r2 7 34 34.0 -0.22298800399152469 0.8508743417506315 0.7887755102040817 0.9938775510204082 0.001 7 27 0.005007068478331274
filtered_r2 7 35 35.0 -0.23268592806366117 0.005892116196301519 0.9612244897959183 0.9959183673469387 0.001 8 27 0.005007068478331274
filtered_r2 7 36 36.0 -0.2358163415185557 0.1668267619853117 0.9295918367346939 0.9948979591836735 0.001 9 27 0.005007068478331274
filtered_r2 7 37 37.0 -0.23498021604926447 0.3150537461650615 0.9142857142857143 0.9877551020408163 0.001 10 27 0.005007068478331274
filtered_r2 7 38 38.0 -0.23782092407628402 0.07572065810767972 0.9551020408163265 0.9918367346938776 0.0005 11 27 0.005007068478331274
filtered_r2 7 39 39.0 -0.2437379534821278 -0.05836420351145219 0.9734693877551021 0.9938775510204082 0.0005 0 39 -0.05836420351145219
filtered_r2 7 40 40.0 -0.24907492939083856 -0.06643471523207062 0.9734693877551021 0.9948979591836735 0.0005 0 40 -0.06643471523207062
filtered_r2 7 41 41.0 -0.24864689610531074 -0.07060308067166075 0.9744897959183674 0.9948979591836735 0.0005 0 41 -0.07060308067166075
filtered_r2 7 42 42.0 -0.24799851370094328 -0.06625954666916205 0.9744897959183674 0.9948979591836735 0.0005 1 41 -0.07060308067166075
filtered_r2 7 43 43.0 -0.2482470624259724 -0.03887607467417814 0.9683673469387755 0.9938775510204082 0.0005 2 41 -0.07060308067166075
filtered_r2 7 44 44.0 -0.25024997179244535 -0.04958974439270642 0.9714285714285714 0.9938775510204082 0.0005 3 41 -0.07060308067166075
filtered_r2 7 45 45.0 -0.24863222341409466 -0.03566396236419678 0.9693877551020408 0.9948979591836735 0.0005 4 41 -0.07060308067166075
filtered_r2 7 46 46.0 -0.24924972963847952 -0.007082012234901895 0.9673469387755103 0.9959183673469387 0.0005 5 41 -0.07060308067166075
filtered_r2 7 47 47.0 -0.2485914791259955 0.34949287151803776 0.9020408163265307 0.9857142857142858 0.0005 6 41 -0.07060308067166075
filtered_r2 7 48 48.0 -0.24926741338172737 -0.04536903488392732 0.9704081632653061 0.9938775510204082 0.0005 7 41 -0.07060308067166075
filtered_r2 7 49 49.0 -0.2501962548760447 -0.010739353238319864 0.9693877551020408 0.9918367346938776 0.0005 8 41 -0.07060308067166075
filtered_r2 7 50 50.0 -0.24718141759280252 0.1818104057895894 0.9448979591836735 0.9908163265306122 0.0005 9 41 -0.07060308067166075
filtered_r2 7 51 51.0 -0.24574792724258182 0.06219774995531355 0.9540816326530612 0.9948979591836735 0.0005 10 41 -0.07060308067166075
filtered_r2 7 52 52.0 -0.1727962310229998 1.979737781991764 0.746938775510204 0.9693877551020408 0.00025 11 41 -0.07060308067166075
filtered_r2 7 53 53.0 -0.1952344913819388 0.00023533422119763434 0.9663265306122449 0.9938775510204082 0.00025 12 41 -0.07060308067166075
filtered_r2 7 54 54.0 -0.24421407609769266 0.00902669332465347 0.963265306122449 0.9938775510204082 0.00025 13 41 -0.07060308067166075
filtered_r2 7 55 55.0 -0.24967903730157587 -0.056430948023893396 0.9744897959183674 0.9938775510204082 0.00025 14 41 -0.07060308067166075
filtered_r2 7 56 56.0 -0.25143406917793537 -0.027934758030638402 0.9724489795918367 0.9938775510204082 0.00025 15 41 -0.07060308067166075
filtered_r2 7 57 57.0 -0.2515137066533623 -0.04465703574978575 0.9724489795918367 0.9938775510204082 0.00025 16 41 -0.07060308067166075
filtered_r2 7 58 58.0 -0.25215642779917696 -0.020768745091496683 0.9673469387755103 0.9938775510204082 0.00025 17 41 -0.07060308067166075
filtered_r2 7 59 59.0 -0.253414843636906 -0.030641989318691953 0.9663265306122449 0.9938775510204082 0.00025 18 41 -0.07060308067166075
filtered_r2 7 60 60.0 -0.2533454219488629 -0.05229167938232422 0.9724489795918367 0.9938775510204082 0.00025 19 41 -0.07060308067166075
filtered_r2 7 61 61.0 -0.2535471760534426 -0.029455181043975206 0.9724489795918367 0.9938775510204082 0.00025 20 41 -0.07060308067166075
filtered_r2 7 62 62.0 -0.25324198865389597 -0.03403381912075743 0.9683673469387755 0.9938775510204082 0.00025 21 41 -0.07060308067166075
filtered_r2 7 63 63.0 -0.25346940661923756 -0.024369100161961147 0.9642857142857143 0.9928571428571429 0.000125 22 41 -0.07060308067166075
filtered_r2 7 64 64.0 -0.2549262299181457 -0.056038523206905444 0.976530612244898 0.9938775510204082 0.000125 23 41 -0.07060308067166075
filtered_r2 7 65 65.0 -0.2552477286235563 -0.05860891731417909 0.9744897959183674 0.9938775510204082 0.000125 24 41 -0.07060308067166075
filtered_r2 7 66 66.0 -0.25494355267674157 -0.048645945957728795 0.9724489795918367 0.9938775510204082 0.000125 25 41 -0.07060308067166075
filtered_r2 7 67 67.0 -0.25488677152155576 -0.049673249283615425 0.9693877551020408 0.9938775510204082 0.000125 26 41 -0.07060308067166075
filtered_r2 7 68 68.0 -0.2552913002972009 -0.060877277413193064 0.976530612244898 0.9938775510204082 0.000125 27 41 -0.07060308067166075
filtered_r2 7 69 69.0 -0.25419962741836777 -0.05346393244607108 0.9714285714285714 0.9938775510204082 0.000125 28 41 -0.07060308067166075
filtered_r2 7 70 70.0 -0.25500612040459325 -0.054347776880069656 0.9755102040816327 0.9938775510204082 0.000125 29 41 -0.07060308067166075
filtered_r2 7 71 71.0 -0.2551910690952398 -0.06088715670060138 0.9744897959183674 0.9938775510204082 0.000125 30 41 -0.07060308067166075
filtered_r2 8 1 1.0 1.4184454785758287 2.3943149479068055 0.5908163265306122 0.4479591836734694 0.001 0 1 2.3943149479068055
filtered_r2 8 2 2.0 0.855664559797883 1.2836822933080245 0.7765306122448979 0.8163265306122449 0.001 0 2 1.2836822933080245
filtered_r2 8 3 3.0 0.668243726662724 0.8070889730842746 0.8765306122448979 0.9693877551020408 0.001 0 3 0.8070889730842746
filtered_r2 8 4 4.0 0.5478294880145974 1.4277981582953005 0.6673469387755102 0.8561224489795919 0.001 1 3 0.8070889730842746
filtered_r2 8 5 5.0 0.478395688619007 1.3197819593001385 0.6571428571428571 0.9693877551020408 0.001 2 3 0.8070889730842746
filtered_r2 8 6 6.0 0.38993248474782294 1.4315759415529212 0.6489795918367347 0.8591836734693877 0.001 3 3 0.8070889730842746
filtered_r2 8 7 7.0 0.32861861164798745 0.7883967540702042 0.8163265306122449 0.9836734693877551 0.001 0 7 0.7883967540702042
filtered_r2 8 8 8.0 0.25149681682415526 0.41817005824069586 0.9489795918367347 0.9714285714285714 0.001 0 8 0.41817005824069586
filtered_r2 8 9 9.0 0.2096976780286154 0.850027584056465 0.7428571428571429 0.9857142857142858 0.001 1 8 0.41817005824069586
filtered_r2 8 10 10.0 0.1550127374628455 1.5048032167006513 0.6581632653061225 0.9316326530612244 0.001 2 8 0.41817005824069586
filtered_r2 8 11 11.0 0.13178766977345244 2.4964863446294046 0.4897959183673469 0.8081632653061225 0.001 3 8 0.41817005824069586
filtered_r2 8 12 12.0 0.07685330102281596 0.36865043177896617 0.9173469387755102 0.9693877551020408 0.001 0 12 0.36865043177896617
filtered_r2 8 13 13.0 0.035043666757227976 0.5664819508182759 0.8489795918367347 0.9826530612244898 0.001 1 12 0.36865043177896617
filtered_r2 8 14 14.0 -0.002064597877984427 0.3236018363310366 0.9275510204081633 0.9744897959183674 0.001 0 14 0.3236018363310366
filtered_r2 8 15 15.0 -0.015193863550914701 0.3711046588664152 0.9020408163265307 0.9918367346938776 0.001 1 14 0.3236018363310366
filtered_r2 8 16 16.0 -0.06506786845257027 1.17226441782348 0.8693877551020408 0.7663265306122449 0.001 2 14 0.3236018363310366
filtered_r2 8 17 17.0 -0.06899166503730375 1.2674054291783547 0.6938775510204082 0.9836734693877551 0.001 3 14 0.3236018363310366
filtered_r2 8 18 18.0 -0.06257914103674131 1.3754937395757558 0.8581632653061224 0.789795918367347 0.001 4 14 0.3236018363310366
filtered_r2 8 19 19.0 -0.09973742864832504 0.24630537689948567 0.9204081632653062 0.9928571428571429 0.001 0 19 0.24630537689948567
filtered_r2 8 20 20.0 -0.14204260766906227 0.32527685214062124 0.8887755102040816 0.9918367346938776 0.001 1 19 0.24630537689948567
filtered_r2 8 21 21.0 -0.1525588578060552 0.49299043100707385 0.8387755102040816 0.9918367346938776 0.001 2 19 0.24630537689948567
filtered_r2 8 22 22.0 -0.16271811212364912 0.9012552723592642 0.8112244897959183 0.9785714285714285 0.001 3 19 0.24630537689948567
filtered_r2 8 23 23.0 -0.16855133336384165 4.679546054528684 0.3142857142857143 0.8163265306122449 0.001 4 19 0.24630537689948567
filtered_r2 8 24 24.0 -0.15014831869185474 1.302830084975885 0.8183673469387756 0.8979591836734694 0.001 5 19 0.24630537689948567
filtered_r2 8 25 25.0 -0.17799840800992456 3.9218551402189292 0.5540816326530612 0.8489795918367347 0.001 6 19 0.24630537689948567
filtered_r2 8 26 26.0 -0.18717914804064015 0.5302677237257666 0.8591836734693877 0.9918367346938776 0.001 7 19 0.24630537689948567
filtered_r2 8 27 27.0 -0.1951900203338614 0.8178274013558212 0.8469387755102041 0.9744897959183674 0.001 8 19 0.24630537689948567
filtered_r2 8 28 28.0 -0.18749613662067988 0.2867450125363408 0.923469387755102 0.9826530612244898 0.001 9 19 0.24630537689948567
filtered_r2 8 29 29.0 -0.20679820884863767 0.10236364821998441 0.9673469387755103 0.9744897959183674 0.001 0 29 0.10236364821998441
filtered_r2 8 30 30.0 -0.1869478374589175 1.9084978682654246 0.6877551020408164 0.9581632653061225 0.001 1 29 0.10236364821998441
filtered_r2 8 31 31.0 -0.1791295428856281 1.17051160919423 0.7969387755102041 0.9520408163265306 0.001 2 29 0.10236364821998441
filtered_r2 8 32 32.0 -0.19576794604779263 0.3399041278021676 0.8989795918367347 0.9908163265306122 0.001 3 29 0.10236364821998441
filtered_r2 8 33 33.0 -0.1880461826490041 0.8724977459226336 0.8285714285714286 0.986734693877551 0.001 4 29 0.10236364821998441
filtered_r2 8 34 34.0 -0.2052438351827632 1.6996992369087376 0.7540816326530613 0.9795918367346939 0.001 5 29 0.10236364821998441
filtered_r2 8 35 35.0 -0.22582985817742549 0.9464569091796875 0.8122448979591836 0.9806122448979592 0.001 6 29 0.10236364821998441
filtered_r2 8 36 36.0 -0.24031250851475047 0.12187544812961501 0.9489795918367347 0.9948979591836735 0.001 7 29 0.10236364821998441
filtered_r2 8 37 37.0 -0.24064072711773157 -5.8328862092932876e-05 0.9663265306122449 0.9938775510204082 0.001 0 37 -5.8328862092932876e-05
filtered_r2 8 38 38.0 -0.24240213809988748 -0.08769246753381223 0.976530612244898 0.9938775510204082 0.001 0 38 -0.08769246753381223
filtered_r2 8 39 39.0 -0.2454030804568698 -0.061866994293368595 0.9693877551020408 0.9948979591836735 0.001 1 38 -0.08769246753381223
filtered_r2 8 40 40.0 -0.24449333158080627 -0.0011506430956782128 0.9693877551020408 0.9897959183673469 0.001 2 38 -0.08769246753381223
filtered_r2 8 41 41.0 -0.0650972121305218 5.509762121706593 0.5020408163265306 0.6010204081632653 0.001 3 38 -0.08769246753381223
filtered_r2 8 42 42.0 -0.1278080857457522 0.8322124953172645 0.8061224489795918 0.9897959183673469 0.001 4 38 -0.08769246753381223
filtered_r2 8 43 43.0 -0.19706304564850302 0.5691150976687062 0.8683673469387755 0.976530612244898 0.001 5 38 -0.08769246753381223
filtered_r2 8 44 44.0 -0.22729697747866406 -0.021554444274123834 0.9622448979591837 0.9938775510204082 0.001 6 38 -0.08769246753381223
filtered_r2 8 45 45.0 -0.24216557131726366 -0.07335812461619474 0.9795918367346939 0.9938775510204082 0.001 7 38 -0.08769246753381223
filtered_r2 8 46 46.0 -0.24391560623031475 -0.0585689943663928 0.9755102040816327 0.9938775510204082 0.001 8 38 -0.08769246753381223
filtered_r2 8 47 47.0 -0.24522031932799643 -0.08028559636096565 0.9775510204081632 0.9938775510204082 0.001 9 38 -0.08769246753381223
filtered_r2 8 48 48.0 -0.24611987313133377 -0.06899665715743085 0.9785714285714285 0.9938775510204082 0.001 10 38 -0.08769246753381223
filtered_r2 8 49 49.0 -0.24735784160175997 -0.07598544626819845 0.9816326530612245 0.9938775510204082 0.0005 11 38 -0.08769246753381223
filtered_r2 8 50 50.0 -0.24977830467190726 -0.06693940503256661 0.9755102040816327 0.9938775510204082 0.0005 12 38 -0.08769246753381223
filtered_r2 8 51 51.0 -0.2514311413671729 -0.0899230820792062 0.9826530612244898 0.9928571428571429 0.0005 0 51 -0.0899230820792062
filtered_r2 8 52 52.0 -0.2516784383424837 -0.09382005516363649 0.9826530612244898 0.9928571428571429 0.0005 0 52 -0.09382005516363649
filtered_r2 8 53 53.0 -0.2521860850319975 -0.07434684500402333 0.9744897959183674 0.9928571428571429 0.0005 1 52 -0.09382005516363649
filtered_r2 8 54 54.0 -0.25118822163731286 -0.07168980666569301 0.9785714285714285 0.9938775510204082 0.0005 2 52 -0.09382005516363649
filtered_r2 8 55 55.0 -0.25279336609435493 -0.08330968058839136 0.9806122448979592 0.9928571428571429 0.0005 3 52 -0.09382005516363649
filtered_r2 8 56 56.0 -0.25166535652306465 -0.08650945741303114 0.9795918367346939 0.9928571428571429 0.0005 4 52 -0.09382005516363649
filtered_r2 8 57 57.0 -0.2516378270212679 -0.07836399662251375 0.9826530612244898 0.9928571428571429 0.0005 5 52 -0.09382005516363649
filtered_r2 8 58 58.0 -0.25274536856277574 -0.08679292445280114 0.9836734693877551 0.9928571428571429 0.0005 6 52 -0.09382005516363649
filtered_r2 8 59 59.0 -0.25166925068739243 -0.0029813158268831214 0.9663265306122449 0.9928571428571429 0.0005 7 52 -0.09382005516363649
filtered_r2 8 60 60.0 -0.2528149329575916 -0.07363159899808923 0.9775510204081632 0.9928571428571429 0.0005 8 52 -0.09382005516363649
filtered_r2 8 61 61.0 -0.252482214230019 -0.057886079379490446 0.9775510204081632 0.9928571428571429 0.0005 9 52 -0.09382005516363649
filtered_r2 8 62 62.0 -0.25285436813498086 -0.028041699467873087 0.9683673469387755 0.9928571428571429 0.0005 10 52 -0.09382005516363649
filtered_r2 8 63 63.0 -0.19459994436875702 1.7227242231369018 0.7826530612244897 0.9224489795918367 0.00025 11 52 -0.09382005516363649
filtered_r2 8 64 64.0 -0.19885160992922643 -0.0748144801782102 0.9806122448979592 0.9928571428571429 0.00025 12 52 -0.09382005516363649
filtered_r2 8 65 65.0 -0.2485033494061898 -0.08826898604023213 0.9806122448979592 0.9928571428571429 0.00025 13 52 -0.09382005516363649
filtered_r2 8 66 66.0 -0.2525022565918481 -0.09115401871350347 0.9806122448979592 0.9928571428571429 0.00025 14 52 -0.09382005516363649
filtered_r2 8 67 67.0 -0.2534941302676016 -0.08465475549503249 0.9775510204081632 0.9928571428571429 0.00025 15 52 -0.09382005516363649
filtered_r2 8 68 68.0 -0.25478486940677775 -0.08633714744022915 0.9806122448979592 0.9938775510204082 0.00025 16 52 -0.09382005516363649
filtered_r2 8 69 69.0 -0.2553392071956304 -0.07909453255789621 0.9755102040816327 0.9928571428571429 0.00025 17 52 -0.09382005516363649
filtered_r2 8 70 70.0 -0.2553937434802293 -0.055956012375500734 0.9714285714285714 0.9928571428571429 0.00025 18 52 -0.09382005516363649
filtered_r2 8 71 71.0 -0.25583062437695875 -0.08600279019803417 0.9785714285714285 0.9928571428571429 0.00025 19 52 -0.09382005516363649
filtered_r2 8 72 72.0 -0.25542815012663284 -0.08427320061897745 0.9795918367346939 0.9928571428571429 0.00025 20 52 -0.09382005516363649
filtered_r2 8 73 73.0 -0.2553388648559096 -0.08232350300769417 0.9785714285714285 0.9928571428571429 0.00025 21 52 -0.09382005516363649
filtered_r2 8 74 74.0 -0.2563497462389523 -0.08261516288835175 0.9806122448979592 0.9928571428571429 0.000125 22 52 -0.09382005516363649
filtered_r2 8 75 75.0 -0.2569428836252309 -0.08892719940263398 0.9795918367346939 0.9928571428571429 0.000125 23 52 -0.09382005516363649
filtered_r2 8 76 76.0 -0.2567694036022094 -0.08649602374252008 0.9785714285714285 0.9928571428571429 0.000125 24 52 -0.09382005516363649
filtered_r2 8 77 77.0 -0.25691126597877284 -0.08671715308208855 0.9806122448979592 0.9928571428571429 0.000125 25 52 -0.09382005516363649
filtered_r2 8 78 78.0 -0.25730567573979257 -0.09199035946203737 0.9806122448979592 0.9928571428571429 0.000125 26 52 -0.09382005516363649
filtered_r2 8 79 79.0 -0.25665546199271516 -0.07924291406358991 0.976530612244898 0.9928571428571429 0.000125 27 52 -0.09382005516363649
filtered_r2 8 80 80.0 -0.2567976812492629 -0.08599583275464116 0.976530612244898 0.9928571428571429 0.000125 28 52 -0.09382005516363649
filtered_r2 8 81 81.0 -0.2568186736155572 -0.09646885395050049 0.9816326530612245 0.9928571428571429 0.000125 0 81 -0.09646885395050049
filtered_r2 8 82 82.0 -0.2568756414461595 -0.07712392758349983 0.9744897959183674 0.9928571428571429 0.000125 1 81 -0.09646885395050049
filtered_r2 8 83 83.0 -0.2568556929003368 -0.08528766194168402 0.9775510204081632 0.9928571428571429 0.000125 2 81 -0.09646885395050049
filtered_r2 8 84 84.0 -0.2570407573217409 -0.08032594700248874 0.976530612244898 0.9928571428571429 0.000125 3 81 -0.09646885395050049
filtered_r2 8 85 85.0 -0.2572746521048411 -0.09096389303402025 0.9785714285714285 0.9928571428571429 0.000125 4 81 -0.09646885395050049
filtered_r2 8 86 86.0 -0.25659988157457675 -0.08507042174436608 0.9795918367346939 0.9928571428571429 0.000125 5 81 -0.09646885395050049
filtered_r2 8 87 87.0 -0.2559175470809669 -0.0852934521071765 0.9795918367346939 0.9918367346938776 0.000125 6 81 -0.09646885395050049
filtered_r2 8 88 88.0 -0.25685982550063635 -0.06757175338511565 0.9755102040816327 0.9928571428571429 0.000125 7 81 -0.09646885395050049
filtered_r2 8 89 89.0 -0.25707702884390227 -0.08628320158744344 0.9785714285714285 0.9928571428571429 0.000125 8 81 -0.09646885395050049
filtered_r2 8 90 90.0 -0.2574048863578754 -0.055062083322174694 0.9714285714285714 0.9928571428571429 0.000125 9 81 -0.09646885395050049
filtered_r2 8 91 91.0 -0.2568710579759427 -0.06650679014167007 0.9744897959183674 0.9928571428571429 0.000125 10 81 -0.09646885395050049
filtered_r2 8 92 92.0 -0.2572473469509618 -0.07259170230554075 0.9744897959183674 0.9928571428571429 6.25e-05 11 81 -0.09646885395050049
filtered_r2 8 93 93.0 -0.258032815777111 -0.09014293320324956 0.9816326530612245 0.9928571428571429 6.25e-05 12 81 -0.09646885395050049
filtered_r2 8 94 94.0 -0.2580129404717783 -0.08675768618680993 0.976530612244898 0.9928571428571429 6.25e-05 13 81 -0.09646885395050049
filtered_r2 8 95 95.0 -0.25793409836267917 -0.09331629616873605 0.9785714285714285 0.9928571428571429 6.25e-05 14 81 -0.09646885395050049
filtered_r2 8 96 96.0 -0.2578563612788211 -0.09086930849114243 0.9806122448979592 0.9928571428571429 6.25e-05 15 81 -0.09646885395050049
filtered_r2 8 97 97.0 -0.2576771424259846 -0.08183493954794747 0.9785714285714285 0.9928571428571429 6.25e-05 16 81 -0.09646885395050049
filtered_r2 8 98 98.0 -0.25826670212477126 -0.08464125808404417 0.9785714285714285 0.9928571428571429 6.25e-05 17 81 -0.09646885395050049
filtered_r2 8 99 99.0 -0.25792733874027396 -0.08395224833975033 0.976530612244898 0.9928571428571429 6.25e-05 18 81 -0.09646885395050049
filtered_r2 8 100 100.0 -0.25806768103316535 -0.07307340320275754 0.9744897959183674 0.9928571428571429 6.25e-05 19 81 -0.09646885395050049
filtered_r2 8 101 101.0 -0.25795760967309184 -0.08386971901874153 0.9795918367346939 0.9928571428571429 6.25e-05 20 81 -0.09646885395050049
filtered_r2 8 102 102.0 -0.2579252700747225 -0.07351999185523209 0.9744897959183674 0.9928571428571429 6.25e-05 21 81 -0.09646885395050049
filtered_r2 8 103 103.0 -0.2579540016006234 -0.06444277082170759 0.9775510204081632 0.9928571428571429 3.125e-05 22 81 -0.09646885395050049
filtered_r2 8 104 104.0 -0.25845916437483546 -0.08059008802686418 0.976530612244898 0.9928571428571429 3.125e-05 23 81 -0.09646885395050049
filtered_r2 8 105 105.0 -0.2585470310654486 -0.08413224658187554 0.9755102040816327 0.9928571428571429 3.125e-05 24 81 -0.09646885395050049
filtered_r2 8 106 106.0 -0.2582414121714075 -0.07074382305145263 0.9755102040816327 0.9928571428571429 3.125e-05 25 81 -0.09646885395050049
filtered_r2 8 107 107.0 -0.2585879953706929 -0.07786512326221076 0.9744897959183674 0.9928571428571429 3.125e-05 26 81 -0.09646885395050049
filtered_r2 8 108 108.0 -0.25846874691287247 -0.08430929816499048 0.9806122448979592 0.9928571428571429 3.125e-05 27 81 -0.09646885395050049
filtered_r2 8 109 109.0 -0.2585866725197818 -0.08160691553232621 0.976530612244898 0.9928571428571429 3.125e-05 28 81 -0.09646885395050049
filtered_r2 8 110 110.0 -0.25820023597139014 -0.08305502035179917 0.9785714285714285 0.9928571428571429 3.125e-05 29 81 -0.09646885395050049
filtered_r2 8 111 111.0 -0.2583598103542734 -0.08124308002238372 0.976530612244898 0.9928571428571429 3.125e-05 30 81 -0.09646885395050049
filtered_r2 9 1 1.0 1.462778612897387 1.7757778313695167 0.6673469387755102 0.7591836734693878 0.001 0 1 1.7757778313695167
filtered_r2 9 2 2.0 0.8739362579411935 1.3492085914222562 0.8051020408163265 0.8030612244897959 0.001 0 2 1.3492085914222562
filtered_r2 9 3 3.0 0.670851452377749 0.8748877423150199 0.8816326530612245 0.9469387755102041 0.001 0 3 0.8748877423150199
filtered_r2 9 4 4.0 0.5567275463647734 1.073299543711604 0.7622448979591837 0.8938775510204081 0.001 1 3 0.8748877423150199
filtered_r2 9 5 5.0 0.46930676860436427 1.7002702245906907 0.5938775510204082 0.8948979591836734 0.001 2 3 0.8748877423150199
filtered_r2 9 6 6.0 0.3882503916422758 1.4076699753196873 0.6051020408163266 0.9551020408163265 0.001 3 3 0.8748877423150199
filtered_r2 9 7 7.0 0.31725636382022265 1.152740428885635 0.75 0.9857142857142858 0.001 4 3 0.8748877423150199
filtered_r2 9 8 8.0 0.2751009275553558 2.301388319171205 0.5714285714285714 0.7581632653061224 0.001 5 3 0.8748877423150199
filtered_r2 9 9 9.0 0.23012942874922082 0.9151392907512431 0.7714285714285715 0.9683673469387755 0.001 6 3 0.8748877423150199
filtered_r2 9 10 10.0 0.15541754613856307 1.282229129635558 0.7112244897959183 0.9520408163265306 0.001 7 3 0.8748877423150199
filtered_r2 9 11 11.0 0.11006432743854484 1.5414739667152872 0.5581632653061225 0.9826530612244898 0.001 8 3 0.8748877423150199
filtered_r2 9 12 12.0 0.06939873507184957 1.8591004055373523 0.7663265306122449 0.7816326530612245 0.001 9 3 0.8748877423150199
filtered_r2 9 13 13.0 0.03214490937184828 1.3133586134229387 0.9306122448979591 0.7040816326530612 0.001 10 3 0.8748877423150199
filtered_r2 9 14 14.0 0.0004107767581800556 0.6190443386836928 0.85 0.9785714285714285 0.001 0 14 0.6190443386836928
filtered_r2 9 15 15.0 -0.047485351805997236 0.7388155560104215 0.8224489795918367 0.9428571428571428 0.001 1 14 0.6190443386836928
filtered_r2 9 16 16.0 -0.04763663891699629 1.019709351598 0.8163265306122449 0.9561224489795919 0.001 2 14 0.6190443386836928
filtered_r2 9 17 17.0 -0.038974053472897945 2.1742047767249906 0.7948979591836735 0.6408163265306123 0.001 3 14 0.6190443386836928
filtered_r2 9 18 18.0 -0.10336548679592243 0.30002333023110217 0.9204081632653062 0.9897959183673469 0.001 0 18 0.30002333023110217
filtered_r2 9 19 19.0 -0.12532568819710002 1.782912926771203 0.6612244897959184 0.9908163265306122 0.001 1 18 0.30002333023110217
filtered_r2 9 20 20.0 -0.12786859364352354 1.4606445108141217 0.7275510204081632 0.9642857142857143 0.001 2 18 0.30002333023110217
filtered_r2 9 21 21.0 -0.1306606721244959 2.0275942383980263 0.6918367346938775 0.810204081632653 0.001 3 18 0.30002333023110217
filtered_r2 9 22 22.0 -0.13632066403946377 0.6993319421398396 0.8295918367346938 0.9816326530612245 0.001 4 18 0.30002333023110217
filtered_r2 9 23 23.0 -0.15547445758216263 0.35056425381679923 0.9051020408163265 0.9897959183673469 0.001 5 18 0.30002333023110217
filtered_r2 9 24 24.0 -0.140717377685617 0.2743221813318681 0.9214285714285714 0.9775510204081632 0.001 0 24 0.2743221813318681
filtered_r2 9 25 25.0 -0.17977088338472352 0.6775715132148898 0.8428571428571429 0.9683673469387755 0.001 1 24 0.2743221813318681
filtered_r2 9 26 26.0 -0.2025836191860552 0.23526696282990125 0.9142857142857143 0.9836734693877551 0.001 0 26 0.23526696282990125
filtered_r2 9 27 27.0 -0.21279828975247264 0.7189363576927964 0.8244897959183674 0.986734693877551 0.001 1 26 0.23526696282990125
filtered_r2 9 28 28.0 -0.2109456786547244 1.7399975844791957 0.6989795918367347 0.9663265306122449 0.001 2 26 0.23526696282990125
filtered_r2 9 29 29.0 -0.15501025549552166 2.959717980209662 0.6530612244897959 0.7765306122448979 0.001 3 26 0.23526696282990125
filtered_r2 9 30 30.0 -0.08034122339796318 0.777466006181678 0.8316326530612245 0.9826530612244898 0.001 4 26 0.23526696282990125
filtered_r2 9 31 31.0 -0.19456484646848662 0.06591195087043607 0.9551020408163265 0.9877551020408163 0.001 0 31 0.06591195087043607
filtered_r2 9 32 32.0 -0.22448963763451554 0.8722480214371973 0.8153061224489796 0.9918367346938776 0.001 1 31 0.06591195087043607
filtered_r2 9 33 33.0 -0.23248534298931017 -0.0017211456688082949 0.960204081632653 0.9938775510204082 0.001 0 33 -0.0017211456688082949
filtered_r2 9 34 34.0 -0.2335478347245966 0.004399420777145697 0.9673469387755103 0.9918367346938776 0.001 1 33 -0.0017211456688082949
filtered_r2 9 35 35.0 -0.23436531670628535 0.21621089662824358 0.9275510204081633 0.9928571428571429 0.001 2 33 -0.0017211456688082949
filtered_r2 9 36 36.0 -0.2345622667843307 0.10661202790785809 0.9612244897959183 0.9816326530612245 0.001 3 33 -0.0017211456688082949
filtered_r2 9 37 37.0 -0.17973002343543737 2.041104336174167 0.7193877551020408 0.9408163265306122 0.001 4 33 -0.0017211456688082949
filtered_r2 9 38 38.0 -0.15020050279315653 1.6571485169079838 0.7071428571428572 0.963265306122449 0.001 5 33 -0.0017211456688082949
filtered_r2 9 39 39.0 -0.20785425376850347 -0.0458864367738062 0.9734693877551021 0.9928571428571429 0.001 0 39 -0.0458864367738062
filtered_r2 9 40 40.0 -0.2270787484554706 0.21305867895788075 0.936734693877551 0.9897959183673469 0.001 1 39 -0.0458864367738062
filtered_r2 9 41 41.0 -0.23713049460403557 -0.07317654308007689 0.9744897959183674 0.9959183673469387 0.001 0 41 -0.07317654308007689
filtered_r2 9 42 42.0 -0.24322349570532878 -0.08723491503267872 0.9795918367346939 0.9959183673469387 0.001 0 42 -0.08723491503267872
filtered_r2 9 43 43.0 -0.24595964848908244 -0.07397713612536995 0.9785714285714285 0.9959183673469387 0.001 1 42 -0.08723491503267872
filtered_r2 9 44 44.0 -0.2437734953474296 -0.09218360404579007 0.9806122448979592 0.9928571428571429 0.001 0 44 -0.09218360404579007
filtered_r2 9 45 45.0 -0.23558201447568414 0.15820474186722114 0.9469387755102041 0.9959183673469387 0.001 1 44 -0.09218360404579007
filtered_r2 9 46 46.0 -0.1320226674946745 15.362804237677127 0.3673469387755102 0.42448979591836733 0.001 2 44 -0.09218360404579007
filtered_r2 9 47 47.0 0.052240984464895286 0.5389466548452572 0.863265306122449 0.9785714285714285 0.001 3 44 -0.09218360404579007
filtered_r2 9 48 48.0 -0.1935506787250019 0.2569969211305891 0.9112244897959184 0.9938775510204082 0.001 4 44 -0.09218360404579007
filtered_r2 9 49 49.0 -0.22316271524092599 0.03533184966262506 0.9561224489795919 0.9908163265306122 0.001 5 44 -0.09218360404579007
filtered_r2 9 50 50.0 -0.23655038692876762 -0.03353601085896395 0.9704081632653061 0.9959183673469387 0.001 6 44 -0.09218360404579007
filtered_r2 9 51 51.0 -0.24241153140578703 -0.08272481840483996 0.9744897959183674 0.9959183673469387 0.001 7 44 -0.09218360404579007
filtered_r2 9 52 52.0 -0.24531929865849064 -0.06057849514241121 0.9775510204081632 0.9948979591836735 0.001 8 44 -0.09218360404579007
filtered_r2 9 53 53.0 -0.24619779045532422 -0.09167337855514215 0.9806122448979592 0.9938775510204082 0.001 9 44 -0.09218360404579007
filtered_r2 9 54 54.0 -0.24303946265125193 0.20743840130007996 0.9255102040816326 0.9959183673469387 0.001 10 44 -0.09218360404579007
filtered_r2 9 55 55.0 -0.24374390319794165 -0.03223295114478286 0.9734693877551021 0.9928571428571429 0.0005 11 44 -0.09218360404579007
filtered_r2 9 56 56.0 -0.2484327252940113 -0.07988100830389529 0.9755102040816327 0.996938775510204 0.0005 12 44 -0.09218360404579007
filtered_r2 9 57 57.0 -0.2518880049167307 -0.08597861066156504 0.9785714285714285 0.9959183673469387 0.0005 13 44 -0.09218360404579007
filtered_r2 9 58 58.0 -0.25194178785566756 -0.09631509586256377 0.9826530612244898 0.9959183673469387 0.0005 0 58 -0.09631509586256377
filtered_r2 9 59 59.0 -0.25224194286305807 -0.08983083209212946 0.976530612244898 0.9948979591836735 0.0005 1 58 -0.09631509586256377
filtered_r2 9 60 60.0 -0.25259528921545854 -0.08259104903863401 0.9785714285714285 0.9948979591836735 0.0005 2 58 -0.09631509586256377
filtered_r2 9 61 61.0 -0.2519562224239798 -0.08131821642116624 0.9785714285714285 0.9948979591836735 0.0005 3 58 -0.09631509586256377
filtered_r2 9 62 62.0 -0.2510621838330318 -0.07984991949431751 0.9775510204081632 0.996938775510204 0.0005 4 58 -0.09631509586256377
filtered_r2 9 63 63.0 -0.25223711427808815 -0.061889450890677315 0.9755102040816327 0.9938775510204082 0.0005 5 58 -0.09631509586256377
filtered_r2 9 64 64.0 -0.25195186137109515 -0.08233844017495914 0.9806122448979592 0.9959183673469387 0.0005 6 58 -0.09631509586256377
filtered_r2 9 65 65.0 -0.25253519569780447 -0.08613298523182772 0.9785714285714285 0.9959183673469387 0.0005 7 58 -0.09631509586256377
filtered_r2 9 66 66.0 -0.2513579226180211 -0.05721041280396131 0.9744897959183674 0.9959183673469387 0.0005 8 58 -0.09631509586256377
filtered_r2 9 67 67.0 -0.25175261088770057 -0.07512236906557666 0.9775510204081632 0.9948979591836735 0.0005 9 58 -0.09631509586256377
filtered_r2 9 68 68.0 -0.2494409295466957 -0.07539862418661313 0.9785714285714285 0.9959183673469387 0.0005 10 58 -0.09631509586256377
filtered_r2 9 69 69.0 -0.25130896624650556 -0.0595703733210661 0.976530612244898 0.9959183673469387 0.00025 11 58 -0.09631509586256377
filtered_r2 9 70 70.0 -0.2540299090797852 -0.0959620577948434 0.9775510204081632 0.996938775510204 0.00025 12 58 -0.09631509586256377
filtered_r2 9 71 71.0 -0.2554425730244704 -0.10478297642299107 0.9836734693877551 0.996938775510204 0.00025 0 71 -0.10478297642299107
filtered_r2 9 72 72.0 -0.25513355042171226 -0.09701738746798769 0.9795918367346939 0.9959183673469387 0.00025 1 71 -0.10478297642299107
filtered_r2 9 73 73.0 -0.254996551728506 -0.09953165978801494 0.9806122448979592 0.996938775510204 0.00025 2 71 -0.10478297642299107
filtered_r2 9 74 74.0 -0.25356101445355844 -0.09553328971473538 0.9785714285714285 0.996938775510204 0.00025 3 71 -0.10478297642299107
filtered_r2 9 75 75.0 -0.25481784126311235 -0.08890950923063318 0.9775510204081632 0.9948979591836735 0.00025 4 71 -0.10478297642299107
filtered_r2 9 76 76.0 -0.25469049457422593 -0.10179716275662792 0.9826530612244898 0.9948979591836735 0.00025 5 71 -0.10478297642299107
filtered_r2 9 77 77.0 -0.252926558960552 -0.07571139189661766 0.9744897959183674 0.9959183673469387 0.00025 6 71 -0.10478297642299107
filtered_r2 9 78 78.0 -0.2541876997758461 -0.10134869448992671 0.9795918367346939 0.996938775510204 0.00025 7 71 -0.10478297642299107
filtered_r2 9 79 79.0 -0.25408195183094157 -0.0845387332293452 0.9785714285714285 0.996938775510204 0.00025 8 71 -0.10478297642299107
filtered_r2 9 80 80.0 -0.25467962934492905 -0.08227692477557123 0.9775510204081632 0.9959183673469387 0.00025 9 71 -0.10478297642299107
filtered_r2 9 81 81.0 -0.2537296972505755 -0.08941670729189503 0.9816326530612245 0.9948979591836735 0.00025 10 71 -0.10478297642299107
filtered_r2 9 82 82.0 -0.2528684605374989 -0.03422653967020463 0.9673469387755103 0.9928571428571429 0.000125 11 71 -0.10478297642299107
filtered_r2 9 83 83.0 -0.25566264533913097 -0.10315668096347731 0.9795918367346939 0.9959183673469387 0.000125 12 71 -0.10478297642299107
filtered_r2 9 84 84.0 -0.25601603696462466 -0.09171499427484006 0.9785714285714285 0.996938775510204 0.000125 13 71 -0.10478297642299107
filtered_r2 9 85 85.0 -0.25636907624961824 -0.10531759554026078 0.9795918367346939 0.996938775510204 0.000125 0 85 -0.10531759554026078
filtered_r2 9 86 86.0 -0.2563377368857153 -0.08936230260498669 0.9775510204081632 0.996938775510204 0.000125 1 85 -0.10531759554026078
filtered_r2 9 87 87.0 -0.25691395244898935 -0.0972101372115466 0.9785714285714285 0.996938775510204 0.000125 2 85 -0.10531759554026078
filtered_r2 9 88 88.0 -0.25604127510525515 -0.10558332958999946 0.9806122448979592 0.996938775510204 0.000125 0 88 -0.10558332958999946
filtered_r2 9 89 89.0 -0.2566524016324932 -0.09668281662220858 0.9826530612244898 0.996938775510204 0.000125 1 88 -0.10558332958999946
filtered_r2 9 90 90.0 -0.2565299817797113 -0.08503568075141128 0.9785714285714285 0.996938775510204 0.000125 2 88 -0.10558332958999946
filtered_r2 9 91 91.0 -0.25600584225714434 -0.10802298273359026 0.9836734693877551 0.996938775510204 0.000125 0 91 -0.10802298273359026
filtered_r2 9 92 92.0 -0.256053745363974 -0.11150507245744978 0.9836734693877551 0.996938775510204 0.000125 0 92 -0.11150507245744978
filtered_r2 9 93 93.0 -0.2563561372065426 -0.08201670111442098 0.9755102040816327 0.996938775510204 0.000125 1 92 -0.11150507245744978
filtered_r2 9 94 94.0 -0.2556493612082943 -0.08534508335347078 0.9755102040816327 0.9959183673469387 0.000125 2 92 -0.11150507245744978
filtered_r2 9 95 95.0 -0.25587745792218053 -0.09678878200297453 0.9785714285714285 0.9959183673469387 0.000125 3 92 -0.11150507245744978
filtered_r2 9 96 96.0 -0.2562413481049194 -0.0963186215381233 0.9785714285714285 0.9959183673469387 0.000125 4 92 -0.11150507245744978
filtered_r2 9 97 97.0 -0.2559487299631106 -0.10136825211194096 0.9795918367346939 0.9959183673469387 0.000125 5 92 -0.11150507245744978
filtered_r2 9 98 98.0 -0.25597200763792555 -0.10095133732776253 0.9795918367346939 0.9959183673469387 0.000125 6 92 -0.11150507245744978
filtered_r2 9 99 99.0 -0.2559334154131811 -0.08758077962057931 0.9785714285714285 0.9948979591836735 0.000125 7 92 -0.11150507245744978
filtered_r2 9 100 100.0 -0.2551590771587451 -0.05254214247878717 0.9734693877551021 0.9948979591836735 0.000125 8 92 -0.11150507245744978
filtered_r2 9 101 101.0 -0.2527225008677351 -0.07236519930314045 0.9755102040816327 0.9959183673469387 0.000125 9 92 -0.11150507245744978
filtered_r2 9 102 102.0 -0.25106955802506736 -0.04899994840427321 0.9704081632653061 0.9959183673469387 0.000125 10 92 -0.11150507245744978
filtered_r2 9 103 103.0 -0.2546864053512197 -0.05859425457156434 0.9724489795918367 0.9959183673469387 6.25e-05 11 92 -0.11150507245744978
filtered_r2 9 104 104.0 -0.2566443274380829 -0.10032604421888079 0.976530612244898 0.996938775510204 6.25e-05 12 92 -0.11150507245744978
filtered_r2 9 105 105.0 -0.25764923665138806 -0.09655403604312819 0.9755102040816327 0.996938775510204 6.25e-05 13 92 -0.11150507245744978
filtered_r2 9 106 106.0 -0.25691732756417385 -0.11385267705333477 0.9826530612244898 0.996938775510204 6.25e-05 0 106 -0.11385267705333477
filtered_r2 9 107 107.0 -0.2572699638438496 -0.11459562194590665 0.9836734693877551 0.996938775510204 6.25e-05 0 107 -0.11459562194590665
filtered_r2 9 108 108.0 -0.25739154246586005 -0.09385278906141009 0.9755102040816327 0.996938775510204 6.25e-05 1 107 -0.11459562194590665
filtered_r2 9 109 109.0 -0.2569494160473225 -0.09871444994089555 0.9775510204081632 0.996938775510204 6.25e-05 2 107 -0.11459562194590665
filtered_r2 9 110 110.0 -0.257588019341813 -0.10195652124833088 0.9785714285714285 0.996938775510204 6.25e-05 3 107 -0.11459562194590665
filtered_r2 9 111 111.0 -0.25745960363049114 -0.10107014714455118 0.9785714285714285 0.996938775510204 6.25e-05 4 107 -0.11459562194590665
filtered_r2 9 112 112.0 -0.2574902233904918 -0.10252058165413992 0.9775510204081632 0.996938775510204 6.25e-05 5 107 -0.11459562194590665
filtered_r2 9 113 113.0 -0.2573481365094771 -0.11095792614683812 0.9816326530612245 0.996938775510204 6.25e-05 6 107 -0.11459562194590665
filtered_r2 9 114 114.0 -0.25721876936749183 -0.10359996046338762 0.9795918367346939 0.996938775510204 6.25e-05 7 107 -0.11459562194590665
filtered_r2 9 115 115.0 -0.2573232859120899 -0.11397215152273373 0.9836734693877551 0.996938775510204 6.25e-05 8 107 -0.11459562194590665
filtered_r2 9 116 116.0 -0.2571298991204143 -0.09329105542630566 0.9775510204081632 0.996938775510204 6.25e-05 9 107 -0.11459562194590665
filtered_r2 9 117 117.0 -0.25741333185078485 -0.09873127937316895 0.9806122448979592 0.996938775510204 6.25e-05 10 107 -0.11459562194590665
filtered_r2 9 118 118.0 -0.25749509959656397 -0.10179486226062386 0.976530612244898 0.996938775510204 3.125e-05 11 107 -0.11459562194590665
filtered_r2 9 119 119.0 -0.25775144778155085 -0.11023254443188103 0.9826530612244898 0.9959183673469387 3.125e-05 12 107 -0.11459562194590665
filtered_r2 9 120 120.0 -0.25778965463713444 -0.105677216393607 0.9785714285714285 0.996938775510204 3.125e-05 13 107 -0.11459562194590665
filtered_r2 9 121 121.0 -0.2577960580404764 -0.10386791521189165 0.9795918367346939 0.996938775510204 3.125e-05 14 107 -0.11459562194590665
filtered_r2 9 122 122.0 -0.2578547771901614 -0.11097454781434973 0.9826530612244898 0.996938775510204 3.125e-05 15 107 -0.11459562194590665
filtered_r2 9 123 123.0 -0.25789188606453106 -0.10229699222408996 0.9785714285714285 0.996938775510204 3.125e-05 16 107 -0.11459562194590665
filtered_r2 9 124 124.0 -0.25773503973771367 -0.10440860962381168 0.9816326530612245 0.996938775510204 3.125e-05 17 107 -0.11459562194590665
filtered_r2 9 125 125.0 -0.2577810864911888 -0.10907131993040746 0.9816326530612245 0.996938775510204 3.125e-05 18 107 -0.11459562194590665
filtered_r2 9 126 126.0 -0.25787023994294417 -0.10558457909798136 0.9846938775510204 0.9959183673469387 3.125e-05 19 107 -0.11459562194590665
filtered_r2 9 127 127.0 -0.25758632908835855 -0.09721006909195258 0.9785714285714285 0.996938775510204 3.125e-05 20 107 -0.11459562194590665
filtered_r2 9 128 128.0 -0.257526447900294 -0.11006023640535316 0.9816326530612245 0.996938775510204 3.125e-05 21 107 -0.11459562194590665
filtered_r2 9 129 129.0 -0.2578116695178922 -0.11541700655100297 0.9836734693877551 0.996938775510204 3.125e-05 0 129 -0.11541700655100297
filtered_r2 9 130 130.0 -0.2577715426344269 -0.10337157249450683 0.9795918367346939 0.996938775510204 3.125e-05 1 129 -0.11541700655100297
filtered_r2 9 131 131.0 -0.25790717348191144 -0.10474331330279915 0.9806122448979592 0.996938775510204 3.125e-05 2 129 -0.11541700655100297
filtered_r2 9 132 132.0 -0.2580329600492232 -0.10961035125109614 0.9826530612244898 0.996938775510204 3.125e-05 3 129 -0.11541700655100297
filtered_r2 9 133 133.0 -0.2574445611191519 -0.11075817419558155 0.9846938775510204 0.996938775510204 3.125e-05 4 129 -0.11541700655100297
filtered_r2 9 134 134.0 -0.2581575876914415 -0.10280911289915746 0.976530612244898 0.996938775510204 3.125e-05 5 129 -0.11541700655100297
filtered_r2 9 135 135.0 -0.2577396765338251 -0.09911930463751968 0.9806122448979592 0.996938775510204 3.125e-05 6 129 -0.11541700655100297
filtered_r2 9 136 136.0 -0.2576608498172298 -0.10329345926946523 0.9795918367346939 0.996938775510204 3.125e-05 7 129 -0.11541700655100297
filtered_r2 9 137 137.0 -0.2577094987908779 -0.08293829402145074 0.9775510204081632 0.996938775510204 3.125e-05 8 129 -0.11541700655100297
filtered_r2 9 138 138.0 -0.25797090483087476 -0.10890840851530736 0.9836734693877551 0.996938775510204 3.125e-05 9 129 -0.11541700655100297
filtered_r2 9 139 139.0 -0.25765526694739427 -0.1013803885907543 0.9755102040816327 0.996938775510204 3.125e-05 10 129 -0.11541700655100297
filtered_r2 9 140 140.0 -0.25751566184238406 -0.10965419350838175 0.9826530612244898 0.996938775510204 1.5625e-05 11 129 -0.11541700655100297
filtered_r2 9 141 141.0 -0.257941517671274 -0.10945974515408886 0.9816326530612245 0.996938775510204 1.5625e-05 12 129 -0.11541700655100297
filtered_r2 9 142 142.0 -0.2580186511776626 -0.09820613082574338 0.9775510204081632 0.996938775510204 1.5625e-05 13 129 -0.11541700655100297
filtered_r2 9 143 143.0 -0.25790834687769776 -0.10396245061134805 0.9826530612244898 0.996938775510204 1.5625e-05 14 129 -0.11541700655100297
filtered_r2 9 144 144.0 -0.25799000998923616 -0.10655548815824548 0.9836734693877551 0.996938775510204 1.5625e-05 15 129 -0.11541700655100297
filtered_r2 9 145 145.0 -0.25820929916460866 -0.1055540571407396 0.9816326530612245 0.996938775510204 1.5625e-05 16 129 -0.11541700655100297
filtered_r2 9 146 146.0 -0.25806035583625214 -0.11172715985045141 0.9795918367346939 0.996938775510204 1.5625e-05 17 129 -0.11541700655100297
filtered_r2 9 147 147.0 -0.2581933244936731 -0.10703158183973663 0.9816326530612245 0.996938775510204 1.5625e-05 18 129 -0.11541700655100297
filtered_r2 9 148 148.0 -0.2579490991142424 -0.10909150376611826 0.9806122448979592 0.996938775510204 1.5625e-05 19 129 -0.11541700655100297
filtered_r2 9 149 149.0 -0.25828226443313806 -0.11075837904093216 0.9816326530612245 0.996938775510204 1.5625e-05 20 129 -0.11541700655100297
filtered_r2 9 150 150.0 -0.2583806690405853 -0.11193280463316002 0.9826530612244898 0.996938775510204 1.5625e-05 21 129 -0.11541700655100297
filtered_r2 9 151 151.0 -0.2582596436442945 -0.1003063980413943 0.976530612244898 0.996938775510204 7.8125e-06 22 129 -0.11541700655100297
filtered_r2 9 152 152.0 -0.2582552304656087 -0.10519783594170395 0.9806122448979592 0.996938775510204 7.8125e-06 23 129 -0.11541700655100297
filtered_r2 9 153 153.0 -0.25817797312348306 -0.10620525613123057 0.9795918367346939 0.996938775510204 7.8125e-06 24 129 -0.11541700655100297
filtered_r2 9 154 154.0 -0.25838249027815996 -0.1061454388560081 0.9795918367346939 0.996938775510204 7.8125e-06 25 129 -0.11541700655100297
filtered_r2 9 155 155.0 -0.25852947780193375 -0.1092800286351418 0.9826530612244898 0.996938775510204 7.8125e-06 26 129 -0.11541700655100297
filtered_r2 9 156 156.0 -0.25841758221274813 -0.10311947112180748 0.9775510204081632 0.996938775510204 7.8125e-06 27 129 -0.11541700655100297
filtered_r2 9 157 157.0 -0.2587235593955789 -0.09970972927249208 0.9785714285714285 0.996938775510204 7.8125e-06 28 129 -0.11541700655100297
filtered_r2 9 158 158.0 -0.25828714623964666 -0.10316846078755904 0.9816326530612245 0.996938775510204 7.8125e-06 29 129 -0.11541700655100297
filtered_r2 9 159 159.0 -0.2583584138976265 -0.10003603137269312 0.9785714285714285 0.996938775510204 7.8125e-06 30 129 -0.11541700655100297
