experiment seed step real_epoch tr_loss vl_loss vl_tumour vl_plane learning_rate patience_counter best_step best_val_loss batch_real batch_synthetic
augmented_r1 0 1 0.01634320735444331 2.483396530151367 2.4887813558383862 0.19183673469387755 0.35918367346938773 3.225806451612903e-06 0 1 2.4887813558383862 64 64
augmented_r1 0 80 1.3074565883554647 1.8452909634083132 0.6107183668078209 0.8663265306122448 0.9775510204081632 0.00025806451612903227 0 80 0.6107183668078209 64 64
augmented_r1 0 160 2.6149131767109295 0.5990163230802864 0.17520128914288113 0.9428571428571428 0.9908163265306122 0.0004999871624350509 0 160 0.17520128914288113 64 64
augmented_r1 0 240 3.9223697650663945 0.3815801806282252 0.02374934789781668 0.9622448979591837 0.9938775510204082 0.0004962990794052847 0 240 0.02374934789781668 64 64
augmented_r1 0 320 5.229826353421859 0.4154856557957828 -0.05990528677191053 0.9755102040816327 0.9928571428571429 0.00048614958518009677 0 320 -0.05990528677191053 64 64
augmented_r1 0 400 6.537282941777324 0.25494314525276424 -0.19273080619014038 0.9846938775510204 0.9938775510204082 0.0004698049416382277 0 400 -0.19273080619014038 64 64
augmented_r1 0 480 7.844739530132789 0.0738650232553482 -0.3180161347194594 0.9795918367346939 0.9928571428571429 0.0004476939342344246 0 480 -0.3180161347194594 64 64
augmented_r1 0 560 9.152196118488254 0.038903821259737015 -0.37815125742737127 0.9918367346938776 0.9928571428571429 0.00042039662323982603 0 560 -0.37815125742737127 64 64
augmented_r1 0 640 10.459652706843718 0.11317504364997148 -0.40780991011736345 0.9775510204081632 0.9938775510204082 0.0003886291264381089 0 640 -0.40780991011736345 64 64
augmented_r1 0 720 11.767109295199182 -0.1147046672180295 -0.4965838977268764 0.9877551020408163 0.9938775510204082 0.000353224832488219 0 720 -0.4965838977268764 64 64
augmented_r1 0 800 13.074565883554648 0.004205387458205223 -0.528913350981109 0.9897959183673469 0.9938775510204082 0.0003151125378024133 0 800 -0.528913350981109 64 64
augmented_r1 0 880 14.382022471910112 -0.1377679558470845 -0.5978550482769401 0.9908163265306122 0.9928571428571429 0.00027529208049685805 0 880 -0.5978550482769401 64 64
augmented_r1 0 960 15.689479060265578 -0.194205404818058 -0.644456806961371 0.9928571428571429 0.9938775510204082 0.000234808110633836 0 960 -0.644456806961371 64 64
augmented_r1 0 1040 16.99693564862104 -0.2360259048640728 -0.7032641255125708 0.9897959183673469 0.9938775510204082 0.0001947226848671508 0 1040 -0.7032641255125708 64 64
augmented_r1 0 1120 18.304392236976508 -0.2704118672758341 -0.6828655736786978 0.9918367346938776 0.9928571428571429 0.00015608740444292746 1 1040 -0.7032641255125708 64 64
augmented_r1 0 1200 19.611848825331972 -0.2748133148998022 -0.6835522953344851 0.9908163265306122 0.9938775510204082 0.00011991582748762803 2 1040 -0.7032641255125708 64 64
augmented_r1 0 1280 20.919305413687436 -0.21443554237484933 -0.7517619570907281 0.9928571428571429 0.9948979591836735 8.715687931944449e-05 0 1280 -0.7517619570907281 64 64
augmented_r1 0 1360 22.2267620020429 -0.34025782756507394 -0.7578026345797948 0.9918367346938776 0.9938775510204082 5.866995833708463e-05 0 1360 -0.7578026345797948 64 64
augmented_r1 0 1440 23.534218590398364 -0.22328390777111054 -0.7081141554579443 0.9938775510204082 0.9938775510204082 3.520239055818114e-05 1 1360 -0.7578026345797948 64 64
augmented_r1 0 1520 24.84167517875383 -0.33773874416947364 -0.7264847057206291 0.9928571428571429 0.9938775510204082 1.7369824265066364e-05 2 1360 -0.7578026345797948 64 64
augmented_r1 0 1600 26.149131767109296 -0.1945572804659605 -0.7412326841938253 0.9928571428571429 0.9938775510204082 5.640079084868633e-06 3 1360 -0.7578026345797948 64 64
augmented_r1 0 1680 27.45658835546476 -0.38400515355169773 -0.792141435097675 0.9918367346938776 0.9938775510204082 3.208732072368104e-07 0 1680 -0.792141435097675 64 64
augmented_r1 0 1705 27.865168539325843 -0.4131893241405487 -0.7729956193846099 0.9918367346938776 0.9938775510204082 0.0 1 1680 -0.792141435097675 64 64
augmented_r1 1 1 0.01634320735444331 2.5317325592041016 2.486495422830387 0.24591836734693878 0.33979591836734696 3.225806451612903e-06 0 1 2.486495422830387 64 64
augmented_r1 1 80 1.3074565883554647 1.9006769000729429 0.6591505636974256 0.8316326530612245 0.976530612244898 0.00025806451612903227 0 80 0.6591505636974256 64 64
augmented_r1 1 160 2.6149131767109295 0.7745639172382652 0.1946866605354815 0.939795918367347 0.996938775510204 0.0004999871624350509 0 160 0.1946866605354815 64 64
augmented_r1 1 240 3.9223697650663945 0.5120572701096535 0.05020727417906937 0.960204081632653 0.996938775510204 0.0004962990794052847 0 240 0.05020727417906937 64 64
augmented_r1 1 320 5.229826353421859 0.35918439356610177 -0.12173611825826217 0.9683673469387755 0.9959183673469387 0.00048614958518009677 0 320 -0.12173611825826217 64 64
augmented_r1 1 400 6.537282941777324 0.2650526993907988 -0.11414181918514019 0.9714285714285714 0.9959183673469387 0.0004698049416382277 1 320 -0.12173611825826217 64 64
augmented_r1 1 480 7.844739530132789 0.13491425067186355 -0.26804018057122525 0.9714285714285714 0.9959183673469387 0.0004476939342344246 0 480 -0.26804018057122525 64 64
augmented_r1 1 560 9.152196118488254 0.05665732324123383 -0.35021184707174496 0.9744897959183674 0.9959183673469387 0.00042039662323982603 0 560 -0.35021184707174496 64 64
augmented_r1 1 640 10.459652706843718 0.15629120357334614 -0.38100004427287043 0.9673469387755103 0.9948979591836735 0.0003886291264381089 0 640 -0.38100004427287043 64 64
augmented_r1 1 720 11.767109295199182 -0.12147840727120637 -0.4577509889797289 0.9704081632653061 0.9948979591836735 0.000353224832488219 0 720 -0.4577509889797289 64 64
augmented_r1 1 800 13.074565883554648 -0.030716395005583763 -0.5337170381935276 0.9806122448979592 0.9948979591836735 0.0003151125378024133 0 800 -0.5337170381935276 64 64
augmented_r1 1 880 14.382022471910112 -0.26110112499445676 -0.5785221445317171 0.9775510204081632 0.9948979591836735 0.00027529208049685805 0 880 -0.5785221445317171 64 64
augmented_r1 1 960 15.689479060265578 -0.24508057683706283 -0.6121225337592923 0.9755102040816327 0.9948979591836735 0.000234808110633836 0 960 -0.6121225337592923 64 64
augmented_r1 1 1040 16.99693564862104 -0.1914504136890173 -0.6582705152278043 0.9775510204081632 0.9948979591836735 0.0001947226848671508 0 1040 -0.6582705152278043 64 64
augmented_r1 1 1120 18.304392236976508 -0.3243647560477257 -0.6806815385818481 0.976530612244898 0.9948979591836735 0.00015608740444292746 0 1120 -0.6806815385818481 64 64
augmented_r1 1 1200 19.611848825331972 -0.18365258164703846 -0.7152535122268054 0.976530612244898 0.9948979591836735 0.00011991582748762803 0 1200 -0.7152535122268054 64 64
augmented_r1 1 1280 20.919305413687436 -0.3284147471189499 -0.7464755106945427 0.9775510204081632 0.9948979591836735 8.715687931944449e-05 0 1280 -0.7464755106945427 64 64
augmented_r1 1 1360 22.2267620020429 -0.2703740313649178 -0.7309430380256808 0.9795918367346939 0.9948979591836735 5.866995833708463e-05 1 1280 -0.7464755106945427 64 64
augmented_r1 1 1440 23.534218590398364 -0.33150499910116193 -0.7479925904955183 0.9785714285714285 0.9948979591836735 3.520239055818114e-05 2 1440 -0.7479925904955183 64 64
augmented_r1 1 1520 24.84167517875383 -0.18392573855817318 -0.7462088283227415 0.9785714285714285 0.9948979591836735 1.7369824265066364e-05 3 1440 -0.7479925904955183 64 64
augmented_r1 1 1600 26.149131767109296 -0.4305902127176523 -0.7616829811310282 0.9795918367346939 0.9948979591836735 5.640079084868633e-06 0 1600 -0.7616829811310282 64 64
augmented_r1 1 1680 27.45658835546476 -0.2938125774264336 -0.7460993966277765 0.9795918367346939 0.9948979591836735 3.208732072368104e-07 1 1600 -0.7616829811310282 64 64
augmented_r1 1 1705 27.865168539325843 -0.4258045208454132 -0.7676327379382386 0.9795918367346939 0.9948979591836735 0.0 0 1705 -0.7676327379382386 64 64
augmented_r1 2 1 0.01634320735444331 2.5367891788482666 2.4961392655664563 0.2030612244897959 0.3469387755102041 3.225806451612903e-06 0 1 2.4961392655664563 64 64
augmented_r1 2 80 1.3074565883554647 1.8697807871842687 0.6239799623586694 0.8653061224489796 0.976530612244898 0.00025806451612903227 0 80 0.6239799623586694 64 64
augmented_r1 2 160 2.6149131767109295 0.6915082156192511 0.18707841689489327 0.9438775510204082 0.9959183673469387 0.0004999871624350509 0 160 0.18707841689489327 64 64
augmented_r1 2 240 3.9223697650663945 0.43946387744508686 0.0342885222970223 0.9622448979591837 0.9948979591836735 0.0004962990794052847 0 240 0.0342885222970223 64 64
augmented_r1 2 320 5.229826353421859 0.4069760493002832 -0.046072883022074795 0.9724489795918367 0.9959183673469387 0.00048614958518009677 0 320 -0.046072883022074795 64 64
augmented_r1 2 400 6.537282941777324 0.29506767094135283 -0.1913872504112672 0.9755102040816327 0.9948979591836735 0.0004698049416382277 0 400 -0.1913872504112672 64 64
augmented_r1 2 480 7.844739530132789 0.07173035163432359 -0.3048088022640773 0.9816326530612245 0.9948979591836735 0.0004476939342344246 0 480 -0.3048088022640773 64 64
augmented_r1 2 560 9.152196118488254 0.013891132734715938 -0.3760288630213056 0.9806122448979592 0.9948979591836735 0.00042039662323982603 0 560 -0.3760288630213056 64 64
augmented_r1 2 640 10.459652706843718 0.13765052389353513 -0.4441530798162733 0.9816326530612245 0.9948979591836735 0.0003886291264381089 0 640 -0.4441530798162733 64 64
augmented_r1 2 720 11.767109295199182 -0.13450021743774415 -0.5091560801681208 0.9857142857142858 0.9948979591836735 0.000353224832488219 0 720 -0.5091560801681208 64 64
augmented_r1 2 800 13.074565883554648 -0.02755700834095478 -0.5899313812353173 0.9836734693877551 0.9948979591836735 0.0003151125378024133 0 800 -0.5899313812353173 64 64
augmented_r1 2 880 14.382022471910112 -0.18833880722522736 -0.6438150549421505 0.9846938775510204 0.9959183673469387 0.00027529208049685805 0 880 -0.6438150549421505 64 64
augmented_r1 2 960 15.689479060265578 -0.07674047835171223 -0.6258413969254008 0.986734693877551 0.9948979591836735 0.000234808110633836 1 880 -0.6438150549421505 64 64
augmented_r1 2 1040 16.99693564862104 -0.28626038804650306 -0.7225306659328694 0.9897959183673469 0.9948979591836735 0.0001947226848671508 0 1040 -0.7225306659328694 64 64
augmented_r1 2 1120 18.304392236976508 -0.1234209768474102 -0.6692314809682418 0.9877551020408163 0.9948979591836735 0.00015608740444292746 1 1040 -0.7225306659328694 64 64
augmented_r1 2 1200 19.611848825331972 -0.23642028644680976 -0.7246188192951436 0.986734693877551 0.9948979591836735 0.00011991582748762803 2 1200 -0.7246188192951436 64 64
augmented_r1 2 1280 20.919305413687436 -0.16793644279241562 -0.7670718942369733 0.9897959183673469 0.9948979591836735 8.715687931944449e-05 0 1280 -0.7670718942369733 64 64
augmented_r1 2 1360 22.2267620020429 -0.22040473930537702 -0.7476353509085519 0.9897959183673469 0.9948979591836735 5.866995833708463e-05 1 1280 -0.7670718942369733 64 64
augmented_r1 2 1440 23.534218590398364 -0.20231972075998783 -0.7549311978476388 0.9897959183673469 0.9948979591836735 3.520239055818114e-05 2 1280 -0.7670718942369733 64 64
augmented_r1 2 1520 24.84167517875383 -0.3432533770799637 -0.7914279151935967 0.9887755102040816 0.9948979591836735 1.7369824265066364e-05 0 1520 -0.7914279151935967 64 64
augmented_r1 2 1600 26.149131767109296 -0.3385855101048946 -0.8039252405263939 0.9897959183673469 0.9948979591836735 5.640079084868633e-06 0 1600 -0.8039252405263939 64 64
augmented_r1 2 1680 27.45658835546476 -0.4054784677922726 -0.802613527677497 0.9908163265306122 0.9948979591836735 3.208732072368104e-07 1 1600 -0.8039252405263939 64 64
augmented_r1 2 1705 27.865168539325843 -0.3568817126750946 -0.7985758280267521 0.9908163265306122 0.9948979591836735 0.0 2 1600 -0.8039252405263939 64 64
augmented_r1 3 1 0.01634320735444331 2.5286147594451904 2.5208857477927693 0.2173469387755102 0.3653061224489796 3.225806451612903e-06 0 1 2.5208857477927693 64 64
augmented_r1 3 80 1.3074565883554647 1.9429883157150656 0.7096254791532244 0.8673469387755102 0.9857142857142858 0.00025806451612903227 0 80 0.7096254791532244 64 64
augmented_r1 3 160 2.6149131767109295 0.6684505398385227 0.19096295517318101 0.9459183673469388 0.9928571428571429 0.0004999871624350509 0 160 0.19096295517318101 64 64
augmented_r1 3 240 3.9223697650663945 0.5718466881662607 0.06666180062658933 0.9653061224489796 0.996938775510204 0.0004962990794052847 0 240 0.06666180062658933 64 64
augmented_r1 3 320 5.229826353421859 0.3673213946633041 -0.15460358225569434 0.9785714285714285 0.996938775510204 0.00048614958518009677 0 320 -0.15460358225569434 64 64
augmented_r1 3 400 6.537282941777324 0.3612116658128798 -0.14284384639895692 0.9755102040816327 0.9959183673469387 0.0004698049416382277 1 320 -0.15460358225569434 64 64
augmented_r1 3 480 7.844739530132789 0.10293802171945572 -0.2849970594960816 0.9755102040816327 0.9959183673469387 0.0004476939342344246 0 480 -0.2849970594960816 64 64
augmented_r1 3 560 9.152196118488254 0.1979087132960558 -0.3297149071888048 0.9785714285714285 0.9959183673469387 0.00042039662323982603 0 560 -0.3297149071888048 64 64
augmented_r1 3 640 10.459652706843718 0.022123303078114987 -0.4374590120753463 0.9857142857142858 0.9959183673469387 0.0003886291264381089 0 640 -0.4374590120753463 64 64
augmented_r1 3 720 11.767109295199182 0.012004685029387474 -0.5189537841446545 0.9836734693877551 0.9948979591836735 0.000353224832488219 0 720 -0.5189537841446545 64 64
augmented_r1 3 800 13.074565883554648 -0.19188006967306137 -0.6160365965901589 0.9877551020408163 0.9959183673469387 0.0003151125378024133 0 800 -0.6160365965901589 64 64
augmented_r1 3 880 14.382022471910112 -0.08729829601943492 -0.6460534373108222 0.9928571428571429 0.9959183673469387 0.00027529208049685805 0 880 -0.6460534373108222 64 64
augmented_r1 3 960 15.689479060265578 -0.10108969770371914 -0.6747915593945251 0.9897959183673469 0.9959183673469387 0.000234808110633836 0 960 -0.6747915593945251 64 64
augmented_r1 3 1040 16.99693564862104 -0.17036186568439007 -0.7344912485200532 0.9887755102040816 0.9959183673469387 0.0001947226848671508 0 1040 -0.7344912485200532 64 64
augmented_r1 3 1120 18.304392236976508 -0.1351772103458643 -0.7191173169077659 0.9887755102040816 0.9959183673469387 0.00015608740444292746 1 1040 -0.7344912485200532 64 64
augmented_r1 3 1200 19.611848825331972 -0.24037463627755642 -0.7447105412580529 0.9897959183673469 0.9959183673469387 0.00011991582748762803 0 1200 -0.7447105412580529 64 64
augmented_r1 3 1280 20.919305413687436 -0.21795716248452662 -0.7464144643472166 0.986734693877551 0.9959183673469387 8.715687931944449e-05 1 1280 -0.7464144643472166 64 64
augmented_r1 3 1360 22.2267620020429 -0.34972363114356997 -0.7425427945292726 0.9897959183673469 0.9959183673469387 5.866995833708463e-05 2 1280 -0.7464144643472166 64 64
augmented_r1 3 1440 23.534218590398364 -0.2652940653264523 -0.8048210012669466 0.9877551020408163 0.9959183673469387 3.520239055818114e-05 0 1440 -0.8048210012669466 64 64
augmented_r1 3 1520 24.84167517875383 -0.2715861514210701 -0.7992389622999697 0.9887755102040816 0.9959183673469387 1.7369824265066364e-05 1 1440 -0.8048210012669466 64 64
augmented_r1 3 1600 26.149131767109296 -0.34301070459187033 -0.832882488503748 0.9897959183673469 0.9959183673469387 5.640079084868633e-06 0 1600 -0.832882488503748 64 64
augmented_r1 3 1680 27.45658835546476 -0.3336550287902355 -0.7780602902782207 0.9908163265306122 0.9959183673469387 3.208732072368104e-07 1 1600 -0.832882488503748 64 64
augmented_r1 3 1705 27.865168539325843 -0.23776806235313416 -0.7757064551723246 0.9908163265306122 0.9959183673469387 0.0 2 1600 -0.832882488503748 64 64
augmented_r1 4 1 0.01634320735444331 2.5537707805633545 2.510703536442348 0.2357142857142857 0.37857142857142856 3.225806451612903e-06 0 1 2.510703536442348 64 64
augmented_r1 4 80 1.3074565883554647 1.9066013339199597 0.6663312997136798 0.8642857142857143 0.9816326530612245 0.00025806451612903227 0 80 0.6663312997136798 64 64
augmented_r1 4 160 2.6149131767109295 0.5515465784352273 0.12610318238029675 0.9540816326530612 0.9959183673469387 0.0004999871624350509 0 160 0.12610318238029675 64 64
augmented_r1 4 240 3.9223697650663945 0.3881952729541808 -0.012249371196542467 0.9612244897959183 0.996938775510204 0.0004962990794052847 0 240 -0.012249371196542467 64 64
augmented_r1 4 320 5.229826353421859 0.280159115139395 -0.13945849087773537 0.9744897959183674 0.9959183673469387 0.00048614958518009677 0 320 -0.13945849087773537 64 64
augmented_r1 4 400 6.537282941777324 0.26676192274317145 -0.17391040349493223 0.9795918367346939 0.9979591836734694 0.0004698049416382277 0 400 -0.17391040349493223 64 64
augmented_r1 4 480 7.844739530132789 0.19941963702440263 -0.2839117544037955 0.9785714285714285 0.9948979591836735 0.0004476939342344246 0 480 -0.2839117544037955 64 64
augmented_r1 4 560 9.152196118488254 0.11469790432602167 -0.36259680341701117 0.9857142857142858 0.9959183673469387 0.00042039662323982603 0 560 -0.36259680341701117 64 64
augmented_r1 4 640 10.459652706843718 -0.022401100397109984 -0.4797571143325494 0.9887755102040816 0.9948979591836735 0.0003886291264381089 0 640 -0.4797571143325494 64 64
augmented_r1 4 720 11.767109295199182 -0.11964679211378097 -0.5425730851231789 0.9918367346938776 0.9959183673469387 0.000353224832488219 0 720 -0.5425730851231789 64 64
augmented_r1 4 800 13.074565883554648 -0.16838288959115744 -0.5874072902056635 0.9846938775510204 0.9938775510204082 0.0003151125378024133 0 800 -0.5874072902056635 64 64
augmented_r1 4 880 14.382022471910112 -0.09861752297729254 -0.6253189391019393 0.9887755102040816 0.9938775510204082 0.00027529208049685805 0 880 -0.6253189391019393 64 64
augmented_r1 4 960 15.689479060265578 -0.28456332385540006 -0.653224798367948 0.9846938775510204 0.9938775510204082 0.000234808110633836 0 960 -0.653224798367948 64 64
augmented_r1 4 1040 16.99693564862104 -0.2254492986947298 -0.6593249520476984 0.9846938775510204 0.9948979591836735 0.0001947226848671508 0 1040 -0.6593249520476984 64 64
augmented_r1 4 1120 18.304392236976508 -0.4042829129844904 -0.7349067765839246 0.9908163265306122 0.9938775510204082 0.00015608740444292746 0 1120 -0.7349067765839246 64 64
augmented_r1 4 1200 19.611848825331972 -0.15574040599167346 -0.7306207982861266 0.9908163265306122 0.9959183673469387 0.00011991582748762803 1 1120 -0.7349067765839246 64 64
augmented_r1 4 1280 20.919305413687436 -0.18278570026159285 -0.7311515409119275 0.9877551020408163 0.9948979591836735 8.715687931944449e-05 2 1120 -0.7349067765839246 64 64
augmented_r1 4 1360 22.2267620020429 -0.1870565667748451 -0.7619150117951996 0.9928571428571429 0.9948979591836735 5.866995833708463e-05 0 1360 -0.7619150117951996 64 64
augmented_r1 4 1440 23.534218590398364 -0.154607143253088 -0.7744383094262104 0.9908163265306122 0.9938775510204082 3.520239055818114e-05 0 1440 -0.7744383094262104 64 64
augmented_r1 4 1520 24.84167517875383 -0.3307508248835802 -0.7683829716273717 0.9918367346938776 0.9959183673469387 1.7369824265066364e-05 1 1440 -0.7744383094262104 64 64
augmented_r1 4 1600 26.149131767109296 -0.2858193214982748 -0.7633583433774053 0.9897959183673469 0.9948979591836735 5.640079084868633e-06 2 1440 -0.7744383094262104 64 64
augmented_r1 4 1680 27.45658835546476 -0.22057310082018375 -0.7808728310526634 0.9918367346938776 0.9959183673469387 3.208732072368104e-07 0 1680 -0.7808728310526634 64 64
augmented_r1 4 1705 27.865168539325843 -0.2855671000480652 -0.7678133278476948 0.9918367346938776 0.9948979591836735 0.0 1 1680 -0.7808728310526634 64 64
augmented_r1 5 1 0.01634320735444331 2.486858367919922 2.5285136534243216 0.21224489795918366 0.336734693877551 3.225806451612903e-06 0 1 2.5285136534243216 64 64
augmented_r1 5 80 1.3074565883554647 1.8419902203958245 0.5973495838593463 0.8816326530612245 0.9836734693877551 0.00025806451612903227 0 80 0.5973495838593463 64 64
augmented_r1 5 160 2.6149131767109295 0.7139498414471745 0.2756054038904151 0.9326530612244898 0.9928571428571429 0.0004999871624350509 0 160 0.2756054038904151 64 64
augmented_r1 5 240 3.9223697650663945 0.5381664658896625 0.024702703527041844 0.9693877551020408 0.9948979591836735 0.0004962990794052847 0 240 0.024702703527041844 64 64
augmented_r1 5 320 5.229826353421859 0.4473076813854277 -0.10404637191368608 0.976530612244898 0.9948979591836735 0.00048614958518009677 0 320 -0.10404637191368608 64 64
augmented_r1 5 400 6.537282941777324 0.2377836332656443 -0.21319611899706783 0.9826530612244898 0.9959183673469387 0.0004698049416382277 0 400 -0.21319611899706783 64 64
augmented_r1 5 480 7.844739530132789 0.18074230905622243 -0.3124789911873487 0.986734693877551 0.9948979591836735 0.0004476939342344246 0 480 -0.3124789911873487 64 64
augmented_r1 5 560 9.152196118488254 0.06561161577701569 -0.41357515332650163 0.9806122448979592 0.9948979591836735 0.00042039662323982603 0 560 -0.41357515332650163 64 64
augmented_r1 5 640 10.459652706843718 -0.1501638012006879 -0.44565578236871833 0.9826530612244898 0.9938775510204082 0.0003886291264381089 0 640 -0.44565578236871833 64 64
augmented_r1 5 720 11.767109295199182 0.003102371096611023 -0.49773933984795393 0.9857142857142858 0.9948979591836735 0.000353224832488219 0 720 -0.49773933984795393 64 64
augmented_r1 5 800 13.074565883554648 -0.08760104645043612 -0.5696520542611881 0.986734693877551 0.9948979591836735 0.0003151125378024133 0 800 -0.5696520542611881 64 64
augmented_r1 5 880 14.382022471910112 0.02379976138472557 -0.5319780422716724 0.9857142857142858 0.9948979591836735 0.00027529208049685805 1 800 -0.5696520542611881 64 64
augmented_r1 5 960 15.689479060265578 -0.1529950100928545 -0.6736408442867046 0.986734693877551 0.9948979591836735 0.000234808110633836 0 960 -0.6736408442867046 64 64
augmented_r1 5 1040 16.99693564862104 -0.24381087981164457 -0.6732203318148243 0.9836734693877551 0.9948979591836735 0.0001947226848671508 1 960 -0.6736408442867046 64 64
augmented_r1 5 1120 18.304392236976508 -0.10624434500932693 -0.7253370834856617 0.9887755102040816 0.9948979591836735 0.00015608740444292746 0 1120 -0.7253370834856617 64 64
augmented_r1 5 1200 19.611848825331972 -0.058384676650166514 -0.687621350677646 0.9877551020408163 0.9948979591836735 0.00011991582748762803 1 1120 -0.7253370834856617 64 64
augmented_r1 5 1280 20.919305413687436 -0.27680310793220997 -0.7770886112232598 0.9897959183673469 0.9948979591836735 8.715687931944449e-05 0 1280 -0.7770886112232598 64 64
augmented_r1 5 1360 22.2267620020429 -0.3403379864990711 -0.7962460301360306 0.9908163265306122 0.9948979591836735 5.866995833708463e-05 0 1360 -0.7962460301360306 64 64
augmented_r1 5 1440 23.534218590398364 -0.180670365691185 -0.7721072661633395 0.9877551020408163 0.9948979591836735 3.520239055818114e-05 1 1360 -0.7962460301360306 64 64
augmented_r1 5 1520 24.84167517875383 -0.30460131242871286 -0.7893287824124706 0.9887755102040816 0.9948979591836735 1.7369824265066364e-05 2 1360 -0.7962460301360306 64 64
augmented_r1 5 1600 26.149131767109296 -0.17623218670487403 -0.8048360659151661 0.9897959183673469 0.9948979591836735 5.640079084868633e-06 0 1600 -0.8048360659151661 64 64
augmented_r1 5 1680 27.45658835546476 -0.3168762166053057 -0.7909620311795449 0.9908163265306122 0.9948979591836735 3.208732072368104e-07 1 1600 -0.8048360659151661 64 64
augmented_r1 5 1705 27.865168539325843 -0.2529949629306793 -0.7844610194770657 0.9887755102040816 0.9948979591836735 0.0 2 1600 -0.8048360659151661 64 64
augmented_r1 6 1 0.01634320735444331 2.4370276927948 2.4853694448665697 0.19693877551020408 0.35 3.225806451612903e-06 0 1 2.4853694448665697 64 64
augmented_r1 6 80 1.3074565883554647 1.847021824196924 0.5929120611171333 0.8816326530612245 0.9734693877551021 0.00025806451612903227 0 80 0.5929120611171333 64 64
augmented_r1 6 160 2.6149131767109295 0.7474410508293658 0.1457174532267512 0.95 0.9887755102040816 0.0004999871624350509 0 160 0.1457174532267512 64 64
augmented_r1 6 240 3.9223697650663945 0.45047101289965213 -0.00022505947521754674 0.9683673469387755 0.9948979591836735 0.0004962990794052847 0 240 -0.00022505947521754674 64 64
augmented_r1 6 320 5.229826353421859 0.35656608352437613 -0.09907179426173775 0.976530612244898 0.9959183673469387 0.00048614958518009677 0 320 -0.09907179426173775 64 64
augmented_r1 6 400 6.537282941777324 0.12950203781947495 -0.228501545409767 0.9744897959183674 0.9959183673469387 0.0004698049416382277 0 400 -0.228501545409767 64 64
augmented_r1 6 480 7.844739530132789 0.06461729351431131 -0.32507008630402234 0.9795918367346939 0.996938775510204 0.0004476939342344246 0 480 -0.32507008630402234 64 64
augmented_r1 6 560 9.152196118488254 -0.006656126119196415 -0.4028518761907305 0.9857142857142858 0.9938775510204082 0.00042039662323982603 0 560 -0.4028518761907305 64 64
augmented_r1 6 640 10.459652706843718 0.08798315655440092 -0.479171135960793 0.9918367346938776 0.9948979591836735 0.0003886291264381089 0 640 -0.479171135960793 64 64
augmented_r1 6 720 11.767109295199182 0.019235248677432537 -0.5350285447373682 0.9836734693877551 0.9938775510204082 0.000353224832488219 0 720 -0.5350285447373682 64 64
augmented_r1 6 800 13.074565883554648 -0.0493149047717452 -0.5891166429130399 0.9857142857142858 0.9938775510204082 0.0003151125378024133 0 800 -0.5891166429130399 64 64
augmented_r1 6 880 14.382022471910112 -0.22129788789898158 -0.5891174608347367 0.9836734693877551 0.9938775510204082 0.00027529208049685805 1 880 -0.5891174608347367 64 64
augmented_r1 6 960 15.689479060265578 -0.19489590749144553 -0.6063605814563985 0.9908163265306122 0.9959183673469387 0.000234808110633836 0 960 -0.6063605814563985 64 64
augmented_r1 6 1040 16.99693564862104 -0.21051734052598475 -0.6825548454206817 0.9836734693877551 0.9948979591836735 0.0001947226848671508 0 1040 -0.6825548454206817 64 64
augmented_r1 6 1120 18.304392236976508 -0.20868718549609183 -0.6925859748100748 0.9857142857142858 0.9959183673469387 0.00015608740444292746 0 1120 -0.6925859748100748 64 64
augmented_r1 6 1200 19.611848825331972 -0.2295758381485939 -0.735677335456926 0.9897959183673469 0.9948979591836735 0.00011991582748762803 0 1200 -0.735677335456926 64 64
augmented_r1 6 1280 20.919305413687436 -0.3030172362923622 -0.7606682042686307 0.9846938775510204 0.9948979591836735 8.715687931944449e-05 0 1280 -0.7606682042686307 64 64
augmented_r1 6 1360 22.2267620020429 -0.3467243116348982 -0.7642918236401617 0.9857142857142858 0.9948979591836735 5.866995833708463e-05 1 1360 -0.7642918236401617 64 64
augmented_r1 6 1440 23.534218590398364 -0.21835052110254766 -0.769018537171033 0.9918367346938776 0.9948979591836735 3.520239055818114e-05 0 1440 -0.769018537171033 64 64
augmented_r1 6 1520 24.84167517875383 -0.2551340848207474 -0.7623573677880423 0.9887755102040816 0.9948979591836735 1.7369824265066364e-05 1 1440 -0.769018537171033 64 64
augmented_r1 6 1600 26.149131767109296 -0.2616662457585335 -0.7165585819555789 0.9877551020408163 0.9948979591836735 5.640079084868633e-06 2 1440 -0.769018537171033 64 64
augmented_r1 6 1680 27.45658835546476 -0.18255799189209937 -0.7245747751119186 0.9887755102040816 0.9948979591836735 3.208732072368104e-07 3 1440 -0.769018537171033 64 64
augmented_r1 6 1705 27.865168539325843 -0.052831733226776124 -0.7242558330905681 0.9877551020408163 0.9938775510204082 0.0 4 1440 -0.769018537171033 64 64
augmented_r1 7 1 0.01634320735444331 2.494262218475342 2.503693132011258 0.23469387755102042 0.3224489795918367 3.225806451612903e-06 0 1 2.503693132011258 64 64
augmented_r1 7 80 1.3074565883554647 1.866948806786839 0.5873320416528351 0.8846938775510204 0.9877551020408163 0.00025806451612903227 0 80 0.5873320416528351 64 64
augmented_r1 7 160 2.6149131767109295 0.6362402135040611 0.14991829255405736 0.9489795918367347 0.9928571428571429 0.0004999871624350509 0 160 0.14991829255405736 64 64
augmented_r1 7 240 3.9223697650663945 0.5425594073720277 0.04653909695999963 0.9469387755102041 0.9959183673469387 0.0004962990794052847 0 240 0.04653909695999963 64 64
augmented_r1 7 320 5.229826353421859 0.44689626442268493 -0.07294417862989465 0.9683673469387755 0.9959183673469387 0.00048614958518009677 0 320 -0.07294417862989465 64 64
augmented_r1 7 400 6.537282941777324 0.33137782029807566 -0.18256666191986629 0.9693877551020408 0.9959183673469387 0.0004698049416382277 0 400 -0.18256666191986629 64 64
augmented_r1 7 480 7.844739530132789 0.21231286674737931 -0.24167316628962146 0.9704081632653061 0.9959183673469387 0.0004476939342344246 0 480 -0.24167316628962146 64 64
augmented_r1 7 560 9.152196118488254 0.09556176140904427 -0.3647943623211919 0.9755102040816327 0.996938775510204 0.00042039662323982603 0 560 -0.3647943623211919 64 64
augmented_r1 7 640 10.459652706843718 -0.036913199350237846 -0.43783223227578766 0.976530612244898 0.9959183673469387 0.0003886291264381089 0 640 -0.43783223227578766 64 64
augmented_r1 7 720 11.767109295199182 -0.08694501351565123 -0.47906842754811657 0.9775510204081632 0.9959183673469387 0.000353224832488219 0 720 -0.47906842754811657 64 64
augmented_r1 7 800 13.074565883554648 -0.1131079450249672 -0.5290529703607365 0.9806122448979592 0.996938775510204 0.0003151125378024133 0 800 -0.5290529703607365 64 64
augmented_r1 7 880 14.382022471910112 -0.060980343632400034 -0.5867817586782027 0.9836734693877551 0.9959183673469387 0.00027529208049685805 0 880 -0.5867817586782027 64 64
augmented_r1 7 960 15.689479060265578 -0.18621382899582387 -0.6255162679419226 0.9795918367346939 0.996938775510204 0.000234808110633836 0 960 -0.6255162679419226 64 64
augmented_r1 7 1040 16.99693564862104 -0.14363190717995167 -0.6405125564458419 0.9816326530612245 0.996938775510204 0.0001947226848671508 0 1040 -0.6405125564458419 64 64
augmented_r1 7 1120 18.304392236976508 -0.15226279497146605 -0.6789165102705663 0.9826530612244898 0.996938775510204 0.00015608740444292746 0 1120 -0.6789165102705663 64 64
augmented_r1 7 1200 19.611848825331972 -0.2534435648471117 -0.7329472361778726 0.9857142857142858 0.996938775510204 0.00011991582748762803 0 1200 -0.7329472361778726 64 64
augmented_r1 7 1280 20.919305413687436 -0.32037620432674885 -0.7571929449937782 0.9846938775510204 0.996938775510204 8.715687931944449e-05 0 1280 -0.7571929449937782 64 64
augmented_r1 7 1360 22.2267620020429 -0.19250866770744324 -0.7111124396324158 0.9857142857142858 0.996938775510204 5.866995833708463e-05 1 1280 -0.7571929449937782 64 64
augmented_r1 7 1440 23.534218590398364 -0.3081739705055952 -0.7602587763144045 0.9826530612244898 0.996938775510204 3.520239055818114e-05 2 1440 -0.7602587763144045 64 64
augmented_r1 7 1520 24.84167517875383 -0.2234056107699871 -0.7267595181659776 0.9846938775510204 0.996938775510204 1.7369824265066364e-05 3 1440 -0.7602587763144045 64 64
augmented_r1 7 1600 26.149131767109296 -0.40246582590043545 -0.7585379683241552 0.9846938775510204 0.9959183673469387 5.640079084868633e-06 4 1440 -0.7602587763144045 64 64
augmented_r1 7 1680 27.45658835546476 -0.2980928797274828 -0.770649224884656 0.9846938775510204 0.9959183673469387 3.208732072368104e-07 0 1680 -0.770649224884656 64 64
augmented_r1 7 1705 27.865168539325843 -0.34444245576858523 -0.7627931723789293 0.9836734693877551 0.9959183673469387 0.0 1 1680 -0.770649224884656 64 64
augmented_r1 8 1 0.01634320735444331 2.5454249382019043 2.5142202202154667 0.2755102040816326 0.33163265306122447 3.225806451612903e-06 0 1 2.5142202202154667 64 64
augmented_r1 8 80 1.3074565883554647 1.9318118895156473 0.672219705581665 0.8418367346938775 0.9785714285714285 0.00025806451612903227 0 80 0.672219705581665 64 64
augmented_r1 8 160 2.6149131767109295 0.761393838468939 0.2595783830905447 0.9459183673469388 0.9938775510204082 0.0004999871624350509 0 160 0.2595783830905447 64 64
augmented_r1 8 240 3.9223697650663945 0.510305572161451 0.05628975003349538 0.9469387755102041 0.9938775510204082 0.0004962990794052847 0 240 0.05628975003349538 64 64
augmented_r1 8 320 5.229826353421859 0.3482788987457752 -0.07984626572959277 0.976530612244898 0.9959183673469387 0.00048614958518009677 0 320 -0.07984626572959277 64 64
augmented_r1 8 400 6.537282941777324 0.16847267830744386 -0.2301054060459137 0.9806122448979592 0.9948979591836735 0.0004698049416382277 0 400 -0.2301054060459137 64 64
augmented_r1 8 480 7.844739530132789 0.19028013274073602 -0.294584828980115 0.9744897959183674 0.9938775510204082 0.0004476939342344246 0 480 -0.294584828980115 64 64
augmented_r1 8 560 9.152196118488254 0.11373891402035952 -0.37888757014761165 0.9816326530612245 0.9948979591836735 0.00042039662323982603 0 560 -0.37888757014761165 64 64
augmented_r1 8 640 10.459652706843718 0.09526661392301321 -0.3549485846441619 0.9673469387755103 0.9948979591836735 0.0003886291264381089 1 560 -0.37888757014761165 64 64
augmented_r1 8 720 11.767109295199182 0.07563616391271352 -0.44671114877778656 0.9785714285714285 0.9928571428571429 0.000353224832488219 0 720 -0.44671114877778656 64 64
augmented_r1 8 800 13.074565883554648 -0.04627891611307859 -0.5621543514485262 0.9816326530612245 0.9928571428571429 0.0003151125378024133 0 800 -0.5621543514485262 64 64
augmented_r1 8 880 14.382022471910112 -0.30942267253994943 -0.6114569428015728 0.9836734693877551 0.9938775510204082 0.00027529208049685805 0 880 -0.6114569428015728 64 64
augmented_r1 8 960 15.689479060265578 -0.19259679540991784 -0.6609225932432681 0.9857142857142858 0.9938775510204082 0.000234808110633836 0 960 -0.6609225932432681 64 64
augmented_r1 8 1040 16.99693564862104 -0.27297525070607664 -0.7056794533924181 0.9826530612244898 0.9938775510204082 0.0001947226848671508 0 1040 -0.7056794533924181 64 64
augmented_r1 8 1120 18.304392236976508 -0.2826866988092661 -0.7404574034165363 0.9857142857142858 0.9938775510204082 0.00015608740444292746 0 1120 -0.7404574034165363 64 64
augmented_r1 8 1200 19.611848825331972 -0.38675488643348216 -0.6893705423997373 0.9816326530612245 0.9928571428571429 0.00011991582748762803 1 1120 -0.7404574034165363 64 64
augmented_r1 8 1280 20.919305413687436 -0.4045644287019968 -0.7500071929425609 0.9836734693877551 0.9938775510204082 8.715687931944449e-05 0 1280 -0.7500071929425609 64 64
augmented_r1 8 1360 22.2267620020429 -0.17218011617660522 -0.6845767213373768 0.9816326530612245 0.9938775510204082 5.866995833708463e-05 1 1280 -0.7500071929425609 64 64
augmented_r1 8 1440 23.534218590398364 -0.18430604822933674 -0.7571561662518248 0.9857142857142858 0.9938775510204082 3.520239055818114e-05 0 1440 -0.7571561662518248 64 64
augmented_r1 8 1520 24.84167517875383 -0.20591556057333946 -0.7531822447874108 0.9846938775510204 0.9938775510204082 1.7369824265066364e-05 1 1440 -0.7571561662518248 64 64
augmented_r1 8 1600 26.149131767109296 -0.2859805651009083 -0.7298295711984439 0.9846938775510204 0.9938775510204082 5.640079084868633e-06 2 1440 -0.7571561662518248 64 64
augmented_r1 8 1680 27.45658835546476 -0.312792482227087 -0.7880523876268036 0.9877551020408163 0.9938775510204082 3.208732072368104e-07 0 1680 -0.7880523876268036 64 64
augmented_r1 8 1705 27.865168539325843 -0.4581270396709442 -0.7926754401654613 0.986734693877551 0.9938775510204082 0.0 1 1705 -0.7926754401654613 64 64
augmented_r1 9 1 0.01634320735444331 2.529705047607422 2.5033320008491984 0.3 0.3489795918367347 3.225806451612903e-06 0 1 2.5033320008491984 64 64
augmented_r1 9 80 1.3074565883554647 1.89699640681472 0.6216982985029416 0.8887755102040816 0.9806122448979592 0.00025806451612903227 0 80 0.6216982985029416 64 64
augmented_r1 9 160 2.6149131767109295 0.661453052610159 0.14361291661554454 0.9418367346938775 0.9928571428571429 0.0004999871624350509 0 160 0.14361291661554454 64 64
augmented_r1 9 240 3.9223697650663945 0.513250674540177 0.0044461359783094755 0.9663265306122449 0.996938775510204 0.0004962990794052847 0 240 0.0044461359783094755 64 64
augmented_r1 9 320 5.229826353421859 0.26785278678871693 -0.12911193909085528 0.9642857142857143 0.9959183673469387 0.00048614958518009677 0 320 -0.12911193909085528 64 64
augmented_r1 9 400 6.537282941777324 0.17083805305883287 -0.19582858718171411 0.9775510204081632 0.9938775510204082 0.0004698049416382277 0 400 -0.19582858718171411 64 64
augmented_r1 9 480 7.844739530132789 0.25908659808337686 -0.25258143209681216 0.9714285714285714 0.9948979591836735 0.0004476939342344246 0 480 -0.25258143209681216 64 64
augmented_r1 9 560 9.152196118488254 0.14239666871726514 -0.35775434338316625 0.9806122448979592 0.9959183673469387 0.00042039662323982603 0 560 -0.35775434338316625 64 64
augmented_r1 9 640 10.459652706843718 -0.02097403146326542 -0.4174192371417065 0.9795918367346939 0.9959183673469387 0.0003886291264381089 0 640 -0.4174192371417065 64 64
augmented_r1 9 720 11.767109295199182 -0.08916889782994986 -0.5014215120247432 0.9806122448979592 0.9959183673469387 0.000353224832488219 0 720 -0.5014215120247432 64 64
augmented_r1 9 800 13.074565883554648 -0.009341396018862724 -0.4882363405762887 0.9724489795918367 0.9948979591836735 0.0003151125378024133 1 720 -0.5014215120247432 64 64
augmented_r1 9 880 14.382022471910112 -0.14511184245347977 -0.6016319688485593 0.9755102040816327 0.9959183673469387 0.00027529208049685805 0 880 -0.6016319688485593 64 64
augmented_r1 9 960 15.689479060265578 -0.14024418368935584 -0.6154574175270237 0.9785714285714285 0.9959183673469387 0.000234808110633836 0 960 -0.6154574175270237 64 64
augmented_r1 9 1040 16.99693564862104 -0.08473567888140679 -0.6632395496173781 0.9846938775510204 0.9959183673469387 0.0001947226848671508 0 1040 -0.6632395496173781 64 64
augmented_r1 9 1120 18.304392236976508 -0.11446925327181816 -0.710124252766979 0.9816326530612245 0.9938775510204082 0.00015608740444292746 0 1120 -0.710124252766979 64 64
augmented_r1 9 1200 19.611848825331972 -0.27782800085842607 -0.7235570511039422 0.986734693877551 0.9959183673469387 0.00011991582748762803 0 1200 -0.7235570511039422 64 64
augmented_r1 9 1280 20.919305413687436 -0.27377013862133026 -0.742196065065812 0.9857142857142858 0.9959183673469387 8.715687931944449e-05 0 1280 -0.742196065065812 64 64
augmented_r1 9 1360 22.2267620020429 -0.32228139638900755 -0.7442793782876462 0.9816326530612245 0.9959183673469387 5.866995833708463e-05 1 1360 -0.7442793782876462 64 64
augmented_r1 9 1440 23.534218590398364 -0.3174477282911539 -0.7354357342330777 0.9846938775510204 0.9959183673469387 3.520239055818114e-05 2 1360 -0.7442793782876462 64 64
augmented_r1 9 1520 24.84167517875383 -0.32712199687957766 -0.7535104746721228 0.9836734693877551 0.9959183673469387 1.7369824265066364e-05 0 1520 -0.7535104746721228 64 64
augmented_r1 9 1600 26.149131767109296 -0.25745311602950094 -0.7639563392619697 0.9846938775510204 0.9959183673469387 5.640079084868633e-06 0 1600 -0.7639563392619697 64 64
augmented_r1 9 1680 27.45658835546476 -0.15832728780806066 -0.7444517704905296 0.9857142857142858 0.9959183673469387 3.208732072368104e-07 1 1600 -0.7639563392619697 64 64
augmented_r1 9 1705 27.865168539325843 -0.2732205545902252 -0.7450311439377921 0.9846938775510204 0.9959183673469387 0.0 2 1600 -0.7639563392619697 64 64
augmented_r2 0 1 0.010980592441266599 2.5080037117004395 2.4888445387081224 0.19183673469387755 0.35714285714285715 3.225806451612903e-06 0 1 2.4888445387081224 43 85
augmented_r2 0 80 0.8784473953013279 1.8383353631707686 0.6526752703043879 0.8397959183673469 0.9775510204081632 0.00025806451612903227 0 80 0.6526752703043879 43 85
augmented_r2 0 160 1.7568947906026557 0.5972342028748244 0.25001162874455357 0.9163265306122449 0.9908163265306122 0.0004999871624350509 0 160 0.25001162874455357 43 85
augmented_r2 0 240 2.635342185903984 0.3649936457630247 0.04841614213525033 0.9551020408163265 0.9908163265306122 0.0004962990794052847 0 240 0.04841614213525033 43 85
augmented_r2 0 320 3.5137895812053115 0.42409981675446035 -0.0067338333446152355 0.9551020408163265 0.9938775510204082 0.00048614958518009677 0 320 -0.0067338333446152355 43 85
augmented_r2 0 400 4.39223697650664 0.2574718285351992 -0.15474930825282115 0.9744897959183674 0.9938775510204082 0.0004698049416382277 0 400 -0.15474930825282115 43 85
augmented_r2 0 480 5.270684371807968 0.07044472610577941 -0.30404016266063766 0.9806122448979592 0.9948979591836735 0.0004476939342344246 0 480 -0.30404016266063766 43 85
augmented_r2 0 560 6.149131767109295 0.035648447647690776 -0.3648226286683764 0.986734693877551 0.9928571428571429 0.00042039662323982603 0 560 -0.3648226286683764 43 85
augmented_r2 0 640 7.027579162410623 0.10721549205482006 -0.4256810441309092 0.9816326530612245 0.9938775510204082 0.0003886291264381089 0 640 -0.4256810441309092 43 85
augmented_r2 0 720 7.906026557711951 -0.12714174073189496 -0.5027245166350384 0.9795918367346939 0.9938775510204082 0.000353224832488219 0 720 -0.5027245166350384 43 85
augmented_r2 0 800 8.78447395301328 -0.009971200488507748 -0.5075637666546569 0.9806122448979592 0.9938775510204082 0.0003151125378024133 1 800 -0.5075637666546569 43 85
augmented_r2 0 880 9.662921348314606 -0.13763164542615414 -0.5684750136064023 0.986734693877551 0.9938775510204082 0.00027529208049685805 0 880 -0.5684750136064023 43 85
augmented_r2 0 960 10.541368743615935 -0.20324750393629074 -0.6658842972346715 0.9908163265306122 0.9938775510204082 0.000234808110633836 0 960 -0.6658842972346715 43 85
augmented_r2 0 1040 11.419816138917263 -0.24498046785593033 -0.6973096869429763 0.9918367346938776 0.9938775510204082 0.0001947226848671508 0 1040 -0.6973096869429763 43 85
augmented_r2 0 1120 12.29826353421859 -0.27131561413407324 -0.662751608722064 0.9877551020408163 0.9938775510204082 0.00015608740444292746 1 1040 -0.6973096869429763 43 85
augmented_r2 0 1200 13.176710929519919 -0.2748087584972382 -0.674256199233386 0.9928571428571429 0.9938775510204082 0.00011991582748762803 2 1040 -0.6973096869429763 43 85
augmented_r2 0 1280 14.055158324821246 -0.21883017085492612 -0.7449976210691491 0.9938775510204082 0.9938775510204082 8.715687931944449e-05 0 1280 -0.7449976210691491 43 85
augmented_r2 0 1360 14.933605720122575 -0.3538172282278538 -0.7503138693011537 0.9918367346938776 0.9938775510204082 5.866995833708463e-05 0 1360 -0.7503138693011537 43 85
augmented_r2 0 1440 15.812053115423902 -0.2344233628362417 -0.7003527398012123 0.9908163265306122 0.9938775510204082 3.520239055818114e-05 1 1360 -0.7503138693011537 43 85
augmented_r2 0 1520 16.69050051072523 -0.34143327698111536 -0.7172977160434334 0.9938775510204082 0.9938775510204082 1.7369824265066364e-05 2 1360 -0.7503138693011537 43 85
augmented_r2 0 1600 17.56894790602656 -0.20823466926813125 -0.7299826626874962 0.9918367346938776 0.9938775510204082 5.640079084868633e-06 3 1360 -0.7503138693011537 43 85
augmented_r2 0 1680 18.447395301327887 -0.3891018718481064 -0.7894715153441138 0.9908163265306122 0.9938775510204082 3.208732072368104e-07 0 1680 -0.7894715153441138 43 85
augmented_r2 0 1705 18.721910112359552 -0.41853688478469847 -0.7672855182569854 0.9928571428571429 0.9938775510204082 0.0 1 1680 -0.7894715153441138 43 85
augmented_r2 1 1 0.010980592441266599 2.517220973968506 2.486804198245613 0.24591836734693878 0.3326530612244898 3.225806451612903e-06 0 1 2.486804198245613 43 85
augmented_r2 1 80 0.8784473953013279 1.8916813308679605 0.6168803706461069 0.8377551020408164 0.9836734693877551 0.00025806451612903227 0 80 0.6168803706461069 43 85
augmented_r2 1 160 1.7568947906026557 0.738477189745754 0.19897065825608312 0.9275510204081633 0.996938775510204 0.0004999871624350509 0 160 0.19897065825608312 43 85
augmented_r2 1 240 2.635342185903984 0.5166198975872248 0.08249934048068766 0.9469387755102041 0.996938775510204 0.0004962990794052847 0 240 0.08249934048068766 43 85
augmented_r2 1 320 3.5137895812053115 0.36050771055743097 -0.10032830402559163 0.960204081632653 0.996938775510204 0.00048614958518009677 0 320 -0.10032830402559163 43 85
augmented_r2 1 400 4.39223697650664 0.2793056975118816 -0.09146520589687386 0.9653061224489796 0.9948979591836735 0.0004698049416382277 1 320 -0.10032830402559163 43 85
augmented_r2 1 480 5.270684371807968 0.15132936108857392 -0.2523212800220567 0.9683673469387755 0.9959183673469387 0.0004476939342344246 0 480 -0.2523212800220567 43 85
augmented_r2 1 560 6.149131767109295 0.06615243069827556 -0.3195616067672262 0.9673469387755103 0.9948979591836735 0.00042039662323982603 0 560 -0.3195616067672262 43 85
augmented_r2 1 640 7.027579162410623 0.18077277559787036 -0.3702274536599918 0.9734693877551021 0.9959183673469387 0.0003886291264381089 0 640 -0.3702274536599918 43 85
augmented_r2 1 720 7.906026557711951 -0.11455687340348959 -0.4513138012010224 0.9755102040816327 0.996938775510204 0.000353224832488219 0 720 -0.4513138012010224 43 85
augmented_r2 1 800 8.78447395301328 -0.03311409279704094 -0.5390968935830253 0.9785714285714285 0.996938775510204 0.0003151125378024133 0 800 -0.5390968935830253 43 85
augmented_r2 1 880 9.662921348314606 -0.24322317112237216 -0.5919875646124081 0.9806122448979592 0.9959183673469387 0.00027529208049685805 0 880 -0.5919875646124081 43 85
augmented_r2 1 960 10.541368743615935 -0.22602410279214383 -0.6086715279793252 0.976530612244898 0.9959183673469387 0.000234808110633836 0 960 -0.6086715279793252 43 85
augmented_r2 1 1040 11.419816138917263 -0.18533546291291714 -0.6498360003743853 0.9734693877551021 0.9959183673469387 0.0001947226848671508 0 1040 -0.6498360003743853 43 85
augmented_r2 1 1120 12.29826353421859 -0.30773640647530554 -0.6819941922109954 0.9775510204081632 0.9948979591836735 0.00015608740444292746 0 1120 -0.6819941922109954 43 85
augmented_r2 1 1200 13.176710929519919 -0.169138428196311 -0.6894082920891899 0.9775510204081632 0.9948979591836735 0.00011991582748762803 0 1200 -0.6894082920891899 43 85
augmented_r2 1 1280 14.055158324821246 -0.31617315001785756 -0.7430659410904865 0.9806122448979592 0.9948979591836735 8.715687931944449e-05 0 1280 -0.7430659410904865 43 85
augmented_r2 1 1360 14.933605720122575 -0.2581878907978535 -0.7195058355526048 0.9795918367346939 0.9948979591836735 5.866995833708463e-05 1 1280 -0.7430659410904865 43 85
augmented_r2 1 1440 15.812053115423902 -0.32967991642653943 -0.7431417637941788 0.9806122448979592 0.9948979591836735 3.520239055818114e-05 2 1440 -0.7431417637941788 43 85
augmented_r2 1 1520 16.69050051072523 -0.17323973216116428 -0.7345872543296036 0.9785714285714285 0.9948979591836735 1.7369824265066364e-05 3 1440 -0.7431417637941788 43 85
augmented_r2 1 1600 17.56894790602656 -0.42188731804490087 -0.7519608556007852 0.9795918367346939 0.9948979591836735 5.640079084868633e-06 0 1600 -0.7519608556007852 43 85
augmented_r2 1 1680 18.447395301327887 -0.2823281783610582 -0.7398499865921176 0.9795918367346939 0.9948979591836735 3.208732072368104e-07 1 1600 -0.7519608556007852 43 85
augmented_r2 1 1705 18.721910112359552 -0.40657697200775145 -0.7583926731226396 0.9806122448979592 0.9948979591836735 0.0 0 1705 -0.7583926731226396 43 85
augmented_r2 2 1 0.010980592441266599 2.5240328311920166 2.4961505091920193 0.20408163265306123 0.3408163265306122 3.225806451612903e-06 0 1 2.4961505091920193 43 85
augmented_r2 2 80 0.8784473953013279 1.8665609405010561 0.6285470714374465 0.8673469387755102 0.9744897959183674 0.00025806451612903227 0 80 0.6285470714374465 43 85
augmented_r2 2 160 1.7568947906026557 0.6780180499423295 0.18158297392786765 0.9357142857142857 0.9948979591836735 0.0004999871624350509 0 160 0.18158297392786765 43 85
augmented_r2 2 240 2.635342185903984 0.43558883713558316 0.018519439624280345 0.9612244897959183 0.9959183673469387 0.0004962990794052847 0 240 0.018519439624280345 43 85
augmented_r2 2 320 3.5137895812053115 0.39744222750887276 -0.003503657421287225 0.9663265306122449 0.9948979591836735 0.00048614958518009677 0 320 -0.003503657421287225 43 85
augmented_r2 2 400 4.39223697650664 0.29548705024644734 -0.19674819537571497 0.9724489795918367 0.996938775510204 0.0004698049416382277 0 400 -0.19674819537571497 43 85
augmented_r2 2 480 5.270684371807968 0.0784208994358778 -0.2837147692028357 0.9806122448979592 0.9959183673469387 0.0004476939342344246 0 480 -0.2837147692028357 43 85
augmented_r2 2 560 6.149131767109295 0.017063467018306255 -0.36582920308015787 0.9826530612244898 0.9959183673469387 0.00042039662323982603 0 560 -0.36582920308015787 43 85
augmented_r2 2 640 7.027579162410623 0.14197631292045115 -0.4102848212329709 0.9755102040816327 0.9959183673469387 0.0003886291264381089 0 640 -0.4102848212329709 43 85
augmented_r2 2 720 7.906026557711951 -0.12485926747322082 -0.5127649827879303 0.9836734693877551 0.9948979591836735 0.000353224832488219 0 720 -0.5127649827879303 43 85
augmented_r2 2 800 8.78447395301328 -0.021576157584786416 -0.5851901845056183 0.9826530612244898 0.9948979591836735 0.0003151125378024133 0 800 -0.5851901845056183 43 85
augmented_r2 2 880 9.662921348314606 -0.18305203150957822 -0.6249098018724091 0.9857142857142858 0.9959183673469387 0.00027529208049685805 0 880 -0.6249098018724091 43 85
augmented_r2 2 960 10.541368743615935 -0.06107178293168545 -0.6068563256944929 0.9836734693877551 0.9959183673469387 0.000234808110633836 1 880 -0.6249098018724091 43 85
augmented_r2 2 1040 11.419816138917263 -0.27312954142689705 -0.7148140542361201 0.9877551020408163 0.9948979591836735 0.0001947226848671508 0 1040 -0.7148140542361201 43 85
augmented_r2 2 1120 12.29826353421859 -0.1138497170060873 -0.6609140965403343 0.986734693877551 0.9948979591836735 0.00015608740444292746 1 1040 -0.7148140542361201 43 85
augmented_r2 2 1200 13.176710929519919 -0.22685750424861909 -0.721345828990547 0.9877551020408163 0.9948979591836735 0.00011991582748762803 0 1200 -0.721345828990547 43 85
augmented_r2 2 1280 14.055158324821246 -0.16133413091301918 -0.758190914319486 0.9877551020408163 0.9948979591836735 8.715687931944449e-05 0 1280 -0.758190914319486 43 85
augmented_r2 2 1360 14.933605720122575 -0.21948898620903493 -0.741029289547278 0.9877551020408163 0.9948979591836735 5.866995833708463e-05 1 1280 -0.758190914319486 43 85
augmented_r2 2 1440 15.812053115423902 -0.20445921458303928 -0.7532922374958895 0.9857142857142858 0.9948979591836735 3.520239055818114e-05 2 1280 -0.758190914319486 43 85
augmented_r2 2 1520 16.69050051072523 -0.3423025760799646 -0.7853177980500825 0.9887755102040816 0.9948979591836735 1.7369824265066364e-05 0 1520 -0.7853177980500825 43 85
augmented_r2 2 1600 17.56894790602656 -0.3324516534805298 -0.7965142838808955 0.9887755102040816 0.9948979591836735 5.640079084868633e-06 0 1600 -0.7965142838808955 43 85
augmented_r2 2 1680 18.447395301327887 -0.39667545184493064 -0.7950370905350665 0.9887755102040816 0.9948979591836735 3.208732072368104e-07 1 1600 -0.7965142838808955 43 85
augmented_r2 2 1705 18.721910112359552 -0.35077078580856325 -0.7896182274331852 0.9887755102040816 0.9948979591836735 0.0 2 1600 -0.7965142838808955 43 85
augmented_r2 3 1 0.010980592441266599 2.5162322521209717 2.5204336000948535 0.2173469387755102 0.36122448979591837 3.225806451612903e-06 0 1 2.5204336000948535 43 85
augmented_r2 3 80 0.8784473953013279 1.9523533537418027 0.7060975393470452 0.8724489795918368 0.976530612244898 0.00025806451612903227 0 80 0.7060975393470452 43 85
augmented_r2 3 160 1.7568947906026557 0.6712710355874151 0.1632178489650999 0.9530612244897959 0.9938775510204082 0.0004999871624350509 0 160 0.1632178489650999 43 85
augmented_r2 3 240 2.635342185903984 0.563905737688765 0.07006925612079853 0.9714285714285714 0.996938775510204 0.0004962990794052847 0 240 0.07006925612079853 43 85
augmented_r2 3 320 3.5137895812053115 0.3641394186764956 -0.13607478421561572 0.9744897959183674 0.9959183673469387 0.00048614958518009677 0 320 -0.13607478421561572 43 85
augmented_r2 3 400 4.39223697650664 0.37039115456864236 -0.18831189457251102 0.986734693877551 0.9938775510204082 0.0004698049416382277 0 400 -0.18831189457251102 43 85
augmented_r2 3 480 5.270684371807968 0.11050749011337757 -0.2889134369334396 0.9857142857142858 0.9938775510204082 0.0004476939342344246 0 480 -0.2889134369334396 43 85
augmented_r2 3 560 6.149131767109295 0.2020624630153179 -0.32895708497689696 0.9795918367346939 0.9959183673469387 0.00042039662323982603 0 560 -0.32895708497689696 43 85
augmented_r2 3 640 7.027579162410623 0.013355462998151778 -0.4353878224382595 0.9806122448979592 0.9959183673469387 0.0003886291264381089 0 640 -0.4353878224382595 43 85
augmented_r2 3 720 7.906026557711951 0.007835278287529945 -0.518539495370826 0.9826530612244898 0.9959183673469387 0.000353224832488219 0 720 -0.518539495370826 43 85
augmented_r2 3 800 8.78447395301328 -0.19667163491249084 -0.5998463416586117 0.9897959183673469 0.996938775510204 0.0003151125378024133 0 800 -0.5998463416586117 43 85
augmented_r2 3 880 9.662921348314606 -0.07613610681146384 -0.6246471648313561 0.9857142857142858 0.9959183673469387 0.00027529208049685805 0 880 -0.6246471648313561 43 85
augmented_r2 3 960 10.541368743615935 -0.10087392572313547 -0.6709058094997795 0.9928571428571429 0.9959183673469387 0.000234808110633836 0 960 -0.6709058094997795 43 85
augmented_r2 3 1040 11.419816138917263 -0.1752817716449499 -0.7249828299697565 0.9908163265306122 0.9948979591836735 0.0001947226848671508 0 1040 -0.7249828299697565 43 85
augmented_r2 3 1120 12.29826353421859 -0.13702862486243247 -0.7099152920197468 0.9918367346938776 0.9948979591836735 0.00015608740444292746 1 1040 -0.7249828299697565 43 85
augmented_r2 3 1200 13.176710929519919 -0.2365540884435177 -0.7397174119949341 0.9897959183673469 0.9948979591836735 0.00011991582748762803 0 1200 -0.7397174119949341 43 85
augmented_r2 3 1280 14.055158324821246 -0.2177244383841753 -0.7417950202007683 0.9897959183673469 0.9948979591836735 8.715687931944449e-05 1 1280 -0.7417950202007683 43 85
augmented_r2 3 1360 14.933605720122575 -0.34133309312164783 -0.7381301777703422 0.9908163265306122 0.9948979591836735 5.866995833708463e-05 2 1280 -0.7417950202007683 43 85
augmented_r2 3 1440 15.812053115423902 -0.26377195455133917 -0.8064154240549827 0.9897959183673469 0.9948979591836735 3.520239055818114e-05 0 1440 -0.8064154240549827 43 85
augmented_r2 3 1520 16.69050051072523 -0.26848898977041247 -0.7969636858726035 0.9897959183673469 0.9948979591836735 1.7369824265066364e-05 1 1440 -0.8064154240549827 43 85
augmented_r2 3 1600 17.56894790602656 -0.338168740645051 -0.8347089626351182 0.9918367346938776 0.9948979591836735 5.640079084868633e-06 0 1600 -0.8347089626351182 43 85
augmented_r2 3 1680 18.447395301327887 -0.33630176037549975 -0.7734028752969235 0.9887755102040816 0.9948979591836735 3.208732072368104e-07 1 1600 -0.8347089626351182 43 85
augmented_r2 3 1705 18.721910112359552 -0.24176475763320923 -0.7773546977918975 0.9887755102040816 0.9948979591836735 0.0 2 1600 -0.8347089626351182 43 85
augmented_r2 4 1 0.010980592441266599 2.597771644592285 2.51070569875289 0.2357142857142857 0.37857142857142856 3.225806451612903e-06 0 1 2.51070569875289 43 85
augmented_r2 4 80 0.8784473953013279 1.915673181225982 0.6794749838965279 0.8693877551020408 0.9816326530612245 0.00025806451612903227 0 80 0.6794749838965279 43 85
augmented_r2 4 160 1.7568947906026557 0.5542717169504613 0.12804952914617498 0.9510204081632653 0.9959183673469387 0.0004999871624350509 0 160 0.12804952914617498 43 85
augmented_r2 4 240 2.635342185903984 0.3903464864939451 -0.01502773974622999 0.9622448979591837 0.996938775510204 0.0004962990794052847 0 240 -0.01502773974622999 43 85
augmented_r2 4 320 3.5137895812053115 0.29486177479848263 -0.1428160803050411 0.9724489795918367 0.9959183673469387 0.00048614958518009677 0 320 -0.1428160803050411 43 85
augmented_r2 4 400 4.39223697650664 0.2677221432328224 -0.16345073921339853 0.9714285714285714 0.9959183673469387 0.0004698049416382277 0 400 -0.16345073921339853 43 85
augmented_r2 4 480 5.270684371807968 0.1956656316295266 -0.2719515513400642 0.976530612244898 0.9938775510204082 0.0004476939342344246 0 480 -0.2719515513400642 43 85
augmented_r2 4 560 6.149131767109295 0.10934036113321781 -0.3198883056640625 0.9704081632653061 0.9959183673469387 0.00042039662323982603 0 560 -0.3198883056640625 43 85
augmented_r2 4 640 7.027579162410623 -0.023442701809108256 -0.45849515953842473 0.9785714285714285 0.9959183673469387 0.0003886291264381089 0 640 -0.45849515953842473 43 85
augmented_r2 4 720 7.906026557711951 -0.11287545077502728 -0.5076196256948977 0.9846938775510204 0.9959183673469387 0.000353224832488219 0 720 -0.5076196256948977 43 85
augmented_r2 4 800 8.78447395301328 -0.16730846073478461 -0.5770557544669327 0.9826530612244898 0.996938775510204 0.0003151125378024133 0 800 -0.5770557544669327 43 85
augmented_r2 4 880 9.662921348314606 -0.09638735335320234 -0.6168152531799005 0.9897959183673469 0.9959183673469387 0.00027529208049685805 0 880 -0.6168152531799005 43 85
augmented_r2 4 960 10.541368743615935 -0.28386351801455023 -0.6351321334741553 0.9846938775510204 0.9959183673469387 0.000234808110633836 0 960 -0.6351321334741553 43 85
augmented_r2 4 1040 11.419816138917263 -0.22942827083170414 -0.6733476794495874 0.9908163265306122 0.9948979591836735 0.0001947226848671508 0 1040 -0.6733476794495874 43 85
augmented_r2 4 1120 12.29826353421859 -0.4029442068189383 -0.7274273648553965 0.9908163265306122 0.9959183673469387 0.00015608740444292746 0 1120 -0.7274273648553965 43 85
augmented_r2 4 1200 13.176710929519919 -0.15383098125457764 -0.7235436295976444 0.9887755102040816 0.996938775510204 0.00011991582748762803 1 1120 -0.7274273648553965 43 85
augmented_r2 4 1280 14.055158324821246 -0.17553912587463855 -0.7333194066067131 0.9908163265306122 0.996938775510204 8.715687931944449e-05 0 1280 -0.7333194066067131 43 85
augmented_r2 4 1360 14.933605720122575 -0.19549864381551743 -0.7578047781574483 0.9908163265306122 0.996938775510204 5.866995833708463e-05 0 1360 -0.7578047781574483 43 85
augmented_r2 4 1440 15.812053115423902 -0.15330199301242828 -0.7726558305779282 0.9897959183673469 0.996938775510204 3.520239055818114e-05 0 1440 -0.7726558305779282 43 85
augmented_r2 4 1520 16.69050051072523 -0.3264203056693077 -0.7647899248162094 0.9887755102040816 0.996938775510204 1.7369824265066364e-05 1 1440 -0.7726558305779282 43 85
augmented_r2 4 1600 17.56894790602656 -0.2818337444216013 -0.769306320803506 0.9918367346938776 0.996938775510204 5.640079084868633e-06 2 1440 -0.7726558305779282 43 85
augmented_r2 4 1680 18.447395301327887 -0.2112902421504259 -0.7840354700477756 0.9908163265306122 0.996938775510204 3.208732072368104e-07 0 1680 -0.7840354700477756 43 85
augmented_r2 4 1705 18.721910112359552 -0.2752487814426422 -0.7719936395178035 0.9918367346938776 0.996938775510204 0.0 1 1680 -0.7840354700477756 43 85
augmented_r2 5 1 0.010980592441266599 2.4919211864471436 2.5287983213152203 0.21224489795918366 0.3357142857142857 3.225806451612903e-06 0 1 2.5287983213152203 43 85
augmented_r2 5 80 0.8784473953013279 1.8464797086353544 0.6005364958120852 0.8826530612244898 0.986734693877551 0.00025806451612903227 0 80 0.6005364958120852 43 85
augmented_r2 5 160 1.7568947906026557 0.7137347904033959 0.38596758027465977 0.8836734693877552 0.9938775510204082 0.0004999871624350509 0 160 0.38596758027465977 43 85
augmented_r2 5 240 2.635342185903984 0.532117654196918 0.051741687558135206 0.9540816326530612 0.9948979591836735 0.0004962990794052847 0 240 0.051741687558135206 43 85
augmented_r2 5 320 3.5137895812053115 0.43583718510344627 -0.08384843791017726 0.9683673469387755 0.9948979591836735 0.00048614958518009677 0 320 -0.08384843791017726 43 85
augmented_r2 5 400 4.39223697650664 0.22461415780708194 -0.19697574006051433 0.9734693877551021 0.9959183673469387 0.0004698049416382277 0 400 -0.19697574006051433 43 85
augmented_r2 5 480 5.270684371807968 0.17105240598320962 -0.31672060343683983 0.9816326530612245 0.9948979591836735 0.0004476939342344246 0 480 -0.31672060343683983 43 85
augmented_r2 5 560 6.149131767109295 0.05891405269503593 -0.41837695496422905 0.9846938775510204 0.9959183673469387 0.00042039662323982603 0 560 -0.41837695496422905 43 85
augmented_r2 5 640 7.027579162410623 -0.16068041510879993 -0.4880333235069197 0.9897959183673469 0.9959183673469387 0.0003886291264381089 0 640 -0.4880333235069197 43 85
augmented_r2 5 720 7.906026557711951 -0.0023486392572522165 -0.47867744163591036 0.9846938775510204 0.9959183673469387 0.000353224832488219 1 640 -0.4880333235069197 43 85
augmented_r2 5 800 8.78447395301328 -0.08827163819223642 -0.5726982418371707 0.986734693877551 0.9959183673469387 0.0003151125378024133 0 800 -0.5726982418371707 43 85
augmented_r2 5 880 9.662921348314606 0.01637920141220093 -0.5036743173793871 0.9724489795918367 0.9959183673469387 0.00027529208049685805 1 800 -0.5726982418371707 43 85
augmented_r2 5 960 10.541368743615935 -0.16346850916743277 -0.6832576761440355 0.9908163265306122 0.9959183673469387 0.000234808110633836 0 960 -0.6832576761440355 43 85
augmented_r2 5 1040 11.419816138917263 -0.24362853839993476 -0.682076473868623 0.9857142857142858 0.9959183673469387 0.0001947226848671508 1 960 -0.6832576761440355 43 85
augmented_r2 5 1120 12.29826353421859 -0.10845805183053017 -0.7315443540106015 0.9908163265306122 0.9959183673469387 0.00015608740444292746 0 1120 -0.7315443540106015 43 85
augmented_r2 5 1200 13.176710929519919 -0.06104997880756855 -0.6675920301554155 0.9908163265306122 0.9959183673469387 0.00011991582748762803 1 1120 -0.7315443540106015 43 85
augmented_r2 5 1280 14.055158324821246 -0.27481032349169254 -0.7845948798315866 0.9928571428571429 0.9959183673469387 8.715687931944449e-05 0 1280 -0.7845948798315866 43 85
augmented_r2 5 1360 14.933605720122575 -0.3387920197099447 -0.7938914306309759 0.9908163265306122 0.9959183673469387 5.866995833708463e-05 0 1360 -0.7938914306309759 43 85
augmented_r2 5 1440 15.812053115423902 -0.1791951756924391 -0.7744103249238462 0.9897959183673469 0.9959183673469387 3.520239055818114e-05 1 1360 -0.7938914306309759 43 85
augmented_r2 5 1520 16.69050051072523 -0.30714122429490087 -0.8005305645417194 0.9908163265306122 0.9959183673469387 1.7369824265066364e-05 0 1520 -0.8005305645417194 43 85
augmented_r2 5 1600 17.56894790602656 -0.17564876042306424 -0.8130903192928859 0.9938775510204082 0.9959183673469387 5.640079084868633e-06 0 1600 -0.8130903192928859 43 85
augmented_r2 5 1680 18.447395301327887 -0.32296306602656843 -0.7988074317270396 0.9918367346938776 0.9959183673469387 3.208732072368104e-07 1 1600 -0.8130903192928859 43 85
augmented_r2 5 1705 18.721910112359552 -0.2702127456665039 -0.7935135057994298 0.9918367346938776 0.9959183673469387 0.0 2 1600 -0.8130903192928859 43 85
augmented_r2 6 1 0.010980592441266599 2.4699602127075195 2.4852662446547527 0.18877551020408162 0.3510204081632653 3.225806451612903e-06 0 1 2.4852662446547527 43 85
augmented_r2 6 80 0.8784473953013279 1.8438595088222358 0.6199529173422833 0.8571428571428571 0.9795918367346939 0.00025806451612903227 0 80 0.6199529173422833 43 85
augmented_r2 6 160 1.7568947906026557 0.7400833274703473 0.14712041062968118 0.9469387755102041 0.9948979591836735 0.0004999871624350509 0 160 0.14712041062968118 43 85
augmented_r2 6 240 2.635342185903984 0.43588888621889055 0.08352239034613784 0.9489795918367347 0.9959183673469387 0.0004962990794052847 0 240 0.08352239034613784 43 85
augmented_r2 6 320 3.5137895812053115 0.3595574707724154 -0.07381250389984675 0.9663265306122449 0.9948979591836735 0.00048614958518009677 0 320 -0.07381250389984675 43 85
augmented_r2 6 400 4.39223697650664 0.13166620982810856 -0.197665460924713 0.9693877551020408 0.9959183673469387 0.0004698049416382277 0 400 -0.197665460924713 43 85
augmented_r2 6 480 5.270684371807968 0.06982383411377668 -0.31894198741231644 0.9806122448979592 0.9948979591836735 0.0004476939342344246 0 480 -0.31894198741231644 43 85
augmented_r2 6 560 6.149131767109295 0.0017904870212078095 -0.35071130577398807 0.9724489795918367 0.9948979591836735 0.00042039662323982603 0 560 -0.35071130577398807 43 85
augmented_r2 6 640 7.027579162410623 0.09237563386559486 -0.45477587690158766 0.9795918367346939 0.9938775510204082 0.0003886291264381089 0 640 -0.45477587690158766 43 85
augmented_r2 6 720 7.906026557711951 0.02733103632926941 -0.5006234735858683 0.9755102040816327 0.9948979591836735 0.000353224832488219 0 720 -0.5006234735858683 43 85
augmented_r2 6 800 8.78447395301328 -0.0495230557397008 -0.5554247948588157 0.9795918367346939 0.9938775510204082 0.0003151125378024133 0 800 -0.5554247948588157 43 85
augmented_r2 6 880 9.662921348314606 -0.22526718825101852 -0.5663277455738612 0.9795918367346939 0.9959183673469387 0.00027529208049685805 0 880 -0.5663277455738612 43 85
augmented_r2 6 960 10.541368743615935 -0.1979113958775997 -0.5907073821340288 0.9795918367346939 0.9948979591836735 0.000234808110633836 0 960 -0.5907073821340288 43 85
augmented_r2 6 1040 11.419816138917263 -0.20624406598508357 -0.6806043967908743 0.9816326530612245 0.9948979591836735 0.0001947226848671508 0 1040 -0.6806043967908743 43 85
augmented_r2 6 1120 12.29826353421859 -0.20540897846221923 -0.676060761237631 0.9795918367346939 0.9938775510204082 0.00015608740444292746 1 1040 -0.6806043967908743 43 85
augmented_r2 6 1200 13.176710929519919 -0.23269449844956397 -0.7213687852937348 0.9795918367346939 0.9928571428571429 0.00011991582748762803 0 1200 -0.7213687852937348 43 85
augmented_r2 6 1280 14.055158324821246 -0.30865712091326714 -0.7351471020250905 0.9795918367346939 0.9938775510204082 8.715687931944449e-05 0 1280 -0.7351471020250905 43 85
augmented_r2 6 1360 14.933605720122575 -0.34967547170817853 -0.7507976994222524 0.9826530612244898 0.9928571428571429 5.866995833708463e-05 0 1360 -0.7507976994222524 43 85
augmented_r2 6 1440 15.812053115423902 -0.21888124831020833 -0.7442804871773233 0.9806122448979592 0.9938775510204082 3.520239055818114e-05 1 1360 -0.7507976994222524 43 85
augmented_r2 6 1520 16.69050051072523 -0.2502197910100222 -0.7462033845940415 0.9806122448979592 0.9938775510204082 1.7369824265066364e-05 2 1360 -0.7507976994222524 43 85
augmented_r2 6 1600 17.56894790602656 -0.24982207342982293 -0.698210204134182 0.9826530612244898 0.9938775510204082 5.640079084868633e-06 3 1360 -0.7507976994222524 43 85
augmented_r2 6 1680 18.447395301327887 -0.18870811350643635 -0.7048487179133357 0.9816326530612245 0.9938775510204082 3.208732072368104e-07 4 1360 -0.7507976994222524 43 85
augmented_r2 6 1705 18.721910112359552 -0.042837735414505 -0.7034816853854121 0.9806122448979592 0.9928571428571429 0.0 5 1360 -0.7507976994222524 43 85
augmented_r2 7 1 0.010980592441266599 2.491079330444336 2.503006815423771 0.23469387755102042 0.32346938775510203 3.225806451612903e-06 0 1 2.503006815423771 43 85
augmented_r2 7 80 0.8784473953013279 1.8676884498777269 0.6234628784413241 0.8683673469387755 0.9806122448979592 0.00025806451612903227 0 80 0.6234628784413241 43 85
augmented_r2 7 160 1.7568947906026557 0.6388714949600398 0.1742161058649725 0.9428571428571428 0.9938775510204082 0.0004999871624350509 0 160 0.1742161058649725 43 85
augmented_r2 7 240 2.635342185903984 0.5381465663202107 0.05417797185328542 0.9459183673469388 0.996938775510204 0.0004962990794052847 0 240 0.05417797185328542 43 85
augmented_r2 7 320 3.5137895812053115 0.435946989338845 -0.040357522271117385 0.9612244897959183 0.996938775510204 0.00048614958518009677 0 320 -0.040357522271117385 43 85
augmented_r2 7 400 4.39223697650664 0.33309554774314165 -0.1542299384061171 0.963265306122449 0.996938775510204 0.0004698049416382277 0 400 -0.1542299384061171 43 85
augmented_r2 7 480 5.270684371807968 0.22983668111264705 -0.25817812255450656 0.976530612244898 0.996938775510204 0.0004476939342344246 0 480 -0.25817812255450656 43 85
augmented_r2 7 560 6.149131767109295 0.0992770440876484 -0.34846234686520633 0.9744897959183674 0.996938775510204 0.00042039662323982603 0 560 -0.34846234686520633 43 85
augmented_r2 7 640 7.027579162410623 -0.04293621741235256 -0.4360051110082743 0.9755102040816327 0.996938775510204 0.0003886291264381089 0 640 -0.4360051110082743 43 85
augmented_r2 7 720 7.906026557711951 -0.09062782898545266 -0.48328274975017627 0.9795918367346939 0.996938775510204 0.000353224832488219 0 720 -0.48328274975017627 43 85
augmented_r2 7 800 8.78447395301328 -0.11021266859024763 -0.5324194757305846 0.976530612244898 0.996938775510204 0.0003151125378024133 0 800 -0.5324194757305846 43 85
augmented_r2 7 880 9.662921348314606 -0.060333992913365365 -0.5993071950211817 0.9785714285714285 0.996938775510204 0.00027529208049685805 0 880 -0.5993071950211817 43 85
augmented_r2 7 960 10.541368743615935 -0.18683402054011822 -0.6078380920449081 0.9806122448979592 0.996938775510204 0.000234808110633836 0 960 -0.6078380920449081 43 85
augmented_r2 7 1040 11.419816138917263 -0.15585721395909785 -0.6487143964183574 0.9795918367346939 0.996938775510204 0.0001947226848671508 0 1040 -0.6487143964183574 43 85
augmented_r2 7 1120 12.29826353421859 -0.15536377504467963 -0.687033889488298 0.9826530612244898 0.996938775510204 0.00015608740444292746 0 1120 -0.687033889488298 43 85
augmented_r2 7 1200 13.176710929519919 -0.25824513137340543 -0.7344870114813046 0.9836734693877551 0.996938775510204 0.00011991582748762803 0 1200 -0.7344870114813046 43 85
augmented_r2 7 1280 14.055158324821246 -0.3251361083239317 -0.7610143471737297 0.9826530612244898 0.996938775510204 8.715687931944449e-05 0 1280 -0.7610143471737297 43 85
augmented_r2 7 1360 14.933605720122575 -0.19727977067232133 -0.6972709383283343 0.9846938775510204 0.996938775510204 5.866995833708463e-05 1 1280 -0.7610143471737297 43 85
augmented_r2 7 1440 15.812053115423902 -0.3022324077785015 -0.7608622789382935 0.9836734693877551 0.996938775510204 3.520239055818114e-05 2 1280 -0.7610143471737297 43 85
augmented_r2 7 1520 16.69050051072523 -0.2316076595336199 -0.7161020142691475 0.9857142857142858 0.996938775510204 1.7369824265066364e-05 3 1280 -0.7610143471737297 43 85
augmented_r2 7 1600 17.56894790602656 -0.4045802891254425 -0.7537381354643374 0.9846938775510204 0.996938775510204 5.640079084868633e-06 4 1280 -0.7610143471737297 43 85
augmented_r2 7 1680 18.447395301327887 -0.29840099066495895 -0.7656588948502833 0.9846938775510204 0.996938775510204 3.208732072368104e-07 5 1680 -0.7656588948502833 43 85
augmented_r2 7 1705 18.721910112359552 -0.3450482141971588 -0.7565354091780526 0.9846938775510204 0.996938775510204 0.0 6 1680 -0.7656588948502833 43 85
augmented_r2 8 1 0.010980592441266599 2.527487277984619 2.5153392908524492 0.2724489795918367 0.3295918367346939 3.225806451612903e-06 0 1 2.5153392908524492 43 85
augmented_r2 8 80 0.8784473953013279 1.9340654792664926 0.6721980827195304 0.8255102040816327 0.986734693877551 0.00025806451612903227 0 80 0.6721980827195304 43 85
augmented_r2 8 160 1.7568947906026557 0.7432410099543632 0.2731427950518472 0.9326530612244898 0.9938775510204082 0.0004999871624350509 0 160 0.2731427950518472 43 85
augmented_r2 8 240 2.635342185903984 0.5068584591150284 0.08403146698766825 0.9377551020408164 0.9938775510204082 0.0004962990794052847 0 240 0.08403146698766825 43 85
augmented_r2 8 320 3.5137895812053115 0.3436353962868452 -0.054223560526662946 0.9714285714285714 0.9948979591836735 0.00048614958518009677 0 320 -0.054223560526662946 43 85
augmented_r2 8 400 4.39223697650664 0.1854048757813871 -0.21669099841799055 0.976530612244898 0.9948979591836735 0.0004698049416382277 0 400 -0.21669099841799055 43 85
augmented_r2 8 480 5.270684371807968 0.20271038226783275 -0.29929689996096553 0.9775510204081632 0.9959183673469387 0.0004476939342344246 0 480 -0.29929689996096553 43 85
augmented_r2 8 560 6.149131767109295 0.11840145364403724 -0.3750764385778077 0.9775510204081632 0.9948979591836735 0.00042039662323982603 0 560 -0.3750764385778077 43 85
augmented_r2 8 640 7.027579162410623 0.0940217524766922 -0.39770288686363064 0.9795918367346939 0.9948979591836735 0.0003886291264381089 0 640 -0.39770288686363064 43 85
augmented_r2 8 720 7.906026557711951 0.0766996679827571 -0.4396985963899262 0.9795918367346939 0.9938775510204082 0.000353224832488219 0 720 -0.4396985963899262 43 85
augmented_r2 8 800 8.78447395301328 -0.037744501046836375 -0.5635940685564158 0.9857142857142858 0.9938775510204082 0.0003151125378024133 0 800 -0.5635940685564158 43 85
augmented_r2 8 880 9.662921348314606 -0.3032071961089969 -0.6296529928032233 0.9826530612244898 0.9938775510204082 0.00027529208049685805 0 880 -0.6296529928032233 43 85
augmented_r2 8 960 10.541368743615935 -0.20177497826516627 -0.6615597126435261 0.9846938775510204 0.9938775510204082 0.000234808110633836 0 960 -0.6615597126435261 43 85
augmented_r2 8 1040 11.419816138917263 -0.2564305640757084 -0.7040278828873926 0.9836734693877551 0.9938775510204082 0.0001947226848671508 0 1040 -0.7040278828873926 43 85
augmented_r2 8 1120 12.29826353421859 -0.2780238475650549 -0.7295718925339835 0.9846938775510204 0.9948979591836735 0.00015608740444292746 0 1120 -0.7295718925339835 43 85
augmented_r2 8 1200 13.176710929519919 -0.3865853037685156 -0.6906101068671868 0.9857142857142858 0.9948979591836735 0.00011991582748762803 1 1120 -0.7295718925339835 43 85
augmented_r2 8 1280 14.055158324821246 -0.3957291267812252 -0.7562769135650323 0.9877551020408163 0.9938775510204082 8.715687931944449e-05 0 1280 -0.7562769135650323 43 85
augmented_r2 8 1360 14.933605720122575 -0.16681789346039294 -0.6806476724391081 0.9846938775510204 0.9938775510204082 5.866995833708463e-05 1 1280 -0.7562769135650323 43 85
augmented_r2 8 1440 15.812053115423902 -0.1958536770194769 -0.7582177366529192 0.986734693877551 0.9938775510204082 3.520239055818114e-05 2 1440 -0.7582177366529192 43 85
augmented_r2 8 1520 16.69050051072523 -0.20875679105520248 -0.7439597694241271 0.9857142857142858 0.9938775510204082 1.7369824265066364e-05 3 1440 -0.7582177366529192 43 85
augmented_r2 8 1600 17.56894790602656 -0.2837822258472443 -0.727919724766089 0.9877551020408163 0.9938775510204082 5.640079084868633e-06 4 1440 -0.7582177366529192 43 85
augmented_r2 8 1680 18.447395301327887 -0.30642930753529074 -0.7890120421137129 0.9877551020408163 0.9948979591836735 3.208732072368104e-07 0 1680 -0.7890120421137129 43 85
augmented_r2 8 1705 18.721910112359552 -0.46048513770103455 -0.7935095546196919 0.9887755102040816 0.9948979591836735 0.0 1 1705 -0.7935095546196919 43 85
augmented_r2 9 1 0.010980592441266599 2.5414514541625977 2.503877966744559 0.3040816326530612 0.3489795918367347 3.225806451612903e-06 0 1 2.503877966744559 43 85
augmented_r2 9 80 0.8784473953013279 1.8875975480562524 0.6730053877343937 0.8581632653061224 0.9785714285714285 0.00025806451612903227 0 80 0.6730053877343937 43 85
augmented_r2 9 160 1.7568947906026557 0.6500679643359035 0.20825577165399278 0.9193877551020408 0.9938775510204082 0.0004999871624350509 0 160 0.20825577165399278 43 85
augmented_r2 9 240 2.635342185903984 0.4989987252280116 0.03373218102722752 0.9551020408163265 0.9959183673469387 0.0004962990794052847 0 240 0.03373218102722752 43 85
augmented_r2 9 320 3.5137895812053115 0.24933606404811143 -0.12200742674117186 0.9653061224489796 0.9938775510204082 0.00048614958518009677 0 320 -0.12200742674117186 43 85
augmented_r2 9 400 4.39223697650664 0.16816699979826807 -0.17303026269893257 0.9683673469387755 0.996938775510204 0.0004698049416382277 0 400 -0.17303026269893257 43 85
augmented_r2 9 480 5.270684371807968 0.26154173742979764 -0.24652281622497402 0.9724489795918367 0.9948979591836735 0.0004476939342344246 0 480 -0.24652281622497402 43 85
augmented_r2 9 560 6.149131767109295 0.11783725079149007 -0.3660361810606353 0.9704081632653061 0.9938775510204082 0.00042039662323982603 0 560 -0.3660361810606353 43 85
augmented_r2 9 640 7.027579162410623 -0.03525280803442001 -0.4144699405650703 0.9734693877551021 0.9959183673469387 0.0003886291264381089 0 640 -0.4144699405650703 43 85
augmented_r2 9 720 7.906026557711951 -0.10109358429908752 -0.506103088661116 0.9775510204081632 0.9948979591836735 0.000353224832488219 0 720 -0.506103088661116 43 85
augmented_r2 9 800 8.78447395301328 -0.01705929432064295 -0.5093691273611419 0.9795918367346939 0.9959183673469387 0.0003151125378024133 1 800 -0.5093691273611419 43 85
augmented_r2 9 880 9.662921348314606 -0.15628774054348468 -0.6071234437884117 0.9785714285714285 0.996938775510204 0.00027529208049685805 0 880 -0.6071234437884117 43 85
augmented_r2 9 960 10.541368743615935 -0.14658697731792927 -0.6331032144780062 0.9785714285714285 0.9948979591836735 0.000234808110633836 0 960 -0.6331032144780062 43 85
augmented_r2 9 1040 11.419816138917263 -0.10183073543012142 -0.6544005063115333 0.9806122448979592 0.9959183673469387 0.0001947226848671508 0 1040 -0.6544005063115333 43 85
augmented_r2 9 1120 12.29826353421859 -0.12231596522033214 -0.7108052560261318 0.9816326530612245 0.9959183673469387 0.00015608740444292746 0 1120 -0.7108052560261318 43 85
augmented_r2 9 1200 13.176710929519919 -0.28898466788232324 -0.7326979573892087 0.9816326530612245 0.9959183673469387 0.00011991582748762803 0 1200 -0.7326979573892087 43 85
augmented_r2 9 1280 14.055158324821246 -0.2892810247838497 -0.7525502693896391 0.9785714285714285 0.9959183673469387 8.715687931944449e-05 0 1280 -0.7525502693896391 43 85
augmented_r2 9 1360 14.933605720122575 -0.33877858594059945 -0.7703067570316549 0.9806122448979592 0.996938775510204 5.866995833708463e-05 0 1360 -0.7703067570316549 43 85
augmented_r2 9 1440 15.812053115423902 -0.3313626229763031 -0.7413204163921122 0.9816326530612245 0.9959183673469387 3.520239055818114e-05 1 1360 -0.7703067570316549 43 85
augmented_r2 9 1520 16.69050051072523 -0.34008483663201333 -0.769043434396082 0.9816326530612245 0.9959183673469387 1.7369824265066364e-05 2 1360 -0.7703067570316549 43 85
augmented_r2 9 1600 17.56894790602656 -0.277163315191865 -0.7793610986398191 0.9806122448979592 0.9959183673469387 5.640079084868633e-06 0 1600 -0.7793610986398191 43 85
augmented_r2 9 1680 18.447395301327887 -0.17295721508562564 -0.7647464105061123 0.9816326530612245 0.9959183673469387 3.208732072368104e-07 1 1600 -0.7793610986398191 43 85
augmented_r2 9 1705 18.721910112359552 -0.2873617148399353 -0.7611685341718245 0.9816326530612245 0.9959183673469387 0.0 2 1600 -0.7793610986398191 43 85
baseline 0 1 0.03268641470888662 2.4717202186584473 2.4899430878308353 0.18877551020408162 0.35612244897959183 3.225806451612903e-06 0 1 2.4899430878308353 128 0
baseline 0 80 2.6149131767109295 1.7947175427328181 0.5635381486951089 0.886734693877551 0.9785714285714285 0.00025806451612903227 0 80 0.5635381486951089 128 0
baseline 0 160 5.229826353421859 0.5760120425373316 0.11555494094381527 0.9561224489795919 0.9918367346938776 0.0004999871624350509 0 160 0.11555494094381527 128 0
baseline 0 240 7.844739530132789 0.344309649663046 0.004869472889267669 0.9673469387755103 0.9928571428571429 0.0004962990794052847 0 240 0.004869472889267669 128 0
baseline 0 320 10.459652706843718 0.3798278755508363 -0.09761363602414423 0.9846938775510204 0.9948979591836735 0.00048614958518009677 0 320 -0.09761363602414423 128 0
baseline 0 400 13.074565883554648 0.24147120490670204 -0.19200813849361575 0.9877551020408163 0.9928571428571429 0.0004698049416382277 0 400 -0.19200813849361575 128 0
baseline 0 480 15.689479060265578 0.054398402012884615 -0.33507529193041274 0.9897959183673469 0.9928571428571429 0.0004476939342344246 0 480 -0.33507529193041274 128 0
baseline 0 560 18.304392236976508 0.02928955592215061 -0.37378838938109726 0.9877551020408163 0.9928571428571429 0.00042039662323982603 0 560 -0.37378838938109726 128 0
baseline 0 640 20.919305413687436 0.099332563765347 -0.4188978927476065 0.9877551020408163 0.9928571428571429 0.0003886291264381089 0 640 -0.4188978927476065 128 0
baseline 0 720 23.534218590398364 -0.13578544780611992 -0.5194761770112174 0.9908163265306122 0.9938775510204082 0.000353224832488219 0 720 -0.5194761770112174 128 0
baseline 0 800 26.149131767109296 -0.014024361409246922 -0.5160645691715942 0.9938775510204082 0.9938775510204082 0.0003151125378024133 1 720 -0.5194761770112174 128 0
baseline 0 880 28.764044943820224 -0.14579598568379878 -0.5804165876641565 0.9887755102040816 0.9938775510204082 0.00027529208049685805 0 880 -0.5804165876641565 128 0
baseline 0 960 31.378958120531156 -0.20772602315992117 -0.6625632359057056 0.9928571428571429 0.9928571428571429 0.000234808110633836 0 960 -0.6625632359057056 128 0
baseline 0 1040 33.99387129724208 -0.2527886711061001 -0.7173016776843947 0.9948979591836735 0.9928571428571429 0.0001947226848671508 0 1040 -0.7173016776843947 128 0
baseline 0 1120 36.608784473953015 -0.2818707380443811 -0.6800674788805903 0.9877551020408163 0.9928571428571429 0.00015608740444292746 1 1040 -0.7173016776843947 128 0
baseline 0 1200 39.223697650663944 -0.2872173361480236 -0.6893318502270446 0.9938775510204082 0.9938775510204082 0.00011991582748762803 2 1040 -0.7173016776843947 128 0
baseline 0 1280 41.83861082737487 -0.229172794893384 -0.7600341563322106 0.9928571428571429 0.9938775510204082 8.715687931944449e-05 0 1280 -0.7600341563322106 128 0
baseline 0 1360 44.4535240040858 -0.36273893862962725 -0.7683244894961921 0.9938775510204082 0.9938775510204082 5.866995833708463e-05 0 1360 -0.7683244894961921 128 0
baseline 0 1440 47.06843718079673 -0.248343313485384 -0.7241701812160258 0.9938775510204082 0.9938775510204082 3.520239055818114e-05 1 1360 -0.7683244894961921 128 0
baseline 0 1520 49.68335035750766 -0.35172367505729196 -0.7406169774580975 0.9938775510204082 0.9938775510204082 1.7369824265066364e-05 2 1360 -0.7683244894961921 128 0
baseline 0 1600 52.29826353421859 -0.21950058862566948 -0.7516854602463391 0.9938775510204082 0.9938775510204082 5.640079084868633e-06 3 1360 -0.7683244894961921 128 0
baseline 0 1680 54.91317671092952 -0.399981539323926 -0.8009155497259023 0.9938775510204082 0.9938775510204082 3.208732072368104e-07 0 1680 -0.8009155497259023 128 0
baseline 0 1705 55.73033707865169 -0.4408252143859863 -0.7858434139465799 0.9938775510204082 0.9948979591836735 0.0 1 1680 -0.8009155497259023 128 0
baseline 1 1 0.03268641470888662 2.5472164154052734 2.4850406821893185 0.2540816326530612 0.336734693877551 3.225806451612903e-06 0 1 2.4850406821893185 128 0
baseline 1 80 2.6149131767109295 1.8838798652721356 0.60614108260797 0.8775510204081632 0.9795918367346939 0.00025806451612903227 0 80 0.60614108260797 128 0
baseline 1 160 5.229826353421859 0.775776943936944 0.1892954888392468 0.95 0.9938775510204082 0.0004999871624350509 0 160 0.1892954888392468 128 0
baseline 1 240 7.844739530132789 0.5006041652522981 0.028700061294497276 0.9724489795918367 0.996938775510204 0.0004962990794052847 0 240 0.028700061294497276 128 0
baseline 1 320 10.459652706843718 0.3488364960066974 -0.1277196865300743 0.9714285714285714 0.9959183673469387 0.00048614958518009677 0 320 -0.1277196865300743 128 0
baseline 1 400 13.074565883554648 0.2574368485249579 -0.11064599235447085 0.9724489795918367 0.9948979591836735 0.0004698049416382277 1 320 -0.1277196865300743 128 0
baseline 1 480 15.689479060265578 0.13018968142569065 -0.27864614250708597 0.9806122448979592 0.9948979591836735 0.0004476939342344246 0 480 -0.27864614250708597 128 0
baseline 1 560 18.304392236976508 0.05311423614621162 -0.36805102484566826 0.9785714285714285 0.9938775510204082 0.00042039662323982603 0 560 -0.36805102484566826 128 0
baseline 1 640 20.919305413687436 0.15947716254740954 -0.3955416965241335 0.9734693877551021 0.9948979591836735 0.0003886291264381089 0 640 -0.3955416965241335 128 0
baseline 1 720 23.534218590398364 -0.13414780404418708 -0.46609044245311193 0.9714285714285714 0.9948979591836735 0.000353224832488219 0 720 -0.46609044245311193 128 0
baseline 1 800 26.149131767109296 -0.03135812282562256 -0.5494721388330265 0.9846938775510204 0.9948979591836735 0.0003151125378024133 0 800 -0.5494721388330265 128 0
baseline 1 880 28.764044943820224 -0.2568621873855591 -0.5986676765947926 0.9806122448979592 0.9948979591836735 0.00027529208049685805 0 880 -0.5986676765947926 128 0
baseline 1 960 31.378958120531156 -0.24179460294544697 -0.633520999246714 0.9816326530612245 0.9948979591836735 0.000234808110633836 0 960 -0.633520999246714 128 0
baseline 1 1040 33.99387129724208 -0.19861184097826481 -0.6804508914752883 0.9806122448979592 0.9948979591836735 0.0001947226848671508 0 1040 -0.6804508914752883 128 0
baseline 1 1120 36.608784473953015 -0.32324438765645025 -0.7043476304229425 0.9816326530612245 0.9948979591836735 0.00015608740444292746 0 1120 -0.7043476304229425 128 0
baseline 1 1200 39.223697650663944 -0.19109390564262868 -0.7237660293676416 0.9877551020408163 0.9948979591836735 0.00011991582748762803 0 1200 -0.7237660293676416 128 0
baseline 1 1280 41.83861082737487 -0.33013770878314974 -0.7550142341730546 0.9846938775510204 0.9948979591836735 8.715687931944449e-05 0 1280 -0.7550142341730546 128 0
baseline 1 1360 44.4535240040858 -0.27504299096763135 -0.7417413896443893 0.9816326530612245 0.9948979591836735 5.866995833708463e-05 1 1280 -0.7550142341730546 128 0
baseline 1 1440 47.06843718079673 -0.3390881191939116 -0.7592331903321402 0.9836734693877551 0.9948979591836735 3.520239055818114e-05 2 1440 -0.7592331903321402 128 0
baseline 1 1520 49.68335035750766 -0.18700198046863079 -0.7563621776444571 0.9836734693877551 0.9948979591836735 1.7369824265066364e-05 3 1440 -0.7592331903321402 128 0
baseline 1 1600 52.29826353421859 -0.43347461745142934 -0.7730348893574306 0.9846938775510204 0.9948979591836735 5.640079084868633e-06 0 1600 -0.7730348893574306 128 0
baseline 1 1680 54.91317671092952 -0.29734623059630394 -0.7597611257008143 0.9846938775510204 0.9948979591836735 3.208732072368104e-07 1 1600 -0.7730348893574306 128 0
baseline 1 1705 55.73033707865169 -0.41927120566368103 -0.7750777645986907 0.9836734693877551 0.9948979591836735 0.0 2 1705 -0.7750777645986907 128 0
baseline 2 1 0.03268641470888662 2.5131242275238037 2.495437377812911 0.20510204081632652 0.35306122448979593 3.225806451612903e-06 0 1 2.495437377812911 128 0
baseline 2 80 2.6149131767109295 1.8476710055447831 0.5800290847311215 0.8908163265306123 0.9795918367346939 0.00025806451612903227 0 80 0.5800290847311215 128 0
baseline 2 160 5.229826353421859 0.6689352002460509 0.1646119275871588 0.9489795918367347 0.9928571428571429 0.0004999871624350509 0 160 0.1646119275871588 128 0
baseline 2 240 7.844739530132789 0.4196188157424331 -0.026670800894498824 0.9775510204081632 0.9938775510204082 0.0004962990794052847 0 240 -0.026670800894498824 128 0
baseline 2 320 10.459652706843718 0.37213408211246135 -0.04781683677313279 0.976530612244898 0.9948979591836735 0.00048614958518009677 0 320 -0.04781683677313279 128 0
baseline 2 400 13.074565883554648 0.2819785850122571 -0.20809679590925878 0.9806122448979592 0.9948979591836735 0.0004698049416382277 0 400 -0.20809679590925878 128 0
baseline 2 480 15.689479060265578 0.06467501018196345 -0.27904826937889565 0.9816326530612245 0.9948979591836735 0.0004476939342344246 0 480 -0.27904826937889565 128 0
baseline 2 560 18.304392236976508 0.01723740007728338 -0.38635925942537735 0.9857142857142858 0.9948979591836735 0.00042039662323982603 0 560 -0.38635925942537735 128 0
baseline 2 640 20.919305413687436 0.13829695601016284 -0.3916706639893201 0.9744897959183674 0.9948979591836735 0.0003886291264381089 0 640 -0.3916706639893201 128 0
baseline 2 720 23.534218590398364 -0.12698141504079102 -0.4982558082561104 0.9887755102040816 0.9948979591836735 0.000353224832488219 0 720 -0.4982558082561104 128 0
baseline 2 800 26.149131767109296 -0.030413538590073584 -0.576417136435606 0.9857142857142858 0.9948979591836735 0.0003151125378024133 0 800 -0.576417136435606 128 0
baseline 2 880 28.764044943820224 -0.19936675652861596 -0.6167838461545049 0.9857142857142858 0.9948979591836735 0.00027529208049685805 0 880 -0.6167838461545049 128 0
baseline 2 960 31.378958120531156 -0.07848104909062385 -0.610708244966001 0.986734693877551 0.9948979591836735 0.000234808110633836 1 880 -0.6167838461545049 128 0
baseline 2 1040 33.99387129724208 -0.284799226000905 -0.6878889210370123 0.9857142857142858 0.9948979591836735 0.0001947226848671508 0 1040 -0.6878889210370123 128 0
baseline 2 1120 36.608784473953015 -0.1341589618474245 -0.6523793595177787 0.9887755102040816 0.9948979591836735 0.00015608740444292746 1 1040 -0.6878889210370123 128 0
baseline 2 1200 39.223697650663944 -0.24596592858433725 -0.7064114643602956 0.9846938775510204 0.9948979591836735 0.00011991582748762803 0 1200 -0.7064114643602956 128 0
baseline 2 1280 41.83861082737487 -0.16808515675365926 -0.7496490597724914 0.986734693877551 0.9948979591836735 8.715687931944449e-05 0 1280 -0.7496490597724914 128 0
baseline 2 1360 44.4535240040858 -0.225870556011796 -0.7275369006760266 0.9857142857142858 0.9948979591836735 5.866995833708463e-05 1 1280 -0.7496490597724914 128 0
baseline 2 1440 47.06843718079673 -0.2103793751448393 -0.7308065769623737 0.986734693877551 0.9948979591836735 3.520239055818114e-05 2 1280 -0.7496490597724914 128 0
baseline 2 1520 49.68335035750766 -0.3483825333416462 -0.7637313665175924 0.9877551020408163 0.9948979591836735 1.7369824265066364e-05 0 1520 -0.7637313665175924 128 0
baseline 2 1600 52.29826353421859 -0.34092297628521917 -0.7742768348479757 0.9846938775510204 0.9948979591836735 5.640079084868633e-06 0 1600 -0.7742768348479757 128 0
baseline 2 1680 54.91317671092952 -0.40859950594604016 -0.7696343438965934 0.9846938775510204 0.9948979591836735 3.208732072368104e-07 1 1600 -0.7742768348479757 128 0
baseline 2 1705 55.73033707865169 -0.36988821864128113 -0.771838441430306 0.9846938775510204 0.9948979591836735 0.0 2 1600 -0.7742768348479757 128 0
baseline 3 1 0.03268641470888662 2.5413436889648438 2.520727504029566 0.2173469387755102 0.3622448979591837 3.225806451612903e-06 0 1 2.520727504029566 128 0
baseline 3 80 2.6149131767109295 1.9288934423953672 0.7184343024175994 0.8755102040816326 0.9816326530612245 0.00025806451612903227 0 80 0.7184343024175994 128 0
baseline 3 160 5.229826353421859 0.6621249319985509 0.10126162487633374 0.9714285714285714 0.9959183673469387 0.0004999871624350509 0 160 0.10126162487633374 128 0
baseline 3 240 7.844739530132789 0.5504863812588155 0.021149095345516594 0.9714285714285714 0.996938775510204 0.0004962990794052847 0 240 0.021149095345516594 128 0
baseline 3 320 10.459652706843718 0.3518021329306066 -0.17239144535697237 0.986734693877551 0.9959183673469387 0.00048614958518009677 0 320 -0.17239144535697237 128 0
baseline 3 400 13.074565883554648 0.3542923279106617 -0.178882798430871 0.9836734693877551 0.9959183673469387 0.0004698049416382277 0 400 -0.178882798430871 128 0
baseline 3 480 15.689479060265578 0.1056788645684719 -0.3002397279350125 0.9846938775510204 0.9938775510204082 0.0004476939342344246 0 480 -0.3002397279350125 128 0
baseline 3 560 18.304392236976508 0.1837385803461075 -0.3866142820338814 0.9877551020408163 0.9948979591836735 0.00042039662323982603 0 560 -0.3866142820338814 128 0
baseline 3 640 20.919305413687436 0.008928431011736394 -0.45871765905497025 0.9887755102040816 0.9959183673469387 0.0003886291264381089 0 640 -0.45871765905497025 128 0
baseline 3 720 23.534218590398364 -0.0016324516385793687 -0.530753625898945 0.9857142857142858 0.9948979591836735 0.000353224832488219 0 720 -0.530753625898945 128 0
baseline 3 800 26.149131767109296 -0.20118846110999583 -0.6116476560125546 0.986734693877551 0.9959183673469387 0.0003151125378024133 0 800 -0.6116476560125546 128 0
baseline 3 880 28.764044943820224 -0.08966348506510258 -0.6428107118119999 0.9918367346938776 0.9959183673469387 0.00027529208049685805 0 880 -0.6428107118119999 128 0
baseline 3 960 31.378958120531156 -0.10191804636269808 -0.668580674151985 0.9877551020408163 0.9959183673469387 0.000234808110633836 0 960 -0.668580674151985 128 0
baseline 3 1040 33.99387129724208 -0.17713854946196078 -0.7278552887391071 0.9877551020408163 0.9959183673469387 0.0001947226848671508 0 1040 -0.7278552887391071 128 0
baseline 3 1120 36.608784473953015 -0.14163059927523136 -0.708322643747135 0.9928571428571429 0.9959183673469387 0.00015608740444292746 1 1040 -0.7278552887391071 128 0
baseline 3 1200 39.223697650663944 -0.24437329173088074 -0.7428259246203364 0.9908163265306122 0.9959183673469387 0.00011991582748762803 0 1200 -0.7428259246203364 128 0
baseline 3 1280 41.83861082737487 -0.21980576366186141 -0.7492884305058694 0.9887755102040816 0.9959183673469387 8.715687931944449e-05 0 1280 -0.7492884305058694 128 0
baseline 3 1360 44.4535240040858 -0.34808304682374 -0.744043401309422 0.9908163265306122 0.9959183673469387 5.866995833708463e-05 1 1280 -0.7492884305058694 128 0
baseline 3 1440 47.06843718079673 -0.2746520575135946 -0.8032025325055026 0.9918367346938776 0.9959183673469387 3.520239055818114e-05 0 1440 -0.8032025325055026 128 0
baseline 3 1520 49.68335035750766 -0.28477939441800115 -0.7922862179425298 0.9897959183673469 0.9959183673469387 1.7369824265066364e-05 1 1440 -0.8032025325055026 128 0
baseline 3 1600 52.29826353421859 -0.3443624138832092 -0.8332977985849186 0.9918367346938776 0.9959183673469387 5.640079084868633e-06 0 1600 -0.8332977985849186 128 0
baseline 3 1680 54.91317671092952 -0.34330811612308026 -0.7741619572347525 0.9918367346938776 0.9959183673469387 3.208732072368104e-07 1 1600 -0.8332977985849186 128 0
baseline 3 1705 55.73033707865169 -0.2434393882751465 -0.7770835662374691 0.9918367346938776 0.9959183673469387 0.0 2 1600 -0.8332977985849186 128 0
baseline 4 1 0.03268641470888662 2.5728769302368164 2.5104425994717343 0.2357142857142857 0.37755102040816324 3.225806451612903e-06 0 1 2.5104425994717343 128 0
baseline 4 80 2.6149131767109295 1.912458348123333 0.663350459994102 0.8908163265306123 0.9795918367346939 0.00025806451612903227 0 80 0.663350459994102 128 0
baseline 4 160 5.229826353421859 0.5397874490823596 0.08644825072616948 0.963265306122449 0.9959183673469387 0.0004999871624350509 0 160 0.08644825072616948 128 0
baseline 4 240 7.844739530132789 0.36453695204108955 -0.038977623533229436 0.9704081632653061 0.996938775510204 0.0004962990794052847 0 240 -0.038977623533229436 128 0
baseline 4 320 10.459652706843718 0.2683128084987402 -0.13631758562156132 0.9816326530612245 0.9948979591836735 0.00048614958518009677 0 320 -0.13631758562156132 128 0
baseline 4 400 13.074565883554648 0.25545365987345575 -0.1734998431740975 0.9724489795918367 0.9959183673469387 0.0004698049416382277 0 400 -0.1734998431740975 128 0
baseline 4 480 15.689479060265578 0.18801507372409104 -0.24989104514219324 0.9775510204081632 0.9959183673469387 0.0004476939342344246 0 480 -0.24989104514219324 128 0
baseline 4 560 18.304392236976508 0.09913702886551619 -0.3614345775575054 0.9846938775510204 0.9959183673469387 0.00042039662323982603 0 560 -0.3614345775575054 128 0
baseline 4 640 20.919305413687436 -0.034759492799639705 -0.4659624046208907 0.9836734693877551 0.9938775510204082 0.0003886291264381089 0 640 -0.4659624046208907 128 0
baseline 4 720 23.534218590398364 -0.1289276473224163 -0.5258913925715856 0.9857142857142858 0.9948979591836735 0.000353224832488219 0 720 -0.5258913925715856 128 0
baseline 4 800 26.149131767109296 -0.17523874510079623 -0.5888309009221135 0.986734693877551 0.9948979591836735 0.0003151125378024133 0 800 -0.5888309009221135 128 0
baseline 4 880 28.764044943820224 -0.10865252874791623 -0.5850616511033506 0.976530612244898 0.9948979591836735 0.00027529208049685805 1 800 -0.5888309009221135 128 0
baseline 4 960 31.378958120531156 -0.29179968014359475 -0.6554860268320356 0.9877551020408163 0.9959183673469387 0.000234808110633836 0 960 -0.6554860268320356 128 0
baseline 4 1040 33.99387129724208 -0.2352966655045748 -0.6658372426519589 0.9887755102040816 0.9959183673469387 0.0001947226848671508 0 1040 -0.6658372426519589 128 0
baseline 4 1120 36.608784473953015 -0.4116254109889269 -0.702498675122553 0.9836734693877551 0.9948979591836735 0.00015608740444292746 0 1120 -0.702498675122553 128 0
baseline 4 1200 39.223697650663944 -0.1565911326557398 -0.716840597074859 0.9857142857142858 0.9948979591836735 0.00011991582748762803 0 1200 -0.716840597074859 128 0
baseline 4 1280 41.83861082737487 -0.18672250546514987 -0.7212723902293614 0.9887755102040816 0.9959183673469387 8.715687931944449e-05 1 1280 -0.7212723902293614 128 0
baseline 4 1360 44.4535240040858 -0.20179341323673725 -0.7629392312497508 0.9908163265306122 0.9959183673469387 5.866995833708463e-05 0 1360 -0.7629392312497508 128 0
baseline 4 1440 47.06843718079673 -0.1643204227089882 -0.7733241937598404 0.9897959183673469 0.9948979591836735 3.520239055818114e-05 0 1440 -0.7733241937598404 128 0
baseline 4 1520 49.68335035750766 -0.3356529761105776 -0.7713201415782072 0.9897959183673469 0.9948979591836735 1.7369824265066364e-05 1 1440 -0.7733241937598404 128 0
baseline 4 1600 52.29826353421859 -0.2931327648460865 -0.7599374561893697 0.9897959183673469 0.9948979591836735 5.640079084868633e-06 2 1440 -0.7733241937598404 128 0
baseline 4 1680 54.91317671092952 -0.22729566060006617 -0.7781403896759967 0.9897959183673469 0.9948979591836735 3.208732072368104e-07 3 1680 -0.7781403896759967 128 0
baseline 4 1705 55.73033707865169 -0.2785191237926483 -0.7663070513277638 0.9897959183673469 0.9948979591836735 0.0 4 1680 -0.7781403896759967 128 0
baseline 5 1 0.03268641470888662 2.4414329528808594 2.5284196659010285 0.21224489795918366 0.336734693877551 3.225806451612903e-06 0 1 2.5284196659010285 128 0
baseline 5 80 2.6149131767109295 1.8045022713987133 0.5663674235343933 0.8918367346938776 0.9795918367346939 0.00025806451612903227 0 80 0.5663674235343933 128 0
baseline 5 160 5.229826353421859 0.6954970292281359 0.2591208245073046 0.9459183673469388 0.9928571428571429 0.0004999871624350509 0 160 0.2591208245073046 128 0
baseline 5 240 7.844739530132789 0.5009522593114525 -0.0347540307105804 0.9846938775510204 0.9948979591836735 0.0004962990794052847 0 240 -0.0347540307105804 128 0
baseline 5 320 10.459652706843718 0.4231494914740324 -0.1203244967728245 0.9714285714285714 0.9948979591836735 0.00048614958518009677 0 320 -0.1203244967728245 128 0
baseline 5 400 13.074565883554648 0.20911874044686557 -0.21292346314508087 0.9806122448979592 0.9959183673469387 0.0004698049416382277 0 400 -0.21292346314508087 128 0
baseline 5 480 15.689479060265578 0.16824317835271357 -0.339738789383246 0.9887755102040816 0.9948979591836735 0.0004476939342344246 0 480 -0.339738789383246 128 0
baseline 5 560 18.304392236976508 0.05011751707643271 -0.4120381115650644 0.9857142857142858 0.9959183673469387 0.00042039662323982603 0 560 -0.4120381115650644 128 0
baseline 5 640 20.919305413687436 -0.1633358770981431 -0.46900871724498516 0.9877551020408163 0.9948979591836735 0.0003886291264381089 0 640 -0.46900871724498516 128 0
baseline 5 720 23.534218590398364 -0.006637155264616013 -0.489520294933903 0.9908163265306122 0.9959183673469387 0.000353224832488219 0 720 -0.489520294933903 128 0
baseline 5 800 26.149131767109296 -0.08867364451289177 -0.5593511897690442 0.9887755102040816 0.9959183673469387 0.0003151125378024133 0 800 -0.5593511897690442 128 0
baseline 5 880 28.764044943820224 0.01044321022927761 -0.5236699235682585 0.9887755102040816 0.9948979591836735 0.00027529208049685805 1 800 -0.5593511897690442 128 0
baseline 5 960 31.378958120531156 -0.15966487675905228 -0.6772145862482032 0.9908163265306122 0.9959183673469387 0.000234808110633836 0 960 -0.6772145862482032 128 0
baseline 5 1040 33.99387129724208 -0.24651892967522143 -0.6837296417781284 0.9928571428571429 0.9948979591836735 0.0001947226848671508 0 1040 -0.6837296417781284 128 0
baseline 5 1120 36.608784473953015 -0.11293484419584274 -0.7194035953404952 0.9918367346938776 0.9948979591836735 0.00015608740444292746 0 1120 -0.7194035953404952 128 0
baseline 5 1200 39.223697650663944 -0.07455091439187526 -0.6902039800371442 0.9877551020408163 0.9948979591836735 0.00011991582748762803 1 1120 -0.7194035953404952 128 0
baseline 5 1280 41.83861082737487 -0.28298263140022756 -0.7694104433059692 0.9887755102040816 0.9948979591836735 8.715687931944449e-05 0 1280 -0.7694104433059692 128 0
baseline 5 1360 44.4535240040858 -0.3425006985664368 -0.7773439553319191 0.9897959183673469 0.9948979591836735 5.866995833708463e-05 0 1360 -0.7773439553319191 128 0
baseline 5 1440 47.06843718079673 -0.1811130464076996 -0.7659373487745013 0.9897959183673469 0.9948979591836735 3.520239055818114e-05 1 1360 -0.7773439553319191 128 0
baseline 5 1520 49.68335035750766 -0.3106374055147171 -0.7855023848767183 0.9908163265306122 0.9948979591836735 1.7369824265066364e-05 0 1520 -0.7855023848767183 128 0
baseline 5 1600 52.29826353421859 -0.18018717877566814 -0.7946646765786775 0.9897959183673469 0.9948979591836735 5.640079084868633e-06 0 1600 -0.7946646765786775 128 0
baseline 5 1680 54.91317671092952 -0.33314071111381055 -0.7840611365376686 0.9908163265306122 0.9948979591836735 3.208732072368104e-07 1 1600 -0.7946646765786775 128 0
baseline 5 1705 55.73033707865169 -0.258961855173111 -0.7751394833837236 0.9887755102040816 0.9948979591836735 0.0 2 1600 -0.7946646765786775 128 0
baseline 6 1 0.03268641470888662 2.4506430625915527 2.485460435127725 0.19795918367346937 0.35 3.225806451612903e-06 0 1 2.485460435127725 128 0
baseline 6 80 2.6149131767109295 1.8328307806691038 0.5821291239894166 0.886734693877551 0.9816326530612245 0.00025806451612903227 0 80 0.5821291239894166 128 0
baseline 6 160 5.229826353421859 0.7413852760102599 0.09506170202274712 0.9642857142857143 0.9928571428571429 0.0004999871624350509 0 160 0.09506170202274712 128 0
baseline 6 240 7.844739530132789 0.4238631531130522 0.01881136830363955 0.963265306122449 0.9918367346938776 0.0004962990794052847 0 240 0.01881136830363955 128 0
baseline 6 320 10.459652706843718 0.3421409041620791 -0.10602859289062266 0.976530612244898 0.9948979591836735 0.00048614958518009677 0 320 -0.10602859289062266 128 0
baseline 6 400 13.074565883554648 0.11047231778502464 -0.24130835545306303 0.9775510204081632 0.9938775510204082 0.0004698049416382277 0 400 -0.24130835545306303 128 0
baseline 6 480 15.689479060265578 0.05969027392566204 -0.2944420525005886 0.9673469387755103 0.9938775510204082 0.0004476939342344246 0 480 -0.2944420525005886 128 0
baseline 6 560 18.304392236976508 -0.008418151177465916 -0.36909281295173024 0.9744897959183674 0.9938775510204082 0.00042039662323982603 0 560 -0.36909281295173024 128 0
baseline 6 640 20.919305413687436 0.09127297475934029 -0.4609657047962656 0.9846938775510204 0.9948979591836735 0.0003886291264381089 0 640 -0.4609657047962656 128 0
baseline 6 720 23.534218590398364 0.007928416691720485 -0.5231268315899129 0.9795918367346939 0.9948979591836735 0.000353224832488219 0 720 -0.5231268315899129 128 0
baseline 6 800 26.149131767109296 -0.05660921484231949 -0.5609912320059173 0.9795918367346939 0.9948979591836735 0.0003151125378024133 0 800 -0.5609912320059173 128 0
baseline 6 880 28.764044943820224 -0.23421826642006635 -0.5802574123655047 0.9806122448979592 0.9948979591836735 0.00027529208049685805 0 880 -0.5802574123655047 128 0
baseline 6 960 31.378958120531156 -0.19325653538107873 -0.598680392820008 0.9806122448979592 0.9948979591836735 0.000234808110633836 0 960 -0.598680392820008 128 0
baseline 6 1040 33.99387129724208 -0.220806123316288 -0.6761651783573385 0.9836734693877551 0.9948979591836735 0.0001947226848671508 0 1040 -0.6761651783573385 128 0
baseline 6 1120 36.608784473953015 -0.22454615980386733 -0.6805176970910053 0.9846938775510204 0.9948979591836735 0.00015608740444292746 1 1120 -0.6805176970910053 128 0
baseline 6 1200 39.223697650663944 -0.23246863894164563 -0.7225544323726576 0.9877551020408163 0.9948979591836735 0.00011991582748762803 0 1200 -0.7225544323726576 128 0
baseline 6 1280 41.83861082737487 -0.31573573797941207 -0.7441791276542508 0.986734693877551 0.9938775510204082 8.715687931944449e-05 0 1280 -0.7441791276542508 128 0
baseline 6 1360 44.4535240040858 -0.35887420885264876 -0.7433944103669147 0.9795918367346939 0.9938775510204082 5.866995833708463e-05 1 1280 -0.7441791276542508 128 0
baseline 6 1440 47.06843718079673 -0.21888416893780233 -0.7517078560225817 0.9857142857142858 0.9948979591836735 3.520239055818114e-05 0 1440 -0.7517078560225817 128 0
baseline 6 1520 49.68335035750766 -0.2671166591346264 -0.7447936461896313 0.9857142857142858 0.9948979591836735 1.7369824265066364e-05 1 1440 -0.7517078560225817 128 0
baseline 6 1600 52.29826353421859 -0.2739283010363579 -0.704038759640285 0.9857142857142858 0.9948979591836735 5.640079084868633e-06 2 1440 -0.7517078560225817 128 0
baseline 6 1680 54.91317671092952 -0.19755853079259394 -0.717632620431939 0.986734693877551 0.9948979591836735 3.208732072368104e-07 3 1440 -0.7517078560225817 128 0
baseline 6 1705 55.73033707865169 -0.0692527425289154 -0.7163936138153076 0.986734693877551 0.9948979591836735 0.0 4 1440 -0.7517078560225817 128 0
baseline 7 1 0.03268641470888662 2.5078563690185547 2.5042710498887666 0.23469387755102042 0.3193877551020408 3.225806451612903e-06 0 1 2.5042710498887666 128 0
baseline 7 80 2.6149131767109295 1.8468603936931756 0.5742676445416042 0.886734693877551 0.9877551020408163 0.00025806451612903227 0 80 0.5742676445416042 128 0
baseline 7 160 5.229826353421859 0.6232833718415349 0.15706011744178072 0.9520408163265306 0.9948979591836735 0.0004999871624350509 0 160 0.15706011744178072 128 0
baseline 7 240 7.844739530132789 0.5384498151950539 0.0507047143213603 0.9469387755102041 0.996938775510204 0.0004962990794052847 0 240 0.0507047143213603 128 0
baseline 7 320 10.459652706843718 0.43309394605457785 -0.038835442066192626 0.9683673469387755 0.9948979591836735 0.00048614958518009677 0 320 -0.038835442066192626 128 0
baseline 7 400 13.074565883554648 0.3152453662827611 -0.19861831014253656 0.9744897959183674 0.9959183673469387 0.0004698049416382277 0 400 -0.19861831014253656 128 0
baseline 7 480 15.689479060265578 0.2003525933250785 -0.2472309311433714 0.9693877551020408 0.9959183673469387 0.0004476939342344246 0 480 -0.2472309311433714 128 0
baseline 7 560 18.304392236976508 0.08663404174149036 -0.3716097454635464 0.9826530612244898 0.9959183673469387 0.00042039662323982603 0 560 -0.3716097454635464 128 0
baseline 7 640 20.919305413687436 -0.04510507173836231 -0.4485648748826008 0.9795918367346939 0.9959183673469387 0.0003886291264381089 0 640 -0.4485648748826008 128 0
baseline 7 720 23.534218590398364 -0.08960666060447693 -0.4993974931386052 0.9826530612244898 0.9959183673469387 0.000353224832488219 0 720 -0.4993974931386052 128 0
baseline 7 800 26.149131767109296 -0.11467820201069116 -0.5517659686049636 0.9836734693877551 0.9959183673469387 0.0003151125378024133 0 800 -0.5517659686049636 128 0
baseline 7 880 28.764044943820224 -0.06495761908590794 -0.5812924759728568 0.9836734693877551 0.9959183673469387 0.00027529208049685805 0 880 -0.5812924759728568 128 0
baseline 7 960 31.378958120531156 -0.19994896855205296 -0.6348875690479667 0.9816326530612245 0.9959183673469387 0.000234808110633836 0 960 -0.6348875690479667 128 0
baseline 7 1040 33.99387129724208 -0.15524838119745255 -0.6462411403656005 0.9857142857142858 0.9959183673469387 0.0001947226848671508 0 1040 -0.6462411403656005 128 0
baseline 7 1120 36.608784473953015 -0.1610313907265663 -0.6950802331068078 0.9857142857142858 0.9959183673469387 0.00015608740444292746 0 1120 -0.6950802331068078 128 0
baseline 7 1200 39.223697650663944 -0.2680089969187975 -0.7421483402349511 0.9836734693877551 0.9959183673469387 0.00011991582748762803 0 1200 -0.7421483402349511 128 0
baseline 7 1280 41.83861082737487 -0.3239016406238079 -0.7646652455232581 0.9836734693877551 0.9959183673469387 8.715687931944449e-05 0 1280 -0.7646652455232581 128 0
baseline 7 1360 44.4535240040858 -0.19705820679664612 -0.7095543289671139 0.9846938775510204 0.9959183673469387 5.866995833708463e-05 1 1280 -0.7646652455232581 128 0
baseline 7 1440 47.06843718079673 -0.3110234264284372 -0.7632071378279706 0.986734693877551 0.9959183673469387 3.520239055818114e-05 2 1280 -0.7646652455232581 128 0
baseline 7 1520 49.68335035750766 -0.23487662859261035 -0.7309040896746577 0.986734693877551 0.9959183673469387 1.7369824265066364e-05 3 1280 -0.7646652455232581 128 0
baseline 7 1600 52.29826353421859 -0.4075481954962015 -0.7684271248019472 0.9846938775510204 0.9959183673469387 5.640079084868633e-06 4 1600 -0.7684271248019472 128 0
baseline 7 1680 54.91317671092952 -0.30230927988886835 -0.773437491728335 0.986734693877551 0.9959183673469387 3.208732072368104e-07 0 1680 -0.773437491728335 128 0
baseline 7 1705 55.73033707865169 -0.36220143556594847 -0.7634883982794626 0.986734693877551 0.9959183673469387 0.0 1 1680 -0.773437491728335 128 0
baseline 8 1 0.03268641470888662 2.5455899238586426 2.5132713006467235 0.27448979591836736 0.33163265306122447 3.225806451612903e-06 0 1 2.5132713006467235 128 0
baseline 8 80 2.6149131767109295 1.9226857838751394 0.6821466572430669 0.8551020408163266 0.9714285714285714 0.00025806451612903227 0 80 0.6821466572430669 128 0
baseline 8 160 5.229826353421859 0.7486099443398416 0.1794202789360163 0.9591836734693877 0.9928571428571429 0.0004999871624350509 0 160 0.1794202789360163 128 0
baseline 8 240 7.844739530132789 0.4771997680421919 -0.01421462625873332 0.9755102040816327 0.9928571428571429 0.0004962990794052847 0 240 -0.01421462625873332 128 0
baseline 8 320 10.459652706843718 0.3214418714866042 -0.08003108051358437 0.9704081632653061 0.9918367346938776 0.00048614958518009677 0 320 -0.08003108051358437 128 0
baseline 8 400 13.074565883554648 0.1596574586816132 -0.25728712252208163 0.9795918367346939 0.9938775510204082 0.0004698049416382277 0 400 -0.25728712252208163 128 0
baseline 8 480 15.689479060265578 0.18132328242063522 -0.3394615843587992 0.9846938775510204 0.9948979591836735 0.0004476939342344246 0 480 -0.3394615843587992 128 0
baseline 8 560 18.304392236976508 0.09726542588323354 -0.3852914790717923 0.9826530612244898 0.9928571428571429 0.00042039662323982603 0 560 -0.3852914790717923 128 0
baseline 8 640 20.919305413687436 0.08173800725489855 -0.38854232880533957 0.9846938775510204 0.9928571428571429 0.0003886291264381089 1 640 -0.38854232880533957 128 0
baseline 8 720 23.534218590398364 0.05981773566454649 -0.4634157669787504 0.9826530612244898 0.9948979591836735 0.000353224832488219 0 720 -0.4634157669787504 128 0
baseline 8 800 26.149131767109296 -0.05272908229380846 -0.5454966238566807 0.9816326530612245 0.9938775510204082 0.0003151125378024133 0 800 -0.5454966238566807 128 0
baseline 8 880 28.764044943820224 -0.31138775404542685 -0.6330679621015276 0.9887755102040816 0.9948979591836735 0.00027529208049685805 0 880 -0.6330679621015276 128 0
baseline 8 960 31.378958120531156 -0.20719513334333897 -0.6630577021715592 0.9846938775510204 0.9948979591836735 0.000234808110633836 0 960 -0.6630577021715592 128 0
baseline 8 1040 33.99387129724208 -0.2789038699120283 -0.7118830335383513 0.9846938775510204 0.9938775510204082 0.0001947226848671508 0 1040 -0.7118830335383513 128 0
baseline 8 1120 36.608784473953015 -0.2877691563218832 -0.7495980175174013 0.9877551020408163 0.9938775510204082 0.00015608740444292746 0 1120 -0.7495980175174013 128 0
baseline 8 1200 39.223697650663944 -0.39576355889439585 -0.7030202048165458 0.9816326530612245 0.9938775510204082 0.00011991582748762803 1 1120 -0.7495980175174013 128 0
baseline 8 1280 41.83861082737487 -0.4036836724728346 -0.7666643500328064 0.9877551020408163 0.9938775510204082 8.715687931944449e-05 0 1280 -0.7666643500328064 128 0
baseline 8 1360 44.4535240040858 -0.1762738723307848 -0.7085635012509871 0.9836734693877551 0.9948979591836735 5.866995833708463e-05 1 1280 -0.7666643500328064 128 0
baseline 8 1440 47.06843718079673 -0.19385556913912297 -0.7659392218200528 0.9857142857142858 0.9938775510204082 3.520239055818114e-05 2 1280 -0.7666643500328064 128 0
baseline 8 1520 49.68335035750766 -0.20950492843985558 -0.7568346140336017 0.986734693877551 0.9938775510204082 1.7369824265066364e-05 3 1280 -0.7666643500328064 128 0
baseline 8 1600 52.29826353421859 -0.29818192943930627 -0.7427560297810302 0.986734693877551 0.9938775510204082 5.640079084868633e-06 4 1280 -0.7666643500328064 128 0
baseline 8 1680 54.91317671092952 -0.3193949110805988 -0.79498493087535 0.9877551020408163 0.9938775510204082 3.208732072368104e-07 0 1680 -0.79498493087535 128 0
baseline 8 1705 55.73033707865169 -0.4640506613254547 -0.7997570320051544 0.986734693877551 0.9938775510204082 0.0 1 1705 -0.7997570320051544 128 0
baseline 9 1 0.03268641470888662 2.5115556716918945 2.5031616658580544 0.3020408163265306 0.3489795918367347 3.225806451612903e-06 0 1 2.5031616658580544 128 0
baseline 9 80 2.6149131767109295 1.8570491814915138 0.6005004783065951 0.8806122448979592 0.9795918367346939 0.00025806451612903227 0 80 0.6005004783065951 128 0
baseline 9 160 5.229826353421859 0.6366790777537972 0.1393205535655119 0.9561224489795919 0.9897959183673469 0.0004999871624350509 0 160 0.1393205535655119 128 0
baseline 9 240 7.844739530132789 0.48127668565139176 0.03258264274621497 0.9571428571428572 0.9948979591836735 0.0004962990794052847 0 240 0.03258264274621497 128 0
baseline 9 320 10.459652706843718 0.2514918907545507 -0.12816638910040565 0.9653061224489796 0.9948979591836735 0.00048614958518009677 0 320 -0.12816638910040565 128 0
baseline 9 400 13.074565883554648 0.1634379039518535 -0.19371639490127562 0.9714285714285714 0.9948979591836735 0.0004698049416382277 0 400 -0.19371639490127562 128 0
baseline 9 480 15.689479060265578 0.253972751647234 -0.2575702391108688 0.9755102040816327 0.9948979591836735 0.0004476939342344246 0 480 -0.2575702391108688 128 0
baseline 9 560 18.304392236976508 0.12455333769321442 -0.33164891746579384 0.9704081632653061 0.996938775510204 0.00042039662323982603 0 560 -0.33164891746579384 128 0
baseline 9 640 20.919305413687436 -0.033069982379674914 -0.41984042561784085 0.9785714285714285 0.996938775510204 0.0003886291264381089 0 640 -0.41984042561784085 128 0
baseline 9 720 23.534218590398364 -0.0997770767658949 -0.49017379381218734 0.9755102040816327 0.996938775510204 0.000353224832488219 0 720 -0.49017379381218734 128 0
baseline 9 800 26.149131767109296 -0.02388629298657179 -0.49239669551654736 0.9755102040816327 0.996938775510204 0.0003151125378024133 1 800 -0.49239669551654736 128 0
baseline 9 880 28.764044943820224 -0.1536931736394763 -0.5885960890322316 0.9755102040816327 0.996938775510204 0.00027529208049685805 0 880 -0.5885960890322316 128 0
baseline 9 960 31.378958120531156 -0.15384177640080451 -0.6264464534058862 0.9795918367346939 0.996938775510204 0.000234808110633836 0 960 -0.6264464534058862 128 0
baseline 9 1040 33.99387129724208 -0.1017189584672451 -0.6431412453554115 0.9775510204081632 0.996938775510204 0.0001947226848671508 0 1040 -0.6431412453554115 128 0
baseline 9 1120 36.608784473953015 -0.126798951998353 -0.6897457614236948 0.9816326530612245 0.9959183673469387 0.00015608740444292746 0 1120 -0.6897457614236948 128 0
baseline 9 1200 39.223697650663944 -0.2938602097332478 -0.7205268400056022 0.9826530612244898 0.996938775510204 0.00011991582748762803 0 1200 -0.7205268400056022 128 0
baseline 9 1280 41.83861082737487 -0.29823410883545876 -0.7269882676552754 0.9846938775510204 0.9959183673469387 8.715687931944449e-05 0 1280 -0.7269882676552754 128 0
baseline 9 1360 44.4535240040858 -0.3396615769714117 -0.7380458140859798 0.9816326530612245 0.996938775510204 5.866995833708463e-05 0 1360 -0.7380458140859798 128 0
baseline 9 1440 47.06843718079673 -0.32621558010578156 -0.7196537650361353 0.9806122448979592 0.9959183673469387 3.520239055818114e-05 1 1360 -0.7380458140859798 128 0
baseline 9 1520 49.68335035750766 -0.3469231266528368 -0.7488018181859231 0.9826530612244898 0.996938775510204 1.7369824265066364e-05 0 1520 -0.7488018181859231 128 0
baseline 9 1600 52.29826353421859 -0.2725415129214525 -0.7576869589941843 0.9816326530612245 0.996938775510204 5.640079084868633e-06 0 1600 -0.7576869589941843 128 0
baseline 9 1680 54.91317671092952 -0.17819311171770097 -0.7382214572964882 0.9816326530612245 0.996938775510204 3.208732072368104e-07 1 1600 -0.7576869589941843 128 0
baseline 9 1705 55.73033707865169 -0.2825501835346222 -0.7421958504890909 0.9826530612244898 0.996938775510204 0.0 2 1600 -0.7576869589941843 128 0
filtered_r1 0 1 0.01634320735444331 2.4830379486083984 2.48915995773004 0.19183673469387755 0.35816326530612247 3.225806451612903e-06 0 1 2.48915995773004 64 64
filtered_r1 0 80 1.3074565883554647 1.8346734235558328 0.6256710410118103 0.8571428571428571 0.9755102040816327 0.00025806451612903227 0 80 0.6256710410118103 64 64
filtered_r1 0 160 2.6149131767109295 0.6016062100883574 0.1588474184882884 0.9459183673469388 0.9887755102040816 0.0004999871624350509 0 160 0.1588474184882884 64 64
filtered_r1 0 240 3.9223697650663945 0.3771987759973854 0.027874314937056326 0.9561224489795919 0.9948979591836735 0.0004962990794052847 0 240 0.027874314937056326 64 64
filtered_r1 0 320 5.229826353421859 0.4302336798980832 -0.039672016610904616 0.9755102040816327 0.9897959183673469 0.00048614958518009677 0 320 -0.039672016610904616 64 64
filtered_r1 0 400 6.537282941777324 0.26618212796747687 -0.18271055422267135 0.9836734693877551 0.9948979591836735 0.0004698049416382277 0 400 -0.18271055422267135 64 64
filtered_r1 0 480 7.844739530132789 0.07715686950832605 -0.30040067920879443 0.9775510204081632 0.9948979591836735 0.0004476939342344246 0 480 -0.30040067920879443 64 64
filtered_r1 0 560 9.152196118488254 0.05266816467046738 -0.3744225381588449 0.9928571428571429 0.9938775510204082 0.00042039662323982603 0 560 -0.3744225381588449 64 64
filtered_r1 0 640 10.459652706843718 0.11083703469485044 -0.41374497875875355 0.9785714285714285 0.9938775510204082 0.0003886291264381089 0 640 -0.41374497875875355 64 64
filtered_r1 0 720 11.767109295199182 -0.11373493373394013 -0.535274153826188 0.9948979591836735 0.9938775510204082 0.000353224832488219 0 720 -0.535274153826188 64 64
filtered_r1 0 800 13.074565883554648 0.009314952045679092 -0.5135572795965233 0.9897959183673469 0.9928571428571429 0.0003151125378024133 1 720 -0.535274153826188 64 64
filtered_r1 0 880 14.382022471910112 -0.13502250853925943 -0.5846874808778568 0.9908163265306122 0.9938775510204082 0.00027529208049685805 0 880 -0.5846874808778568 64 64
filtered_r1 0 960 15.689479060265578 -0.19317496456205846 -0.6497309040050118 0.9928571428571429 0.9938775510204082 0.000234808110633836 0 960 -0.6497309040050118 64 64
filtered_r1 0 1040 16.99693564862104 -0.2391834370791912 -0.7179201291531933 0.9979591836734694 0.9928571428571429 0.0001947226848671508 0 1040 -0.7179201291531933 64 64
filtered_r1 0 1120 18.304392236976508 -0.2702184371650219 -0.682537778299682 0.9928571428571429 0.9938775510204082 0.00015608740444292746 1 1040 -0.7179201291531933 64 64
filtered_r1 0 1200 19.611848825331972 -0.27608167976140974 -0.6855940979354236 0.9959183673469387 0.9938775510204082 0.00011991582748762803 2 1040 -0.7179201291531933 64 64
filtered_r1 0 1280 20.919305413687436 -0.21193534061312674 -0.7526980266279104 0.9918367346938776 0.9938775510204082 8.715687931944449e-05 0 1280 -0.7526980266279104 64 64
filtered_r1 0 1360 22.2267620020429 -0.34179503209888934 -0.7684267370068297 0.9959183673469387 0.9928571428571429 5.866995833708463e-05 0 1360 -0.7684267370068297 64 64
filtered_r1 0 1440 23.534218590398364 -0.22208849638700484 -0.7217335645033389 0.9948979591836735 0.9938775510204082 3.520239055818114e-05 1 1360 -0.7684267370068297 64 64
filtered_r1 0 1520 24.84167517875383 -0.3400462370365858 -0.7337691117306144 0.9959183673469387 0.9938775510204082 1.7369824265066364e-05 2 1360 -0.7684267370068297 64 64
filtered_r1 0 1600 26.149131767109296 -0.19369168616831303 -0.7482575474953165 0.9959183673469387 0.9928571428571429 5.640079084868633e-06 3 1360 -0.7684267370068297 64 64
filtered_r1 0 1680 27.45658835546476 -0.3820204310119152 -0.7992442177266491 0.9979591836734694 0.9928571428571429 3.208732072368104e-07 0 1680 -0.7992442177266491 64 64
filtered_r1 0 1705 27.865168539325843 -0.4125095212459564 -0.7835486606675751 0.9959183673469387 0.9938775510204082 0.0 1 1680 -0.7992442177266491 64 64
filtered_r1 1 1 0.01634320735444331 2.528433084487915 2.486384241921561 0.24591836734693878 0.33877551020408164 3.225806451612903e-06 0 1 2.486384241921561 64 64
filtered_r1 1 80 1.3074565883554647 1.8896793745741058 0.6108221504153037 0.8438775510204082 0.9857142857142858 0.00025806451612903227 0 80 0.6108221504153037 64 64
filtered_r1 1 160 2.6149131767109295 0.7692919811233878 0.20662879858698163 0.9336734693877551 0.996938775510204 0.0004999871624350509 0 160 0.20662879858698163 64 64
filtered_r1 1 240 3.9223697650663945 0.5049302801024169 0.05496356484233117 0.9571428571428572 0.996938775510204 0.0004962990794052847 0 240 0.05496356484233117 64 64
filtered_r1 1 320 5.229826353421859 0.3555204632692039 -0.11702823991678199 0.9673469387755103 0.9959183673469387 0.00048614958518009677 0 320 -0.11702823991678199 64 64
filtered_r1 1 400 6.537282941777324 0.2790043001063168 -0.10859663072897463 0.9755102040816327 0.9959183673469387 0.0004698049416382277 1 320 -0.11702823991678199 64 64
filtered_r1 1 480 7.844739530132789 0.14733738265931606 -0.27404778234812677 0.9795918367346939 0.9959183673469387 0.0004476939342344246 0 480 -0.27404778234812677 64 64
filtered_r1 1 560 9.152196118488254 0.06506782807409764 -0.34063612210507294 0.9734693877551021 0.9959183673469387 0.00042039662323982603 0 560 -0.34063612210507294 64 64
filtered_r1 1 640 10.459652706843718 0.17038913890719415 -0.3619151779583522 0.9704081632653061 0.9948979591836735 0.0003886291264381089 0 640 -0.3619151779583522 64 64
filtered_r1 1 720 11.767109295199182 -0.11763799376785755 -0.4530373495452258 0.9755102040816327 0.9948979591836735 0.000353224832488219 0 720 -0.4530373495452258 64 64
filtered_r1 1 800 13.074565883554648 -0.022183948568999766 -0.5353501920797387 0.9775510204081632 0.9948979591836735 0.0003151125378024133 0 800 -0.5353501920797387 64 64
filtered_r1 1 880 14.382022471910112 -0.2513743780553341 -0.5903887366761966 0.9816326530612245 0.9948979591836735 0.00027529208049685805 0 880 -0.5903887366761966 64 64
filtered_r1 1 960 15.689479060265578 -0.23287145271897317 -0.6138108253479004 0.9836734693877551 0.9948979591836735 0.000234808110633836 0 960 -0.6138108253479004 64 64
filtered_r1 1 1040 16.99693564862104 -0.18156335093080997 -0.6714182187099846 0.9785714285714285 0.9948979591836735 0.0001947226848671508 0 1040 -0.6714182187099846 64 64
filtered_r1 1 1120 18.304392236976508 -0.31378262527287004 -0.6785537700263822 0.9785714285714285 0.9948979591836735 0.00015608740444292746 0 1120 -0.6785537700263822 64 64
filtered_r1 1 1200 19.611848825331972 -0.17186860851943492 -0.7019150193856687 0.9795918367346939 0.9948979591836735 0.00011991582748762803 0 1200 -0.7019150193856687 64 64
filtered_r1 1 1280 20.919305413687436 -0.3184781938791275 -0.7515699556895665 0.9806122448979592 0.9948979591836735 8.715687931944449e-05 0 1280 -0.7515699556895665 64 64
filtered_r1 1 1360 22.2267620020429 -0.25635283142328263 -0.7258581433977399 0.9795918367346939 0.9948979591836735 5.866995833708463e-05 1 1280 -0.7515699556895665 64 64
filtered_r1 1 1440 23.534218590398364 -0.3207365177571774 -0.7478456519087967 0.9816326530612245 0.9948979591836735 3.520239055818114e-05 2 1280 -0.7515699556895665 64 64
filtered_r1 1 1520 24.84167517875383 -0.1706933457404375 -0.7485399392186379 0.9806122448979592 0.9948979591836735 1.7369824265066364e-05 3 1280 -0.7515699556895665 64 64
filtered_r1 1 1600 26.149131767109296 -0.4175403356552124 -0.7639001432730227 0.9806122448979592 0.9948979591836735 5.640079084868633e-06 0 1600 -0.7639001432730227 64 64
filtered_r1 1 1680 27.45658835546476 -0.2839683972299099 -0.7459447288999752 0.9816326530612245 0.9948979591836735 3.208732072368104e-07 1 1600 -0.7639001432730227 64 64
filtered_r1 1 1705 27.865168539325843 -0.4144271528720856 -0.7699432947197739 0.9816326530612245 0.9948979591836735 0.0 0 1705 -0.7699432947197739 64 64
filtered_r1 2 1 0.01634320735444331 2.511634111404419 2.4955595425197057 0.20510204081632652 0.33979591836734696 3.225806451612903e-06 0 1 2.4955595425197057 64 64
filtered_r1 2 80 1.3074565883554647 1.8789600397967086 0.6239657652621367 0.8571428571428571 0.9714285714285714 0.00025806451612903227 0 80 0.6239657652621367 64 64
filtered_r1 2 160 2.6149131767109295 0.6970251625869424 0.17024610918395372 0.9336734693877551 0.9948979591836735 0.0004999871624350509 0 160 0.17024610918395372 64 64
filtered_r1 2 240 3.9223697650663945 0.43400232326239346 -0.01414265263141418 0.9704081632653061 0.9948979591836735 0.0004962990794052847 0 240 -0.01414265263141418 64 64
filtered_r1 2 320 5.229826353421859 0.40003223437815905 -0.054271986746058175 0.9795918367346939 0.9959183673469387 0.00048614958518009677 0 320 -0.054271986746058175 64 64
filtered_r1 2 400 6.537282941777324 0.2958261932246387 -0.18424144679186297 0.9734693877551021 0.9948979591836735 0.0004698049416382277 0 400 -0.18424144679186297 64 64
filtered_r1 2 480 7.844739530132789 0.07744870260357857 -0.26463357404786714 0.9734693877551021 0.9938775510204082 0.0004476939342344246 0 480 -0.26463357404786714 64 64
filtered_r1 2 560 9.152196118488254 0.013621663674712181 -0.37182223139976966 0.9775510204081632 0.9948979591836735 0.00042039662323982603 0 560 -0.37182223139976966 64 64
filtered_r1 2 640 10.459652706843718 0.14552095551043748 -0.4184785076550075 0.976530612244898 0.9959183673469387 0.0003886291264381089 0 640 -0.4184785076550075 64 64
filtered_r1 2 720 11.767109295199182 -0.13226129673421383 -0.5180009664321432 0.9836734693877551 0.9948979591836735 0.000353224832488219 0 720 -0.5180009664321432 64 64
filtered_r1 2 800 13.074565883554648 -0.025841134414076806 -0.579845089085248 0.9826530612244898 0.9948979591836735 0.0003151125378024133 0 800 -0.579845089085248 64 64
filtered_r1 2 880 14.382022471910112 -0.18097851797938347 -0.6416541517997275 0.9836734693877551 0.9948979591836735 0.00027529208049685805 0 880 -0.6416541517997275 64 64
filtered_r1 2 960 15.689479060265578 -0.0701496109366417 -0.6180522334818938 0.9836734693877551 0.9948979591836735 0.000234808110633836 1 880 -0.6416541517997275 64 64
filtered_r1 2 1040 16.99693564862104 -0.27796224504709244 -0.706372299486277 0.9857142857142858 0.9948979591836735 0.0001947226848671508 0 1040 -0.706372299486277 64 64
filtered_r1 2 1120 18.304392236976508 -0.11777376383543015 -0.6552265828969527 0.9887755102040816 0.9948979591836735 0.00015608740444292746 1 1040 -0.706372299486277 64 64
filtered_r1 2 1200 19.611848825331972 -0.23248232752084733 -0.7185553660198134 0.9887755102040816 0.9948979591836735 0.00011991582748762803 0 1200 -0.7185553660198134 64 64
filtered_r1 2 1280 20.919305413687436 -0.1607890572398901 -0.759577506415698 0.9857142857142858 0.9948979591836735 8.715687931944449e-05 0 1280 -0.759577506415698 64 64
filtered_r1 2 1360 22.2267620020429 -0.21338901445269584 -0.7385731989023637 0.9887755102040816 0.9948979591836735 5.866995833708463e-05 1 1280 -0.759577506415698 64 64
filtered_r1 2 1440 23.534218590398364 -0.19668774791061877 -0.7423456036314673 0.9877551020408163 0.9948979591836735 3.520239055818114e-05 2 1280 -0.759577506415698 64 64
filtered_r1 2 1520 24.84167517875383 -0.33696944154798986 -0.780996103675998 0.9887755102040816 0.9948979591836735 1.7369824265066364e-05 0 1520 -0.780996103675998 64 64
filtered_r1 2 1600 26.149131767109296 -0.32822731621563433 -0.7938548710881447 0.9897959183673469 0.9948979591836735 5.640079084868633e-06 0 1600 -0.7938548710881447 64 64
filtered_r1 2 1680 27.45658835546476 -0.3958355084061623 -0.7897657065975423 0.9877551020408163 0.9948979591836735 3.208732072368104e-07 1 1600 -0.7938548710881447 64 64
filtered_r1 2 1705 27.865168539325843 -0.34905478477478025 -0.7890176062681237 0.9897959183673469 0.9948979591836735 0.0 2 1600 -0.7938548710881447 64 64
filtered_r1 3 1 0.01634320735444331 2.5549981594085693 2.5205141281595034 0.2173469387755102 0.3663265306122449 3.225806451612903e-06 0 1 2.5205141281595034 64 64
filtered_r1 3 80 1.3074565883554647 1.9822561401355117 0.7388902810155129 0.85 0.9755102040816327 0.00025806451612903227 0 80 0.7388902810155129 64 64
filtered_r1 3 160 2.6149131767109295 0.684007148630917 0.17508127409584667 0.936734693877551 0.9938775510204082 0.0004999871624350509 0 160 0.17508127409584667 64 64
filtered_r1 3 240 3.9223697650663945 0.572934246249497 0.08969255567205195 0.9581632653061225 0.9948979591836735 0.0004962990794052847 0 240 0.08969255567205195 64 64
filtered_r1 3 320 5.229826353421859 0.3713786576874554 -0.15756103116638806 0.9795918367346939 0.9938775510204082 0.00048614958518009677 0 320 -0.15756103116638806 64 64
filtered_r1 3 400 6.537282941777324 0.35545325139537454 -0.1995028101668066 0.976530612244898 0.9959183673469387 0.0004698049416382277 0 400 -0.1995028101668066 64 64
filtered_r1 3 480 7.844739530132789 0.09501042440533639 -0.3141859884164771 0.9816326530612245 0.9959183673469387 0.0004476939342344246 0 480 -0.3141859884164771 64 64
filtered_r1 3 560 9.152196118488254 0.19109397009015083 -0.3846232091893955 0.9836734693877551 0.9959183673469387 0.00042039662323982603 0 560 -0.3846232091893955 64 64
filtered_r1 3 640 10.459652706843718 0.020976966992020608 -0.4350924246165217 0.9826530612244898 0.9948979591836735 0.0003886291264381089 0 640 -0.4350924246165217 64 64
filtered_r1 3 720 11.767109295199182 0.0043163012713193895 -0.5268446973391941 0.9846938775510204 0.9948979591836735 0.000353224832488219 0 720 -0.5268446973391941 64 64
filtered_r1 3 800 13.074565883554648 -0.19045688007026912 -0.6351182421859429 0.9928571428571429 0.9959183673469387 0.0003151125378024133 0 800 -0.6351182421859429 64 64
filtered_r1 3 880 14.382022471910112 -0.08161147199571132 -0.6492022431626612 0.9918367346938776 0.9948979591836735 0.00027529208049685805 0 880 -0.6492022431626612 64 64
filtered_r1 3 960 15.689479060265578 -0.10085405595600605 -0.6871618701487171 0.9887755102040816 0.9948979591836735 0.000234808110633836 0 960 -0.6871618701487171 64 64
filtered_r1 3 1040 16.99693564862104 -0.17017971463501452 -0.7339607051440648 0.9877551020408163 0.9948979591836735 0.0001947226848671508 0 1040 -0.7339607051440648 64 64
filtered_r1 3 1120 18.304392236976508 -0.13347971998155117 -0.7218949308200758 0.9887755102040816 0.9959183673469387 0.00015608740444292746 1 1040 -0.7339607051440648 64 64
filtered_r1 3 1200 19.611848825331972 -0.24300631321966648 -0.7526115086613869 0.9897959183673469 0.9948979591836735 0.00011991582748762803 0 1200 -0.7526115086613869 64 64
filtered_r1 3 1280 20.919305413687436 -0.21931761987507342 -0.7616240992838023 0.9908163265306122 0.9948979591836735 8.715687931944449e-05 0 1280 -0.7616240992838023 64 64
filtered_r1 3 1360 22.2267620020429 -0.3504807993769646 -0.7514031067186472 0.9897959183673469 0.9948979591836735 5.866995833708463e-05 1 1280 -0.7616240992838023 64 64
filtered_r1 3 1440 23.534218590398364 -0.2666647057980299 -0.8168642102455607 0.9928571428571429 0.9948979591836735 3.520239055818114e-05 0 1440 -0.8168642102455607 64 64
filtered_r1 3 1520 24.84167517875383 -0.27003320045769214 -0.8090697025766178 0.9928571428571429 0.9948979591836735 1.7369824265066364e-05 1 1440 -0.8168642102455607 64 64
filtered_r1 3 1600 26.149131767109296 -0.3417505018413067 -0.8453717511527392 0.9918367346938776 0.9948979591836735 5.640079084868633e-06 0 1600 -0.8453717511527392 64 64
filtered_r1 3 1680 27.45658835546476 -0.33403121307492256 -0.7935003397416095 0.9938775510204082 0.9948979591836735 3.208732072368104e-07 1 1600 -0.8453717511527392 64 64
filtered_r1 3 1705 27.865168539325843 -0.23749740958213805 -0.7913892891942238 0.9938775510204082 0.9948979591836735 0.0 2 1600 -0.8453717511527392 64 64
filtered_r1 4 1 0.01634320735444331 2.5407772064208984 2.509955371156031 0.2357142857142857 0.3795918367346939 3.225806451612903e-06 0 1 2.509955371156031 64 64
filtered_r1 4 80 1.3074565883554647 1.945472902135004 0.7076362055175158 0.8561224489795919 0.9755102040816327 0.00025806451612903227 0 80 0.7076362055175158 64 64
filtered_r1 4 160 2.6149131767109295 0.5612322192173451 0.1714095647237739 0.9326530612244898 0.9938775510204082 0.0004999871624350509 0 160 0.1714095647237739 64 64
filtered_r1 4 240 3.9223697650663945 0.388629228528589 -0.02338933299998848 0.9663265306122449 0.9979591836734694 0.0004962990794052847 0 240 -0.02338933299998848 64 64
filtered_r1 4 320 5.229826353421859 0.279460808634758 -0.12527287638917262 0.9806122448979592 0.9948979591836735 0.00048614958518009677 0 320 -0.12527287638917262 64 64
filtered_r1 4 400 6.537282941777324 0.26996696563437583 -0.17470686435699462 0.9775510204081632 0.996938775510204 0.0004698049416382277 0 400 -0.17470686435699462 64 64
filtered_r1 4 480 7.844739530132789 0.19928465653210878 -0.25702681358979673 0.9724489795918367 0.9959183673469387 0.0004476939342344246 0 480 -0.25702681358979673 64 64
filtered_r1 4 560 9.152196118488254 0.11559414714574814 -0.33258511119959305 0.976530612244898 0.9948979591836735 0.00042039662323982603 0 560 -0.33258511119959305 64 64
filtered_r1 4 640 10.459652706843718 -0.01966216415166855 -0.465817180215096 0.9846938775510204 0.9938775510204082 0.0003886291264381089 0 640 -0.465817180215096 64 64
filtered_r1 4 720 11.767109295199182 -0.11478957310318946 -0.5412219743339383 0.9908163265306122 0.996938775510204 0.000353224832488219 0 720 -0.5412219743339383 64 64
filtered_r1 4 800 13.074565883554648 -0.1664947783574462 -0.5964135714939662 0.9877551020408163 0.9959183673469387 0.0003151125378024133 0 800 -0.5964135714939662 64 64
filtered_r1 4 880 14.382022471910112 -0.09698124807327986 -0.6234194755554199 0.9857142857142858 0.9938775510204082 0.00027529208049685805 0 880 -0.6234194755554199 64 64
filtered_r1 4 960 15.689479060265578 -0.28228671103715897 -0.648134479230764 0.9826530612244898 0.9948979591836735 0.000234808110633836 0 960 -0.648134479230764 64 64
filtered_r1 4 1040 16.99693564862104 -0.22394416853785515 -0.6752248104737729 0.9877551020408163 0.9938775510204082 0.0001947226848671508 0 1040 -0.6752248104737729 64 64
filtered_r1 4 1120 18.304392236976508 -0.4000364951789379 -0.7238948904738134 0.986734693877551 0.9938775510204082 0.00015608740444292746 0 1120 -0.7238948904738134 64 64
filtered_r1 4 1200 19.611848825331972 -0.15466368719935417 -0.742766831602369 0.9908163265306122 0.9948979591836735 0.00011991582748762803 0 1200 -0.742766831602369 64 64
filtered_r1 4 1280 20.919305413687436 -0.17689301818609238 -0.7458887550295615 0.9918367346938776 0.9948979591836735 8.715687931944449e-05 1 1280 -0.7458887550295615 64 64
filtered_r1 4 1360 22.2267620020429 -0.18437137007713317 -0.7649215075434471 0.9938775510204082 0.9948979591836735 5.866995833708463e-05 0 1360 -0.7649215075434471 64 64
filtered_r1 4 1440 23.534218590398364 -0.14953184351325036 -0.7779570594125864 0.9928571428571429 0.9948979591836735 3.520239055818114e-05 0 1440 -0.7779570594125864 64 64
filtered_r1 4 1520 24.84167517875383 -0.32884271144866944 -0.7783176680000461 0.9938775510204082 0.9938775510204082 1.7369824265066364e-05 1 1520 -0.7783176680000461 64 64
filtered_r1 4 1600 26.149131767109296 -0.2794925168156624 -0.7716052128344166 0.9928571428571429 0.9938775510204082 5.640079084868633e-06 2 1520 -0.7783176680000461 64 64
filtered_r1 4 1680 27.45658835546476 -0.21602289266884328 -0.7932778519027087 0.9928571428571429 0.9938775510204082 3.208732072368104e-07 0 1680 -0.7932778519027087 64 64
filtered_r1 4 1705 27.865168539325843 -0.2872428023815155 -0.7776236397879465 0.9928571428571429 0.9938775510204082 0.0 1 1680 -0.7932778519027087 64 64
filtered_r1 5 1 0.01634320735444331 2.470616579055786 2.528094244003296 0.21224489795918366 0.3408163265306122 3.225806451612903e-06 0 1 2.528094244003296 64 64
filtered_r1 5 80 1.3074565883554647 1.8580849306492866 0.6195628864424569 0.8704081632653061 0.9826530612244898 0.00025806451612903227 0 80 0.6195628864424569 64 64
filtered_r1 5 160 2.6149131767109295 0.7266902193427086 0.2387028559738276 0.9438775510204082 0.9918367346938776 0.0004999871624350509 0 160 0.2387028559738276 64 64
filtered_r1 5 240 3.9223697650663945 0.5239599605556577 -0.0027401833509912298 0.9734693877551021 0.9959183673469387 0.0004962990794052847 0 240 -0.0027401833509912298 64 64
filtered_r1 5 320 5.229826353421859 0.4445278654806316 -0.11841295197301982 0.9836734693877551 0.9959183673469387 0.00048614958518009677 0 320 -0.11841295197301982 64 64
filtered_r1 5 400 6.537282941777324 0.2157837998121977 -0.21963768455446983 0.9846938775510204 0.9959183673469387 0.0004698049416382277 0 400 -0.21963768455446983 64 64
filtered_r1 5 480 7.844739530132789 0.16666246727108955 -0.3270636429592055 0.986734693877551 0.9959183673469387 0.0004476939342344246 0 480 -0.3270636429592055 64 64
filtered_r1 5 560 9.152196118488254 0.05692556295543909 -0.4319337105264469 0.986734693877551 0.9959183673469387 0.00042039662323982603 0 560 -0.4319337105264469 64 64
filtered_r1 5 640 10.459652706843718 -0.15721975434571506 -0.48119840792247226 0.9877551020408163 0.9959183673469387 0.0003886291264381089 0 640 -0.48119840792247226 64 64
filtered_r1 5 720 11.767109295199182 -0.0064368778839707375 -0.4983432706521482 0.9857142857142858 0.9959183673469387 0.000353224832488219 0 720 -0.4983432706521482 64 64
filtered_r1 5 800 13.074565883554648 -0.096163260191679 -0.5861755964707355 0.9908163265306122 0.9959183673469387 0.0003151125378024133 0 800 -0.5861755964707355 64 64
filtered_r1 5 880 14.382022471910112 0.01856437176465988 -0.5246471332044017 0.9816326530612245 0.9959183673469387 0.00027529208049685805 1 800 -0.5861755964707355 64 64
filtered_r1 5 960 15.689479060265578 -0.15828006155788898 -0.6764461823872158 0.9918367346938776 0.9959183673469387 0.000234808110633836 0 960 -0.6764461823872158 64 64
filtered_r1 5 1040 16.99693564862104 -0.24555845111608504 -0.6963247581404083 0.9887755102040816 0.9959183673469387 0.0001947226848671508 0 1040 -0.6963247581404083 64 64
filtered_r1 5 1120 18.304392236976508 -0.10549950040876865 -0.7224450812047841 0.9918367346938776 0.9959183673469387 0.00015608740444292746 0 1120 -0.7224450812047841 64 64
filtered_r1 5 1200 19.611848825331972 -0.062314563617110255 -0.6861345315466122 0.9836734693877551 0.9959183673469387 0.00011991582748762803 1 1120 -0.7224450812047841 64 64
filtered_r1 5 1280 20.919305413687436 -0.27399807535111903 -0.7803265824609873 0.9908163265306122 0.9959183673469387 8.715687931944449e-05 0 1280 -0.7803265824609873 64 64
filtered_r1 5 1360 22.2267620020429 -0.3410617459565401 -0.7904975769471149 0.9897959183673469 0.9959183673469387 5.866995833708463e-05 0 1360 -0.7904975769471149 64 64
filtered_r1 5 1440 23.534218590398364 -0.18008800856769086 -0.7731659208025251 0.9877551020408163 0.9959183673469387 3.520239055818114e-05 1 1360 -0.7904975769471149 64 64
filtered_r1 5 1520 24.84167517875383 -0.30847174786031245 -0.7914894819259644 0.9928571428571429 0.9959183673469387 1.7369824265066364e-05 2 1520 -0.7914894819259644 64 64
filtered_r1 5 1600 26.149131767109296 -0.17381879389286042 -0.8071598072441257 0.9928571428571429 0.9959183673469387 5.640079084868633e-06 0 1600 -0.8071598072441257 64 64
filtered_r1 5 1680 27.45658835546476 -0.31778961420059204 -0.793851971869566 0.9908163265306122 0.9959183673469387 3.208732072368104e-07 1 1600 -0.8071598072441257 64 64
filtered_r1 5 1705 27.865168539325843 -0.24849560618400574 -0.785683640411922 0.9897959183673469 0.9959183673469387 0.0 2 1600 -0.8071598072441257 64 64
filtered_r1 6 1 0.01634320735444331 2.4692485332489014 2.4851884686217014 0.18877551020408162 0.3510204081632653 3.225806451612903e-06 0 1 2.4851884686217014 64 64
filtered_r1 6 80 1.3074565883554647 1.8598985656907288 0.60967204327486 0.8591836734693877 0.9816326530612245 0.00025806451612903227 0 80 0.60967204327486 64 64
filtered_r1 6 160 2.6149131767109295 0.7434099087957293 0.09826434111716796 0.9612244897959183 0.9938775510204082 0.0004999871624350509 0 160 0.09826434111716796 64 64
filtered_r1 6 240 3.9223697650663945 0.44420580035075546 0.034579356622939206 0.9714285714285714 0.9938775510204082 0.0004962990794052847 0 240 0.034579356622939206 64 64
filtered_r1 6 320 5.229826353421859 0.35205483725294473 -0.11316249145537007 0.9795918367346939 0.9959183673469387 0.00048614958518009677 0 320 -0.11316249145537007 64 64
filtered_r1 6 400 6.537282941777324 0.1260913993231952 -0.23320026531511423 0.9785714285714285 0.9948979591836735 0.0004698049416382277 0 400 -0.23320026531511423 64 64
filtered_r1 6 480 7.844739530132789 0.061845502071082595 -0.32332130865174896 0.9816326530612245 0.9948979591836735 0.0004476939342344246 0 480 -0.32332130865174896 64 64
filtered_r1 6 560 9.152196118488254 -0.0024089565500617026 -0.3719623551076772 0.9775510204081632 0.9918367346938776 0.00042039662323982603 0 560 -0.3719623551076772 64 64
filtered_r1 6 640 10.459652706843718 0.08790927100926638 -0.45462960065627583 0.9785714285714285 0.9938775510204082 0.0003886291264381089 0 640 -0.45462960065627583 64 64
filtered_r1 6 720 11.767109295199182 0.0179666506126523 -0.5308384895324707 0.9826530612244898 0.9948979591836735 0.000353224832488219 0 720 -0.5308384895324707 64 64
filtered_r1 6 800 13.074565883554648 -0.05517815016210079 -0.5645581853633024 0.9785714285714285 0.9938775510204082 0.0003151125378024133 0 800 -0.5645581853633024 64 64
filtered_r1 6 880 14.382022471910112 -0.22435965482145548 -0.5730199740857495 0.9704081632653061 0.9938775510204082 0.00027529208049685805 0 880 -0.5730199740857495 64 64
filtered_r1 6 960 15.689479060265578 -0.19635220989584923 -0.605975903053673 0.9816326530612245 0.9948979591836735 0.000234808110633836 0 960 -0.605975903053673 64 64
filtered_r1 6 1040 16.99693564862104 -0.21288969814777375 -0.6922045785553601 0.9795918367346939 0.9948979591836735 0.0001947226848671508 0 1040 -0.6922045785553601 64 64
filtered_r1 6 1120 18.304392236976508 -0.21182284280657768 -0.6953830517068201 0.9785714285714285 0.9938775510204082 0.00015608740444292746 1 1120 -0.6953830517068201 64 64
filtered_r1 6 1200 19.611848825331972 -0.23021466918289663 -0.7344033114764155 0.986734693877551 0.9938775510204082 0.00011991582748762803 0 1200 -0.7344033114764155 64 64
filtered_r1 6 1280 20.919305413687436 -0.30528476983308794 -0.7529620097607982 0.9795918367346939 0.9948979591836735 8.715687931944449e-05 0 1280 -0.7529620097607982 64 64
filtered_r1 6 1360 22.2267620020429 -0.3509386334568262 -0.7689375565976513 0.9826530612244898 0.9948979591836735 5.866995833708463e-05 0 1360 -0.7689375565976513 64 64
filtered_r1 6 1440 23.534218590398364 -0.22001045309007167 -0.7715434753164954 0.9846938775510204 0.9948979591836735 3.520239055818114e-05 1 1440 -0.7715434753164954 64 64
filtered_r1 6 1520 24.84167517875383 -0.25507542565464975 -0.7628195745604379 0.9846938775510204 0.9948979591836735 1.7369824265066364e-05 2 1440 -0.7715434753164954 64 64
filtered_r1 6 1600 26.149131767109296 -0.25871518924832343 -0.71319316163355 0.9836734693877551 0.9948979591836735 5.640079084868633e-06 3 1440 -0.7715434753164954 64 64
filtered_r1 6 1680 27.45658835546476 -0.18644221015274526 -0.7275866304125105 0.9846938775510204 0.9928571428571429 3.208732072368104e-07 4 1440 -0.7715434753164954 64 64
filtered_r1 6 1705 27.865168539325843 -0.049276690483093265 -0.7255046752034401 0.9826530612244898 0.9928571428571429 0.0 5 1440 -0.7715434753164954 64 64
filtered_r1 7 1 0.01634320735444331 2.488515853881836 2.5037885315564212 0.23469387755102042 0.32448979591836735 3.225806451612903e-06 0 1 2.5037885315564212 64 64
filtered_r1 7 80 1.3074565883554647 1.878165140182157 0.6215986760295167 0.8622448979591837 0.9775510204081632 0.00025806451612903227 0 80 0.6215986760295167 64 64
filtered_r1 7 160 2.6149131767109295 0.643473062897101 0.17556652603100759 0.9459183673469388 0.9908163265306122 0.0004999871624350509 0 160 0.17556652603100759 64 64
filtered_r1 7 240 3.9223697650663945 0.5494608661625534 0.032792914217832134 0.9581632653061225 0.9959183673469387 0.0004962990794052847 0 240 0.032792914217832134 64 64
filtered_r1 7 320 5.229826353421859 0.4388904819265008 -0.07587576970762136 0.963265306122449 0.9959183673469387 0.00048614958518009677 0 320 -0.07587576970762136 64 64
filtered_r1 7 400 6.537282941777324 0.3226675545796752 -0.17485796681472232 0.9734693877551021 0.9959183673469387 0.0004698049416382277 0 400 -0.17485796681472232 64 64
filtered_r1 7 480 7.844739530132789 0.2103456323966384 -0.25287425183520024 0.9755102040816327 0.9959183673469387 0.0004476939342344246 0 480 -0.25287425183520024 64 64
filtered_r1 7 560 9.152196118488254 0.09354742858558893 -0.35569648000658777 0.9775510204081632 0.9959183673469387 0.00042039662323982603 0 560 -0.35569648000658777 64 64
filtered_r1 7 640 10.459652706843718 -0.037187919951975346 -0.4041977394600304 0.9683673469387755 0.9959183673469387 0.0003886291264381089 0 640 -0.4041977394600304 64 64
filtered_r1 7 720 11.767109295199182 -0.08731226660311223 -0.48637632800608266 0.9785714285714285 0.996938775510204 0.000353224832488219 0 720 -0.48637632800608266 64 64
filtered_r1 7 800 13.074565883554648 -0.11236642617732287 -0.5091333975597304 0.9775510204081632 0.9959183673469387 0.0003151125378024133 0 800 -0.5091333975597304 64 64
filtered_r1 7 880 14.382022471910112 -0.0594033770263195 -0.5768651770085704 0.9795918367346939 0.9959183673469387 0.00027529208049685805 0 880 -0.5768651770085704 64 64
filtered_r1 7 960 15.689479060265578 -0.18653990589082242 -0.6123261023540886 0.9795918367346939 0.996938775510204 0.000234808110633836 0 960 -0.6123261023540886 64 64
filtered_r1 7 1040 16.99693564862104 -0.1410106860101223 -0.6373408174028202 0.9795918367346939 0.996938775510204 0.0001947226848671508 0 1040 -0.6373408174028202 64 64
filtered_r1 7 1120 18.304392236976508 -0.1498995378613472 -0.6780707332552696 0.9816326530612245 0.996938775510204 0.00015608740444292746 0 1120 -0.6780707332552696 64 64
filtered_r1 7 1200 19.611848825331972 -0.252935953065753 -0.732729637379549 0.9795918367346939 0.996938775510204 0.00011991582748762803 0 1200 -0.732729637379549 64 64
filtered_r1 7 1280 20.919305413687436 -0.3187604624778032 -0.7642963574857128 0.9846938775510204 0.996938775510204 8.715687931944449e-05 0 1280 -0.7642963574857128 64 64
filtered_r1 7 1360 22.2267620020429 -0.1920828904956579 -0.7049068557972811 0.9846938775510204 0.996938775510204 5.866995833708463e-05 1 1280 -0.7642963574857128 64 64
filtered_r1 7 1440 23.534218590398364 -0.3076174721121788 -0.7596496562568509 0.9826530612244898 0.996938775510204 3.520239055818114e-05 2 1280 -0.7642963574857128 64 64
filtered_r1 7 1520 24.84167517875383 -0.2274656444787979 -0.7208719754705624 0.9836734693877551 0.996938775510204 1.7369824265066364e-05 3 1280 -0.7642963574857128 64 64
filtered_r1 7 1600 26.149131767109296 -0.40492484867572787 -0.7590121811749984 0.9846938775510204 0.9959183673469387 5.640079084868633e-06 4 1280 -0.7642963574857128 64 64
filtered_r1 7 1680 27.45658835546476 -0.29648296274244784 -0.7687884318585299 0.9877551020408163 0.996938775510204 3.208732072368104e-07 5 1680 -0.7687884318585299 64 64
filtered_r1 7 1705 27.865168539325843 -0.3439957594871521 -0.7626621895906877 0.9857142857142858 0.9959183673469387 0.0 6 1680 -0.7687884318585299 64 64
filtered_r1 8 1 0.01634320735444331 2.5797481536865234 2.5149116243634904 0.2714285714285714 0.3306122448979592 3.225806451612903e-06 0 1 2.5149116243634904 64 64
filtered_r1 8 80 1.3074565883554647 1.9628490571734272 0.7240609249290155 0.8193877551020409 0.9775510204081632 0.00025806451612903227 0 80 0.7240609249290155 64 64
filtered_r1 8 160 2.6149131767109295 0.759448837209493 0.24164791976918978 0.9428571428571428 0.9928571428571429 0.0004999871624350509 0 160 0.24164791976918978 64 64
filtered_r1 8 240 3.9223697650663945 0.5112634894903749 0.012233981824651057 0.9642857142857143 0.9938775510204082 0.0004962990794052847 0 240 0.012233981824651057 64 64
filtered_r1 8 320 5.229826353421859 0.349560777284205 -0.08759584411674616 0.9724489795918367 0.9959183673469387 0.00048614958518009677 0 320 -0.08759584411674616 64 64
filtered_r1 8 400 6.537282941777324 0.1858260680921376 -0.21406363029869235 0.9755102040816327 0.9948979591836735 0.0004698049416382277 0 400 -0.21406363029869235 64 64
filtered_r1 8 480 7.844739530132789 0.19686798956245183 -0.28753985640954 0.9744897959183674 0.9948979591836735 0.0004476939342344246 0 480 -0.28753985640954 64 64
filtered_r1 8 560 9.152196118488254 0.11830449756234884 -0.35727195545118684 0.9755102040816327 0.9938775510204082 0.00042039662323982603 0 560 -0.35727195545118684 64 64
filtered_r1 8 640 10.459652706843718 0.10523693151772022 -0.38900716767019156 0.9846938775510204 0.9948979591836735 0.0003886291264381089 0 640 -0.38900716767019156 64 64
filtered_r1 8 720 11.767109295199182 0.0861608611419797 -0.425517597125501 0.9795918367346939 0.9938775510204082 0.000353224832488219 0 720 -0.425517597125501 64 64
filtered_r1 8 800 13.074565883554648 -0.03515565134584904 -0.5420018925958751 0.9826530612244898 0.9928571428571429 0.0003151125378024133 0 800 -0.5420018925958751 64 64
filtered_r1 8 880 14.382022471910112 -0.29968206882476806 -0.6128800270508746 0.9826530612244898 0.9938775510204082 0.00027529208049685805 0 880 -0.6128800270508746 64 64
filtered_r1 8 960 15.689479060265578 -0.18052421398460866 -0.65066581404939 0.9826530612244898 0.9938775510204082 0.000234808110633836 0 960 -0.65066581404939 64 64
filtered_r1 8 1040 16.99693564862104 -0.26249319352209566 -0.6846057599904586 0.9836734693877551 0.9938775510204082 0.0001947226848671508 0 1040 -0.6846057599904586 64 64
filtered_r1 8 1120 18.304392236976508 -0.26958885602653027 -0.7320562610820848 0.9846938775510204 0.9938775510204082 0.00015608740444292746 0 1120 -0.7320562610820848 64 64
filtered_r1 8 1200 19.611848825331972 -0.37524511516094206 -0.6801220594620218 0.9816326530612245 0.9938775510204082 0.00011991582748762803 1 1120 -0.7320562610820848 64 64
filtered_r1 8 1280 20.919305413687436 -0.39340236224234104 -0.747571915996318 0.9826530612244898 0.9938775510204082 8.715687931944449e-05 0 1280 -0.747571915996318 64 64
filtered_r1 8 1360 22.2267620020429 -0.16254157498478888 -0.6759406184663578 0.9836734693877551 0.9938775510204082 5.866995833708463e-05 1 1280 -0.747571915996318 64 64
filtered_r1 8 1440 23.534218590398364 -0.17442299164831637 -0.7572344636430546 0.9816326530612245 0.9928571428571429 3.520239055818114e-05 0 1440 -0.7572344636430546 64 64
filtered_r1 8 1520 24.84167517875383 -0.1925167292356491 -0.7449618208165072 0.9826530612244898 0.9938775510204082 1.7369824265066364e-05 1 1440 -0.7572344636430546 64 64
filtered_r1 8 1600 26.149131767109296 -0.2714636780321598 -0.7238190706895322 0.9826530612244898 0.9938775510204082 5.640079084868633e-06 2 1440 -0.7572344636430546 64 64
filtered_r1 8 1680 27.45658835546476 -0.3047344844788313 -0.7831520280059503 0.9846938775510204 0.9928571428571429 3.208732072368104e-07 0 1680 -0.7831520280059503 64 64
filtered_r1 8 1705 27.865168539325843 -0.4492686212062836 -0.7857525825500489 0.9846938775510204 0.9938775510204082 0.0 1 1705 -0.7857525825500489 64 64
filtered_r1 9 1 0.01634320735444331 2.5480704307556152 2.503389085068995 0.3040816326530612 0.3489795918367347 3.225806451612903e-06 0 1 2.503389085068995 64 64
filtered_r1 9 80 1.3074565883554647 1.9131688747224929 0.6873218779661218 0.8397959183673469 0.9795918367346939 0.00025806451612903227 0 80 0.6873218779661218 64 64
filtered_r1 9 160 2.6149131767109295 0.664922872884199 0.15717426501974768 0.9377551020408164 0.9908163265306122 0.0004999871624350509 0 160 0.15717426501974768 64 64
filtered_r1 9 240 3.9223697650663945 0.515819806791842 0.0017590542837065094 0.9673469387755103 0.9959183673469387 0.0004962990794052847 0 240 0.0017590542837065094 64 64
filtered_r1 9 320 5.229826353421859 0.2748257861472666 -0.14070440786225455 0.9714285714285714 0.9928571428571429 0.00048614958518009677 0 320 -0.14070440786225455 64 64
filtered_r1 9 400 6.537282941777324 0.17466924283653498 -0.17878680435978636 0.9663265306122449 0.9938775510204082 0.0004698049416382277 0 400 -0.17878680435978636 64 64
filtered_r1 9 480 7.844739530132789 0.2583422103896737 -0.2493454827337849 0.9755102040816327 0.9938775510204082 0.0004476939342344246 0 480 -0.2493454827337849 64 64
filtered_r1 9 560 9.152196118488254 0.12798447385430337 -0.34125902981174233 0.9714285714285714 0.9948979591836735 0.00042039662323982603 0 560 -0.34125902981174233 64 64
filtered_r1 9 640 10.459652706843718 -0.03564723283052444 -0.3994893291775061 0.9724489795918367 0.9959183673469387 0.0003886291264381089 0 640 -0.3994893291775061 64 64
filtered_r1 9 720 11.767109295199182 -0.09991887211799622 -0.5112985951559884 0.9826530612244898 0.9948979591836735 0.000353224832488219 0 720 -0.5112985951559884 64 64
filtered_r1 9 800 13.074565883554648 -0.020491055212914944 -0.5161174633065049 0.9795918367346939 0.9938775510204082 0.0003151125378024133 1 800 -0.5161174633065049 64 64
filtered_r1 9 880 14.382022471910112 -0.1502446925267577 -0.6229254338206077 0.9857142857142858 0.9948979591836735 0.00027529208049685805 0 880 -0.6229254338206077 64 64
filtered_r1 9 960 15.689479060265578 -0.15001517534255981 -0.6318831334308702 0.9826530612244898 0.9959183673469387 0.000234808110633836 0 960 -0.6318831334308702 64 64
filtered_r1 9 1040 16.99693564862104 -0.09729111231863499 -0.6564462724997073 0.9816326530612245 0.9948979591836735 0.0001947226848671508 0 1040 -0.6564462724997073 64 64
filtered_r1 9 1120 18.304392236976508 -0.12419703006744384 -0.7040968860898699 0.9846938775510204 0.9948979591836735 0.00015608740444292746 0 1120 -0.7040968860898699 64 64
filtered_r1 9 1200 19.611848825331972 -0.2838703591376543 -0.7304858224732536 0.9857142857142858 0.9948979591836735 0.00011991582748762803 0 1200 -0.7304858224732536 64 64
filtered_r1 9 1280 20.919305413687436 -0.28291354291141035 -0.7489057548192083 0.9857142857142858 0.996938775510204 8.715687931944449e-05 0 1280 -0.7489057548192083 64 64
filtered_r1 9 1360 22.2267620020429 -0.3302222412079573 -0.7656601613881636 0.9887755102040816 0.996938775510204 5.866995833708463e-05 0 1360 -0.7656601613881636 64 64
filtered_r1 9 1440 23.534218590398364 -0.3269183311611414 -0.7407243855145513 0.9877551020408163 0.9959183673469387 3.520239055818114e-05 1 1360 -0.7656601613881636 64 64
filtered_r1 9 1520 24.84167517875383 -0.3355956420302391 -0.7700968508817712 0.9887755102040816 0.9959183673469387 1.7369824265066364e-05 2 1520 -0.7700968508817712 64 64
filtered_r1 9 1600 26.149131767109296 -0.2664779771119356 -0.7809318863615697 0.9897959183673469 0.996938775510204 5.640079084868633e-06 0 1600 -0.7809318863615697 64 64
filtered_r1 9 1680 27.45658835546476 -0.16569762788712977 -0.762346299570434 0.9887755102040816 0.996938775510204 3.208732072368104e-07 1 1600 -0.7809318863615697 64 64
filtered_r1 9 1705 27.865168539325843 -0.28128641963005063 -0.7617174211813479 0.9887755102040816 0.996938775510204 0.0 2 1600 -0.7809318863615697 64 64
filtered_r2 0 1 0.010980592441266599 2.5307774543762207 2.489310716122997 0.18877551020408162 0.35714285714285715 3.225806451612903e-06 0 1 2.489310716122997 43 85
filtered_r2 0 80 0.8784473953013279 1.83858648432961 0.639959340436118 0.8622448979591837 0.9755102040816327 0.00025806451612903227 0 80 0.639959340436118 43 85
filtered_r2 0 160 1.7568947906026557 0.5876838649623096 0.271993846005323 0.9102040816326531 0.9887755102040816 0.0004999871624350509 0 160 0.271993846005323 43 85
filtered_r2 0 240 2.635342185903984 0.37896559089422227 0.03648915625348383 0.9663265306122449 0.9897959183673469 0.0004962990794052847 0 240 0.03648915625348383 43 85
filtered_r2 0 320 3.5137895812053115 0.4076850541401654 -0.05342276187575593 0.976530612244898 0.9928571428571429 0.00048614958518009677 0 320 -0.05342276187575593 43 85
filtered_r2 0 400 4.39223697650664 0.25218972060829403 -0.19375901745290172 0.9785714285714285 0.9928571428571429 0.0004698049416382277 0 400 -0.19375901745290172 43 85
filtered_r2 0 480 5.270684371807968 0.061013053823262456 -0.3297513907053033 0.9816326530612245 0.9928571428571429 0.0004476939342344246 0 480 -0.3297513907053033 43 85
filtered_r2 0 560 6.149131767109295 0.0309516666457057 -0.3791920444186853 0.9897959183673469 0.9928571428571429 0.00042039662323982603 0 560 -0.3791920444186853 43 85
filtered_r2 0 640 7.027579162410623 0.10526405945420265 -0.4556417041895341 0.986734693877551 0.9948979591836735 0.0003886291264381089 0 640 -0.4556417041895341 43 85
filtered_r2 0 720 7.906026557711951 -0.12946894634515047 -0.5009745349689406 0.9857142857142858 0.9938775510204082 0.000353224832488219 0 720 -0.5009745349689406 43 85
filtered_r2 0 800 8.78447395301328 -0.009776514396071434 -0.4979426454524605 0.9816326530612245 0.9948979591836735 0.0003151125378024133 1 720 -0.5009745349689406 43 85
filtered_r2 0 880 9.662921348314606 -0.1417581807821989 -0.5774571822614086 0.9826530612244898 0.9928571428571429 0.00027529208049685805 0 880 -0.5774571822614086 43 85
filtered_r2 0 960 10.541368743615935 -0.20839329734444617 -0.6570310473442078 0.9928571428571429 0.9928571428571429 0.000234808110633836 0 960 -0.6570310473442078 43 85
filtered_r2 0 1040 11.419816138917263 -0.25011489540338516 -0.7100828078328346 0.9918367346938776 0.9928571428571429 0.0001947226848671508 0 1040 -0.7100828078328346 43 85
filtered_r2 0 1120 12.29826353421859 -0.27121570967137815 -0.6789544528844406 0.9897959183673469 0.9928571428571429 0.00015608740444292746 1 1040 -0.7100828078328346 43 85
filtered_r2 0 1200 13.176710929519919 -0.2819417931139469 -0.6833436180134209 0.9959183673469387 0.9938775510204082 0.00011991582748762803 2 1040 -0.7100828078328346 43 85
filtered_r2 0 1280 14.055158324821246 -0.22257845401763915 -0.7456871300327534 0.9928571428571429 0.9948979591836735 8.715687931944449e-05 0 1280 -0.7456871300327534 43 85
filtered_r2 0 1360 14.933605720122575 -0.35761888027191163 -0.7607166061595995 0.9908163265306122 0.9928571428571429 5.866995833708463e-05 0 1360 -0.7607166061595995 43 85
filtered_r2 0 1440 15.812053115423902 -0.2380410898476839 -0.7150601012366159 0.9908163265306122 0.9928571428571429 3.520239055818114e-05 1 1360 -0.7607166061595995 43 85
filtered_r2 0 1520 16.69050051072523 -0.34539612419903276 -0.7344200440815517 0.9908163265306122 0.9928571428571429 1.7369824265066364e-05 2 1360 -0.7607166061595995 43 85
filtered_r2 0 1600 17.56894790602656 -0.2124868281185627 -0.7378523318135009 0.9938775510204082 0.9928571428571429 5.640079084868633e-06 3 1360 -0.7607166061595995 43 85
filtered_r2 0 1680 18.447395301327887 -0.3918745182454586 -0.7967705196263839 0.9938775510204082 0.9928571428571429 3.208732072368104e-07 0 1680 -0.7967705196263839 43 85
filtered_r2 0 1705 18.721910112359552 -0.4227656829357147 -0.7717742919921875 0.9938775510204082 0.9928571428571429 0.0 1 1680 -0.7967705196263839 43 85
filtered_r2 1 1 0.010980592441266599 2.5196588039398193 2.486879778881462 0.24693877551020407 0.3408163265306122 3.225806451612903e-06 0 1 2.486879778881462 43 85
filtered_r2 1 80 0.8784473953013279 1.8916236313083503 0.6383177260963284 0.8306122448979592 0.986734693877551 0.00025806451612903227 0 80 0.6383177260963284 43 85
filtered_r2 1 160 1.7568947906026557 0.7403754372149706 0.2530227813185478 0.923469387755102 0.9959183673469387 0.0004999871624350509 0 160 0.2530227813185478 43 85
filtered_r2 1 240 2.635342185903984 0.5098497890401632 0.06339685402962626 0.9438775510204082 0.996938775510204 0.0004962990794052847 0 240 0.06339685402962626 43 85
filtered_r2 1 320 3.5137895812053115 0.35769066428765656 -0.09565188063650715 0.9622448979591837 0.996938775510204 0.00048614958518009677 0 320 -0.09565188063650715 43 85
filtered_r2 1 400 4.39223697650664 0.2718539718538523 -0.07309602432105006 0.963265306122449 0.9959183673469387 0.0004698049416382277 1 320 -0.09565188063650715 43 85
filtered_r2 1 480 5.270684371807968 0.14338253270834683 -0.2508713033734536 0.9724489795918367 0.9959183673469387 0.0004476939342344246 0 480 -0.2508713033734536 43 85
filtered_r2 1 560 6.149131767109295 0.06058736853301525 -0.33053949049540926 0.9693877551020408 0.9959183673469387 0.00042039662323982603 0 560 -0.33053949049540926 43 85
filtered_r2 1 640 7.027579162410623 0.17358344607055187 -0.39233632963530873 0.9755102040816327 0.9959183673469387 0.0003886291264381089 0 640 -0.39233632963530873 43 85
filtered_r2 1 720 7.906026557711951 -0.1227659409865737 -0.46033482089334604 0.9775510204081632 0.996938775510204 0.000353224832488219 0 720 -0.46033482089334604 43 85
filtered_r2 1 800 8.78447395301328 -0.03589045647531748 -0.5374760637477952 0.9755102040816327 0.996938775510204 0.0003151125378024133 0 800 -0.5374760637477952 43 85
filtered_r2 1 880 9.662921348314606 -0.2451443038880825 -0.588447320217989 0.9795918367346939 0.9959183673469387 0.00027529208049685805 0 880 -0.588447320217989 43 85
filtered_r2 1 960 10.541368743615935 -0.23316360153257848 -0.6231952316906988 0.9785714285714285 0.9959183673469387 0.000234808110633836 0 960 -0.6231952316906988 43 85
filtered_r2 1 1040 11.419816138917263 -0.19118437245488168 -0.6600294322383647 0.9785714285714285 0.9959183673469387 0.0001947226848671508 0 1040 -0.6600294322383647 43 85
filtered_r2 1 1120 12.29826353421859 -0.3148854549974203 -0.6863279133426899 0.9785714285714285 0.9959183673469387 0.00015608740444292746 0 1120 -0.6863279133426899 43 85
filtered_r2 1 1200 13.176710929519919 -0.1722983457148075 -0.6955625008563606 0.9795918367346939 0.9959183673469387 0.00011991582748762803 0 1200 -0.6955625008563606 43 85
filtered_r2 1 1280 14.055158324821246 -0.3224631447345018 -0.7564426149640765 0.9785714285714285 0.9948979591836735 8.715687931944449e-05 0 1280 -0.7564426149640765 43 85
filtered_r2 1 1360 14.933605720122575 -0.2650011517107487 -0.7301346056315363 0.9806122448979592 0.9948979591836735 5.866995833708463e-05 1 1280 -0.7564426149640765 43 85
filtered_r2 1 1440 15.812053115423902 -0.3350155934691429 -0.7494988120332056 0.9795918367346939 0.9948979591836735 3.520239055818114e-05 2 1280 -0.7564426149640765 43 85
filtered_r2 1 1520 16.69050051072523 -0.1800504233688116 -0.7442565796326618 0.9795918367346939 0.9948979591836735 1.7369824265066364e-05 3 1280 -0.7564426149640765 43 85
filtered_r2 1 1600 17.56894790602656 -0.42571747303009033 -0.7621545395072625 0.9806122448979592 0.9948979591836735 5.640079084868633e-06 0 1600 -0.7621545395072625 43 85
filtered_r2 1 1680 18.447395301327887 -0.29005324058234694 -0.7452490573026695 0.9806122448979592 0.9948979591836735 3.208732072368104e-07 1 1600 -0.7621545395072625 43 85
filtered_r2 1 1705 18.721910112359552 -0.4142215967178345 -0.7670788857401634 0.9795918367346939 0.9948979591836735 0.0 2 1705 -0.7670788857401634 43 85
filtered_r2 2 1 0.010980592441266599 2.5119612216949463 2.4960919350993875 0.20510204081632652 0.33979591836734696 3.225806451612903e-06 0 1 2.4960919350993875 43 85
filtered_r2 2 80 0.8784473953013279 1.8489502902272381 0.6211318947830978 0.863265306122449 0.9734693877551021 0.00025806451612903227 0 80 0.6211318947830978 43 85
filtered_r2 2 160 1.7568947906026557 0.6693860140629113 0.1796723543989415 0.939795918367347 0.9948979591836735 0.0004999871624350509 0 160 0.1796723543989415 43 85
filtered_r2 2 240 2.635342185903984 0.4265518664848059 0.021729446643469284 0.9510204081632653 0.9959183673469387 0.0004962990794052847 0 240 0.021729446643469284 43 85
filtered_r2 2 320 3.5137895812053115 0.38019437724724414 -0.04206667016355359 0.9714285714285714 0.9959183673469387 0.00048614958518009677 0 320 -0.04206667016355359 43 85
filtered_r2 2 400 4.39223697650664 0.3006455138325691 -0.16049485145782938 0.976530612244898 0.9959183673469387 0.0004698049416382277 0 400 -0.16049485145782938 43 85
filtered_r2 2 480 5.270684371807968 0.08046869039535523 -0.2626254610869349 0.9755102040816327 0.9948979591836735 0.0004476939342344246 0 480 -0.2626254610869349 43 85
filtered_r2 2 560 6.149131767109295 0.01642192658036947 -0.3486330476342415 0.9826530612244898 0.9959183673469387 0.00042039662323982603 0 560 -0.3486330476342415 43 85
filtered_r2 2 640 7.027579162410623 0.14379393458366393 -0.37964747365640134 0.9724489795918367 0.9938775510204082 0.0003886291264381089 0 640 -0.37964747365640134 43 85
filtered_r2 2 720 7.906026557711951 -0.12043762132525444 -0.48555817044511135 0.9816326530612245 0.9948979591836735 0.000353224832488219 0 720 -0.48555817044511135 43 85
filtered_r2 2 800 8.78447395301328 -0.0200126389041543 -0.5657806291872142 0.9846938775510204 0.9948979591836735 0.0003151125378024133 0 800 -0.5657806291872142 43 85
filtered_r2 2 880 9.662921348314606 -0.1846214396879077 -0.6218784981844376 0.9877551020408163 0.9959183673469387 0.00027529208049685805 0 880 -0.6218784981844376 43 85
filtered_r2 2 960 10.541368743615935 -0.06270477324724197 -0.5886663719099395 0.9806122448979592 0.9959183673469387 0.000234808110633836 1 880 -0.6218784981844376 43 85
filtered_r2 2 1040 11.419816138917263 -0.27668388858437537 -0.7029100004507571 0.9877551020408163 0.9948979591836735 0.0001947226848671508 0 1040 -0.7029100004507571 43 85
filtered_r2 2 1120 12.29826353421859 -0.11463592387735844 -0.6533018007570384 0.986734693877551 0.9948979591836735 0.00015608740444292746 1 1040 -0.7029100004507571 43 85
filtered_r2 2 1200 13.176710929519919 -0.22800826393067836 -0.698825543024102 0.986734693877551 0.9948979591836735 0.00011991582748762803 2 1040 -0.7029100004507571 43 85
filtered_r2 2 1280 14.055158324821246 -0.16375434249639512 -0.7517966494268301 0.9857142857142858 0.9948979591836735 8.715687931944449e-05 0 1280 -0.7517966494268301 43 85
filtered_r2 2 1360 14.933605720122575 -0.22038297206163407 -0.7238135970368678 0.986734693877551 0.9948979591836735 5.866995833708463e-05 1 1280 -0.7517966494268301 43 85
filtered_r2 2 1440 15.812053115423902 -0.20557413026690483 -0.7317643686216705 0.9857142857142858 0.9948979591836735 3.520239055818114e-05 2 1280 -0.7517966494268301 43 85
filtered_r2 2 1520 16.69050051072523 -0.3409550290554762 -0.7689131379127503 0.986734693877551 0.9948979591836735 1.7369824265066364e-05 0 1520 -0.7689131379127503 43 85
filtered_r2 2 1600 17.56894790602656 -0.3309325471520424 -0.7796540600912911 0.9877551020408163 0.9948979591836735 5.640079084868633e-06 0 1600 -0.7796540600912911 43 85
filtered_r2 2 1680 18.447395301327887 -0.39765566028654575 -0.776295223528025 0.9877551020408163 0.9948979591836735 3.208732072368104e-07 1 1600 -0.7796540600912911 43 85
filtered_r2 2 1705 18.721910112359552 -0.3427291977405548 -0.7732473475592477 0.9877551020408163 0.9948979591836735 0.0 2 1600 -0.7796540600912911 43 85
filtered_r2 3 1 0.010980592441266599 2.5332834720611572 2.5207751468736297 0.2173469387755102 0.36020408163265305 3.225806451612903e-06 0 1 2.5207751468736297 43 85
filtered_r2 3 80 0.8784473953013279 1.9802556913110274 0.7404805307485619 0.8775510204081632 0.9806122448979592 0.00025806451612903227 0 80 0.7404805307485619 43 85
filtered_r2 3 160 1.7568947906026557 0.6639614425133914 0.14468503059173116 0.9448979591836735 0.9959183673469387 0.0004999871624350509 0 160 0.14468503059173116 43 85
filtered_r2 3 240 2.635342185903984 0.5553439436014742 0.06912216775271357 0.963265306122449 0.9959183673469387 0.0004962990794052847 0 240 0.06912216775271357 43 85
filtered_r2 3 320 3.5137895812053115 0.35580542366951706 -0.14067009024474086 0.9704081632653061 0.9959183673469387 0.00048614958518009677 0 320 -0.14067009024474086 43 85
filtered_r2 3 400 4.39223697650664 0.3666451547294855 -0.16092967324110927 0.9785714285714285 0.9948979591836735 0.0004698049416382277 0 400 -0.16092967324110927 43 85
filtered_r2 3 480 5.270684371807968 0.10652939602732658 -0.300959849357605 0.9816326530612245 0.9959183673469387 0.0004476939342344246 0 480 -0.300959849357605 43 85
filtered_r2 3 560 6.149131767109295 0.19992107581347227 -0.30365583020813613 0.9693877551020408 0.9959183673469387 0.00042039662323982603 1 560 -0.30365583020813613 43 85
filtered_r2 3 640 7.027579162410623 0.01226783897727728 -0.4416559320323321 0.9836734693877551 0.996938775510204 0.0003886291264381089 0 640 -0.4416559320323321 43 85
filtered_r2 3 720 7.906026557711951 0.006138219498097897 -0.48834920878313026 0.9795918367346939 0.9948979591836735 0.000353224832488219 0 720 -0.48834920878313026 43 85
filtered_r2 3 800 8.78447395301328 -0.19961710497736931 -0.5773045987499004 0.9826530612244898 0.996938775510204 0.0003151125378024133 0 800 -0.5773045987499004 43 85
filtered_r2 3 880 9.662921348314606 -0.08116288632154464 -0.6125447229463227 0.9857142857142858 0.996938775510204 0.00027529208049685805 0 880 -0.6125447229463227 43 85
filtered_r2 3 960 10.541368743615935 -0.10314388982951642 -0.6610868804308833 0.9857142857142858 0.996938775510204 0.000234808110633836 0 960 -0.6610868804308833 43 85
filtered_r2 3 1040 11.419816138917263 -0.1795427121222019 -0.7128021249965746 0.9836734693877551 0.996938775510204 0.0001947226848671508 0 1040 -0.7128021249965746 43 85
filtered_r2 3 1120 12.29826353421859 -0.13955855555832386 -0.6997050521325092 0.9836734693877551 0.9948979591836735 0.00015608740444292746 1 1040 -0.7128021249965746 43 85
filtered_r2 3 1200 13.176710929519919 -0.23941282220184804 -0.727630402603928 0.9826530612244898 0.9959183673469387 0.00011991582748762803 0 1200 -0.727630402603928 43 85
filtered_r2 3 1280 14.055158324821246 -0.22042253725230693 -0.731368283836209 0.9836734693877551 0.9959183673469387 8.715687931944449e-05 1 1280 -0.731368283836209 43 85
filtered_r2 3 1360 14.933605720122575 -0.34560998268425464 -0.7411093619405007 0.9877551020408163 0.9959183673469387 5.866995833708463e-05 0 1360 -0.7411093619405007 43 85
filtered_r2 3 1440 15.812053115423902 -0.2706372756510973 -0.8006736336922159 0.986734693877551 0.9959183673469387 3.520239055818114e-05 0 1440 -0.8006736336922159 43 85
filtered_r2 3 1520 16.69050051072523 -0.26957451440393926 -0.7859642758661387 0.986734693877551 0.9959183673469387 1.7369824265066364e-05 1 1440 -0.8006736336922159 43 85
filtered_r2 3 1600 17.56894790602656 -0.34422157406806947 -0.824041899856256 0.9857142857142858 0.9959183673469387 5.640079084868633e-06 0 1600 -0.824041899856256 43 85
filtered_r2 3 1680 18.447395301327887 -0.33798185363411903 -0.7663096724724283 0.986734693877551 0.9959183673469387 3.208732072368104e-07 1 1600 -0.824041899856256 43 85
filtered_r2 3 1705 18.721910112359552 -0.24592069983482362 -0.767260137626103 0.9877551020408163 0.9959183673469387 0.0 2 1600 -0.824041899856256 43 85
filtered_r2 4 1 0.010980592441266599 2.568903923034668 2.510747258517207 0.2357142857142857 0.3806122448979592 3.225806451612903e-06 0 1 2.510747258517207 43 85
filtered_r2 4 80 0.8784473953013279 1.9088427914848811 0.6564676837045319 0.8724489795918368 0.9806122448979592 0.00025806451612903227 0 80 0.6564676837045319 43 85
filtered_r2 4 160 1.7568947906026557 0.5454759596846998 0.15227111164404422 0.9469387755102041 0.9959183673469387 0.0004999871624350509 0 160 0.15227111164404422 43 85
filtered_r2 4 240 2.635342185903984 0.3916939186863601 -0.016808822507760963 0.9571428571428572 0.9979591836734694 0.0004962990794052847 0 240 -0.016808822507760963 43 85
filtered_r2 4 320 3.5137895812053115 0.2811925164423883 -0.13414952067696317 0.9775510204081632 0.996938775510204 0.00048614958518009677 0 320 -0.13414952067696317 43 85
filtered_r2 4 400 4.39223697650664 0.26859528981149194 -0.16380306068731815 0.9816326530612245 0.996938775510204 0.0004698049416382277 0 400 -0.16380306068731815 43 85
filtered_r2 4 480 5.270684371807968 0.19599929880350828 -0.26391949604968634 0.9785714285714285 0.9959183673469387 0.0004476939342344246 0 480 -0.26391949604968634 43 85
filtered_r2 4 560 6.149131767109295 0.10817724466323853 -0.3330095568481757 0.976530612244898 0.9979591836734694 0.00042039662323982603 0 560 -0.3330095568481757 43 85
filtered_r2 4 640 7.027579162410623 -0.02162324246019125 -0.47125400815691265 0.9826530612244898 0.996938775510204 0.0003886291264381089 0 640 -0.47125400815691265 43 85
filtered_r2 4 720 7.906026557711951 -0.1169184884056449 -0.508622957249077 0.9846938775510204 0.996938775510204 0.000353224832488219 0 720 -0.508622957249077 43 85
filtered_r2 4 800 8.78447395301328 -0.1705292033031583 -0.5800142052222271 0.9846938775510204 0.9989795918367347 0.0003151125378024133 0 800 -0.5800142052222271 43 85
filtered_r2 4 880 9.662921348314606 -0.09889577180147172 -0.6095150568047348 0.9908163265306122 0.996938775510204 0.00027529208049685805 0 880 -0.6095150568047348 43 85
filtered_r2 4 960 10.541368743615935 -0.2843960702419281 -0.6429468568490476 0.9857142857142858 0.996938775510204 0.000234808110633836 0 960 -0.6429468568490476 43 85
filtered_r2 4 1040 11.419816138917263 -0.23344470374286175 -0.6608264348944839 0.9836734693877551 0.996938775510204 0.0001947226848671508 0 1040 -0.6608264348944839 43 85
filtered_r2 4 1120 12.29826353421859 -0.4047748528420925 -0.7187109475233117 0.986734693877551 0.9948979591836735 0.00015608740444292746 0 1120 -0.7187109475233117 43 85
filtered_r2 4 1200 13.176710929519919 -0.15309495255351066 -0.6976532055407154 0.9816326530612245 0.996938775510204 0.00011991582748762803 1 1120 -0.7187109475233117 43 85
filtered_r2 4 1280 14.055158324821246 -0.178201837092638 -0.7234122256843412 0.9887755102040816 0.996938775510204 8.715687931944449e-05 2 1280 -0.7234122256843412 43 85
filtered_r2 4 1360 14.933605720122575 -0.19531290605664253 -0.7616032780433187 0.9887755102040816 0.996938775510204 5.866995833708463e-05 0 1360 -0.7616032780433187 43 85
filtered_r2 4 1440 15.812053115423902 -0.15488063506782054 -0.7656609143529619 0.986734693877551 0.996938775510204 3.520239055818114e-05 1 1440 -0.7656609143529619 43 85
filtered_r2 4 1520 16.69050051072523 -0.3300003446638584 -0.7625182545914941 0.9877551020408163 0.996938775510204 1.7369824265066364e-05 2 1440 -0.7656609143529619 43 85
filtered_r2 4 1600 17.56894790602656 -0.2829566769301891 -0.7620781402198635 0.9887755102040816 0.9959183673469387 5.640079084868633e-06 3 1440 -0.7656609143529619 43 85
filtered_r2 4 1680 18.447395301327887 -0.21533745974302293 -0.7825059618268694 0.9877551020408163 0.9959183673469387 3.208732072368104e-07 0 1680 -0.7825059618268694 43 85
filtered_r2 4 1705 18.721910112359552 -0.2832930135726929 -0.7687524751741059 0.9887755102040816 0.9959183673469387 0.0 1 1680 -0.7825059618268694 43 85
filtered_r2 5 1 0.010980592441266599 2.467268943786621 2.528321685596388 0.21326530612244898 0.33877551020408164 3.225806451612903e-06 0 1 2.528321685596388 43 85
filtered_r2 5 80 0.8784473953013279 1.8339194187635108 0.599300651890891 0.8826530612244898 0.9836734693877551 0.00025806451612903227 0 80 0.599300651890891 43 85
filtered_r2 5 160 1.7568947906026557 0.692370037548244 0.2707803907443066 0.9377551020408164 0.9908163265306122 0.0004999871624350509 0 160 0.2707803907443066 43 85
filtered_r2 5 240 2.635342185903984 0.5280511159449816 0.07519212349945185 0.9520408163265306 0.9948979591836735 0.0004962990794052847 0 240 0.07519212349945185 43 85
filtered_r2 5 320 3.5137895812053115 0.4389566286467016 -0.10416544341311162 0.976530612244898 0.9948979591836735 0.00048614958518009677 0 320 -0.10416544341311162 43 85
filtered_r2 5 400 4.39223697650664 0.23023243770003318 -0.21128088442646728 0.9795918367346939 0.9948979591836735 0.0004698049416382277 0 400 -0.21128088442646728 43 85
filtered_r2 5 480 5.270684371807968 0.17148245070129634 -0.3062869301864079 0.9846938775510204 0.9948979591836735 0.0004476939342344246 0 480 -0.3062869301864079 43 85
filtered_r2 5 560 6.149131767109295 0.06384488046169282 -0.4039620569774083 0.9826530612244898 0.9959183673469387 0.00042039662323982603 0 560 -0.4039620569774083 43 85
filtered_r2 5 640 7.027579162410623 -0.15389686189591884 -0.45087255969339485 0.9806122448979592 0.9959183673469387 0.0003886291264381089 0 640 -0.45087255969339485 43 85
filtered_r2 5 720 7.906026557711951 0.0008660266175866127 -0.495304976677408 0.9836734693877551 0.9959183673469387 0.000353224832488219 0 720 -0.495304976677408 43 85
filtered_r2 5 800 8.78447395301328 -0.08555888831615448 -0.5690162335123334 0.9887755102040816 0.9959183673469387 0.0003151125378024133 0 800 -0.5690162335123334 43 85
filtered_r2 5 880 9.662921348314606 0.014181215688586235 -0.519748981631532 0.9775510204081632 0.9959183673469387 0.00027529208049685805 1 800 -0.5690162335123334 43 85
filtered_r2 5 960 10.541368743615935 -0.160597038641572 -0.6655696304476991 0.9846938775510204 0.9959183673469387 0.000234808110633836 0 960 -0.6655696304476991 43 85
filtered_r2 5 1040 11.419816138917263 -0.23960504867136478 -0.6748457555868188 0.9877551020408163 0.9959183673469387 0.0001947226848671508 0 1040 -0.6748457555868188 43 85
filtered_r2 5 1120 12.29826353421859 -0.10318973809480667 -0.71155688032812 0.9877551020408163 0.9959183673469387 0.00015608740444292746 0 1120 -0.71155688032812 43 85
filtered_r2 5 1200 13.176710929519919 -0.06353835798799992 -0.6558062120359771 0.9836734693877551 0.9959183673469387 0.00011991582748762803 1 1120 -0.71155688032812 43 85
filtered_r2 5 1280 14.055158324821246 -0.27541331611573694 -0.7691102594745403 0.9908163265306122 0.9959183673469387 8.715687931944449e-05 0 1280 -0.7691102594745403 43 85
filtered_r2 5 1360 14.933605720122575 -0.33765600249171257 -0.7779973185792262 0.986734693877551 0.9959183673469387 5.866995833708463e-05 0 1360 -0.7779973185792262 43 85
filtered_r2 5 1440 15.812053115423902 -0.17910625860095025 -0.7666306332666046 0.9887755102040816 0.9959183673469387 3.520239055818114e-05 1 1360 -0.7779973185792262 43 85
filtered_r2 5 1520 16.69050051072523 -0.30617475919425485 -0.7913364879939021 0.9897959183673469 0.9959183673469387 1.7369824265066364e-05 0 1520 -0.7913364879939021 43 85
filtered_r2 5 1600 17.56894790602656 -0.17625899687409402 -0.8032853131391564 0.9908163265306122 0.9959183673469387 5.640079084868633e-06 0 1600 -0.8032853131391564 43 85
filtered_r2 5 1680 18.447395301327887 -0.3214857168495655 -0.7877458844866071 0.9887755102040816 0.9959183673469387 3.208732072368104e-07 1 1600 -0.8032853131391564 43 85
filtered_r2 5 1705 18.721910112359552 -0.26881912231445315 -0.7836587467972114 0.9897959183673469 0.9959183673469387 0.0 2 1600 -0.8032853131391564 43 85
filtered_r2 6 1 0.010980592441266599 2.44297194480896 2.4850470718072386 0.18061224489795918 0.3510204081632653 3.225806451612903e-06 0 1 2.4850470718072386 43 85
filtered_r2 6 80 0.8784473953013279 1.83602643465694 0.6271692263836763 0.8510204081632653 0.9806122448979592 0.00025806451612903227 0 80 0.6271692263836763 43 85
filtered_r2 6 160 1.7568947906026557 0.726769701903686 0.13480842113494873 0.9438775510204082 0.9938775510204082 0.0004999871624350509 0 160 0.13480842113494873 43 85
filtered_r2 6 240 2.635342185903984 0.4328085650224239 0.028667856935335665 0.9612244897959183 0.9948979591836735 0.0004962990794052847 0 240 0.028667856935335665 43 85
filtered_r2 6 320 3.5137895812053115 0.356611848808825 -0.09364855946326742 0.9673469387755103 0.9959183673469387 0.00048614958518009677 0 320 -0.09364855946326742 43 85
filtered_r2 6 400 4.39223697650664 0.13110354216769338 -0.21886960079475326 0.9734693877551021 0.9938775510204082 0.0004698049416382277 0 400 -0.21886960079475326 43 85
filtered_r2 6 480 5.270684371807968 0.06652144119143485 -0.2941642831782905 0.9744897959183674 0.9959183673469387 0.0004476939342344246 0 480 -0.2941642831782905 43 85
filtered_r2 6 560 6.149131767109295 0.004967256635427475 -0.37493779197031135 0.9775510204081632 0.9959183673469387 0.00042039662323982603 0 560 -0.37493779197031135 43 85
filtered_r2 6 640 7.027579162410623 0.09958463050425052 -0.4398282698222569 0.9785714285714285 0.9948979591836735 0.0003886291264381089 0 640 -0.4398282698222569 43 85
filtered_r2 6 720 7.906026557711951 0.03145155012607574 -0.5060939326578257 0.9785714285714285 0.9959183673469387 0.000353224832488219 0 720 -0.5060939326578257 43 85
filtered_r2 6 800 8.78447395301328 -0.04649204779416323 -0.5681879296594736 0.9836734693877551 0.9938775510204082 0.0003151125378024133 0 800 -0.5681879296594736 43 85
filtered_r2 6 880 9.662921348314606 -0.22283508367836474 -0.5792663817503014 0.9806122448979592 0.9928571428571429 0.00027529208049685805 0 880 -0.5792663817503014 43 85
filtered_r2 6 960 10.541368743615935 -0.19714624248445034 -0.6017306449461957 0.9836734693877551 0.9959183673469387 0.000234808110633836 0 960 -0.6017306449461957 43 85
filtered_r2 6 1040 11.419816138917263 -0.20782926082611083 -0.6778165320960843 0.9846938775510204 0.9948979591836735 0.0001947226848671508 0 1040 -0.6778165320960843 43 85
filtered_r2 6 1120 12.29826353421859 -0.2043956011533737 -0.6821978758792488 0.9836734693877551 0.9928571428571429 0.00015608740444292746 1 1120 -0.6821978758792488 43 85
filtered_r2 6 1200 13.176710929519919 -0.23270810581743717 -0.7286379149981907 0.9857142857142858 0.9928571428571429 0.00011991582748762803 0 1200 -0.7286379149981907 43 85
filtered_r2 6 1280 14.055158324821246 -0.3071149792522192 -0.7425654625406071 0.9846938775510204 0.9928571428571429 8.715687931944449e-05 0 1280 -0.7425654625406071 43 85
filtered_r2 6 1360 14.933605720122575 -0.3476591967046261 -0.7529504807627931 0.9816326530612245 0.9928571428571429 5.866995833708463e-05 0 1360 -0.7529504807627931 43 85
filtered_r2 6 1440 15.812053115423902 -0.2181641932576895 -0.7461553955564694 0.9836734693877551 0.9928571428571429 3.520239055818114e-05 1 1360 -0.7529504807627931 43 85
filtered_r2 6 1520 16.69050051072523 -0.2504468698054552 -0.7454738288509603 0.9836734693877551 0.9938775510204082 1.7369824265066364e-05 2 1360 -0.7529504807627931 43 85
filtered_r2 6 1600 17.56894790602656 -0.2517218764871359 -0.6974810848430711 0.9836734693877551 0.9938775510204082 5.640079084868633e-06 3 1360 -0.7529504807627931 43 85
filtered_r2 6 1680 18.447395301327887 -0.1902416732162237 -0.6988772426332747 0.9826530612244898 0.9938775510204082 3.208732072368104e-07 4 1360 -0.7529504807627931 43 85
filtered_r2 6 1705 18.721910112359552 -0.04433019876480102 -0.699327380316598 0.9816326530612245 0.9938775510204082 0.0 5 1360 -0.7529504807627931 43 85
filtered_r2 7 1 0.010980592441266599 2.4957544803619385 2.5041625918174275 0.23469387755102042 0.3224489795918367 3.225806451612903e-06 0 1 2.5041625918174275 43 85
filtered_r2 7 80 0.8784473953013279 1.8612773939024043 0.6409494862264516 0.8530612244897959 0.9816326530612245 0.00025806451612903227 0 80 0.6409494862264516 43 85
filtered_r2 7 160 1.7568947906026557 0.6255519275553525 0.18018058757392727 0.9459183673469388 0.9918367346938776 0.0004999871624350509 0 160 0.18018058757392727 43 85
filtered_r2 7 240 2.635342185903984 0.5416616907343268 0.1035718144202719 0.9316326530612244 0.9948979591836735 0.0004962990794052847 0 240 0.1035718144202719 43 85
filtered_r2 7 320 3.5137895812053115 0.44230710426345465 -0.025746773943609122 0.9622448979591837 0.9948979591836735 0.00048614958518009677 0 320 -0.025746773943609122 43 85
filtered_r2 7 400 4.39223697650664 0.32566224578768016 -0.16365658616533085 0.9704081632653061 0.996938775510204 0.0004698049416382277 0 400 -0.16365658616533085 43 85
filtered_r2 7 480 5.270684371807968 0.21619897447526454 -0.2298846893772787 0.9642857142857143 0.9948979591836735 0.0004476939342344246 0 480 -0.2298846893772787 43 85
filtered_r2 7 560 6.149131767109295 0.0930837482213974 -0.34677051536890924 0.9744897959183674 0.996938775510204 0.00042039662323982603 0 560 -0.34677051536890924 43 85
filtered_r2 7 640 7.027579162410623 -0.039647601917386054 -0.43246195036537793 0.9785714285714285 0.996938775510204 0.0003886291264381089 0 640 -0.43246195036537793 43 85
filtered_r2 7 720 7.906026557711951 -0.08863271120935678 -0.4722378100667681 0.9714285714285714 0.9959183673469387 0.000353224832488219 0 720 -0.4722378100667681 43 85
filtered_r2 7 800 8.78447395301328 -0.10701939407736064 -0.5111966274222549 0.9714285714285714 0.996938775510204 0.0003151125378024133 0 800 -0.5111966274222549 43 85
filtered_r2 7 880 9.662921348314606 -0.059019952267408374 -0.5760681166940805 0.9755102040816327 0.996938775510204 0.00027529208049685805 0 880 -0.5760681166940805 43 85
filtered_r2 7 960 10.541368743615935 -0.18703963831067086 -0.593420710125748 0.9734693877551021 0.996938775510204 0.000234808110633836 0 960 -0.593420710125748 43 85
filtered_r2 7 1040 11.419816138917263 -0.1529998008161783 -0.6468376174265025 0.9806122448979592 0.996938775510204 0.0001947226848671508 0 1040 -0.6468376174265025 43 85
filtered_r2 7 1120 12.29826353421859 -0.15110275521874428 -0.6698030671294855 0.9744897959183674 0.996938775510204 0.00015608740444292746 0 1120 -0.6698030671294855 43 85
filtered_r2 7 1200 13.176710929519919 -0.2564150493592024 -0.7259993485042027 0.9775510204081632 0.996938775510204 0.00011991582748762803 0 1200 -0.7259993485042027 43 85
filtered_r2 7 1280 14.055158324821246 -0.3238314762711525 -0.7495637684452291 0.9795918367346939 0.996938775510204 8.715687931944449e-05 0 1280 -0.7495637684452291 43 85
filtered_r2 7 1360 14.933605720122575 -0.19191121831536292 -0.6998388849959082 0.9816326530612245 0.996938775510204 5.866995833708463e-05 1 1280 -0.7495637684452291 43 85
filtered_r2 7 1440 15.812053115423902 -0.30066505894064904 -0.7483490486534274 0.9775510204081632 0.9959183673469387 3.520239055818114e-05 2 1280 -0.7495637684452291 43 85
filtered_r2 7 1520 16.69050051072523 -0.22835167571902276 -0.7189243963786534 0.9816326530612245 0.996938775510204 1.7369824265066364e-05 3 1280 -0.7495637684452291 43 85
filtered_r2 7 1600 17.56894790602656 -0.4009852033108473 -0.7514470698882122 0.9785714285714285 0.996938775510204 5.640079084868633e-06 4 1600 -0.7514470698882122 43 85
filtered_r2 7 1680 18.447395301327887 -0.2979015290737152 -0.7592451409417755 0.9806122448979592 0.996938775510204 3.208732072368104e-07 0 1680 -0.7592451409417755 43 85
filtered_r2 7 1705 18.721910112359552 -0.34179977893829344 -0.750048025773496 0.9785714285714285 0.996938775510204 0.0 1 1680 -0.7592451409417755 43 85
filtered_r2 8 1 0.010980592441266599 2.5357108116149902 2.5151346206665037 0.27448979591836736 0.3295918367346939 3.225806451612903e-06 0 1 2.5151346206665037 43 85
filtered_r2 8 80 0.8784473953013279 1.9326857547216778 0.6886527628314738 0.8316326530612245 0.9785714285714285 0.00025806451612903227 0 80 0.6886527628314738 43 85
filtered_r2 8 160 1.7568947906026557 0.7375558970496059 0.2711851154054914 0.9306122448979591 0.9918367346938776 0.0004999871624350509 0 160 0.2711851154054914 43 85
filtered_r2 8 240 2.635342185903984 0.5059041078668087 0.04701333486912202 0.95 0.9948979591836735 0.0004962990794052847 0 240 0.04701333486912202 43 85
filtered_r2 8 320 3.5137895812053115 0.33877926915884016 -0.03465220362556224 0.9489795918367347 0.9948979591836735 0.00048614958518009677 0 320 -0.03465220362556224 43 85
filtered_r2 8 400 4.39223697650664 0.1864618392661214 -0.1884471606235115 0.963265306122449 0.9928571428571429 0.0004698049416382277 0 400 -0.1884471606235115 43 85
filtered_r2 8 480 5.270684371807968 0.20010465420782567 -0.2704158703891598 0.9653061224489796 0.9938775510204082 0.0004476939342344246 0 480 -0.2704158703891598 43 85
filtered_r2 8 560 6.149131767109295 0.11513563208281993 -0.3679163362298693 0.9744897959183674 0.9948979591836735 0.00042039662323982603 0 560 -0.3679163362298693 43 85
filtered_r2 8 640 7.027579162410623 0.101004134491086 -0.36470754998070853 0.9846938775510204 0.9948979591836735 0.0003886291264381089 1 560 -0.3679163362298693 43 85
filtered_r2 8 720 7.906026557711951 0.08452197648584843 -0.4383784081254687 0.9806122448979592 0.9959183673469387 0.000353224832488219 0 720 -0.4383784081254687 43 85
filtered_r2 8 800 8.78447395301328 -0.03574748709797859 -0.5386949655961017 0.9806122448979592 0.9938775510204082 0.0003151125378024133 0 800 -0.5386949655961017 43 85
filtered_r2 8 880 9.662921348314606 -0.2986084772273898 -0.6095764605366454 0.9816326530612245 0.9938775510204082 0.00027529208049685805 0 880 -0.6095764605366454 43 85
filtered_r2 8 960 10.541368743615935 -0.19586582966148852 -0.6668007437063723 0.9846938775510204 0.9948979591836735 0.000234808110633836 0 960 -0.6668007437063723 43 85
filtered_r2 8 1040 11.419816138917263 -0.25779087394475936 -0.6990959790288186 0.9836734693877551 0.9938775510204082 0.0001947226848671508 0 1040 -0.6990959790288186 43 85
filtered_r2 8 1120 12.29826353421859 -0.27371321208775046 -0.7474006706354569 0.986734693877551 0.9948979591836735 0.00015608740444292746 0 1120 -0.7474006706354569 43 85
filtered_r2 8 1200 13.176710929519919 -0.3839261822402477 -0.6954349700285464 0.9857142857142858 0.9938775510204082 0.00011991582748762803 1 1120 -0.7474006706354569 43 85
filtered_r2 8 1280 14.055158324821246 -0.39351826161146164 -0.762931928829271 0.986734693877551 0.9938775510204082 8.715687931944449e-05 0 1280 -0.762931928829271 43 85
filtered_r2 8 1360 14.933605720122575 -0.16436201371252537 -0.689686144371422 0.9857142857142858 0.9938775510204082 5.866995833708463e-05 1 1280 -0.762931928829271 43 85
filtered_r2 8 1440 15.812053115423902 -0.19639065489172935 -0.7606834844667084 0.9887755102040816 0.9938775510204082 3.520239055818114e-05 2 1280 -0.762931928829271 43 85
filtered_r2 8 1520 16.69050051072523 -0.20960984341800212 -0.7489980537064221 0.986734693877551 0.9928571428571429 1.7369824265066364e-05 3 1280 -0.762931928829271 43 85
filtered_r2 8 1600 17.56894790602656 -0.28139378130435944 -0.7341502330741104 0.9846938775510204 0.9938775510204082 5.640079084868633e-06 4 1280 -0.762931928829271 43 85
filtered_r2 8 1680 18.447395301327887 -0.3028979580849409 -0.7907509015530956 0.9877551020408163 0.9948979591836735 3.208732072368104e-07 0 1680 -0.7907509015530956 43 85
filtered_r2 8 1705 18.721910112359552 -0.4544819486141205 -0.7936619014156108 0.9887755102040816 0.9948979591836735 0.0 1 1705 -0.7936619014156108 43 85
filtered_r2 9 1 0.010980592441266599 2.5471553802490234 2.503726370480596 0.3020408163265306 0.3489795918367347 3.225806451612903e-06 0 1 2.503726370480596 43 85
filtered_r2 9 80 0.8784473953013279 1.8964747846881045 0.6665594071758036 0.863265306122449 0.9714285714285714 0.00025806451612903227 0 80 0.6665594071758036 43 85
filtered_r2 9 160 1.7568947906026557 0.6453876401297748 0.19387254398696277 0.9326530612244898 0.9948979591836735 0.0004999871624350509 0 160 0.19387254398696277 43 85
filtered_r2 9 240 2.635342185903984 0.5040618519298732 0.04132926901992486 0.9530612244897959 0.9948979591836735 0.0004962990794052847 0 240 0.04132926901992486 43 85
filtered_r2 9 320 3.5137895812053115 0.2627392872236669 -0.13313555206571306 0.963265306122449 0.9959183673469387 0.00048614958518009677 0 320 -0.13313555206571306 43 85
filtered_r2 9 400 4.39223697650664 0.1679006396792829 -0.20455049933219444 0.9693877551020408 0.996938775510204 0.0004698049416382277 0 400 -0.20455049933219444 43 85
filtered_r2 9 480 5.270684371807968 0.26529759615659715 -0.23514120639586936 0.9693877551020408 0.9938775510204082 0.0004476939342344246 0 480 -0.23514120639586936 43 85
filtered_r2 9 560 6.149131767109295 0.1208117449656129 -0.35391016274082415 0.9755102040816327 0.996938775510204 0.00042039662323982603 0 560 -0.35391016274082415 43 85
filtered_r2 9 640 7.027579162410623 -0.03426006883382797 -0.4043153616846824 0.9724489795918367 0.9959183673469387 0.0003886291264381089 0 640 -0.4043153616846824 43 85
filtered_r2 9 720 7.906026557711951 -0.09948000740259885 -0.5007168820926121 0.9775510204081632 0.996938775510204 0.000353224832488219 0 720 -0.5007168820926121 43 85
filtered_r2 9 800 8.78447395301328 -0.019853130914270878 -0.49059144088200163 0.9775510204081632 0.9959183673469387 0.0003151125378024133 1 720 -0.5007168820926121 43 85
filtered_r2 9 880 9.662921348314606 -0.15903431065380574 -0.5969286991625417 0.9795918367346939 0.9959183673469387 0.00027529208049685805 0 880 -0.5969286991625417 43 85
filtered_r2 9 960 10.541368743615935 -0.14401961788535117 -0.6186325676587163 0.9816326530612245 0.9959183673469387 0.000234808110633836 0 960 -0.6186325676587163 43 85
filtered_r2 9 1040 11.419816138917263 -0.09765298254787921 -0.6569372379049963 0.9826530612244898 0.9959183673469387 0.0001947226848671508 0 1040 -0.6569372379049963 43 85
filtered_r2 9 1120 12.29826353421859 -0.12293787188827991 -0.7016384577264592 0.9806122448979592 0.9948979591836735 0.00015608740444292746 0 1120 -0.7016384577264592 43 85
filtered_r2 9 1200 13.176710929519919 -0.2920263808220625 -0.7250118756780819 0.9826530612244898 0.9959183673469387 0.00011991582748762803 0 1200 -0.7250118756780819 43 85
filtered_r2 9 1280 14.055158324821246 -0.288073543086648 -0.7345501644270761 0.9826530612244898 0.996938775510204 8.715687931944449e-05 0 1280 -0.7345501644270761 43 85
filtered_r2 9 1360 14.933605720122575 -0.34077422618865966 -0.7452463286263602 0.9836734693877551 0.996938775510204 5.866995833708463e-05 0 1360 -0.7452463286263602 43 85
filtered_r2 9 1440 15.812053115423902 -0.3320014920085669 -0.7246978448361766 0.9826530612244898 0.9959183673469387 3.520239055818114e-05 1 1360 -0.7452463286263602 43 85
filtered_r2 9 1520 16.69050051072523 -0.34103841818869113 -0.7558790328551311 0.9836734693877551 0.996938775510204 1.7369824265066364e-05 0 1520 -0.7558790328551311 43 85
filtered_r2 9 1600 17.56894790602656 -0.27756333723664284 -0.7655501667334109 0.9826530612244898 0.996938775510204 5.640079084868633e-06 0 1600 -0.7655501667334109 43 85
filtered_r2 9 1680 18.447395301327887 -0.1734937958419323 -0.7502939623229358 0.9826530612244898 0.996938775510204 3.208732072368104e-07 1 1600 -0.7655501667334109 43 85
filtered_r2 9 1705 18.721910112359552 -0.29014642000198365 -0.7465527410409889 0.9816326530612245 0.996938775510204 0.0 2 1600 -0.7655501667334109 43 85
