source,seed,epoch,step,real_epoch,tr_loss,vl_loss,vl_tumour,vl_plane,patience_counter,best_epoch,best_val_loss,learning_rate,experiment
epoch,0,1,1,1.0,1.6277972707812418,1.8347120659691947,0.5479591836734694,0.8714285714285714,0,1,1.8347120659691947,0.001,augmented_r2
epoch,0,2,2,2.0,0.9676308518496831,1.5250511568419787,0.7948979591836735,0.7581632653061224,0,2,1.5250511568419787,0.001,augmented_r2
epoch,0,3,3,3.0,0.746724510839878,1.1315973870608271,0.7959183673469388,0.9561224489795919,0,3,1.1315973870608271,0.001,augmented_r2
epoch,0,4,4,4.0,0.599273245832751,0.984077145128834,0.7744897959183673,0.936734693877551,0,4,0.984077145128834,0.001,augmented_r2
epoch,0,5,5,5.0,0.5004452000667515,0.6152599848046595,0.9010204081632653,0.9846938775510204,0,5,0.6152599848046595,0.001,augmented_r2
epoch,0,6,6,6.0,0.41436010270415086,2.229543310282182,0.5459183673469388,0.8591836734693877,1,5,0.6152599848046595,0.001,augmented_r2
epoch,0,7,7,7.0,0.33162587708031294,1.3023236274719239,0.6846938775510204,0.9724489795918367,2,5,0.6152599848046595,0.001,augmented_r2
epoch,0,8,8,8.0,0.27671018363714983,0.8580088308879308,0.7683673469387755,0.9826530612244898,3,5,0.6152599848046595,0.001,augmented_r2
epoch,0,9,9,9.0,0.24611551924422492,4.442468598424172,0.5193877551020408,0.5857142857142857,4,5,0.6152599848046595,0.001,augmented_r2
epoch,0,10,10,10.0,0.17960154420612226,0.764337970772568,0.8357142857142857,0.9591836734693877,5,5,0.6152599848046595,0.001,augmented_r2
epoch,0,11,11,11.0,0.104837085089671,0.690167932850974,0.8459183673469388,0.9316326530612244,6,5,0.6152599848046595,0.001,augmented_r2
epoch,0,12,12,12.0,0.09204479456295729,1.2816556998661586,0.7428571428571429,0.9306122448979591,7,5,0.6152599848046595,0.001,augmented_r2
epoch,0,13,13,13.0,0.06037172615128075,1.9026798798113453,0.7989795918367347,0.6806122448979591,8,5,0.6152599848046595,0.001,augmented_r2
epoch,0,14,14,14.0,0.02405597854363247,2.9869176436443716,0.39387755102040817,0.9857142857142858,9,5,0.6152599848046595,0.001,augmented_r2
epoch,0,15,15,15.0,-0.010342344550374022,0.26230405569076537,0.9193877551020408,0.9928571428571429,0,15,0.26230405569076537,0.001,augmented_r2
epoch,0,16,16,16.0,-0.05935075859095426,1.3863826338125735,0.7122448979591837,0.8877551020408163,1,15,0.26230405569076537,0.001,augmented_r2
epoch,0,17,17,17.0,-0.05964595413361063,0.19845816505198577,0.9581632653061225,0.9714285714285714,0,17,0.19845816505198577,0.001,augmented_r2
epoch,0,18,18,18.0,-0.08162571526770346,0.8985904241094784,0.7653061224489796,0.9846938775510204,1,17,0.19845816505198577,0.001,augmented_r2
epoch,0,19,19,19.0,-0.0833240700491601,0.15948253602397686,0.9448979591836735,0.9816326530612245,0,19,0.15948253602397686,0.001,augmented_r2
epoch,0,20,20,20.0,-0.13400582688732052,0.13809881794209383,0.9612244897959183,0.9744897959183674,0,20,0.13809881794209383,0.001,augmented_r2
epoch,0,21,21,21.0,-0.15696459986010758,0.9638391183347118,0.8,0.9826530612244898,1,20,0.13809881794209383,0.001,augmented_r2
epoch,0,22,22,22.0,-0.13867208809486659,3.687956600773091,0.5551020408163265,0.6918367346938775,2,20,0.13809881794209383,0.001,augmented_r2
epoch,0,23,23,23.0,-0.15592019542995195,0.1851830667378951,0.9285714285714286,0.9846938775510204,3,20,0.13809881794209383,0.001,augmented_r2
epoch,0,24,24,24.0,-0.13144458790788296,0.9344957351684571,0.813265306122449,0.9806122448979592,4,20,0.13809881794209383,0.001,augmented_r2
epoch,0,25,25,25.0,-0.16302576434135715,0.7898209493987415,0.8948979591836734,0.9071428571428571,5,20,0.13809881794209383,0.001,augmented_r2
epoch,0,26,26,26.0,-0.1837674143156436,0.41078464936236947,0.9122448979591836,0.9724489795918367,6,20,0.13809881794209383,0.001,augmented_r2
epoch,0,27,27,27.0,-0.18490205276871619,0.7862359436190858,0.8397959183673469,0.9877551020408163,7,20,0.13809881794209383,0.001,augmented_r2
epoch,0,28,28,28.0,-0.19299894679138813,1.640458528362975,0.7204081632653061,0.9530612244897959,8,20,0.13809881794209383,0.001,augmented_r2
epoch,0,29,29,29.0,-0.16803719689903782,1.3107193830061932,0.7336734693877551,0.9816326530612245,9,20,0.13809881794209383,0.001,augmented_r2
epoch,0,30,30,30.0,-0.1753232670240789,1.0377085851163281,0.7642857142857142,0.9836734693877551,10,20,0.13809881794209383,0.001,augmented_r2
epoch,0,31,31,31.0,-0.16636621395491774,0.6155488495924035,0.8540816326530613,0.9755102040816327,11,20,0.13809881794209383,0.0005,augmented_r2
epoch,0,32,32,32.0,-0.21425287932948883,-0.0727721136443469,0.9785714285714285,0.9918367346938776,0,32,-0.0727721136443469,0.0005,augmented_r2
epoch,0,33,33,33.0,-0.23687582762832018,-0.10557279392164581,0.9836734693877551,0.9938775510204082,0,33,-0.10557279392164581,0.0005,augmented_r2
epoch,0,34,34,34.0,-0.240809887917215,-0.09882218156542097,0.9826530612244898,0.9938775510204082,1,33,-0.10557279392164581,0.0005,augmented_r2
epoch,0,35,35,35.0,-0.24140087748394787,-0.11256522013216602,0.9826530612244898,0.9938775510204082,0,35,-0.11256522013216602,0.0005,augmented_r2
epoch,0,36,36,36.0,-0.24254625310416397,-0.0904156222635386,0.9846938775510204,0.9918367346938776,1,35,-0.11256522013216602,0.0005,augmented_r2
epoch,0,37,37,37.0,-0.24152159294304293,-0.0931323377453551,0.9846938775510204,0.9938775510204082,2,35,-0.11256522013216602,0.0005,augmented_r2
epoch,0,38,38,38.0,-0.24171163611764077,-0.063184084211077,0.9755102040816327,0.9918367346938776,3,35,-0.11256522013216602,0.0005,augmented_r2
epoch,0,39,39,39.0,-0.24436568417283375,-0.09333835377985117,0.9806122448979592,0.9928571428571429,4,35,-0.11256522013216602,0.0005,augmented_r2
epoch,0,40,40,40.0,-0.24266482150899032,-0.08060924568954779,0.9795918367346939,0.9928571428571429,5,35,-0.11256522013216602,0.0005,augmented_r2
epoch,0,41,41,41.0,-0.2403628738308426,-0.07280150578946483,0.9826530612244898,0.9928571428571429,6,35,-0.11256522013216602,0.0005,augmented_r2
epoch,0,42,42,42.0,-0.2439748706746665,-0.08020730067272576,0.976530612244898,0.9928571428571429,7,35,-0.11256522013216602,0.0005,augmented_r2
epoch,0,43,43,43.0,-0.2444057477644104,-0.027009090112180126,0.9653061224489796,0.9928571428571429,8,35,-0.11256522013216602,0.0005,augmented_r2
epoch,0,44,44,44.0,-0.24521617902274864,0.08548372327064982,0.9704081632653061,0.9785714285714285,9,35,-0.11256522013216602,0.0005,augmented_r2
epoch,0,45,45,45.0,-0.24521663839767652,-0.01299339654494305,0.9683673469387755,0.9908163265306122,10,35,-0.11256522013216602,0.0005,augmented_r2
epoch,0,46,46,46.0,-0.2278078103295074,0.43631805887027664,0.8908163265306123,0.9836734693877551,11,35,-0.11256522013216602,0.00025,augmented_r2
epoch,0,47,47,47.0,-0.2348261208063943,-0.07445209804846316,0.9785714285714285,0.9908163265306122,12,35,-0.11256522013216602,0.00025,augmented_r2
epoch,0,48,48,48.0,-0.24780272548735088,-0.09166687410704943,0.9806122448979592,0.9918367346938776,13,35,-0.11256522013216602,0.00025,augmented_r2
epoch,0,49,49,49.0,-0.24895017652147047,-0.09510136623771823,0.9826530612244898,0.9928571428571429,14,35,-0.11256522013216602,0.00025,augmented_r2
epoch,0,50,50,50.0,-0.24940726400152183,-0.08865808516132588,0.9816326530612245,0.9928571428571429,15,35,-0.11256522013216602,0.00025,augmented_r2
epoch,0,51,51,51.0,-0.2510177481268389,-0.09752994410845699,0.9826530612244898,0.9918367346938776,16,35,-0.11256522013216602,0.00025,augmented_r2
epoch,0,52,52,52.0,-0.25077446584698754,-0.09596313846354582,0.9816326530612245,0.9918367346938776,17,35,-0.11256522013216602,0.00025,augmented_r2
epoch,0,53,53,53.0,-0.2514091022236548,-0.0863700312011096,0.9816326530612245,0.9918367346938776,18,35,-0.11256522013216602,0.00025,augmented_r2
epoch,0,54,54,54.0,-0.25070056047041633,-0.10378587781166544,0.9836734693877551,0.9918367346938776,19,35,-0.11256522013216602,0.00025,augmented_r2
epoch,0,55,55,55.0,-0.2506018412819332,-0.10060296301939049,0.9826530612244898,0.9928571428571429,20,35,-0.11256522013216602,0.00025,augmented_r2
epoch,0,56,56,56.0,-0.25143265000647486,-0.09585583696559984,0.9806122448979592,0.9928571428571429,21,35,-0.11256522013216602,0.00025,augmented_r2
epoch,0,57,57,57.0,-0.25024048715768976,-0.09643551865402533,0.9836734693877551,0.9918367346938776,22,35,-0.11256522013216602,0.000125,augmented_r2
epoch,0,58,58,58.0,-0.25323160612308354,-0.09755095365096111,0.9816326530612245,0.9918367346938776,23,35,-0.11256522013216602,0.000125,augmented_r2
epoch,0,59,59,59.0,-0.25366904214133246,-0.10208505173118747,0.9816326530612245,0.9928571428571429,24,35,-0.11256522013216602,0.000125,augmented_r2
epoch,0,60,60,60.0,-0.2536879933920483,-0.10622016848350058,0.9816326530612245,0.9928571428571429,25,35,-0.11256522013216602,0.000125,augmented_r2
epoch,0,61,61,61.0,-0.2530844290714971,-0.0916894868928559,0.9795918367346939,0.9928571428571429,26,35,-0.11256522013216602,0.000125,augmented_r2
epoch,0,62,62,62.0,-0.2532882557723694,-0.10058179631525156,0.9816326530612245,0.9928571428571429,27,35,-0.11256522013216602,0.000125,augmented_r2
epoch,0,63,63,63.0,-0.2540089949282815,-0.10747690200805664,0.9806122448979592,0.9928571428571429,28,35,-0.11256522013216602,0.000125,augmented_r2
epoch,0,64,64,64.0,-0.252664953757209,-0.08678914040935283,0.976530612244898,0.9928571428571429,29,35,-0.11256522013216602,0.000125,augmented_r2
epoch,0,65,65,65.0,-0.252860290492141,-0.10694332803998674,0.9816326530612245,0.9928571428571429,30,35,-0.11256522013216602,0.000125,augmented_r2
epoch,1,1,1,1.0,1.4856857179482268,2.8208773311303585,0.5479591836734694,0.7571428571428571,0,1,2.8208773311303585,0.001,augmented_r2
epoch,1,2,2,2.0,0.8855024065538645,2.033243550086508,0.613265306122449,0.7428571428571429,0,2,2.033243550086508,0.001,augmented_r2
epoch,1,3,3,3.0,0.6962588432407741,1.0186478955405098,0.7857142857142857,0.9581632653061225,0,3,1.0186478955405098,0.001,augmented_r2
epoch,1,4,4,4.0,0.5592883798169574,1.4975682458099053,0.6622448979591836,0.9846938775510204,1,3,1.0186478955405098,0.001,augmented_r2
epoch,1,5,5,5.0,0.4793776869860828,1.5191213393697933,0.6540816326530612,0.9193877551020408,2,3,1.0186478955405098,0.001,augmented_r2
epoch,1,6,6,6.0,0.3786896241626066,1.5586987159690078,0.7122448979591837,0.8673469387755102,3,3,1.0186478955405098,0.001,augmented_r2
epoch,1,7,7,7.0,0.3392332837676946,0.8120855287629731,0.7969387755102041,0.9908163265306122,0,7,0.8120855287629731,0.001,augmented_r2
epoch,1,8,8,8.0,0.25558988969563257,0.387503091778074,0.9387755102040817,0.9938775510204082,0,8,0.387503091778074,0.001,augmented_r2
epoch,1,9,9,9.0,0.2017946894293385,2.391062102999006,0.6214285714285714,0.8857142857142857,1,8,0.387503091778074,0.001,augmented_r2
epoch,1,10,10,10.0,0.16462758598294241,1.8042797896326805,0.6581632653061225,0.9744897959183674,2,8,0.387503091778074,0.001,augmented_r2
epoch,1,11,11,11.0,0.13079921871223707,0.43545027411713894,0.9010204081632653,0.9877551020408163,3,8,0.387503091778074,0.001,augmented_r2
epoch,1,12,12,12.0,0.07366353713426015,0.850476052079882,0.8581632653061224,0.8938775510204081,4,8,0.387503091778074,0.001,augmented_r2
epoch,1,13,13,13.0,0.03749841248150779,1.2579676545396143,0.753061224489796,0.8642857142857143,5,8,0.387503091778074,0.001,augmented_r2
epoch,1,14,14,14.0,0.009105659519092035,0.6671411567804765,0.8857142857142857,0.9153061224489796,6,8,0.387503091778074,0.001,augmented_r2
epoch,1,15,15,15.0,-0.010878873699289528,1.9064511571611678,0.4989795918367347,0.9775510204081632,7,8,0.387503091778074,0.001,augmented_r2
epoch,1,16,16,16.0,-0.045627001843648644,0.41116400640838,0.8857142857142857,0.9877551020408163,8,8,0.387503091778074,0.001,augmented_r2
epoch,1,17,17,17.0,-0.08820618470347516,0.42532743288546193,0.889795918367347,0.9908163265306122,9,8,0.387503091778074,0.001,augmented_r2
epoch,1,18,18,18.0,-0.10938984030427758,0.4513193845748901,0.8724489795918368,0.9887755102040816,10,8,0.387503091778074,0.001,augmented_r2
epoch,1,19,19,19.0,-0.10798783604243702,1.2044343033615423,0.8061224489795918,0.889795918367347,11,8,0.387503091778074,0.0005,augmented_r2
epoch,1,20,20,20.0,-0.1512937907369762,0.03490195931220541,0.9540816326530612,0.9928571428571429,0,20,0.03490195931220541,0.0005,augmented_r2
epoch,1,21,21,21.0,-0.18077512331109094,-0.06270880407216597,0.9806122448979592,0.9948979591836735,0,21,-0.06270880407216597,0.0005,augmented_r2
epoch,1,22,22,22.0,-0.18809518363269176,0.021106288627702363,0.9581632653061225,0.9959183673469387,1,21,-0.06270880407216597,0.0005,augmented_r2
epoch,1,23,23,23.0,-0.19664803116878823,0.0013164330501945652,0.976530612244898,0.986734693877551,2,21,-0.06270880407216597,0.0005,augmented_r2
epoch,1,24,24,24.0,-0.20230389693613332,-0.05281609004857589,0.9734693877551021,0.9948979591836735,3,21,-0.06270880407216597,0.0005,augmented_r2
epoch,1,25,25,25.0,-0.2075774800787871,-0.09211035237020376,0.9846938775510204,0.9938775510204082,0,25,-0.09211035237020376,0.0005,augmented_r2
epoch,1,26,26,26.0,-0.21193283079732844,-0.038199899147967904,0.9704081632653061,0.9928571428571429,1,25,-0.09211035237020376,0.0005,augmented_r2
epoch,1,27,27,27.0,-0.20991491147857524,-0.031500534135468154,0.976530612244898,0.9928571428571429,2,25,-0.09211035237020376,0.0005,augmented_r2
epoch,1,28,28,28.0,-0.21684582342307004,0.04720613031971212,0.9571428571428572,0.9938775510204082,3,25,-0.09211035237020376,0.0005,augmented_r2
epoch,1,29,29,29.0,-0.2029850432849814,0.9756287326618117,0.8204081632653061,0.9275510204081633,4,25,-0.09211035237020376,0.0005,augmented_r2
epoch,1,30,30,30.0,-0.18282314189711082,2.896043179959667,0.710204081632653,0.7255102040816327,5,25,-0.09211035237020376,0.0005,augmented_r2
epoch,1,31,31,31.0,-0.18013877168771716,1.6617897067751204,0.95,0.6948979591836735,6,25,-0.09211035237020376,0.0005,augmented_r2
epoch,1,32,32,32.0,-0.20129444587324602,0.17384834581491898,0.9306122448979591,0.9938775510204082,7,25,-0.09211035237020376,0.0005,augmented_r2
epoch,1,33,33,33.0,-0.20959537784803495,0.02028499817361637,0.960204081632653,0.9918367346938776,8,25,-0.09211035237020376,0.0005,augmented_r2
epoch,1,34,34,34.0,-0.21363479914733402,2.4918433987364477,0.5918367346938775,0.8469387755102041,9,25,-0.09211035237020376,0.0005,augmented_r2
epoch,1,35,35,35.0,-0.22580920046329636,-0.08197507614992103,0.9806122448979592,0.9928571428571429,10,25,-0.09211035237020376,0.0005,augmented_r2
epoch,1,36,36,36.0,-0.23534916744379666,0.4532260646625441,0.8836734693877552,0.9928571428571429,11,25,-0.09211035237020376,0.00025,augmented_r2
epoch,1,37,37,37.0,-0.24069132238217752,-0.09416531689312993,0.9775510204081632,0.9938775510204082,0,37,-0.09416531689312993,0.00025,augmented_r2
epoch,1,38,38,38.0,-0.2455540326374211,-0.10305377755846296,0.9795918367346939,0.9938775510204082,0,38,-0.10305377755846296,0.00025,augmented_r2
epoch,1,39,39,39.0,-0.2460360494340374,-0.0922196626663208,0.9744897959183674,0.9938775510204082,1,38,-0.10305377755846296,0.00025,augmented_r2
epoch,1,40,40,40.0,-0.24683487443141977,-0.08890321498014489,0.976530612244898,0.9928571428571429,2,38,-0.10305377755846296,0.00025,augmented_r2
epoch,1,41,41,41.0,-0.24766948254768653,-0.09646292219356614,0.9785714285714285,0.9938775510204082,3,38,-0.10305377755846296,0.00025,augmented_r2
epoch,1,42,42,42.0,-0.24735432344934213,-0.08110811564387108,0.9795918367346939,0.9938775510204082,4,38,-0.10305377755846296,0.00025,augmented_r2
epoch,1,43,43,43.0,-0.24859735671444957,-0.07166011138838164,0.9795918367346939,0.9938775510204082,5,38,-0.10305377755846296,0.00025,augmented_r2
epoch,1,44,44,44.0,-0.24782063719618935,-0.0464417146176708,0.9785714285714285,0.9887755102040816,6,38,-0.10305377755846296,0.00025,augmented_r2
epoch,1,45,45,45.0,-0.24770358287456748,-0.09186422922173325,0.9795918367346939,0.9938775510204082,7,38,-0.10305377755846296,0.00025,augmented_r2
epoch,1,46,46,46.0,-0.24859798688529566,-0.07869520090064223,0.9806122448979592,0.9938775510204082,8,38,-0.10305377755846296,0.00025,augmented_r2
epoch,1,47,47,47.0,-0.24629575942882406,-0.08531154467135059,0.9816326530612245,0.9938775510204082,9,38,-0.10305377755846296,0.00025,augmented_r2
epoch,1,48,48,48.0,-0.24989186719099077,-0.04311760542344074,0.9673469387755103,0.9938775510204082,10,38,-0.10305377755846296,0.00025,augmented_r2
epoch,1,49,49,49.0,-0.24946362427173566,-0.05028727589821329,0.9744897959183674,0.9938775510204082,11,38,-0.10305377755846296,0.000125,augmented_r2
epoch,1,50,50,50.0,-0.2516317083531578,-0.08524979036681506,0.9755102040816327,0.9928571428571429,12,38,-0.10305377755846296,0.000125,augmented_r2
epoch,1,51,51,51.0,-0.2529549390155858,-0.09324410740210086,0.9785714285714285,0.9938775510204082,13,38,-0.10305377755846296,0.000125,augmented_r2
epoch,1,52,52,52.0,-0.2530843608748784,-0.09348655720146334,0.976530612244898,0.9938775510204082,14,38,-0.10305377755846296,0.000125,augmented_r2
epoch,1,53,53,53.0,-0.25297683856561715,-0.09341700709595972,0.9775510204081632,0.9938775510204082,15,38,-0.10305377755846296,0.000125,augmented_r2
epoch,1,54,54,54.0,-0.25374517953531506,-0.09046529215209338,0.9806122448979592,0.9938775510204082,16,38,-0.10305377755846296,0.000125,augmented_r2
epoch,1,55,55,55.0,-0.253052734914729,-0.08562019065934784,0.976530612244898,0.9938775510204082,17,38,-0.10305377755846296,0.000125,augmented_r2
epoch,1,56,56,56.0,-0.25300827858084174,-0.06643268332189443,0.9785714285714285,0.9938775510204082,18,38,-0.10305377755846296,0.000125,augmented_r2
epoch,1,57,57,57.0,-0.253618261940736,-0.08915059225899832,0.976530612244898,0.9938775510204082,19,38,-0.10305377755846296,0.000125,augmented_r2
epoch,1,58,58,58.0,-0.25405824420957895,-0.09646646830500388,0.9775510204081632,0.9938775510204082,20,38,-0.10305377755846296,0.000125,augmented_r2
epoch,1,59,59,59.0,-0.2533395414558346,-0.08536072166598573,0.976530612244898,0.9928571428571429,21,38,-0.10305377755846296,0.000125,augmented_r2
epoch,1,60,60,60.0,-0.2532742712739121,-0.07117918267542002,0.976530612244898,0.9938775510204082,22,38,-0.10305377755846296,6.25e-05,augmented_r2
epoch,1,61,61,61.0,-0.2549516250449226,-0.07987543952708341,0.976530612244898,0.9938775510204082,23,38,-0.10305377755846296,6.25e-05,augmented_r2
epoch,1,62,62,62.0,-0.25522475396365857,-0.08625325767361387,0.9775510204081632,0.9938775510204082,24,38,-0.10305377755846296,6.25e-05,augmented_r2
epoch,1,63,63,63.0,-0.2554362000408902,-0.08886233738490514,0.9775510204081632,0.9938775510204082,25,38,-0.10305377755846296,6.25e-05,augmented_r2
epoch,1,64,64,64.0,-0.2552297223682198,-0.08065241745540074,0.9775510204081632,0.9938775510204082,26,38,-0.10305377755846296,6.25e-05,augmented_r2
epoch,1,65,65,65.0,-0.2553145096188632,-0.08700148183472302,0.9744897959183674,0.9928571428571429,27,38,-0.10305377755846296,6.25e-05,augmented_r2
epoch,1,66,66,66.0,-0.25493534847220006,-0.08746699946267264,0.9785714285714285,0.9928571428571429,28,38,-0.10305377755846296,6.25e-05,augmented_r2
epoch,1,67,67,67.0,-0.2556633195481914,-0.09277787841096216,0.9785714285714285,0.9938775510204082,29,38,-0.10305377755846296,6.25e-05,augmented_r2
epoch,1,68,68,68.0,-0.25588817748795245,-0.08166462937179877,0.9785714285714285,0.9928571428571429,30,38,-0.10305377755846296,6.25e-05,augmented_r2
epoch,2,1,1,1.0,1.513636496851804,1.6177747025781748,0.7061224489795919,0.7561224489795918,0,1,1.6177747025781748,0.001,augmented_r2
epoch,2,2,2,2.0,0.8832823365778905,1.2907014078023482,0.8438775510204082,0.7938775510204081,0,2,1.2907014078023482,0.001,augmented_r2
epoch,2,3,3,3.0,0.6866384945007604,1.5407481159482683,0.5979591836734693,0.9622448979591837,1,2,1.2907014078023482,0.001,augmented_r2
epoch,2,4,4,4.0,0.5761000812662423,1.6919930638099203,0.5846938775510204,0.9836734693877551,2,2,1.2907014078023482,0.001,augmented_r2
epoch,2,5,5,5.0,0.4765614749375119,0.6773855647262261,0.8959183673469387,0.9734693877551021,0,5,0.6773855647262261,0.001,augmented_r2
epoch,2,6,6,6.0,0.3878578851078285,0.8726399815812402,0.8775510204081632,0.8724489795918368,1,5,0.6773855647262261,0.001,augmented_r2
epoch,2,7,7,7.0,0.33446400735863174,0.6346882703352947,0.8653061224489796,0.9724489795918367,0,7,0.6346882703352947,0.001,augmented_r2
epoch,2,8,8,8.0,0.2678224075751921,1.586643521153197,0.5510204081632653,0.9806122448979592,1,7,0.6346882703352947,0.001,augmented_r2
epoch,2,9,9,9.0,0.1971941149753073,0.8597987396376473,0.8622448979591837,0.8816326530612245,2,7,0.6346882703352947,0.001,augmented_r2
epoch,2,10,10,10.0,0.17195308204987045,0.5683921723949666,0.8908163265306123,0.9653061224489796,0,10,0.5683921723949666,0.001,augmented_r2
epoch,2,11,11,11.0,0.13500939474392465,1.6094349900070501,0.6959183673469388,0.8663265306122448,1,10,0.5683921723949666,0.001,augmented_r2
epoch,2,12,12,12.0,0.09767868644404348,0.9017565549636374,0.7316326530612245,0.9826530612244898,2,10,0.5683921723949666,0.001,augmented_r2
epoch,2,13,13,13.0,0.030123187200230692,0.7755778658146761,0.8142857142857143,0.9285714285714286,3,10,0.5683921723949666,0.001,augmented_r2
epoch,2,14,14,14.0,-0.0009388905730580045,1.3587428219464361,0.6836734693877551,0.9714285714285714,4,10,0.5683921723949666,0.001,augmented_r2
epoch,2,15,15,15.0,-0.026614370831672396,4.146614035781549,0.4520408163265306,0.7928571428571428,5,10,0.5683921723949666,0.001,augmented_r2
epoch,2,16,16,16.0,-0.04250352524236162,1.182018849801044,0.7316326530612245,0.9887755102040816,6,10,0.5683921723949666,0.001,augmented_r2
epoch,2,17,17,17.0,-0.0767149761914859,0.7419873006489812,0.826530612244898,0.9806122448979592,7,10,0.5683921723949666,0.001,augmented_r2
epoch,2,18,18,18.0,-0.09849239461860958,4.419601948407232,0.6602040816326531,0.6540816326530612,8,10,0.5683921723949666,0.001,augmented_r2
epoch,2,19,19,19.0,-0.08185201257180291,4.0311431164644205,0.34285714285714286,0.9377551020408164,9,10,0.5683921723949666,0.001,augmented_r2
epoch,2,20,20,20.0,-0.07049630397535601,0.6810875043577077,0.8622448979591837,0.9510204081632653,10,10,0.5683921723949666,0.001,augmented_r2
epoch,2,21,21,21.0,-0.1550325607815184,0.25421504633767267,0.9336734693877551,0.9785714285714285,0,21,0.25421504633767267,0.001,augmented_r2
epoch,2,22,22,22.0,-0.16733719923769658,0.20938499192802273,0.9224489795918367,0.9908163265306122,0,22,0.20938499192802273,0.001,augmented_r2
epoch,2,23,23,23.0,-0.13551909848069324,0.6759208414019371,0.8683673469387755,0.9877551020408163,1,22,0.20938499192802273,0.001,augmented_r2
epoch,2,24,24,24.0,-0.16304205806324215,0.6747185473539391,0.8530612244897959,0.986734693877551,2,22,0.20938499192802273,0.001,augmented_r2
epoch,2,25,25,25.0,-0.1880936391297255,0.37630867568814025,0.9418367346938775,0.9540816326530612,3,22,0.20938499192802273,0.001,augmented_r2
epoch,2,26,26,26.0,-0.1773286573664941,2.384389081293223,0.8775510204081632,0.6704081632653062,4,22,0.20938499192802273,0.001,augmented_r2
epoch,2,27,27,27.0,-0.1961830666575169,1.9892449398430025,0.5693877551020409,0.9653061224489796,5,22,0.20938499192802273,0.001,augmented_r2
epoch,2,28,28,28.0,-0.16229385650641445,1.2936005081449236,0.7,0.9785714285714285,6,22,0.20938499192802273,0.001,augmented_r2
epoch,2,29,29,29.0,-0.1557280358295591,0.5458594774713321,0.9459183673469388,0.889795918367347,7,22,0.20938499192802273,0.001,augmented_r2
epoch,2,30,30,30.0,-0.16736249340008397,0.2509271777406031,0.9387755102040817,0.9826530612244898,8,22,0.20938499192802273,0.001,augmented_r2
epoch,2,31,31,31.0,-0.21557264640027243,0.49846135158928073,0.8653061224489796,0.9887755102040816,9,22,0.20938499192802273,0.001,augmented_r2
epoch,2,32,32,32.0,-0.21853795478042723,0.12136193489541813,0.9438775510204082,0.9887755102040816,0,32,0.12136193489541813,0.001,augmented_r2
epoch,2,33,33,33.0,-0.2239649237367548,0.1950961667664197,0.9346938775510204,0.9908163265306122,1,32,0.12136193489541813,0.001,augmented_r2
epoch,2,34,34,34.0,-0.2222008563736837,0.7422738848900309,0.8459183673469388,0.9775510204081632,2,32,0.12136193489541813,0.001,augmented_r2
epoch,2,35,35,35.0,-0.22651073373995476,-0.03950483604353301,0.9724489795918367,0.9948979591836735,0,35,-0.03950483604353301,0.001,augmented_r2
epoch,2,36,36,36.0,-0.23620730355003675,0.2966321225069007,0.9010204081632653,0.9938775510204082,1,35,-0.03950483604353301,0.001,augmented_r2
epoch,2,37,37,37.0,-0.23573371191431072,1.20099152448226,0.7693877551020408,0.9908163265306122,2,35,-0.03950483604353301,0.001,augmented_r2
epoch,2,38,38,38.0,-0.21924033848857408,0.22466386824238058,0.936734693877551,0.9836734693877551,3,35,-0.03950483604353301,0.001,augmented_r2
epoch,2,39,39,39.0,-0.10951518911573746,4.435634214050916,0.36122448979591837,0.9295918367346939,4,35,-0.03950483604353301,0.001,augmented_r2
epoch,2,40,40,40.0,-0.13668247308611417,1.8799628569155322,0.6724489795918367,0.9561224489795919,5,35,-0.03950483604353301,0.001,augmented_r2
epoch,2,41,41,41.0,-0.20694338647485092,-0.04330301576731156,0.9724489795918367,0.9918367346938776,0,41,-0.04330301576731156,0.001,augmented_r2
epoch,2,42,42,42.0,-0.23997636261576288,0.00857721591482357,0.963265306122449,0.9908163265306122,1,41,-0.04330301576731156,0.001,augmented_r2
epoch,2,43,43,43.0,-0.24074401963651093,-0.08940398693084717,0.9775510204081632,0.9928571428571429,0,43,-0.08940398693084717,0.001,augmented_r2
epoch,2,44,44,44.0,-0.24469813882765423,-0.07390794948655732,0.9785714285714285,0.9928571428571429,1,43,-0.08940398693084717,0.001,augmented_r2
epoch,2,45,45,45.0,-0.24571335126124355,-0.08801930534596346,0.9816326530612245,0.9928571428571429,2,43,-0.08940398693084717,0.001,augmented_r2
epoch,2,46,46,46.0,-0.24526757156671503,0.21967639290556615,0.9489795918367347,0.9806122448979592,3,43,-0.08940398693084717,0.001,augmented_r2
epoch,2,47,47,47.0,-0.21449699042175266,1.0460052597279452,0.823469387755102,0.9387755102040817,4,43,-0.08940398693084717,0.001,augmented_r2
epoch,2,48,48,48.0,-0.13348841830666294,3.147500767999766,0.5938775510204082,0.9112244897959184,5,43,-0.08940398693084717,0.001,augmented_r2
epoch,2,49,49,49.0,-0.18713391762904047,0.3936504743537124,0.9010204081632653,0.9775510204081632,6,43,-0.08940398693084717,0.001,augmented_r2
epoch,2,50,50,50.0,-0.23125655224276662,0.03919257290509282,0.9591836734693877,0.9887755102040816,7,43,-0.08940398693084717,0.001,augmented_r2
epoch,2,51,51,51.0,-0.2451114997872118,0.006206595654390296,0.9653061224489796,0.9908163265306122,8,43,-0.08940398693084717,0.001,augmented_r2
epoch,2,52,52,52.0,-0.24506373258662495,-0.06940353549256617,0.9775510204081632,0.9918367346938776,9,43,-0.08940398693084717,0.001,augmented_r2
epoch,2,53,53,53.0,-0.24740547708773494,-0.015789728748555085,0.9673469387755103,0.9928571428571429,10,43,-0.08940398693084717,0.001,augmented_r2
epoch,2,54,54,54.0,-0.24643306835490134,-0.06988815969350387,0.976530612244898,0.9918367346938776,11,43,-0.08940398693084717,0.0005,augmented_r2
epoch,2,55,55,55.0,-0.25188461630484227,-0.08319702878290293,0.9795918367346939,0.9928571428571429,12,43,-0.08940398693084717,0.0005,augmented_r2
epoch,2,56,56,56.0,-0.25263101526902654,-0.09350498744419643,0.9826530612244898,0.9928571428571429,0,56,-0.09350498744419643,0.0005,augmented_r2
epoch,2,57,57,57.0,-0.2518453636460239,-0.09749176696855194,0.9806122448979592,0.9938775510204082,0,57,-0.09749176696855194,0.0005,augmented_r2
epoch,2,58,58,58.0,-0.25237076585829205,-0.09552015771671217,0.9826530612244898,0.9928571428571429,1,57,-0.09749176696855194,0.0005,augmented_r2
epoch,2,59,59,59.0,-0.2528044172337913,-0.08992464153134093,0.9816326530612245,0.9938775510204082,2,57,-0.09749176696855194,0.0005,augmented_r2
epoch,2,60,60,60.0,-0.2523682903262523,-0.054567970548357284,0.9724489795918367,0.9938775510204082,3,57,-0.09749176696855194,0.0005,augmented_r2
epoch,2,61,61,61.0,-0.2512144540467275,-0.09381519969628782,0.9836734693877551,0.9928571428571429,4,57,-0.09749176696855194,0.0005,augmented_r2
epoch,2,62,62,62.0,-0.2527694877466447,-0.08890032427651541,0.9826530612244898,0.9928571428571429,5,57,-0.09749176696855194,0.0005,augmented_r2
epoch,2,63,63,63.0,-0.25246487501796705,-0.09414826120649065,0.9836734693877551,0.9938775510204082,6,57,-0.09749176696855194,0.0005,augmented_r2
epoch,2,64,64,64.0,-0.2506667814207453,-0.05071395173364756,0.9714285714285714,0.9938775510204082,7,57,-0.09749176696855194,0.0005,augmented_r2
epoch,2,65,65,65.0,-0.2529096529126898,-0.07630304754996786,0.9806122448979592,0.9928571428571429,8,57,-0.09749176696855194,0.0005,augmented_r2
epoch,2,66,66,66.0,-0.252195460145175,-0.05083217231594787,0.9704081632653061,0.9928571428571429,9,57,-0.09749176696855194,0.0005,augmented_r2
epoch,2,67,67,67.0,-0.25340287006037,-0.06481100491115026,0.9693877551020408,0.9938775510204082,10,57,-0.09749176696855194,0.0005,augmented_r2
epoch,2,68,68,68.0,-0.2532264276499786,-0.0009863371751746353,0.9622448979591837,0.9948979591836735,11,57,-0.09749176696855194,0.00025,augmented_r2
epoch,2,69,69,69.0,-0.25249155189680017,-0.09341466621476777,0.9816326530612245,0.9938775510204082,12,57,-0.09749176696855194,0.00025,augmented_r2
epoch,2,70,70,70.0,-0.25506482899693383,-0.10210281634817318,0.9846938775510204,0.9948979591836735,0,70,-0.10210281634817318,0.00025,augmented_r2
epoch,2,71,71,71.0,-0.25491034292360765,-0.08973086950730304,0.9795918367346939,0.9938775510204082,1,70,-0.10210281634817318,0.00025,augmented_r2
epoch,2,72,72,72.0,-0.25470675963300776,-0.0856840537518871,0.9816326530612245,0.9938775510204082,2,70,-0.10210281634817318,0.00025,augmented_r2
epoch,2,73,73,73.0,-0.2548948040083681,-0.10871968950544085,0.9816326530612245,0.9938775510204082,0,73,-0.10871968950544085,0.00025,augmented_r2
epoch,2,74,74,74.0,-0.2543161197483696,-0.09957437953170464,0.9816326530612245,0.9948979591836735,1,73,-0.10871968950544085,0.00025,augmented_r2
epoch,2,75,75,75.0,-0.25531867110837053,-0.07551193480588952,0.9806122448979592,0.9928571428571429,2,73,-0.10871968950544085,0.00025,augmented_r2
epoch,2,76,76,76.0,-0.2552844273616177,-0.09295675851860825,0.9795918367346939,0.9948979591836735,3,73,-0.10871968950544085,0.00025,augmented_r2
epoch,2,77,77,77.0,-0.2552261140348614,-0.07482752362076117,0.9795918367346939,0.9938775510204082,4,73,-0.10871968950544085,0.00025,augmented_r2
epoch,2,78,78,78.0,-0.25471770052037435,-0.04964971785642663,0.976530612244898,0.9938775510204082,5,73,-0.10871968950544085,0.00025,augmented_r2
epoch,2,79,79,79.0,-0.25434604625434754,-0.08167679893727205,0.9734693877551021,0.9928571428571429,6,73,-0.10871968950544085,0.00025,augmented_r2
epoch,2,80,80,80.0,-0.25474329129718015,0.04875499569639868,0.9785714285714285,0.9806122448979592,7,73,-0.10871968950544085,0.00025,augmented_r2
epoch,2,81,81,81.0,-0.2547271124016345,-0.07471668720245361,0.9785714285714285,0.9938775510204082,8,73,-0.10871968950544085,0.00025,augmented_r2
epoch,2,82,82,82.0,-0.2556510644540656,-0.09462754775066765,0.9806122448979592,0.9948979591836735,9,73,-0.10871968950544085,0.00025,augmented_r2
epoch,2,83,83,83.0,-0.2553865028812129,0.003258195701910525,0.9653061224489796,0.9948979591836735,10,73,-0.10871968950544085,0.00025,augmented_r2
epoch,2,84,84,84.0,-0.25513588432532414,0.18744819212932975,0.9408163265306122,0.9877551020408163,11,73,-0.10871968950544085,0.000125,augmented_r2
epoch,2,85,85,85.0,-0.25635673419219396,-0.08372964177812849,0.9785714285714285,0.9938775510204082,12,73,-0.10871968950544085,0.000125,augmented_r2
epoch,2,86,86,86.0,-0.25721571605129706,-0.08998288232453015,0.9795918367346939,0.9948979591836735,13,73,-0.10871968950544085,0.000125,augmented_r2
epoch,2,87,87,87.0,-0.25621078231434175,-0.07722010077262412,0.9775510204081632,0.9948979591836735,14,73,-0.10871968950544085,0.000125,augmented_r2
epoch,2,88,88,88.0,-0.25650061997860835,-0.09366352168881163,0.9826530612244898,0.9948979591836735,15,73,-0.10871968950544085,0.000125,augmented_r2
epoch,2,89,89,89.0,-0.2565304538164954,-0.0938772843808544,0.9795918367346939,0.9948979591836735,16,73,-0.10871968950544085,0.000125,augmented_r2
epoch,2,90,90,90.0,-0.25589273575620536,-0.08524911598283418,0.9795918367346939,0.9938775510204082,17,73,-0.10871968950544085,0.000125,augmented_r2
epoch,2,91,91,91.0,-0.2566230605634406,-0.09171667342283288,0.9806122448979592,0.9948979591836735,18,73,-0.10871968950544085,0.000125,augmented_r2
epoch,2,92,92,92.0,-0.2570844697193951,-0.09567338203897281,0.9816326530612245,0.9948979591836735,19,73,-0.10871968950544085,0.000125,augmented_r2
epoch,2,93,93,93.0,-0.2567436641355558,-0.0820075477872576,0.9775510204081632,0.9948979591836735,20,73,-0.10871968950544085,0.000125,augmented_r2
epoch,2,94,94,94.0,-0.2561435327781753,-0.0774844622125431,0.9785714285714285,0.9928571428571429,21,73,-0.10871968950544085,0.000125,augmented_r2
epoch,2,95,95,95.0,-0.2571069207906653,-0.08112565789903914,0.976530612244898,0.9948979591836735,22,73,-0.10871968950544085,6.25e-05,augmented_r2
epoch,2,96,96,96.0,-0.2572630331994216,-0.09391762285816427,0.9816326530612245,0.9948979591836735,23,73,-0.10871968950544085,6.25e-05,augmented_r2
epoch,2,97,97,97.0,-0.25776312220434006,-0.09639502301508067,0.9816326530612245,0.9948979591836735,24,73,-0.10871968950544085,6.25e-05,augmented_r2
epoch,2,98,98,98.0,-0.257547611497323,-0.10210138340385592,0.9806122448979592,0.9948979591836735,25,73,-0.10871968950544085,6.25e-05,augmented_r2
epoch,2,99,99,99.0,-0.2577150558673991,-0.08930055413927351,0.9785714285714285,0.9948979591836735,26,73,-0.10871968950544085,6.25e-05,augmented_r2
epoch,2,100,100,100.0,-0.25796934081334433,-0.10685276985168457,0.9826530612244898,0.9948979591836735,27,73,-0.10871968950544085,6.25e-05,augmented_r2
epoch,2,101,101,101.0,-0.2578014534000478,-0.09248573244834432,0.9795918367346939,0.9938775510204082,28,73,-0.10871968950544085,6.25e-05,augmented_r2
epoch,2,102,102,102.0,-0.2578034409636271,-0.09097755928428805,0.9795918367346939,0.9948979591836735,29,73,-0.10871968950544085,6.25e-05,augmented_r2
epoch,2,103,103,103.0,-0.257913287784464,-0.10434421957755576,0.9836734693877551,0.9948979591836735,30,73,-0.10871968950544085,6.25e-05,augmented_r2
epoch,3,1,1,1.0,1.4224457719564647,1.3745663472584315,0.8285714285714286,0.8040816326530612,0,1,1.3745663472584315,0.001,augmented_r2
epoch,3,2,2,2.0,0.8734612483514931,1.4480236895230352,0.686734693877551,0.9204081632653062,1,1,1.3745663472584315,0.001,augmented_r2
epoch,3,3,3,3.0,0.6998674788661486,5.498878463433713,0.25612244897959185,0.6571428571428571,2,1,1.3745663472584315,0.001,augmented_r2
epoch,3,4,4,4.0,0.5928430912583014,1.388646650314331,0.6857142857142857,0.8734693877551021,3,1,1.3745663472584315,0.001,augmented_r2
epoch,3,5,5,5.0,0.48192032383766265,0.9515468806636577,0.8040816326530612,0.9857142857142858,0,5,0.9515468806636577,0.001,augmented_r2
epoch,3,6,6,6.0,0.3962563814245858,1.3666209868022374,0.8489795918367347,0.7551020408163265,1,5,0.9515468806636577,0.001,augmented_r2
epoch,3,7,7,7.0,0.3168057953351296,0.8488383169076881,0.763265306122449,0.9755102040816327,0,7,0.8488383169076881,0.001,augmented_r2
epoch,3,8,8,8.0,0.27161460483529876,0.9979824358103226,0.7428571428571429,0.9775510204081632,1,7,0.8488383169076881,0.001,augmented_r2
epoch,3,9,9,9.0,0.19375469624944008,0.6373567629833611,0.8489795918367347,0.9857142857142858,0,9,0.6373567629833611,0.001,augmented_r2
epoch,3,10,10,10.0,0.1919348462872579,1.3501189465425452,0.8112244897959183,0.8030612244897959,1,9,0.6373567629833611,0.001,augmented_r2
epoch,3,11,11,11.0,0.11935545873252372,1.5879813807351248,0.6653061224489796,0.9714285714285714,2,9,0.6373567629833611,0.001,augmented_r2
epoch,3,12,12,12.0,0.07531420569535348,0.545356184365798,0.8806122448979592,0.986734693877551,0,12,0.545356184365798,0.001,augmented_r2
epoch,3,13,13,13.0,0.0412169575239014,1.1390204872403826,0.6908163265306122,0.9887755102040816,1,12,0.545356184365798,0.001,augmented_r2
epoch,3,14,14,14.0,-0.0009253166457254962,0.7365691970805732,0.810204081632653,0.9918367346938776,2,12,0.545356184365798,0.001,augmented_r2
epoch,3,15,15,15.0,-0.028960179492966025,1.3220713231028343,0.6551020408163265,0.9795918367346939,3,12,0.545356184365798,0.001,augmented_r2
epoch,3,16,16,16.0,-0.050210525855956846,2.0498631924999002,0.5479591836734694,0.9775510204081632,4,12,0.545356184365798,0.001,augmented_r2
epoch,3,17,17,17.0,-0.080375450378192,1.5553647849024559,0.7642857142857142,0.8183673469387756,5,12,0.545356184365798,0.001,augmented_r2
epoch,3,18,18,18.0,-0.07675784313195226,1.8325500420161656,0.713265306122449,0.936734693877551,6,12,0.545356184365798,0.001,augmented_r2
epoch,3,19,19,19.0,-0.08033138852721927,3.4295980200475578,0.6826530612244898,0.4326530612244898,7,12,0.545356184365798,0.001,augmented_r2
epoch,3,20,20,20.0,-0.09776382240012119,1.2148452116518604,0.6775510204081633,0.9928571428571429,8,12,0.545356184365798,0.001,augmented_r2
epoch,3,21,21,21.0,-0.1476942944498844,0.28380542409663295,0.9091836734693878,0.9908163265306122,0,21,0.28380542409663295,0.001,augmented_r2
epoch,3,22,22,22.0,-0.17208085332836534,0.0601573328582608,0.9469387755102041,0.9959183673469387,0,22,0.0601573328582608,0.001,augmented_r2
epoch,3,23,23,23.0,-0.1794548300775662,0.33986840977960703,0.9438775510204082,0.9489795918367347,1,22,0.0601573328582608,0.001,augmented_r2
epoch,3,24,24,24.0,-0.08955138386043753,2.099566192043071,0.6622448979591836,0.9418367346938775,2,22,0.0601573328582608,0.001,augmented_r2
epoch,3,25,25,25.0,-0.1579950649605432,0.4088114373537959,0.9112244897959184,0.9816326530612245,3,22,0.0601573328582608,0.001,augmented_r2
epoch,3,26,26,26.0,-0.19782445320834005,0.16109439012955645,0.9479591836734694,0.9785714285714285,4,22,0.0601573328582608,0.001,augmented_r2
epoch,3,27,27,27.0,-0.20466984824533188,0.25690860407693045,0.936734693877551,0.9826530612244898,5,22,0.0601573328582608,0.001,augmented_r2
epoch,3,28,28,28.0,-0.2126773894267977,1.0087724841370875,0.8,0.9918367346938776,6,22,0.0601573328582608,0.001,augmented_r2
epoch,3,29,29,29.0,-0.1846449323322462,1.008766829237646,0.8244897959183674,0.963265306122449,7,22,0.0601573328582608,0.001,augmented_r2
epoch,3,30,30,30.0,-0.18422948881040205,0.4376211862174832,0.9326530612244898,0.9663265306122449,8,22,0.0601573328582608,0.001,augmented_r2
epoch,3,31,31,31.0,-0.1928856312480723,0.8780032561749828,0.823469387755102,0.9561224489795919,9,22,0.0601573328582608,0.001,augmented_r2
epoch,3,32,32,32.0,-0.21180465767882398,0.45817992297970517,0.8653061224489796,0.9897959183673469,10,22,0.0601573328582608,0.001,augmented_r2
epoch,3,33,33,33.0,-0.23494565580828322,-0.026614984200925243,0.9642857142857143,0.9938775510204082,0,33,-0.026614984200925243,0.001,augmented_r2
epoch,3,34,34,34.0,-0.2336366195389297,0.2764292454232975,0.9132653061224489,0.9908163265306122,1,33,-0.026614984200925243,0.001,augmented_r2
epoch,3,35,35,35.0,-0.1954604238402158,1.220497894773678,0.7336734693877551,0.9816326530612245,2,33,-0.026614984200925243,0.001,augmented_r2
epoch,3,36,36,36.0,-0.12054582472824306,0.5130225556237357,0.9122448979591836,0.9591836734693877,3,33,-0.026614984200925243,0.001,augmented_r2
epoch,3,37,37,37.0,-0.1719986651498234,2.4194594324851524,0.5673469387755102,0.9846938775510204,4,33,-0.026614984200925243,0.001,augmented_r2
epoch,3,38,38,38.0,-0.20637889309460963,0.5893341405051095,0.8714285714285714,0.9918367346938776,5,33,-0.026614984200925243,0.001,augmented_r2
epoch,3,39,39,39.0,-0.23227238693354182,-0.07249071889994096,0.9755102040816327,0.9928571428571429,0,39,-0.07249071889994096,0.001,augmented_r2
epoch,3,40,40,40.0,-0.2391426193668921,0.15759144461884791,0.9448979591836735,0.9897959183673469,1,39,-0.07249071889994096,0.001,augmented_r2
epoch,3,41,41,41.0,-0.24262343897985097,-0.018765703026129274,0.9653061224489796,0.9948979591836735,2,39,-0.07249071889994096,0.001,augmented_r2
epoch,3,42,42,42.0,-0.24511986002130345,-0.10002367739774742,0.9785714285714285,0.9948979591836735,0,42,-0.10002367739774742,0.001,augmented_r2
epoch,3,43,43,43.0,-0.2433437920013252,0.08882451981914287,0.9530612244897959,0.9897959183673469,1,42,-0.10002367739774742,0.001,augmented_r2
epoch,3,44,44,44.0,-0.2449734104698867,-0.09708714387854751,0.9816326530612245,0.9938775510204082,2,42,-0.10002367739774742,0.001,augmented_r2
epoch,3,45,45,45.0,-0.22109194465583776,3.163459423610142,0.9153061224489796,0.6520408163265307,3,42,-0.10002367739774742,0.001,augmented_r2
epoch,3,46,46,46.0,-0.12495946539780611,2.1265346780115246,0.6418367346938776,0.9510204081632653,4,42,-0.10002367739774742,0.001,augmented_r2
epoch,3,47,47,47.0,-0.14633502687488173,0.14899939955497274,0.9612244897959183,0.9693877551020408,5,42,-0.10002367739774742,0.001,augmented_r2
epoch,3,48,48,48.0,-0.2118524474550831,0.06419921261923654,0.9438775510204082,0.9938775510204082,6,42,-0.10002367739774742,0.001,augmented_r2
epoch,3,49,49,49.0,-0.23396442877087956,-0.06708652194665403,0.9693877551020408,0.9948979591836735,7,42,-0.10002367739774742,0.001,augmented_r2
epoch,3,50,50,50.0,-0.24153164040426628,0.06993515150887626,0.960204081632653,0.9846938775510204,8,42,-0.10002367739774742,0.001,augmented_r2
epoch,3,51,51,51.0,-0.24353253486589888,0.2966302394866943,0.8877551020408163,0.9938775510204082,9,42,-0.10002367739774742,0.001,augmented_r2
epoch,3,52,52,52.0,-0.24629603786791313,-0.08826978498575638,0.9785714285714285,0.9938775510204082,10,42,-0.10002367739774742,0.001,augmented_r2
epoch,3,53,53,53.0,-0.24538204530463262,0.031490126434637576,0.9551020408163265,0.9948979591836735,11,42,-0.10002367739774742,0.0005,augmented_r2
epoch,3,54,54,54.0,-0.2507494163993221,-0.12786841246546532,0.9816326530612245,0.9959183673469387,0,54,-0.12786841246546532,0.0005,augmented_r2
epoch,3,55,55,55.0,-0.251687465515504,-0.12012399070116939,0.9816326530612245,0.9959183673469387,1,54,-0.12786841246546532,0.0005,augmented_r2
epoch,3,56,56,56.0,-0.2521085318581231,-0.12972761854833487,0.9826530612244898,0.9959183673469387,0,56,-0.12972761854833487,0.0005,augmented_r2
epoch,3,57,57,57.0,-0.25212877804453115,-0.08916019809489348,0.9744897959183674,0.9959183673469387,1,56,-0.12972761854833487,0.0005,augmented_r2
epoch,3,58,58,58.0,-0.2514492167061538,-0.09730011541016248,0.9775510204081632,0.9938775510204082,2,56,-0.12972761854833487,0.0005,augmented_r2
epoch,3,59,59,59.0,-0.251468671665687,-0.0999089357804279,0.9775510204081632,0.9959183673469387,3,56,-0.12972761854833487,0.0005,augmented_r2
epoch,3,60,60,60.0,-0.25166623920054415,-0.11675436594048325,0.9857142857142858,0.9959183673469387,4,56,-0.12972761854833487,0.0005,augmented_r2
epoch,3,61,61,61.0,-0.25237645871930753,-0.10967890243141018,0.9795918367346939,0.9959183673469387,5,56,-0.12972761854833487,0.0005,augmented_r2
epoch,3,62,62,62.0,-0.250889455485977,-0.037729884167106785,0.9693877551020408,0.9948979591836735,6,56,-0.12972761854833487,0.0005,augmented_r2
epoch,3,63,63,63.0,-0.25050862480051705,-0.07909967218126569,0.9744897959183674,0.9959183673469387,7,56,-0.12972761854833487,0.0005,augmented_r2
epoch,3,64,64,64.0,-0.24941629427043557,-0.05940421162819376,0.9704081632653061,0.9948979591836735,8,56,-0.12972761854833487,0.0005,augmented_r2
epoch,3,65,65,65.0,-0.25067269315099033,-0.02454568755869963,0.9693877551020408,0.9938775510204082,9,56,-0.12972761854833487,0.0005,augmented_r2
epoch,3,66,66,66.0,-0.24978130034882784,-0.006417397576935437,0.9591836734693877,0.9959183673469387,10,56,-0.12972761854833487,0.0005,augmented_r2
epoch,3,67,67,67.0,-0.2506646692039739,-0.031763817339527364,0.9673469387755103,0.9938775510204082,11,56,-0.12972761854833487,0.00025,augmented_r2
epoch,3,68,68,68.0,-0.25431502545439955,-0.09439434080707784,0.9775510204081632,0.9948979591836735,12,56,-0.12972761854833487,0.00025,augmented_r2
epoch,3,69,69,69.0,-0.2547086964100208,-0.09891566597685522,0.9755102040816327,0.9959183673469387,13,56,-0.12972761854833487,0.00025,augmented_r2
epoch,3,70,70,70.0,-0.25426759266248067,-0.09241730777584777,0.9704081632653061,0.9959183673469387,14,56,-0.12972761854833487,0.00025,augmented_r2
epoch,3,71,71,71.0,-0.25516569019581437,-0.10300043018496767,0.9744897959183674,0.9959183673469387,15,56,-0.12972761854833487,0.00025,augmented_r2
epoch,3,72,72,72.0,-0.255101021052033,-0.08092648739717445,0.976530612244898,0.9959183673469387,16,56,-0.12972761854833487,0.00025,augmented_r2
epoch,3,73,73,73.0,-0.25429155992146724,-0.09987107004438128,0.9795918367346939,0.9959183673469387,17,56,-0.12972761854833487,0.00025,augmented_r2
epoch,3,74,74,74.0,-0.25438422888195616,-0.018677653098592952,0.963265306122449,0.9959183673469387,18,56,-0.12972761854833487,0.00025,augmented_r2
epoch,3,75,75,75.0,-0.25430984894666514,-0.08276220730372838,0.9734693877551021,0.9959183673469387,19,56,-0.12972761854833487,0.00025,augmented_r2
epoch,3,76,76,76.0,-0.25421176264228296,-0.06562630059767742,0.9744897959183674,0.9948979591836735,20,56,-0.12972761854833487,0.00025,augmented_r2
epoch,3,77,77,77.0,-0.2550360873137197,-0.0863346309077983,0.9744897959183674,0.9959183673469387,21,56,-0.12972761854833487,0.00025,augmented_r2
epoch,3,78,78,78.0,-0.2544475195704934,0.06477803794705138,0.9530612244897959,0.9959183673469387,22,56,-0.12972761854833487,0.000125,augmented_r2
epoch,3,79,79,79.0,-0.25418936044438645,-0.10394684441235601,0.9806122448979592,0.9948979591836735,23,56,-0.12972761854833487,0.000125,augmented_r2
epoch,3,80,80,80.0,-0.2563344692745604,-0.11084687904435761,0.9775510204081632,0.9959183673469387,24,56,-0.12972761854833487,0.000125,augmented_r2
epoch,3,81,81,81.0,-0.257029922042604,-0.08946114802847104,0.9724489795918367,0.9959183673469387,25,56,-0.12972761854833487,0.000125,augmented_r2
epoch,3,82,82,82.0,-0.2566579197494567,-0.0967897400564077,0.9755102040816327,0.9959183673469387,26,56,-0.12972761854833487,0.000125,augmented_r2
epoch,3,83,83,83.0,-0.25654209056678373,-0.10041067502936539,0.976530612244898,0.9959183673469387,27,56,-0.12972761854833487,0.000125,augmented_r2
epoch,3,84,84,84.0,-0.25646094525211716,-0.10746038057366196,0.976530612244898,0.9959183673469387,28,56,-0.12972761854833487,0.000125,augmented_r2
epoch,3,85,85,85.0,-0.256739014225379,-0.10176575329838967,0.976530612244898,0.9959183673469387,29,56,-0.12972761854833487,0.000125,augmented_r2
epoch,3,86,86,86.0,-0.2561508281814624,-0.09566217441948092,0.976530612244898,0.9959183673469387,30,56,-0.12972761854833487,0.000125,augmented_r2
epoch,4,1,1,1.0,1.5235569744058626,4.775096416473389,0.37551020408163266,0.34183673469387754,0,1,4.775096416473389,0.001,augmented_r2
epoch,4,2,2,2.0,0.8823964974606806,1.2614645086989111,0.736734693877551,0.9224489795918367,0,2,1.2614645086989111,0.001,augmented_r2
epoch,4,3,3,3.0,0.6909199851853944,1.6440365022542525,0.6255102040816326,0.9520408163265306,1,2,1.2614645086989111,0.001,augmented_r2
epoch,4,4,4,4.0,0.5974820148224799,1.4614501544407437,0.8020408163265306,0.7153061224489796,2,2,1.2614645086989111,0.001,augmented_r2
epoch,4,5,5,5.0,0.47982666413847336,0.7766950220477824,0.8408163265306122,0.9857142857142858,0,5,0.7766950220477824,0.001,augmented_r2
epoch,4,6,6,6.0,0.3935965056283014,0.9122444478832945,0.8244897959183674,0.9857142857142858,1,5,0.7766950220477824,0.001,augmented_r2
epoch,4,7,7,7.0,0.32274432519903534,1.43883053331959,0.8020408163265306,0.6775510204081633,2,5,0.7766950220477824,0.001,augmented_r2
epoch,4,8,8,8.0,0.2837382261767692,1.3629746300833565,0.823469387755102,0.7571428571428571,3,5,0.7766950220477824,0.001,augmented_r2
epoch,4,9,9,9.0,0.24190300272580378,0.7951408291349605,0.8510204081632653,0.9061224489795918,4,5,0.7766950220477824,0.001,augmented_r2
epoch,4,10,10,10.0,0.14906758059556469,2.381101605356956,0.5867346938775511,0.7673469387755102,5,5,0.7766950220477824,0.001,augmented_r2
epoch,4,11,11,11.0,0.11557789552583965,0.6858014386527392,0.7938775510204081,0.986734693877551,0,11,0.6858014386527392,0.001,augmented_r2
epoch,4,12,12,12.0,0.07052838390131612,0.4505159266140996,0.9214285714285714,0.9510204081632653,0,12,0.4505159266140996,0.001,augmented_r2
epoch,4,13,13,13.0,0.04649551442805552,0.8023137773786272,0.8887755102040816,0.8806122448979592,1,12,0.4505159266140996,0.001,augmented_r2
epoch,4,14,14,14.0,0.0036337610441775025,0.8497864506682571,0.753061224489796,0.976530612244898,2,12,0.4505159266140996,0.001,augmented_r2
epoch,4,15,15,15.0,-0.011693631259978321,1.318012015673579,0.6448979591836734,0.9785714285714285,3,12,0.4505159266140996,0.001,augmented_r2
epoch,4,16,16,16.0,-0.049457240842124064,1.347723758463957,0.7051020408163265,0.9663265306122449,4,12,0.4505159266140996,0.001,augmented_r2
epoch,4,17,17,17.0,-0.047191677547106424,0.23285638507531614,0.9510204081632653,0.9795918367346939,0,17,0.23285638507531614,0.001,augmented_r2
epoch,4,18,18,18.0,-0.09244944077384065,0.3151623755085225,0.9081632653061225,0.9857142857142858,1,17,0.23285638507531614,0.001,augmented_r2
epoch,4,19,19,19.0,-0.09455702029688212,2.4741589546203615,0.5357142857142857,0.9704081632653061,2,17,0.23285638507531614,0.001,augmented_r2
epoch,4,20,20,20.0,-0.10948421868493197,1.1956669101909716,0.826530612244898,0.9163265306122449,3,17,0.23285638507531614,0.001,augmented_r2
epoch,4,21,21,21.0,-0.1204603349011112,0.6796722329392725,0.8622448979591837,0.9948979591836735,4,17,0.23285638507531614,0.001,augmented_r2
epoch,4,22,22,22.0,-0.15582573146001918,0.733793580532074,0.8244897959183674,0.9897959183673469,5,17,0.23285638507531614,0.001,augmented_r2
epoch,4,23,23,23.0,-0.19158763643044371,0.2125530999533984,0.9561224489795919,0.9622448979591837,0,23,0.2125530999533984,0.001,augmented_r2
epoch,4,24,24,24.0,-0.19300225461437223,0.07958146212052326,0.95,0.996938775510204,0,24,0.07958146212052326,0.001,augmented_r2
epoch,4,25,25,25.0,-0.13650350778347067,2.3936480638932207,0.8673469387755102,0.6806122448979591,1,24,0.07958146212052326,0.001,augmented_r2
epoch,4,26,26,26.0,-0.12436412399629827,1.3959824489087476,0.7816326530612245,0.8520408163265306,2,24,0.07958146212052326,0.001,augmented_r2
epoch,4,27,27,27.0,-0.15389405463574612,0.7631045506924999,0.886734693877551,0.9653061224489796,3,24,0.07958146212052326,0.001,augmented_r2
epoch,4,28,28,28.0,-0.18949457873468814,0.16591759798478106,0.9316326530612244,0.9928571428571429,4,24,0.07958146212052326,0.001,augmented_r2
epoch,4,29,29,29.0,-0.2152355464965079,0.025960421075626294,0.9561224489795919,0.996938775510204,0,29,0.025960421075626294,0.001,augmented_r2
epoch,4,30,30,30.0,-0.2230185484934869,0.09098371534931417,0.9551020408163265,0.9887755102040816,1,29,0.025960421075626294,0.001,augmented_r2
epoch,4,31,31,31.0,-0.21165048276017975,0.27443869065265264,0.9387755102040817,0.976530612244898,2,29,0.025960421075626294,0.001,augmented_r2
epoch,4,32,32,32.0,-0.17508643084654907,0.569122026404556,0.9132653061224489,0.9653061224489796,3,29,0.025960421075626294,0.001,augmented_r2
epoch,4,33,33,33.0,-0.1758187030055344,0.886786657936719,0.9459183673469388,0.8295918367346938,4,29,0.025960421075626294,0.001,augmented_r2
epoch,4,34,34,34.0,-0.18922383817598148,-0.0060518065277411015,0.9622448979591837,0.9938775510204082,0,34,-0.0060518065277411015,0.001,augmented_r2
epoch,4,35,35,35.0,-0.22253252653258862,0.14607241883569835,0.9357142857142857,0.9938775510204082,1,34,-0.0060518065277411015,0.001,augmented_r2
epoch,4,36,36,36.0,-0.2097817540586186,0.4811060156141009,0.9581632653061225,0.8887755102040816,2,34,-0.0060518065277411015,0.001,augmented_r2
epoch,4,37,37,37.0,-0.22470040052807433,0.8818382730289381,0.8163265306122449,0.9897959183673469,3,34,-0.0060518065277411015,0.001,augmented_r2
epoch,4,38,38,38.0,-0.2340533835114979,0.08798452640066341,0.9622448979591837,0.9887755102040816,4,34,-0.0060518065277411015,0.001,augmented_r2
epoch,4,39,39,39.0,-0.23317185166906887,0.1599094011345688,0.9377551020408164,0.9938775510204082,5,34,-0.0060518065277411015,0.001,augmented_r2
epoch,4,40,40,40.0,-0.2220308649877365,2.2218549008272133,0.8938775510204081,0.6918367346938775,6,34,-0.0060518065277411015,0.001,augmented_r2
epoch,4,41,41,41.0,-0.08695216059928251,1.769922239439828,0.7346938775510204,0.9724489795918367,7,34,-0.0060518065277411015,0.001,augmented_r2
epoch,4,42,42,42.0,-0.14893063644573923,0.9608426439518831,0.8030612244897959,0.9714285714285714,8,34,-0.0060518065277411015,0.001,augmented_r2
epoch,4,43,43,43.0,-0.22533491586922277,0.0002983307351871413,0.9571428571428572,0.9959183673469387,9,34,-0.0060518065277411015,0.001,augmented_r2
epoch,4,44,44,44.0,-0.23340614891831438,0.003618982860020229,0.9683673469387755,0.9928571428571429,10,34,-0.0060518065277411015,0.001,augmented_r2
epoch,4,45,45,45.0,-0.24082383070807434,-0.09197217980209663,0.9785714285714285,0.9948979591836735,0,45,-0.09197217980209663,0.001,augmented_r2
epoch,4,46,46,46.0,-0.24481605304237145,-0.07108971877973908,0.9775510204081632,0.9948979591836735,1,45,-0.09197217980209663,0.001,augmented_r2
epoch,4,47,47,47.0,-0.24462172146402852,-0.04852306550862838,0.9795918367346939,0.9877551020408163,2,45,-0.09197217980209663,0.001,augmented_r2
epoch,4,48,48,48.0,-0.24435223675970785,-0.0369484229963653,0.9714285714285714,0.9938775510204082,3,45,-0.09197217980209663,0.001,augmented_r2
epoch,4,49,49,49.0,-0.23518592583600934,0.20243539664210106,0.9336734693877551,0.9887755102040816,4,45,-0.09197217980209663,0.001,augmented_r2
epoch,4,50,50,50.0,-0.1646532865943942,1.361116395677839,0.7479591836734694,0.9683673469387755,5,45,-0.09197217980209663,0.001,augmented_r2
epoch,4,51,51,51.0,-0.16202766828506376,0.33474815962265947,0.8969387755102041,0.9918367346938776,6,45,-0.09197217980209663,0.001,augmented_r2
epoch,4,52,52,52.0,-0.2094644827608955,-0.02139551152988356,0.9663265306122449,0.9928571428571429,7,45,-0.09197217980209663,0.001,augmented_r2
epoch,4,53,53,53.0,-0.2286227281461626,0.07708140830604397,0.9591836734693877,0.9928571428571429,8,45,-0.09197217980209663,0.001,augmented_r2
epoch,4,54,54,54.0,-0.2426403348530073,0.07313631505382304,0.9530612244897959,0.9928571428571429,9,45,-0.09197217980209663,0.001,augmented_r2
epoch,4,55,55,55.0,-0.24261276889619585,-0.10467893250134526,0.9785714285714285,0.9959183673469387,0,55,-0.10467893250134526,0.001,augmented_r2
epoch,4,56,56,56.0,-0.2457010944278518,-0.056637921625254106,0.9755102040816327,0.9948979591836735,1,55,-0.10467893250134526,0.001,augmented_r2
epoch,4,57,57,57.0,-0.24345789445813626,-0.013971697067727848,0.9673469387755103,0.9908163265306122,2,55,-0.10467893250134526,0.001,augmented_r2
epoch,4,58,58,58.0,-0.24167912094037178,-0.015247225274845046,0.9622448979591837,0.9959183673469387,3,55,-0.10467893250134526,0.001,augmented_r2
epoch,4,59,59,59.0,-0.24538222192709183,-0.013116711499739666,0.9724489795918367,0.9948979591836735,4,55,-0.10467893250134526,0.001,augmented_r2
epoch,4,60,60,60.0,-0.24395877291587828,0.047507953643798825,0.9469387755102041,0.9979591836734694,5,55,-0.10467893250134526,0.001,augmented_r2
epoch,4,61,61,61.0,-0.24574798315998275,-0.004975638097646285,0.9673469387755103,0.9897959183673469,6,55,-0.10467893250134526,0.001,augmented_r2
epoch,4,62,62,62.0,-0.24505883039591922,0.0912234286872708,0.9438775510204082,0.9948979591836735,7,55,-0.10467893250134526,0.001,augmented_r2
epoch,4,63,63,63.0,-0.1157505943227656,4.157795057491381,0.5020408163265306,0.789795918367347,8,55,-0.10467893250134526,0.001,augmented_r2
epoch,4,64,64,64.0,-0.061478893263610626,0.8376908059022865,0.8122448979591836,0.9846938775510204,9,55,-0.10467893250134526,0.001,augmented_r2
epoch,4,65,65,65.0,-0.19685981224603824,0.02177149081716732,0.960204081632653,0.9918367346938776,10,55,-0.10467893250134526,0.001,augmented_r2
epoch,4,66,66,66.0,-0.2237273654333871,0.14923209024935352,0.9377551020408164,0.9948979591836735,11,55,-0.10467893250134526,0.0005,augmented_r2
epoch,4,67,67,67.0,-0.24169086564689884,-0.09769774164472307,0.9785714285714285,0.9948979591836735,12,55,-0.10467893250134526,0.0005,augmented_r2
epoch,4,68,68,68.0,-0.24765740419776858,-0.10176374279722876,0.9755102040816327,0.9948979591836735,13,55,-0.10467893250134526,0.0005,augmented_r2
epoch,4,69,69,69.0,-0.24884540948778747,-0.09323908455517828,0.9795918367346939,0.9948979591836735,14,55,-0.10467893250134526,0.0005,augmented_r2
epoch,4,70,70,70.0,-0.2503128095761242,-0.09288327839909767,0.9785714285714285,0.9948979591836735,15,55,-0.10467893250134526,0.0005,augmented_r2
epoch,4,71,71,71.0,-0.2511817387843014,-0.0959568403205093,0.9785714285714285,0.9959183673469387,16,55,-0.10467893250134526,0.0005,augmented_r2
epoch,4,72,72,72.0,-0.2509155952446934,-0.09495303290230887,0.9775510204081632,0.9959183673469387,17,55,-0.10467893250134526,0.0005,augmented_r2
epoch,4,73,73,73.0,-0.24995770712165954,-0.10423034405221744,0.9785714285714285,0.9959183673469387,18,55,-0.10467893250134526,0.0005,augmented_r2
epoch,4,74,74,74.0,-0.2504886383386962,-0.0719015223639352,0.9755102040816327,0.9948979591836735,19,55,-0.10467893250134526,0.0005,augmented_r2
epoch,4,75,75,75.0,-0.24969267666009415,-0.08964265706587811,0.9744897959183674,0.9948979591836735,20,55,-0.10467893250134526,0.0005,augmented_r2
epoch,4,76,76,76.0,-0.25100004100785644,-0.10358273788374298,0.9785714285714285,0.9948979591836735,21,55,-0.10467893250134526,0.0005,augmented_r2
epoch,4,77,77,77.0,-0.24972090056382917,-0.0750505578761198,0.9744897959183674,0.9948979591836735,22,55,-0.10467893250134526,0.00025,augmented_r2
epoch,4,78,78,78.0,-0.2524723571662413,-0.09792600602519755,0.9775510204081632,0.9959183673469387,23,55,-0.10467893250134526,0.00025,augmented_r2
epoch,4,79,79,79.0,-0.2539264574703476,-0.09119077653301005,0.976530612244898,0.9948979591836735,24,55,-0.10467893250134526,0.00025,augmented_r2
epoch,4,80,80,80.0,-0.25369165567743696,-0.10011196039160904,0.9785714285714285,0.9959183673469387,25,55,-0.10467893250134526,0.00025,augmented_r2
epoch,4,81,81,81.0,-0.2536753474500738,-0.09659161081119459,0.9785714285714285,0.9959183673469387,26,55,-0.10467893250134526,0.00025,augmented_r2
epoch,4,82,82,82.0,-0.2531526529618523,-0.09024737416481485,0.9775510204081632,0.9938775510204082,27,55,-0.10467893250134526,0.00025,augmented_r2
epoch,4,83,83,83.0,-0.25325546683463684,-0.10784028598240443,0.9795918367346939,0.9948979591836735,0,83,-0.10784028598240443,0.00025,augmented_r2
epoch,4,84,84,84.0,-0.2531046043306389,-0.09512430161845928,0.976530612244898,0.9959183673469387,1,83,-0.10784028598240443,0.00025,augmented_r2
epoch,4,85,85,85.0,-0.25317703698375044,-0.09510152242621597,0.9795918367346939,0.9948979591836735,2,83,-0.10784028598240443,0.00025,augmented_r2
epoch,4,86,86,86.0,-0.25377858012071114,-0.09096094296903026,0.9755102040816327,0.9948979591836735,3,83,-0.10784028598240443,0.00025,augmented_r2
epoch,4,87,87,87.0,-0.25311780955097857,-0.10576355554619614,0.9795918367346939,0.9959183673469387,4,83,-0.10784028598240443,0.00025,augmented_r2
epoch,4,88,88,88.0,-0.2527639760997506,-0.08584198319182104,0.9775510204081632,0.9948979591836735,5,83,-0.10784028598240443,0.00025,augmented_r2
epoch,4,89,89,89.0,-0.25369218853635206,-0.09775050513598384,0.9795918367346939,0.9959183673469387,6,83,-0.10784028598240443,0.00025,augmented_r2
epoch,4,90,90,90.0,-0.25308050575707164,-0.07783949569779999,0.9755102040816327,0.9948979591836735,7,83,-0.10784028598240443,0.00025,augmented_r2
epoch,4,91,91,91.0,-0.2534620395929778,-0.06592132218030035,0.9744897959183674,0.9948979591836735,8,83,-0.10784028598240443,0.00025,augmented_r2
epoch,4,92,92,92.0,-0.25390298063218647,-0.09486730487979188,0.976530612244898,0.9959183673469387,9,83,-0.10784028598240443,0.00025,augmented_r2
epoch,4,93,93,93.0,-0.2538726575213895,-0.0782406607452704,0.9734693877551021,0.9948979591836735,10,83,-0.10784028598240443,0.00025,augmented_r2
epoch,4,94,94,94.0,-0.2538467987236978,-0.09399608251999836,0.9775510204081632,0.9959183673469387,11,83,-0.10784028598240443,0.000125,augmented_r2
epoch,4,95,95,95.0,-0.2557115842832015,-0.09544461065409135,0.9785714285714285,0.9959183673469387,12,83,-0.10784028598240443,0.000125,augmented_r2
epoch,4,96,96,96.0,-0.25550753008634036,-0.09186385067141786,0.9785714285714285,0.9959183673469387,13,83,-0.10784028598240443,0.000125,augmented_r2
epoch,4,97,97,97.0,-0.2557649711217065,-0.09498450756072999,0.9795918367346939,0.9959183673469387,14,83,-0.10784028598240443,0.000125,augmented_r2
epoch,4,98,98,98.0,-0.25577623959981843,-0.0951341132728421,0.9775510204081632,0.9959183673469387,15,83,-0.10784028598240443,0.000125,augmented_r2
epoch,4,99,99,99.0,-0.2555337151703279,-0.09937069513359849,0.9795918367346939,0.9959183673469387,16,83,-0.10784028598240443,0.000125,augmented_r2
epoch,4,100,100,100.0,-0.25558404540542545,-0.10067518633239124,0.9785714285714285,0.9959183673469387,17,83,-0.10784028598240443,0.000125,augmented_r2
epoch,4,101,101,101.0,-0.25550161174688457,-0.09765312087779142,0.9795918367346939,0.9959183673469387,18,83,-0.10784028598240443,0.000125,augmented_r2
epoch,4,102,102,102.0,-0.25566121889753873,-0.09210642843830343,0.9775510204081632,0.9959183673469387,19,83,-0.10784028598240443,0.000125,augmented_r2
epoch,4,103,103,103.0,-0.25572532302337725,-0.09331012015440027,0.9775510204081632,0.9959183673469387,20,83,-0.10784028598240443,0.000125,augmented_r2
epoch,4,104,104,104.0,-0.25526384622736925,-0.07057425002662503,0.9755102040816327,0.9948979591836735,21,83,-0.10784028598240443,0.000125,augmented_r2
epoch,4,105,105,105.0,-0.25408255641718525,-0.07074933684602076,0.9744897959183674,0.9959183673469387,22,83,-0.10784028598240443,6.25e-05,augmented_r2
epoch,4,106,106,106.0,-0.256235268344189,-0.09304505367668307,0.9795918367346939,0.9959183673469387,23,83,-0.10784028598240443,6.25e-05,augmented_r2
epoch,4,107,107,107.0,-0.25634799570253924,-0.09349055387535873,0.9775510204081632,0.9959183673469387,24,83,-0.10784028598240443,6.25e-05,augmented_r2
epoch,4,108,108,108.0,-0.2561122836821762,-0.09976254823256513,0.9775510204081632,0.9959183673469387,25,83,-0.10784028598240443,6.25e-05,augmented_r2
epoch,4,109,109,109.0,-0.2562568846025792,-0.09280361788613456,0.9775510204081632,0.9959183673469387,26,83,-0.10784028598240443,6.25e-05,augmented_r2
epoch,4,110,110,110.0,-0.25665815006305637,-0.09506757259368896,0.9795918367346939,0.9959183673469387,27,83,-0.10784028598240443,6.25e-05,augmented_r2
epoch,4,111,111,111.0,-0.25673762924788746,-0.09151869793327487,0.9795918367346939,0.9959183673469387,28,83,-0.10784028598240443,6.25e-05,augmented_r2
epoch,4,112,112,112.0,-0.25693829636341425,-0.09220369008122659,0.9785714285714285,0.9959183673469387,29,83,-0.10784028598240443,6.25e-05,augmented_r2
epoch,4,113,113,113.0,-0.25685184644407455,-0.10240912096840994,0.9806122448979592,0.9959183673469387,30,83,-0.10784028598240443,6.25e-05,augmented_r2
epoch,5,1,1,1.0,1.483605486956358,1.06880849186255,0.8459183673469388,0.9448979591836735,0,1,1.06880849186255,0.001,augmented_r2
epoch,5,2,2,2.0,0.8712419114761253,1.4924663387999242,0.7704081632653061,0.7683673469387755,1,1,1.06880849186255,0.001,augmented_r2
epoch,5,3,3,3.0,0.7117999170137488,1.0272124173689863,0.7948979591836735,0.9693877551020408,0,3,1.0272124173689863,0.001,augmented_r2
epoch,5,4,4,4.0,0.5779887130492137,1.6105327294797314,0.6918367346938775,0.6979591836734694,1,3,1.0272124173689863,0.001,augmented_r2
epoch,5,5,5,5.0,0.4839089989905668,1.2824256371478646,0.7877551020408163,0.8071428571428572,2,3,1.0272124173689863,0.001,augmented_r2
epoch,5,6,6,6.0,0.42302537136603835,2.5730412853007416,0.6,0.6520408163265307,3,3,1.0272124173689863,0.001,augmented_r2
epoch,5,7,7,7.0,0.32547285055362835,0.8901316068610367,0.8142857142857143,0.9857142857142858,0,7,0.8901316068610367,0.001,augmented_r2
epoch,5,8,8,8.0,0.29091653874813034,1.5261653102174098,0.6193877551020408,0.9734693877551021,1,7,0.8901316068610367,0.001,augmented_r2
epoch,5,9,9,9.0,0.22281718941969048,1.1833038772855486,0.7642857142857142,0.9112244897959184,2,7,0.8901316068610367,0.001,augmented_r2
epoch,5,10,10,10.0,0.18634126238200976,1.3660530353079037,0.6571428571428571,0.9683673469387755,3,7,0.8901316068610367,0.001,augmented_r2
epoch,5,11,11,11.0,0.10345993638212563,0.22214411472787662,0.9520408163265306,0.9928571428571429,0,11,0.22214411472787662,0.001,augmented_r2
epoch,5,12,12,12.0,0.07999907197011676,0.5233560642417596,0.8765306122448979,0.9744897959183674,1,11,0.22214411472787662,0.001,augmented_r2
epoch,5,13,13,13.0,0.07578015351803337,0.2633522622439326,0.9418367346938775,0.9795918367346939,2,11,0.22214411472787662,0.001,augmented_r2
epoch,5,14,14,14.0,0.010186628102908372,1.3320681036735067,0.7428571428571429,0.8969387755102041,3,11,0.22214411472787662,0.001,augmented_r2
epoch,5,15,15,15.0,-0.008136020219461682,0.27757082861296983,0.9173469387755102,0.9877551020408163,4,11,0.22214411472787662,0.001,augmented_r2
epoch,5,16,16,16.0,-0.05717790043315771,0.535500206509415,0.9418367346938775,0.8969387755102041,5,11,0.22214411472787662,0.001,augmented_r2
epoch,5,17,17,17.0,-0.08791409863791175,0.4933214567145523,0.8448979591836735,0.9928571428571429,6,11,0.22214411472787662,0.001,augmented_r2
epoch,5,18,18,18.0,-0.11895599859533763,1.0662914568064163,0.7857142857142857,0.9724489795918367,7,11,0.22214411472787662,0.001,augmented_r2
epoch,5,19,19,19.0,-0.09787930329478375,2.35411427556252,0.7591836734693878,0.7081632653061225,8,11,0.22214411472787662,0.001,augmented_r2
epoch,5,20,20,20.0,-0.06850821005904992,1.5165247080277424,0.8428571428571429,0.7928571428571428,9,11,0.22214411472787662,0.001,augmented_r2
epoch,5,21,21,21.0,-0.0967152467927468,0.04830476556505476,0.9642857142857143,0.9877551020408163,0,21,0.04830476556505476,0.001,augmented_r2
epoch,5,22,22,22.0,-0.1592659377863917,0.4062303212224221,0.8918367346938776,0.9836734693877551,1,21,0.04830476556505476,0.001,augmented_r2
epoch,5,23,23,23.0,-0.17110649023453975,0.3108151092821238,0.9081632653061225,0.9928571428571429,2,21,0.04830476556505476,0.001,augmented_r2
epoch,5,24,24,24.0,-0.19880318544263703,0.02377946474114243,0.960204081632653,0.9959183673469387,0,24,0.02377946474114243,0.001,augmented_r2
epoch,5,25,25,25.0,-0.2089641459975397,0.07062429116696728,0.95,0.9948979591836735,1,24,0.02377946474114243,0.001,augmented_r2
epoch,5,26,26,26.0,-0.2094513133520422,0.34516272155606015,0.9285714285714286,0.9775510204081632,2,24,0.02377946474114243,0.001,augmented_r2
epoch,5,27,27,27.0,-0.0956862243786476,1.0516319999889452,0.8816326530612245,0.8846938775510204,3,24,0.02377946474114243,0.001,augmented_r2
epoch,5,28,28,28.0,-0.10470590881540227,1.2994844509630787,0.7448979591836735,0.9642857142857143,4,24,0.02377946474114243,0.001,augmented_r2
epoch,5,29,29,29.0,-0.1654376587089937,-0.03593027689019028,0.9785714285714285,0.9928571428571429,0,29,-0.03593027689019028,0.001,augmented_r2
epoch,5,30,30,30.0,-0.20907497705159606,-0.0010759650444497869,0.9673469387755103,0.9959183673469387,1,29,-0.03593027689019028,0.001,augmented_r2
epoch,5,31,31,31.0,-0.22648928434674162,-0.0511827464006385,0.9785714285714285,0.9928571428571429,0,31,-0.0511827464006385,0.001,augmented_r2
epoch,5,32,32,32.0,-0.23514764707917057,-0.08623175085807333,0.9816326530612245,0.9948979591836735,0,32,-0.08623175085807333,0.001,augmented_r2
epoch,5,33,33,33.0,-0.23667474700230914,-0.08662968363080706,0.9816326530612245,0.9938775510204082,0,33,-0.08662968363080706,0.001,augmented_r2
epoch,5,34,34,34.0,-0.23743496295624514,-0.07586427513433962,0.9846938775510204,0.9887755102040816,1,33,-0.08662968363080706,0.001,augmented_r2
epoch,5,35,35,35.0,-0.19469338044989445,3.361865557456503,0.8510204081632653,0.5755102040816327,2,33,-0.08662968363080706,0.001,augmented_r2
epoch,5,36,36,36.0,-0.10429469611020696,1.1129805778970523,0.7826530612244897,0.9642857142857143,3,33,-0.08662968363080706,0.001,augmented_r2
epoch,5,37,37,37.0,-0.1492127385680725,0.23484604115388832,0.9714285714285714,0.9540816326530612,4,33,-0.08662968363080706,0.001,augmented_r2
epoch,5,38,38,38.0,-0.21340633263071737,0.012409032120996592,0.9622448979591837,0.9948979591836735,5,33,-0.08662968363080706,0.001,augmented_r2
epoch,5,39,39,39.0,-0.23175982043455806,-0.060180044174194335,0.9724489795918367,0.9948979591836735,6,33,-0.08662968363080706,0.001,augmented_r2
epoch,5,40,40,40.0,-0.23615045765937157,-0.008411286801707989,0.9622448979591837,0.9948979591836735,7,33,-0.08662968363080706,0.001,augmented_r2
epoch,5,41,41,41.0,-0.24141526857061082,-0.0724019006806977,0.9734693877551021,0.9948979591836735,8,33,-0.08662968363080706,0.001,augmented_r2
epoch,5,42,42,42.0,-0.24431486781289774,-0.12367610055573132,0.9887755102040816,0.9959183673469387,0,42,-0.12367610055573132,0.001,augmented_r2
epoch,5,43,43,43.0,-0.24392795548830012,-0.04196394949543233,0.9724489795918367,0.9959183673469387,1,42,-0.12367610055573132,0.001,augmented_r2
epoch,5,44,44,44.0,-0.2403063380860851,-0.015835820412149235,0.9714285714285714,0.9938775510204082,2,42,-0.12367610055573132,0.001,augmented_r2
epoch,5,45,45,45.0,-0.20069377162138574,2.18686345839987,0.7969387755102041,0.8428571428571429,3,42,-0.12367610055573132,0.001,augmented_r2
epoch,5,46,46,46.0,-0.07006136199493675,0.48889253674721234,0.8816326530612245,0.9918367346938776,4,42,-0.12367610055573132,0.001,augmented_r2
epoch,5,47,47,47.0,-0.17277758557002676,1.390265196196887,0.6908163265306122,0.986734693877551,5,42,-0.12367610055573132,0.001,augmented_r2
epoch,5,48,48,48.0,-0.2246736990038424,-0.10696508981743637,0.9836734693877551,0.9948979591836735,6,42,-0.12367610055573132,0.001,augmented_r2
epoch,5,49,49,49.0,-0.24051379366104686,-0.10545170307159424,0.9836734693877551,0.9948979591836735,7,42,-0.12367610055573132,0.001,augmented_r2
epoch,5,50,50,50.0,-0.24294656586431365,-0.09572285146129375,0.9836734693877551,0.9938775510204082,8,42,-0.12367610055573132,0.001,augmented_r2
epoch,5,51,51,51.0,-0.24468524566641486,-0.11366669839742233,0.9887755102040816,0.9948979591836735,9,42,-0.12367610055573132,0.001,augmented_r2
epoch,5,52,52,52.0,-0.24550709303176052,-0.12190298109638448,0.9826530612244898,0.9959183673469387,10,42,-0.12367610055573132,0.001,augmented_r2
epoch,5,53,53,53.0,-0.24757412386455374,-0.11656716599756357,0.9877551020408163,0.9948979591836735,11,42,-0.12367610055573132,0.0005,augmented_r2
epoch,5,54,54,54.0,-0.2495961809144411,-0.13170186062248385,0.9887755102040816,0.9948979591836735,0,54,-0.13170186062248385,0.0005,augmented_r2
epoch,5,55,55,55.0,-0.25063716634773187,-0.12810739935660848,0.9877551020408163,0.9948979591836735,1,54,-0.13170186062248385,0.0005,augmented_r2
epoch,5,56,56,56.0,-0.2504466068894236,-0.13180357290773975,0.9897959183673469,0.9938775510204082,0,56,-0.13180357290773975,0.0005,augmented_r2
epoch,5,57,57,57.0,-0.24907074854330102,-0.09893446893108135,0.9836734693877551,0.9948979591836735,1,56,-0.13180357290773975,0.0005,augmented_r2
epoch,5,58,58,58.0,-0.25032722680395464,-0.1357998380855638,0.9897959183673469,0.9948979591836735,0,58,-0.1357998380855638,0.0005,augmented_r2
epoch,5,59,59,59.0,-0.2500466795853981,-0.10134143196806615,0.976530612244898,0.9959183673469387,1,58,-0.1357998380855638,0.0005,augmented_r2
epoch,5,60,60,60.0,-0.24918397341868187,-0.11058613913399833,0.9826530612244898,0.9959183673469387,2,58,-0.1357998380855638,0.0005,augmented_r2
epoch,5,61,61,61.0,-0.247151432699666,-0.10344748497009278,0.9857142857142858,0.9959183673469387,3,58,-0.1357998380855638,0.0005,augmented_r2
epoch,5,62,62,62.0,-0.24631629708142333,-0.04094488377473792,0.9714285714285714,0.9948979591836735,4,58,-0.1357998380855638,0.0005,augmented_r2
epoch,5,63,63,63.0,-0.24918081717272697,0.01028801713671003,0.9683673469387755,0.9938775510204082,5,58,-0.1357998380855638,0.0005,augmented_r2
epoch,5,64,64,64.0,-0.24956276439736874,0.6491646844513562,0.8357142857142857,0.9918367346938776,6,58,-0.1357998380855638,0.0005,augmented_r2
epoch,5,65,65,65.0,-0.2433684958568425,0.1449347700391497,0.9377551020408164,0.9938775510204082,7,58,-0.1357998380855638,0.0005,augmented_r2
epoch,5,66,66,66.0,-0.24675227738623373,-0.028488590279403998,0.9734693877551021,0.9948979591836735,8,58,-0.1357998380855638,0.0005,augmented_r2
epoch,5,67,67,67.0,-0.23856899590126307,0.09581480658784204,0.9510204081632653,0.9948979591836735,9,58,-0.1357998380855638,0.0005,augmented_r2
epoch,5,68,68,68.0,-0.20589809834104883,3.6295714738417644,0.5673469387755102,0.786734693877551,10,58,-0.1357998380855638,0.0005,augmented_r2
epoch,5,69,69,69.0,-0.1965856734051244,0.002577644464920978,0.9663265306122449,0.9928571428571429,11,58,-0.1357998380855638,0.00025,augmented_r2
epoch,5,70,70,70.0,-0.2412735941217354,-0.11653217588152204,0.9826530612244898,0.9948979591836735,12,58,-0.1357998380855638,0.00025,augmented_r2
epoch,5,71,71,71.0,-0.25075429824061596,-0.11985861087331967,0.9836734693877551,0.9948979591836735,13,58,-0.1357998380855638,0.00025,augmented_r2
epoch,5,72,72,72.0,-0.2512538314630939,-0.12897072081663172,0.9816326530612245,0.9959183673469387,14,58,-0.1357998380855638,0.00025,augmented_r2
epoch,5,73,73,73.0,-0.25099758652093496,-0.12973687454145783,0.9836734693877551,0.9959183673469387,15,58,-0.1357998380855638,0.00025,augmented_r2
epoch,5,74,74,74.0,-0.2531359895589855,-0.1236987795148577,0.9806122448979592,0.9959183673469387,16,58,-0.1357998380855638,0.00025,augmented_r2
epoch,5,75,75,75.0,-0.2536112474115103,-0.12648614134107317,0.986734693877551,0.9948979591836735,17,58,-0.1357998380855638,0.00025,augmented_r2
epoch,5,76,76,76.0,-0.25316263582673754,-0.12849924077793043,0.9857142857142858,0.9959183673469387,18,58,-0.1357998380855638,0.00025,augmented_r2
epoch,5,77,77,77.0,-0.2529786161824013,-0.13153121714689295,0.9846938775510204,0.9959183673469387,19,58,-0.1357998380855638,0.00025,augmented_r2
epoch,5,78,78,78.0,-0.2545019317584654,-0.12580480380934111,0.986734693877551,0.9959183673469387,20,58,-0.1357998380855638,0.00025,augmented_r2
epoch,5,79,79,79.0,-0.25349832977746295,-0.13261965634871503,0.9897959183673469,0.9959183673469387,21,58,-0.1357998380855638,0.00025,augmented_r2
epoch,5,80,80,80.0,-0.25371774484090637,-0.13699152420978156,0.9897959183673469,0.9959183673469387,0,80,-0.13699152420978156,0.00025,augmented_r2
epoch,5,81,81,81.0,-0.25427562984531116,-0.13223373257384008,0.9857142857142858,0.9959183673469387,1,80,-0.13699152420978156,0.00025,augmented_r2
epoch,5,82,82,82.0,-0.25331960419784805,-0.1427139564436309,0.9877551020408163,0.9948979591836735,0,82,-0.1427139564436309,0.00025,augmented_r2
epoch,5,83,83,83.0,-0.2539971777987195,-0.13553791630024814,0.9887755102040816,0.9959183673469387,1,82,-0.1427139564436309,0.00025,augmented_r2
epoch,5,84,84,84.0,-0.25280757859318814,-0.1252151547646036,0.986734693877551,0.9948979591836735,2,82,-0.1427139564436309,0.00025,augmented_r2
epoch,5,85,85,85.0,-0.2541902386519524,-0.1438295262200492,0.9897959183673469,0.9959183673469387,0,85,-0.1438295262200492,0.00025,augmented_r2
epoch,5,86,86,86.0,-0.2541748565663253,-0.12826581974418796,0.9877551020408163,0.9948979591836735,1,85,-0.1438295262200492,0.00025,augmented_r2
epoch,5,87,87,87.0,-0.2537984331460468,-0.14043548885656862,0.9887755102040816,0.9959183673469387,2,85,-0.1438295262200492,0.00025,augmented_r2
epoch,5,88,88,88.0,-0.2535901209130244,-0.12405224478974634,0.986734693877551,0.9948979591836735,3,85,-0.1438295262200492,0.00025,augmented_r2
epoch,5,89,89,89.0,-0.2542405139262453,-0.1321984135374731,0.9897959183673469,0.9959183673469387,4,85,-0.1438295262200492,0.00025,augmented_r2
epoch,5,90,90,90.0,-0.25393063809178057,-0.1216320412499564,0.9846938775510204,0.9948979591836735,5,85,-0.1438295262200492,0.00025,augmented_r2
epoch,5,91,91,91.0,-0.2539645297937084,-0.13093690190996443,0.9857142857142858,0.9948979591836735,6,85,-0.1438295262200492,0.00025,augmented_r2
epoch,5,92,92,92.0,-0.25354981966814566,-0.11038797436928263,0.9846938775510204,0.9959183673469387,7,85,-0.1438295262200492,0.00025,augmented_r2
epoch,5,93,93,93.0,-0.2541051947030445,-0.11175487965953593,0.9816326530612245,0.9948979591836735,8,85,-0.1438295262200492,0.00025,augmented_r2
epoch,5,94,94,94.0,-0.25471975857640344,-0.09661818669766796,0.9846938775510204,0.9959183673469387,9,85,-0.1438295262200492,0.00025,augmented_r2
epoch,5,95,95,95.0,-0.25169106009126857,-0.0901423960315938,0.9816326530612245,0.9959183673469387,10,85,-0.1438295262200492,0.00025,augmented_r2
epoch,5,96,96,96.0,-0.24898195753718105,0.09634109224591936,0.9448979591836735,0.9938775510204082,11,85,-0.1438295262200492,0.000125,augmented_r2
epoch,5,97,97,97.0,-0.25360889733272496,-0.11651044183847856,0.9836734693877551,0.9959183673469387,12,85,-0.1438295262200492,0.000125,augmented_r2
epoch,5,98,98,98.0,-0.25541622107530565,-0.12423361515512271,0.9846938775510204,0.9959183673469387,13,85,-0.1438295262200492,0.000125,augmented_r2
epoch,5,99,99,99.0,-0.2561257792381841,-0.13451309739326944,0.9897959183673469,0.9959183673469387,14,85,-0.1438295262200492,0.000125,augmented_r2
epoch,5,100,100,100.0,-0.2555398354733481,-0.13068093377716689,0.9908163265306122,0.9959183673469387,15,85,-0.1438295262200492,0.000125,augmented_r2
epoch,5,101,101,101.0,-0.255816536357391,-0.128059720993042,0.9887755102040816,0.9948979591836735,16,85,-0.1438295262200492,0.000125,augmented_r2
epoch,5,102,102,102.0,-0.2564097553326362,-0.12457630682964714,0.9887755102040816,0.9959183673469387,17,85,-0.1438295262200492,0.000125,augmented_r2
epoch,5,103,103,103.0,-0.254476829767575,-0.10032951491219656,0.9795918367346939,0.9959183673469387,18,85,-0.1438295262200492,0.000125,augmented_r2
epoch,5,104,104,104.0,-0.25592940866616715,-0.12691873822893415,0.986734693877551,0.9948979591836735,19,85,-0.1438295262200492,0.000125,augmented_r2
epoch,5,105,105,105.0,-0.25556426678588795,-0.12151716777256556,0.9877551020408163,0.9948979591836735,20,85,-0.1438295262200492,0.000125,augmented_r2
epoch,5,106,106,106.0,-0.2560705206538207,-0.12247361309674322,0.986734693877551,0.9948979591836735,21,85,-0.1438295262200492,0.000125,augmented_r2
epoch,5,107,107,107.0,-0.2557189391345994,-0.1262887005903283,0.986734693877551,0.9959183673469387,22,85,-0.1438295262200492,6.25e-05,augmented_r2
epoch,5,108,108,108.0,-0.25625256950110153,-0.1302656198034481,0.9877551020408163,0.9948979591836735,23,85,-0.1438295262200492,6.25e-05,augmented_r2
epoch,5,109,109,109.0,-0.25662018734823694,-0.12585917492302096,0.9857142857142858,0.9959183673469387,24,85,-0.1438295262200492,6.25e-05,augmented_r2
epoch,5,110,110,110.0,-0.2566161233271946,-0.13531505380358014,0.9877551020408163,0.9959183673469387,25,85,-0.1438295262200492,6.25e-05,augmented_r2
epoch,5,111,111,111.0,-0.2561724846342892,-0.1247078394403263,0.9857142857142858,0.9959183673469387,26,85,-0.1438295262200492,6.25e-05,augmented_r2
epoch,5,112,112,112.0,-0.2565866785109269,-0.1287872246333531,0.9857142857142858,0.9959183673469387,27,85,-0.1438295262200492,6.25e-05,augmented_r2
epoch,5,113,113,113.0,-0.25656139187956123,-0.12785734741055235,0.986734693877551,0.9959183673469387,28,85,-0.1438295262200492,6.25e-05,augmented_r2
epoch,5,114,114,114.0,-0.2567790824260105,-0.12477404682003722,0.9846938775510204,0.9959183673469387,29,85,-0.1438295262200492,6.25e-05,augmented_r2
epoch,5,115,115,115.0,-0.2566722466572054,-0.12185816083635603,0.986734693877551,0.9959183673469387,30,85,-0.1438295262200492,6.25e-05,augmented_r2
epoch,6,1,1,1.0,1.4375068591779894,2.7795016872639557,0.40408163265306124,0.6224489795918368,0,1,2.7795016872639557,0.001,augmented_r2
epoch,6,2,2,2.0,0.8788945613326224,1.285082136368265,0.7448979591836735,0.9061224489795918,0,2,1.285082136368265,0.001,augmented_r2
epoch,6,3,3,3.0,0.6944476139764588,0.8169376173797919,0.9193877551020408,0.9377551020408164,0,3,0.8169376173797919,0.001,augmented_r2
epoch,6,4,4,4.0,0.5666085241972826,1.146217349597386,0.8071428571428572,0.9173469387755102,1,3,0.8169376173797919,0.001,augmented_r2
epoch,6,5,5,5.0,0.47745560475295995,0.7998856894823969,0.8459183673469388,0.9755102040816327,0,5,0.7998856894823969,0.001,augmented_r2
epoch,6,6,6,6.0,0.4033082272017145,1.5758210269772277,0.7040816326530612,0.9469387755102041,1,5,0.7998856894823969,0.001,augmented_r2
epoch,6,7,7,7.0,0.3284107238915212,0.6143857848887541,0.8806122448979592,0.9857142857142858,0,7,0.6143857848887541,0.001,augmented_r2
epoch,6,8,8,8.0,0.25052090716633324,0.9324351339924092,0.7724489795918368,0.9744897959183674,1,7,0.6143857848887541,0.001,augmented_r2
epoch,6,9,9,9.0,0.2074302199598579,1.5475326684056496,0.726530612244898,0.8520408163265306,2,7,0.6143857848887541,0.001,augmented_r2
epoch,6,10,10,10.0,0.16836870360172695,1.0468772800601258,0.7540816326530613,0.9387755102040817,3,7,0.6143857848887541,0.001,augmented_r2
epoch,6,11,11,11.0,0.12618600337749533,1.70977683651204,0.6030612244897959,0.9081632653061225,4,7,0.6143857848887541,0.001,augmented_r2
epoch,6,12,12,12.0,0.09080484447724137,0.3684633561543056,0.9081632653061225,0.9785714285714285,0,12,0.3684633561543056,0.001,augmented_r2
epoch,6,13,13,13.0,0.04256898933504704,1.7549126070372911,0.6887755102040817,0.7775510204081633,1,12,0.3684633561543056,0.001,augmented_r2
epoch,6,14,14,14.0,-0.001957002902190957,0.7044729201161132,0.8387755102040816,0.9275510204081633,2,12,0.3684633561543056,0.001,augmented_r2
epoch,6,15,15,15.0,-0.027468532036858395,1.1691597880149374,0.8030612244897959,0.9306122448979591,3,12,0.3684633561543056,0.001,augmented_r2
epoch,6,16,16,16.0,-0.035916045051571366,0.6466435023716518,0.8704081632653061,0.9714285714285714,4,12,0.3684633561543056,0.001,augmented_r2
epoch,6,17,17,17.0,-0.04273500893322622,0.7144140652247838,0.923469387755102,0.8489795918367347,5,12,0.3684633561543056,0.001,augmented_r2
epoch,6,18,18,18.0,-0.06783411909478518,1.005827336408654,0.7377551020408163,0.9428571428571428,6,12,0.3684633561543056,0.001,augmented_r2
epoch,6,19,19,19.0,-0.10103021255553829,0.12089913231985909,0.9622448979591837,0.9806122448979592,0,19,0.12089913231985909,0.001,augmented_r2
epoch,6,20,20,20.0,-0.1566445177520438,0.29996323488196547,0.8918367346938776,0.9918367346938776,1,19,0.12089913231985909,0.001,augmented_r2
epoch,6,21,21,21.0,-0.1659358560882437,0.6923061475461844,0.8765306122448979,0.9214285714285714,2,19,0.12089913231985909,0.001,augmented_r2
epoch,6,22,22,22.0,-0.14242016486464834,2.704751066285737,0.45918367346938777,0.9510204081632653,3,19,0.12089913231985909,0.001,augmented_r2
epoch,6,23,23,23.0,-0.12324161958444003,3.190259156908308,0.5561224489795918,0.8785714285714286,4,19,0.12089913231985909,0.001,augmented_r2
epoch,6,24,24,24.0,-0.11478953864854802,0.9188360866235227,0.8775510204081632,0.8734693877551021,5,19,0.12089913231985909,0.001,augmented_r2
epoch,6,25,25,25.0,-0.16237063424594902,0.32870037944949404,0.9428571428571428,0.9520408163265306,6,19,0.12089913231985909,0.001,augmented_r2
epoch,6,26,26,26.0,-0.1976975413011607,0.05707158604446722,0.9704081632653061,0.9826530612244898,0,26,0.05707158604446722,0.001,augmented_r2
epoch,6,27,27,27.0,-0.20977738262231613,1.7695940003103139,0.7479591836734694,0.8469387755102041,1,26,0.05707158604446722,0.001,augmented_r2
epoch,6,28,28,28.0,-0.221310527671834,-0.02944160967457051,0.9704081632653061,0.9897959183673469,0,28,-0.02944160967457051,0.001,augmented_r2
epoch,6,29,29,29.0,-0.22838648778897594,0.2614985130271133,0.9346938775510204,0.9806122448979592,1,28,-0.02944160967457051,0.001,augmented_r2
epoch,6,30,30,30.0,-0.2170348620324292,0.9496684984285004,0.7724489795918368,0.9887755102040816,2,28,-0.02944160967457051,0.001,augmented_r2
epoch,6,31,31,31.0,-0.14455498078838536,5.22921034754539,0.47653061224489796,0.6316326530612245,3,28,-0.02944160967457051,0.001,augmented_r2
epoch,6,32,32,32.0,-0.10878232609331695,0.344167811529977,0.9142857142857143,0.9734693877551021,4,28,-0.02944160967457051,0.001,augmented_r2
epoch,6,33,33,33.0,-0.10575119468815862,0.35838380151865434,0.9418367346938775,0.9530612244897959,5,28,-0.02944160967457051,0.001,augmented_r2
epoch,6,34,34,34.0,-0.19974082918809946,0.04288722106388637,0.9530612244897959,0.9908163265306122,6,28,-0.02944160967457051,0.001,augmented_r2
epoch,6,35,35,35.0,-0.22371738580353656,0.044899383369757205,0.9673469387755103,0.9846938775510204,7,28,-0.02944160967457051,0.001,augmented_r2
epoch,6,36,36,36.0,-0.2352251825125321,-0.001739591968302824,0.960204081632653,0.9938775510204082,8,28,-0.02944160967457051,0.001,augmented_r2
epoch,6,37,37,37.0,-0.2366604479923866,-0.019405274001919492,0.9714285714285714,0.9938775510204082,9,28,-0.02944160967457051,0.001,augmented_r2
epoch,6,38,38,38.0,-0.2396264965693527,0.055419126822023976,0.9663265306122449,0.9836734693877551,10,28,-0.02944160967457051,0.001,augmented_r2
epoch,6,39,39,39.0,-0.23807165213635825,0.08698190134398791,0.9612244897959183,0.986734693877551,11,28,-0.02944160967457051,0.0005,augmented_r2
epoch,6,40,40,40.0,-0.24389408173559704,-0.08625729181328598,0.9785714285714285,0.9918367346938776,0,40,-0.08625729181328598,0.0005,augmented_r2
epoch,6,41,41,41.0,-0.2436842422183415,-0.06884816471411258,0.9744897959183674,0.9928571428571429,1,40,-0.08625729181328598,0.0005,augmented_r2
epoch,6,42,42,42.0,-0.24819750275527,-0.08538533911413076,0.976530612244898,0.9928571428571429,2,40,-0.08625729181328598,0.0005,augmented_r2
epoch,6,43,43,43.0,-0.24952724674264926,-0.09610721529746542,0.9795918367346939,0.9938775510204082,0,43,-0.09610721529746542,0.0005,augmented_r2
epoch,6,44,44,44.0,-0.2492494617567349,-0.08980076896901033,0.9826530612244898,0.9918367346938776,1,43,-0.09610721529746542,0.0005,augmented_r2
epoch,6,45,45,45.0,-0.24827231162833444,-0.05843033158049291,0.9785714285714285,0.9897959183673469,2,43,-0.09610721529746542,0.0005,augmented_r2
epoch,6,46,46,46.0,-0.2504090678424017,-0.060306174901066996,0.9785714285714285,0.9897959183673469,3,43,-0.09610721529746542,0.0005,augmented_r2
epoch,6,47,47,47.0,-0.24539889938322768,-0.033035736181298084,0.9734693877551021,0.9938775510204082,4,43,-0.09610721529746542,0.0005,augmented_r2
epoch,6,48,48,48.0,-0.24915101841583454,-0.07944667728579774,0.9836734693877551,0.9887755102040816,5,43,-0.09610721529746542,0.0005,augmented_r2
epoch,6,49,49,49.0,-0.24930243091051732,0.02194897204029317,0.9653061224489796,0.9908163265306122,6,43,-0.09610721529746542,0.0005,augmented_r2
epoch,6,50,50,50.0,-0.244730143078152,0.04461596060772331,0.9581632653061225,0.986734693877551,7,43,-0.09610721529746542,0.0005,augmented_r2
epoch,6,51,51,51.0,-0.20978120498974467,1.3890185253960745,0.8683673469387755,0.8244897959183674,8,43,-0.09610721529746542,0.0005,augmented_r2
epoch,6,52,52,52.0,-0.1664195759219194,0.1138856824563474,0.9520408163265306,0.9857142857142858,9,43,-0.09610721529746542,0.0005,augmented_r2
epoch,6,53,53,53.0,-0.22196771149249894,0.19149250108368543,0.9469387755102041,0.9795918367346939,10,43,-0.09610721529746542,0.0005,augmented_r2
epoch,6,54,54,54.0,-0.24197493714008939,-0.05067790868330975,0.976530612244898,0.9938775510204082,11,43,-0.09610721529746542,0.00025,augmented_r2
epoch,6,55,55,55.0,-0.2491978754759322,-0.1061905320809812,0.9826530612244898,0.9948979591836735,0,55,-0.1061905320809812,0.00025,augmented_r2
epoch,6,56,56,56.0,-0.251496022579654,-0.10366811265750807,0.9816326530612245,0.9928571428571429,1,55,-0.1061905320809812,0.00025,augmented_r2
epoch,6,57,57,57.0,-0.2521964776853378,-0.10136974441761873,0.9806122448979592,0.9938775510204082,2,55,-0.1061905320809812,0.00025,augmented_r2
epoch,6,58,58,58.0,-0.25302648758241236,-0.11037686892918178,0.9846938775510204,0.9938775510204082,0,58,-0.11037686892918178,0.00025,augmented_r2
epoch,6,59,59,59.0,-0.25251287374963977,-0.1045805600224709,0.9857142857142858,0.9938775510204082,1,58,-0.11037686892918178,0.00025,augmented_r2
epoch,6,60,60,60.0,-0.2529331609011044,-0.1028060042128271,0.9826530612244898,0.9938775510204082,2,58,-0.11037686892918178,0.00025,augmented_r2
epoch,6,61,61,61.0,-0.25368736556921123,-0.11190284125658931,0.9846938775510204,0.9938775510204082,0,61,-0.11190284125658931,0.00025,augmented_r2
epoch,6,62,62,62.0,-0.2523527983538013,-0.0960011457910343,0.9816326530612245,0.9938775510204082,1,61,-0.11190284125658931,0.00025,augmented_r2
epoch,6,63,63,63.0,-0.2532212334886946,-0.10169156230225855,0.9816326530612245,0.9938775510204082,2,61,-0.11190284125658931,0.00025,augmented_r2
epoch,6,64,64,64.0,-0.2535650707522599,-0.09407745867359395,0.9785714285714285,0.9938775510204082,3,61,-0.11190284125658931,0.00025,augmented_r2
epoch,6,65,65,65.0,-0.2533266806797276,-0.09132991177695138,0.9795918367346939,0.9938775510204082,4,61,-0.11190284125658931,0.00025,augmented_r2
epoch,6,66,66,66.0,-0.2533234529847267,-0.11373023305620467,0.9836734693877551,0.9938775510204082,0,66,-0.11373023305620467,0.00025,augmented_r2
epoch,6,67,67,67.0,-0.25385677920578864,-0.10029185694091174,0.9826530612244898,0.9918367346938776,1,66,-0.11373023305620467,0.00025,augmented_r2
epoch,6,68,68,68.0,-0.2527958421655671,-0.09012520215949234,0.9836734693877551,0.9918367346938776,2,66,-0.11373023305620467,0.00025,augmented_r2
epoch,6,69,69,69.0,-0.25348989562456764,-0.09054199286869594,0.9806122448979592,0.9928571428571429,3,66,-0.11373023305620467,0.00025,augmented_r2
epoch,6,70,70,70.0,-0.25370963613945924,-0.08425644027943514,0.9806122448979592,0.9928571428571429,4,66,-0.11373023305620467,0.00025,augmented_r2
epoch,6,71,71,71.0,-0.25402664254697516,-0.10010832621126758,0.986734693877551,0.9948979591836735,5,66,-0.11373023305620467,0.00025,augmented_r2
epoch,6,72,72,72.0,-0.2536836292432702,-0.04571724667841075,0.9775510204081632,0.9918367346938776,6,66,-0.11373023305620467,0.00025,augmented_r2
epoch,6,73,73,73.0,-0.2534130452706788,-0.07577087441269233,0.9795918367346939,0.9938775510204082,7,66,-0.11373023305620467,0.00025,augmented_r2
epoch,6,74,74,74.0,-0.25325181889819237,-0.07085878459774718,0.976530612244898,0.9938775510204082,8,66,-0.11373023305620467,0.00025,augmented_r2
epoch,6,75,75,75.0,-0.25360444667285753,-0.09171844307257204,0.9785714285714285,0.9928571428571429,9,66,-0.11373023305620467,0.00025,augmented_r2
epoch,6,76,76,76.0,-0.2542281817304591,-0.07470544941571294,0.9785714285714285,0.9918367346938776,10,66,-0.11373023305620467,0.00025,augmented_r2
epoch,6,77,77,77.0,-0.25305752605330256,-0.09736177580697196,0.9846938775510204,0.9918367346938776,11,66,-0.11373023305620467,0.000125,augmented_r2
epoch,6,78,78,78.0,-0.25546305235948163,-0.10251967128442259,0.9816326530612245,0.9928571428571429,12,66,-0.11373023305620467,0.000125,augmented_r2
epoch,6,79,79,79.0,-0.2561707964157759,-0.07923241391473887,0.9806122448979592,0.9948979591836735,13,66,-0.11373023305620467,0.000125,augmented_r2
epoch,6,80,80,80.0,-0.25585514927940045,-0.07975656353697484,0.976530612244898,0.9938775510204082,14,66,-0.11373023305620467,0.000125,augmented_r2
epoch,6,81,81,81.0,-0.25612919519133354,-0.09539044000664536,0.9806122448979592,0.9918367346938776,15,66,-0.11373023305620467,0.000125,augmented_r2
epoch,6,82,82,82.0,-0.2555619966785519,-0.09968568792148512,0.9826530612244898,0.9948979591836735,16,66,-0.11373023305620467,0.000125,augmented_r2
epoch,6,83,83,83.0,-0.2564039839959402,-0.07003710999780771,0.9775510204081632,0.9928571428571429,17,66,-0.11373023305620467,0.000125,augmented_r2
epoch,6,84,84,84.0,-0.25580056052114725,-0.08145353015588254,0.976530612244898,0.9938775510204082,18,66,-0.11373023305620467,0.000125,augmented_r2
epoch,6,85,85,85.0,-0.2553184960686434,-0.06144491409768864,0.9734693877551021,0.9938775510204082,19,66,-0.11373023305620467,0.000125,augmented_r2
epoch,6,86,86,86.0,-0.2550524440144254,-0.09560024786968621,0.9826530612244898,0.9948979591836735,20,66,-0.11373023305620467,0.000125,augmented_r2
epoch,6,87,87,87.0,-0.2554846113786288,-0.0760947796763206,0.976530612244898,0.9938775510204082,21,66,-0.11373023305620467,0.000125,augmented_r2
epoch,6,88,88,88.0,-0.25563536604813664,-0.11161629764401183,0.9795918367346939,0.9948979591836735,22,66,-0.11373023305620467,6.25e-05,augmented_r2
epoch,6,89,89,89.0,-0.25666266912825436,-0.10911721258747334,0.9816326530612245,0.9928571428571429,23,66,-0.11373023305620467,6.25e-05,augmented_r2
epoch,6,90,90,90.0,-0.2568119839464293,-0.10640959301773383,0.9816326530612245,0.9938775510204082,24,66,-0.11373023305620467,6.25e-05,augmented_r2
epoch,6,91,91,91.0,-0.25716825577897584,-0.1147065882780114,0.9846938775510204,0.9948979591836735,0,91,-0.1147065882780114,6.25e-05,augmented_r2
epoch,6,92,92,92.0,-0.2568369056624019,-0.0936262101543193,0.9795918367346939,0.9928571428571429,1,91,-0.1147065882780114,6.25e-05,augmented_r2
epoch,6,93,93,93.0,-0.2566320066170961,-0.09775621939678582,0.9816326530612245,0.9938775510204082,2,91,-0.1147065882780114,6.25e-05,augmented_r2
epoch,6,94,94,94.0,-0.2572735206775426,-0.0893323007895022,0.9785714285714285,0.9928571428571429,3,91,-0.1147065882780114,6.25e-05,augmented_r2
epoch,6,95,95,95.0,-0.2573595302321315,-0.09762734831595907,0.9806122448979592,0.9928571428571429,4,91,-0.1147065882780114,6.25e-05,augmented_r2
epoch,6,96,96,96.0,-0.257003312212474,-0.09604448590959822,0.9806122448979592,0.9938775510204082,5,91,-0.1147065882780114,6.25e-05,augmented_r2
epoch,6,97,97,97.0,-0.25705142740539605,-0.10004585373158358,0.9775510204081632,0.9928571428571429,6,91,-0.1147065882780114,6.25e-05,augmented_r2
epoch,6,98,98,98.0,-0.2567974328994751,-0.10275256828385956,0.9816326530612245,0.9928571428571429,7,91,-0.1147065882780114,6.25e-05,augmented_r2
epoch,6,99,99,99.0,-0.25681371635969086,-0.09170650608685552,0.9785714285714285,0.9938775510204082,8,91,-0.1147065882780114,6.25e-05,augmented_r2
epoch,6,100,100,100.0,-0.2565297753984113,-0.097040834718821,0.9836734693877551,0.9928571428571429,9,91,-0.1147065882780114,6.25e-05,augmented_r2
epoch,6,101,101,101.0,-0.25689422599003825,-0.0556633253486789,0.9734693877551021,0.9918367346938776,10,91,-0.1147065882780114,6.25e-05,augmented_r2
epoch,6,102,102,102.0,-0.25673115542166636,-0.08457324845450265,0.9755102040816327,0.9938775510204082,11,91,-0.1147065882780114,3.125e-05,augmented_r2
epoch,6,103,103,103.0,-0.25698781691802497,-0.08717115314639344,0.976530612244898,0.9928571428571429,12,91,-0.1147065882780114,3.125e-05,augmented_r2
epoch,6,104,104,104.0,-0.25782390203634575,-0.09282477777831409,0.9795918367346939,0.9928571428571429,13,91,-0.1147065882780114,3.125e-05,augmented_r2
epoch,6,105,105,105.0,-0.25750808676512904,-0.09086177543717988,0.9785714285714285,0.9938775510204082,14,91,-0.1147065882780114,3.125e-05,augmented_r2
epoch,6,106,106,106.0,-0.257724341008348,-0.08325977812007981,0.9755102040816327,0.9928571428571429,15,91,-0.1147065882780114,3.125e-05,augmented_r2
epoch,6,107,107,107.0,-0.25778163921252123,-0.09725356929156245,0.9806122448979592,0.9928571428571429,16,91,-0.1147065882780114,3.125e-05,augmented_r2
epoch,6,108,108,108.0,-0.25799562106996576,-0.09420541646529217,0.9785714285714285,0.9928571428571429,17,91,-0.1147065882780114,3.125e-05,augmented_r2
epoch,6,109,109,109.0,-0.25772065621685764,-0.09329572648418193,0.9795918367346939,0.9928571428571429,18,91,-0.1147065882780114,3.125e-05,augmented_r2
epoch,6,110,110,110.0,-0.2576933449233695,-0.08839014063076098,0.9785714285714285,0.9928571428571429,19,91,-0.1147065882780114,3.125e-05,augmented_r2
epoch,6,111,111,111.0,-0.2574485890678181,-0.08487801405848289,0.976530612244898,0.9928571428571429,20,91,-0.1147065882780114,3.125e-05,augmented_r2
epoch,6,112,112,112.0,-0.2573636454397713,-0.08068605929004903,0.9775510204081632,0.9928571428571429,21,91,-0.1147065882780114,3.125e-05,augmented_r2
epoch,6,113,113,113.0,-0.25772774092546524,-0.09945812857880884,0.9795918367346939,0.9948979591836735,22,91,-0.1147065882780114,1.5625e-05,augmented_r2
epoch,6,114,114,114.0,-0.2582239907094679,-0.09864003658294677,0.9806122448979592,0.9928571428571429,23,91,-0.1147065882780114,1.5625e-05,augmented_r2
epoch,6,115,115,115.0,-0.2581148112797688,-0.09058206081390381,0.9795918367346939,0.9928571428571429,24,91,-0.1147065882780114,1.5625e-05,augmented_r2
epoch,6,116,116,116.0,-0.2580252327166252,-0.09864782411224989,0.9795918367346939,0.9938775510204082,25,91,-0.1147065882780114,1.5625e-05,augmented_r2
epoch,6,117,117,117.0,-0.2580803642128242,-0.09498892268356011,0.9795918367346939,0.9928571428571429,26,91,-0.1147065882780114,1.5625e-05,augmented_r2
epoch,6,118,118,118.0,-0.25802022451765866,-0.09808093917613127,0.9795918367346939,0.9928571428571429,27,91,-0.1147065882780114,1.5625e-05,augmented_r2
epoch,6,119,119,119.0,-0.2577489544568202,-0.10408385578466921,0.9806122448979592,0.9928571428571429,28,91,-0.1147065882780114,1.5625e-05,augmented_r2
epoch,6,120,120,120.0,-0.25834839050784414,-0.09698796661532655,0.9806122448979592,0.9928571428571429,29,91,-0.1147065882780114,1.5625e-05,augmented_r2
epoch,6,121,121,121.0,-0.25801504023540534,-0.09511803315610302,0.9806122448979592,0.9928571428571429,30,91,-0.1147065882780114,1.5625e-05,augmented_r2
epoch,7,1,1,1.0,1.3917648478503264,1.6613779651875398,0.610204081632653,0.9479591836734694,0,1,1.6613779651875398,0.001,augmented_r2
epoch,7,2,2,2.0,0.8433168557074942,1.9546989766918883,0.5163265306122449,0.9612244897959183,1,1,1.6613779651875398,0.001,augmented_r2
epoch,7,3,3,3.0,0.6832572458296153,1.9868965382478676,0.7081632653061225,0.6602040816326531,2,1,1.6613779651875398,0.001,augmented_r2
epoch,7,4,4,4.0,0.5779204249277663,1.1688357440792785,0.7459183673469387,0.976530612244898,0,4,1.1688357440792785,0.001,augmented_r2
epoch,7,5,5,5.0,0.47918457517235696,0.648169591232222,0.8928571428571429,0.9744897959183674,0,5,0.648169591232222,0.001,augmented_r2
epoch,7,6,6,6.0,0.3845033170288493,0.5283147116096653,0.9346938775510204,0.9908163265306122,0,6,0.5283147116096653,0.001,augmented_r2
epoch,7,7,7,7.0,0.3402098068385351,0.825839837473266,0.7785714285714286,0.9785714285714285,1,6,0.5283147116096653,0.001,augmented_r2
epoch,7,8,8,8.0,0.24812760860432262,0.5793857360372738,0.9061224489795918,0.963265306122449,2,6,0.5283147116096653,0.001,augmented_r2
epoch,7,9,9,9.0,0.21349018142562168,1.156941271801384,0.746938775510204,0.9673469387755103,3,6,0.5283147116096653,0.001,augmented_r2
epoch,7,10,10,10.0,0.1703168470309224,0.5267584827481484,0.9122448979591836,0.9489795918367347,0,10,0.5267584827481484,0.001,augmented_r2
epoch,7,11,11,11.0,0.10417347525520647,1.0941591515833018,0.7081632653061225,0.9704081632653061,1,10,0.5267584827481484,0.001,augmented_r2
epoch,7,12,12,12.0,0.07145096605569168,2.4665416347737215,0.6775510204081633,0.6663265306122449,2,10,0.5267584827481484,0.001,augmented_r2
epoch,7,13,13,13.0,0.04263396165027958,0.726064184247231,0.8204081632653061,0.9683673469387755,3,10,0.5267584827481484,0.001,augmented_r2
epoch,7,14,14,14.0,0.005925937613071768,2.515157530259113,0.5346938775510204,0.8846938775510204,4,10,0.5267584827481484,0.001,augmented_r2
epoch,7,15,15,15.0,0.015057064925472903,1.4340569116631332,0.8693877551020408,0.75,5,10,0.5267584827481484,0.001,augmented_r2
epoch,7,16,16,16.0,-0.05812532061002746,2.326299056228326,0.49183673469387756,0.9959183673469387,6,10,0.5267584827481484,0.001,augmented_r2
epoch,7,17,17,17.0,-0.08149004266044298,1.2533562825650586,0.7418367346938776,0.9928571428571429,7,10,0.5267584827481484,0.001,augmented_r2
epoch,7,18,18,18.0,-0.08859847600375872,1.3893507986652607,0.6336734693877552,0.9928571428571429,8,10,0.5267584827481484,0.001,augmented_r2
epoch,7,19,19,19.0,-0.09985189638577503,0.3978900230660731,0.9275510204081633,0.9653061224489796,0,19,0.3978900230660731,0.001,augmented_r2
epoch,7,20,20,20.0,-0.11773883085888122,1.1471739457578076,0.6918367346938775,0.9918367346938776,1,19,0.3978900230660731,0.001,augmented_r2
epoch,7,21,21,21.0,-0.12849772811318613,0.7762015761161337,0.9346938775510204,0.8663265306122448,2,19,0.3978900230660731,0.001,augmented_r2
epoch,7,22,22,22.0,-0.14952689670145877,0.7064524027766014,0.85,0.9918367346938776,3,19,0.3978900230660731,0.001,augmented_r2
epoch,7,23,23,23.0,-0.17073009688616983,0.3450423376900809,0.8948979591836734,0.9887755102040816,0,23,0.3450423376900809,0.001,augmented_r2
epoch,7,24,24,24.0,-0.18807457863571417,0.9795454336672413,0.7571428571428571,0.986734693877551,1,23,0.3450423376900809,0.001,augmented_r2
epoch,7,25,25,25.0,-0.1904497211828919,2.408001539658527,0.6816326530612244,0.8142857142857143,2,23,0.3450423376900809,0.001,augmented_r2
epoch,7,26,26,26.0,-0.16232304403306724,0.14472499477620027,0.960204081632653,0.9806122448979592,0,26,0.14472499477620027,0.001,augmented_r2
epoch,7,27,27,27.0,-0.13010138438469404,0.5274478771248642,0.8540816326530613,0.9836734693877551,1,26,0.14472499477620027,0.001,augmented_r2
epoch,7,28,28,28.0,-0.1664571562765081,0.9965947180378194,0.9408163265306122,0.786734693877551,2,26,0.14472499477620027,0.001,augmented_r2
epoch,7,29,29,29.0,-0.21095128483072398,0.19172100193646488,0.926530612244898,0.9948979591836735,3,26,0.14472499477620027,0.001,augmented_r2
epoch,7,30,30,30.0,-0.22610153393944393,0.499150909209738,0.8561224489795919,0.9938775510204082,4,26,0.14472499477620027,0.001,augmented_r2
epoch,7,31,31,31.0,-0.22636203830917687,0.42736002766356174,0.886734693877551,0.9918367346938776,5,26,0.14472499477620027,0.001,augmented_r2
epoch,7,32,32,32.0,-0.21619983386603814,0.6412946579407672,0.939795918367347,0.8959183673469387,6,26,0.14472499477620027,0.001,augmented_r2
epoch,7,33,33,33.0,-0.13753264744148888,1.3662887981959753,0.8673469387755102,0.8285714285714286,7,26,0.14472499477620027,0.001,augmented_r2
epoch,7,34,34,34.0,-0.15651521228442986,1.1301847608721987,0.753061224489796,0.9785714285714285,8,26,0.14472499477620027,0.001,augmented_r2
epoch,7,35,35,35.0,-0.19957979279563487,1.670032146025677,0.6989795918367347,0.9887755102040816,9,26,0.14472499477620027,0.001,augmented_r2
epoch,7,36,36,36.0,-0.23289105147427708,0.069272729815269,0.9479591836734694,0.996938775510204,0,36,0.069272729815269,0.001,augmented_r2
epoch,7,37,37,37.0,-0.23869238480347255,-0.007224776793499382,0.9683673469387755,0.9938775510204082,0,37,-0.007224776793499382,0.001,augmented_r2
epoch,7,38,38,38.0,-0.23982415339812477,-0.012426765111027931,0.9673469387755103,0.9938775510204082,0,38,-0.012426765111027931,0.001,augmented_r2
epoch,7,39,39,39.0,-0.2401653869979264,-0.002054682069895219,0.9591836734693877,0.9959183673469387,1,38,-0.012426765111027931,0.001,augmented_r2
epoch,7,40,40,40.0,-0.23494427016987063,0.37677886242769204,0.923469387755102,0.9714285714285714,2,38,-0.012426765111027931,0.001,augmented_r2
epoch,7,41,41,41.0,-0.23204509743038473,1.2529989899421226,0.8010204081632653,0.9459183673469388,3,38,-0.012426765111027931,0.001,augmented_r2
epoch,7,42,42,42.0,-0.19046964957062204,2.9575639666343223,0.6887755102040817,0.7877551020408163,4,38,-0.012426765111027931,0.001,augmented_r2
epoch,7,43,43,43.0,-0.11804344885753479,2.0580172825832754,0.7377551020408163,0.8908163265306123,5,38,-0.012426765111027931,0.001,augmented_r2
epoch,7,44,44,44.0,-0.1900570467397079,0.32735658275837803,0.9040816326530612,0.9897959183673469,6,38,-0.012426765111027931,0.001,augmented_r2
epoch,7,45,45,45.0,-0.20606524929695585,0.4746588989179962,0.9051020408163265,0.9561224489795919,7,38,-0.012426765111027931,0.001,augmented_r2
epoch,7,46,46,46.0,-0.2299630445052348,0.10750978576893709,0.9510204081632653,0.9948979591836735,8,38,-0.012426765111027931,0.001,augmented_r2
epoch,7,47,47,47.0,-0.2419488914756619,0.11016836896234629,0.9571428571428572,0.9836734693877551,9,38,-0.012426765111027931,0.001,augmented_r2
epoch,7,48,48,48.0,-0.2441877565858383,-0.06620212039169,0.976530612244898,0.9948979591836735,0,48,-0.06620212039169,0.001,augmented_r2
epoch,7,49,49,49.0,-0.2457741389547314,-0.06417312524756606,0.9744897959183674,0.996938775510204,1,48,-0.06620212039169,0.001,augmented_r2
epoch,7,50,50,50.0,-0.24356577112544617,6.475789206368582e-05,0.9693877551020408,0.9918367346938776,2,48,-0.06620212039169,0.001,augmented_r2
epoch,7,51,51,51.0,-0.24067875973365033,0.32414590777183067,0.9336734693877551,0.9785714285714285,3,48,-0.06620212039169,0.001,augmented_r2
epoch,7,52,52,52.0,-0.21842787173248637,2.0299970111068415,0.6581632653061225,0.9908163265306122,4,48,-0.06620212039169,0.001,augmented_r2
epoch,7,53,53,53.0,-0.12027026158503412,4.432973890888448,0.6234693877551021,0.673469387755102,5,48,-0.06620212039169,0.001,augmented_r2
epoch,7,54,54,54.0,-0.15060443724422717,1.5969322730083855,0.6693877551020408,0.9683673469387755,6,48,-0.06620212039169,0.001,augmented_r2
epoch,7,55,55,55.0,-0.22358318484139086,0.0773630293048158,0.95,0.9918367346938776,7,48,-0.06620212039169,0.001,augmented_r2
epoch,7,56,56,56.0,-0.23958323775487075,-0.004769373913200534,0.9724489795918367,0.9887755102040816,8,48,-0.06620212039169,0.001,augmented_r2
epoch,7,57,57,57.0,-0.24223432824046054,0.07201084166157003,0.9520408163265306,0.9948979591836735,9,48,-0.06620212039169,0.001,augmented_r2
epoch,7,58,58,58.0,-0.2447545706338774,-0.05590806931865459,0.9704081632653061,0.9948979591836735,10,48,-0.06620212039169,0.001,augmented_r2
epoch,7,59,59,59.0,-0.24775247851091534,-0.0032306821978822045,0.9663265306122449,0.9948979591836735,11,48,-0.06620212039169,0.0005,augmented_r2
epoch,7,60,60,60.0,-0.24962756416002446,-0.07427942460897018,0.9714285714285714,0.9948979591836735,0,60,-0.07427942460897018,0.0005,augmented_r2
epoch,7,61,61,61.0,-0.25092474967980477,-0.039911137308393206,0.9693877551020408,0.996938775510204,1,60,-0.07427942460897018,0.0005,augmented_r2
epoch,7,62,62,62.0,-0.2504602212372973,-0.08071187029079516,0.9744897959183674,0.9959183673469387,0,62,-0.08071187029079516,0.0005,augmented_r2
epoch,7,63,63,63.0,-0.25069085861873375,-0.05975797565615907,0.9724489795918367,0.9938775510204082,1,62,-0.08071187029079516,0.0005,augmented_r2
epoch,7,64,64,64.0,-0.2509948197662013,-0.043564888409205846,0.9693877551020408,0.9948979591836735,2,62,-0.08071187029079516,0.0005,augmented_r2
epoch,7,65,65,65.0,-0.252060392541582,-0.06662125587463379,0.9704081632653061,0.9959183673469387,3,62,-0.08071187029079516,0.0005,augmented_r2
epoch,7,66,66,66.0,-0.25074582796316647,-0.043824067894293335,0.9693877551020408,0.9938775510204082,4,62,-0.08071187029079516,0.0005,augmented_r2
epoch,7,67,67,67.0,-0.2503275822403482,-0.05392286047643545,0.9724489795918367,0.9948979591836735,5,62,-0.08071187029079516,0.0005,augmented_r2
epoch,7,68,68,68.0,-0.25150558007226104,-0.0490140759215063,0.9693877551020408,0.9948979591836735,6,62,-0.08071187029079516,0.0005,augmented_r2
epoch,7,69,69,69.0,-0.24855224512950094,-0.06440939416690748,0.9755102040816327,0.9959183673469387,7,62,-0.08071187029079516,0.0005,augmented_r2
epoch,7,70,70,70.0,-0.2507893174738866,-0.04554904383056018,0.9734693877551021,0.9938775510204082,8,62,-0.08071187029079516,0.0005,augmented_r2
epoch,7,71,71,71.0,-0.2512295334826832,-0.033890203553803115,0.9693877551020408,0.9938775510204082,9,62,-0.08071187029079516,0.0005,augmented_r2
epoch,7,72,72,72.0,-0.2506581273724534,-0.06014140576732402,0.9724489795918367,0.9959183673469387,10,62,-0.08071187029079516,0.0005,augmented_r2
epoch,7,73,73,73.0,-0.2516770199710856,-0.04316797548410844,0.9714285714285714,0.996938775510204,11,62,-0.08071187029079516,0.00025,augmented_r2
epoch,7,74,74,74.0,-0.2544249237749018,-0.06170911934910989,0.9683673469387755,0.996938775510204,12,62,-0.08071187029079516,0.00025,augmented_r2
epoch,7,75,75,75.0,-0.25430235662368494,-0.06213806356702532,0.9714285714285714,0.9938775510204082,13,62,-0.08071187029079516,0.00025,augmented_r2
epoch,7,76,76,76.0,-0.2546601326777979,-0.05373499685404252,0.9704081632653061,0.996938775510204,14,62,-0.08071187029079516,0.00025,augmented_r2
epoch,7,77,77,77.0,-0.25350506823300134,-0.05108395790567204,0.9683673469387755,0.9959183673469387,15,62,-0.08071187029079516,0.00025,augmented_r2
epoch,7,78,78,78.0,-0.25414819332333743,-0.08015980477235755,0.9755102040816327,0.9959183673469387,16,62,-0.08071187029079516,0.00025,augmented_r2
epoch,7,79,79,79.0,-0.2543644779863182,-0.06043380815155652,0.9704081632653061,0.9959183673469387,17,62,-0.08071187029079516,0.00025,augmented_r2
epoch,7,80,80,80.0,-0.254945105093368,-0.06290124338500354,0.9683673469387755,0.9959183673469387,18,62,-0.08071187029079516,0.00025,augmented_r2
epoch,7,81,81,81.0,-0.2547018224656634,-0.06404349657954002,0.9734693877551021,0.9948979591836735,19,62,-0.08071187029079516,0.00025,augmented_r2
epoch,7,82,82,82.0,-0.25306805516945086,-0.06058398898766965,0.9693877551020408,0.996938775510204,20,62,-0.08071187029079516,0.00025,augmented_r2
epoch,7,83,83,83.0,-0.25310062760335555,-0.055533098687930986,0.9724489795918367,0.9948979591836735,21,62,-0.08071187029079516,0.00025,augmented_r2
epoch,7,84,84,84.0,-0.2535039279702317,-0.038595920679520584,0.9704081632653061,0.9938775510204082,22,62,-0.08071187029079516,0.000125,augmented_r2
epoch,7,85,85,85.0,-0.25495924007311693,-0.06673764014730649,0.9714285714285714,0.9959183673469387,23,62,-0.08071187029079516,0.000125,augmented_r2
epoch,7,86,86,86.0,-0.2562549261021343,-0.04556182890522237,0.9704081632653061,0.9948979591836735,24,62,-0.08071187029079516,0.000125,augmented_r2
epoch,7,87,87,87.0,-0.2553847622238306,-0.07531442204300239,0.9744897959183674,0.9959183673469387,25,62,-0.08071187029079516,0.000125,augmented_r2
epoch,7,88,88,88.0,-0.256203281329817,-0.06783787377026616,0.9744897959183674,0.996938775510204,26,62,-0.08071187029079516,0.000125,augmented_r2
epoch,7,89,89,89.0,-0.25582744793812595,-0.059664561310592966,0.9724489795918367,0.9959183673469387,27,62,-0.08071187029079516,0.000125,augmented_r2
epoch,7,90,90,90.0,-0.25580855183953405,-0.05710896618512212,0.9704081632653061,0.9959183673469387,28,62,-0.08071187029079516,0.000125,augmented_r2
epoch,7,91,91,91.0,-0.25599991447347437,-0.06960874966212681,0.9724489795918367,0.9948979591836735,29,62,-0.08071187029079516,0.000125,augmented_r2
epoch,7,92,92,92.0,-0.25581520199253915,-0.07628834539530228,0.9734693877551021,0.996938775510204,30,62,-0.08071187029079516,0.000125,augmented_r2
epoch,8,1,1,1.0,1.5163040849882137,1.9266824250318566,0.5346938775510204,0.7826530612244897,0,1,1.9266824250318566,0.001,augmented_r2
epoch,8,2,2,2.0,0.8624473097096875,2.2347977735558335,0.4357142857142857,0.8887755102040816,1,1,1.9266824250318566,0.001,augmented_r2
epoch,8,3,3,3.0,0.6892147525114466,0.895022715111168,0.8326530612244898,0.9785714285714285,0,3,0.895022715111168,0.001,augmented_r2
epoch,8,4,4,4.0,0.569271350466965,1.8432390719043965,0.6908163265306122,0.6530612244897959,1,3,0.895022715111168,0.001,augmented_r2
epoch,8,5,5,5.0,0.4941720597713377,0.9814921327999659,0.7755102040816326,0.9795918367346939,2,3,0.895022715111168,0.001,augmented_r2
epoch,8,6,6,6.0,0.4063491555355296,0.8020500076060393,0.8163265306122449,0.9795918367346939,0,6,0.8020500076060393,0.001,augmented_r2
epoch,8,7,7,7.0,0.3441344130254884,0.8876703836479966,0.7908163265306123,0.936734693877551,1,6,0.8020500076060393,0.001,augmented_r2
epoch,8,8,8,8.0,0.25661172012319916,1.3052884111599046,0.726530612244898,0.9683673469387755,2,6,0.8020500076060393,0.001,augmented_r2
epoch,8,9,9,9.0,0.2134134109736115,2.102138921192714,0.610204081632653,0.8081632653061225,3,6,0.8020500076060393,0.001,augmented_r2
epoch,8,10,10,10.0,0.17192783834358885,0.38802368519257524,0.9275510204081633,0.9857142857142858,0,10,0.38802368519257524,0.001,augmented_r2
epoch,8,11,11,11.0,0.10640632207031184,0.2680607771386906,0.9428571428571428,0.9918367346938776,0,11,0.2680607771386906,0.001,augmented_r2
epoch,8,12,12,12.0,0.08129360250039458,1.7369190761021205,0.6438775510204081,0.8959183673469387,1,11,0.2680607771386906,0.001,augmented_r2
epoch,8,13,13,13.0,0.04609249363079132,3.577940681029339,0.5438775510204081,0.8367346938775511,2,11,0.2680607771386906,0.001,augmented_r2
epoch,8,14,14,14.0,0.011281877590888507,0.5146683799977205,0.9163265306122449,0.9724489795918367,3,11,0.2680607771386906,0.001,augmented_r2
epoch,8,15,15,15.0,-0.01643408673617316,0.6663157645536929,0.8397959183673469,0.963265306122449,4,11,0.2680607771386906,0.001,augmented_r2
epoch,8,16,16,16.0,-0.03634432188651288,5.238161912256357,0.49183673469387756,0.5653061224489796,5,11,0.2680607771386906,0.001,augmented_r2
epoch,8,17,17,17.0,-0.06610839529360284,0.6145163808550154,0.8438775510204082,0.9785714285714285,6,11,0.2680607771386906,0.001,augmented_r2
epoch,8,18,18,18.0,-0.10417151978108428,2.2571473958540937,0.49183673469387756,0.9724489795918367,7,11,0.2680607771386906,0.001,augmented_r2
epoch,8,19,19,19.0,-0.09971087600526012,2.17278971380117,0.5540816326530612,0.9816326530612245,8,11,0.2680607771386906,0.001,augmented_r2
epoch,8,20,20,20.0,-0.10830813935034679,0.8764564120039648,0.8846938775510204,0.8816326530612245,9,11,0.2680607771386906,0.001,augmented_r2
epoch,8,21,21,21.0,-0.14069404694579732,1.343962911683686,0.85,0.8142857142857143,10,11,0.2680607771386906,0.001,augmented_r2
epoch,8,22,22,22.0,-0.14778173142005446,2.9644557699865226,0.5020408163265306,0.9846938775510204,11,11,0.2680607771386906,0.0005,augmented_r2
epoch,8,23,23,23.0,-0.18734888596335758,-0.006670355553529701,0.9642857142857143,0.9928571428571429,0,23,-0.006670355553529701,0.0005,augmented_r2
epoch,8,24,24,24.0,-0.21106704259913622,-0.06940499690114235,0.9744897959183674,0.9948979591836735,0,24,-0.06940499690114235,0.0005,augmented_r2
epoch,8,25,25,25.0,-0.21465951075594245,-0.06756859166281563,0.9704081632653061,0.9928571428571429,1,24,-0.06940499690114235,0.0005,augmented_r2
epoch,8,26,26,26.0,-0.22022004092021416,-0.08182567382345395,0.976530612244898,0.9928571428571429,0,26,-0.08182567382345395,0.0005,augmented_r2
epoch,8,27,27,27.0,-0.22378907509437274,0.019577566944822974,0.9581632653061225,0.9948979591836735,1,26,-0.08182567382345395,0.0005,augmented_r2
epoch,8,28,28,28.0,-0.22460504384509739,-0.03886325091731792,0.9693877551020408,0.9908163265306122,2,26,-0.08182567382345395,0.0005,augmented_r2
epoch,8,29,29,29.0,-0.2270565768842416,-0.04198116477654905,0.9714285714285714,0.9897959183673469,3,26,-0.08182567382345395,0.0005,augmented_r2
epoch,8,30,30,30.0,-0.2179975821841796,0.17333147087875678,0.939795918367347,0.9877551020408163,4,26,-0.08182567382345395,0.0005,augmented_r2
epoch,8,31,31,31.0,-0.20508682247776314,0.21597144944327218,0.926530612244898,0.9887755102040816,5,26,-0.08182567382345395,0.0005,augmented_r2
epoch,8,32,32,32.0,-0.21239624777931077,0.5190986234314587,0.863265306122449,0.9744897959183674,6,26,-0.08182567382345395,0.0005,augmented_r2
epoch,8,33,33,33.0,-0.21518275673061757,0.10449882234845842,0.9571428571428572,0.9846938775510204,7,26,-0.08182567382345395,0.0005,augmented_r2
epoch,8,34,34,34.0,-0.23428410272539826,0.4073289968529526,0.9489795918367347,0.9255102040816326,8,26,-0.08182567382345395,0.0005,augmented_r2
epoch,8,35,35,35.0,-0.23877139826505497,-0.0656827839053407,0.9734693877551021,0.9938775510204082,9,26,-0.08182567382345395,0.0005,augmented_r2
epoch,8,36,36,36.0,-0.23881856070547156,-0.002941823978813327,0.9622448979591837,0.986734693877551,10,26,-0.08182567382345395,0.0005,augmented_r2
epoch,8,37,37,37.0,-0.23716093153239756,0.20694753734432922,0.9306122448979591,0.9918367346938776,11,26,-0.08182567382345395,0.00025,augmented_r2
epoch,8,38,38,38.0,-0.24517728190467974,-0.07145510109103456,0.9744897959183674,0.9928571428571429,12,26,-0.08182567382345395,0.00025,augmented_r2
epoch,8,39,39,39.0,-0.24780196688910563,-0.10161043283890704,0.9744897959183674,0.9938775510204082,0,39,-0.10161043283890704,0.00025,augmented_r2
epoch,8,40,40,40.0,-0.24866777943702142,-0.09863808349687225,0.9795918367346939,0.9938775510204082,1,39,-0.10161043283890704,0.00025,augmented_r2
epoch,8,41,41,41.0,-0.24895921499971957,-0.08119860571257922,0.9704081632653061,0.9938775510204082,2,39,-0.10161043283890704,0.00025,augmented_r2
epoch,8,42,42,42.0,-0.24749800744611875,-0.0937318889462218,0.9775510204081632,0.9928571428571429,3,39,-0.10161043283890704,0.00025,augmented_r2
epoch,8,43,43,43.0,-0.24898375872101908,-0.10536425892187624,0.9785714285714285,0.9928571428571429,0,43,-0.10536425892187624,0.00025,augmented_r2
epoch,8,44,44,44.0,-0.2491739801182008,-0.10575281941160863,0.9836734693877551,0.9938775510204082,0,44,-0.10575281941160863,0.00025,augmented_r2
epoch,8,45,45,45.0,-0.2492827899538813,-0.10118060939166011,0.9816326530612245,0.9938775510204082,1,44,-0.10575281941160863,0.00025,augmented_r2
epoch,8,46,46,46.0,-0.24963591168008187,-0.10036478967082743,0.9806122448979592,0.9938775510204082,2,44,-0.10575281941160863,0.00025,augmented_r2
epoch,8,47,47,47.0,-0.2491150837025282,-0.008867498319976184,0.9693877551020408,0.9928571428571429,3,44,-0.10575281941160863,0.00025,augmented_r2
epoch,8,48,48,48.0,-0.2500687514445091,-0.07605101040431432,0.9806122448979592,0.9928571428571429,4,44,-0.10575281941160863,0.00025,augmented_r2
epoch,8,49,49,49.0,-0.25033970909839404,-0.07405904166552485,0.9806122448979592,0.9908163265306122,5,44,-0.10575281941160863,0.00025,augmented_r2
epoch,8,50,50,50.0,-0.24784861692437493,0.5415299678335385,0.8693877551020408,0.986734693877551,6,44,-0.10575281941160863,0.00025,augmented_r2
epoch,8,51,51,51.0,-0.2492400279607236,-0.09620736131862719,0.9785714285714285,0.9948979591836735,7,44,-0.10575281941160863,0.00025,augmented_r2
epoch,8,52,52,52.0,-0.24890998326761576,-0.005366114694245008,0.9653061224489796,0.9887755102040816,8,44,-0.10575281941160863,0.00025,augmented_r2
epoch,8,53,53,53.0,-0.24711814725367712,0.07401722110047633,0.9581632653061225,0.9918367346938776,9,44,-0.10575281941160863,0.00025,augmented_r2
epoch,8,54,54,54.0,-0.24824116608823116,0.06553395816258022,0.9520408163265306,0.9897959183673469,10,44,-0.10575281941160863,0.00025,augmented_r2
epoch,8,55,55,55.0,-0.1751549794578608,5.190778202913245,0.5153061224489796,0.7561224489795918,11,44,-0.10575281941160863,0.000125,augmented_r2
epoch,8,56,56,56.0,-0.215233540409746,0.01231677921450868,0.963265306122449,0.9918367346938776,12,44,-0.10575281941160863,0.000125,augmented_r2
epoch,8,57,57,57.0,-0.24766511865979837,-0.09069028241293771,0.9795918367346939,0.9938775510204082,13,44,-0.10575281941160863,0.000125,augmented_r2
epoch,8,58,58,58.0,-0.2515527594009502,-0.08722834149185492,0.9795918367346939,0.9938775510204082,14,44,-0.10575281941160863,0.000125,augmented_r2
epoch,8,59,59,59.0,-0.25222415351158056,-0.09489828421145069,0.9806122448979592,0.9938775510204082,15,44,-0.10575281941160863,0.000125,augmented_r2
epoch,8,60,60,60.0,-0.25285111024632273,-0.09757512150978556,0.9795918367346939,0.9938775510204082,16,44,-0.10575281941160863,0.000125,augmented_r2
epoch,8,61,61,61.0,-0.2534885523198887,-0.09547394149157466,0.9795918367346939,0.9938775510204082,17,44,-0.10575281941160863,0.000125,augmented_r2
epoch,8,62,62,62.0,-0.25392598049404813,-0.09625987811964386,0.9785714285714285,0.9938775510204082,18,44,-0.10575281941160863,0.000125,augmented_r2
epoch,8,63,63,63.0,-0.25427373543681714,-0.10044252726496482,0.9806122448979592,0.9938775510204082,19,44,-0.10575281941160863,0.000125,augmented_r2
epoch,8,64,64,64.0,-0.25455766432759086,-0.1042220300557662,0.9816326530612245,0.9938775510204082,20,44,-0.10575281941160863,0.000125,augmented_r2
epoch,8,65,65,65.0,-0.25426077453116824,-0.09950785442274444,0.9826530612244898,0.9938775510204082,21,44,-0.10575281941160863,0.000125,augmented_r2
epoch,8,66,66,66.0,-0.2547226629766459,-0.09413572914746343,0.9816326530612245,0.9938775510204082,22,44,-0.10575281941160863,6.25e-05,augmented_r2
epoch,8,67,67,67.0,-0.2551845012269077,-0.10656194930173912,0.9806122448979592,0.9948979591836735,0,67,-0.10656194930173912,6.25e-05,augmented_r2
epoch,8,68,68,68.0,-0.25566951470921884,-0.1026338139358832,0.9816326530612245,0.9948979591836735,1,67,-0.10656194930173912,6.25e-05,augmented_r2
epoch,8,69,69,69.0,-0.2557361023155426,-0.10321083944671008,0.9806122448979592,0.9938775510204082,2,67,-0.10656194930173912,6.25e-05,augmented_r2
epoch,8,70,70,70.0,-0.25567975550724736,-0.10641050436058823,0.9806122448979592,0.9938775510204082,3,67,-0.10656194930173912,6.25e-05,augmented_r2
epoch,8,71,71,71.0,-0.25619432946701315,-0.1080326508502571,0.9806122448979592,0.9948979591836735,0,71,-0.1080326508502571,6.25e-05,augmented_r2
epoch,8,72,72,72.0,-0.25576284664311005,-0.10619630327030104,0.9826530612244898,0.9948979591836735,1,71,-0.1080326508502571,6.25e-05,augmented_r2
epoch,8,73,73,73.0,-0.25599860000582525,-0.0976609789595312,0.9775510204081632,0.9948979591836735,2,71,-0.1080326508502571,6.25e-05,augmented_r2
epoch,8,74,74,74.0,-0.25629040124919344,-0.09321934446996571,0.9816326530612245,0.9948979591836735,3,71,-0.1080326508502571,6.25e-05,augmented_r2
epoch,8,75,75,75.0,-0.25632111444256206,-0.09942103356731181,0.9785714285714285,0.9948979591836735,4,71,-0.1080326508502571,6.25e-05,augmented_r2
epoch,8,76,76,76.0,-0.25617994215455736,-0.10327880139253577,0.9806122448979592,0.9948979591836735,5,71,-0.1080326508502571,6.25e-05,augmented_r2
epoch,8,77,77,77.0,-0.2555135712701515,-0.1044983265351276,0.9806122448979592,0.9938775510204082,6,71,-0.1080326508502571,6.25e-05,augmented_r2
epoch,8,78,78,78.0,-0.2561448826746722,-0.09795435253454714,0.976530612244898,0.9948979591836735,7,71,-0.1080326508502571,6.25e-05,augmented_r2
epoch,8,79,79,79.0,-0.25608726698488893,-0.10169788428715297,0.9826530612244898,0.9948979591836735,8,71,-0.1080326508502571,6.25e-05,augmented_r2
epoch,8,80,80,80.0,-0.25577479124347496,-0.09936922715634716,0.9816326530612245,0.9948979591836735,9,71,-0.1080326508502571,6.25e-05,augmented_r2
epoch,8,81,81,81.0,-0.25608143520870047,-0.10438076671288939,0.9816326530612245,0.9948979591836735,10,71,-0.1080326508502571,6.25e-05,augmented_r2
epoch,8,82,82,82.0,-0.2560179115107013,-0.09513397752022257,0.9785714285714285,0.9948979591836735,11,71,-0.1080326508502571,3.125e-05,augmented_r2
epoch,8,83,83,83.0,-0.2568386822878045,-0.10198746311421297,0.9806122448979592,0.9948979591836735,12,71,-0.1080326508502571,3.125e-05,augmented_r2
epoch,8,84,84,84.0,-0.2568931646377657,-0.09880847979565056,0.9806122448979592,0.9948979591836735,13,71,-0.1080326508502571,3.125e-05,augmented_r2
epoch,8,85,85,85.0,-0.2571727239532515,-0.10390027883101483,0.9785714285714285,0.9948979591836735,14,71,-0.1080326508502571,3.125e-05,augmented_r2
epoch,8,86,86,86.0,-0.25639861420357857,-0.09761783590122144,0.9806122448979592,0.9948979591836735,15,71,-0.1080326508502571,3.125e-05,augmented_r2
epoch,8,87,87,87.0,-0.25625505948644145,-0.09958213008179957,0.976530612244898,0.9948979591836735,16,71,-0.1080326508502571,3.125e-05,augmented_r2
epoch,8,88,88,88.0,-0.25696851713580154,-0.1004804937206969,0.9806122448979592,0.9948979591836735,17,71,-0.1080326508502571,3.125e-05,augmented_r2
epoch,8,89,89,89.0,-0.2569601666415993,-0.09874429848729348,0.9816326530612245,0.9948979591836735,18,71,-0.1080326508502571,3.125e-05,augmented_r2
epoch,8,90,90,90.0,-0.2571155407145589,-0.10144949494575968,0.9785714285714285,0.9948979591836735,19,71,-0.1080326508502571,3.125e-05,augmented_r2
epoch,8,91,91,91.0,-0.2566594073610331,-0.09845556823574766,0.9806122448979592,0.9948979591836735,20,71,-0.1080326508502571,3.125e-05,augmented_r2
epoch,8,92,92,92.0,-0.2568429203224071,-0.09658529223227988,0.9795918367346939,0.9948979591836735,21,71,-0.1080326508502571,3.125e-05,augmented_r2
epoch,8,93,93,93.0,-0.2569146287451689,-0.09965484726185701,0.9806122448979592,0.9948979591836735,22,71,-0.1080326508502571,1.5625e-05,augmented_r2
epoch,8,94,94,94.0,-0.25691017904189783,-0.10289185533718187,0.9795918367346939,0.9948979591836735,23,71,-0.1080326508502571,1.5625e-05,augmented_r2
epoch,8,95,95,95.0,-0.2570451648130269,-0.10829307692391532,0.9806122448979592,0.9948979591836735,0,95,-0.10829307692391532,1.5625e-05,augmented_r2
epoch,8,96,96,96.0,-0.257162406644913,-0.10132786157179852,0.9806122448979592,0.9948979591836735,1,95,-0.10829307692391532,1.5625e-05,augmented_r2
epoch,8,97,97,97.0,-0.2571623341870927,-0.10048882717988929,0.9795918367346939,0.9948979591836735,2,95,-0.10829307692391532,1.5625e-05,augmented_r2
epoch,8,98,98,98.0,-0.2574251860441047,-0.09886880115586884,0.9795918367346939,0.9948979591836735,3,95,-0.10829307692391532,1.5625e-05,augmented_r2
epoch,8,99,99,99.0,-0.2571089229292935,-0.10191099059825041,0.9795918367346939,0.9948979591836735,4,95,-0.10829307692391532,1.5625e-05,augmented_r2
epoch,8,100,100,100.0,-0.25749018183942785,-0.10373297808121662,0.9806122448979592,0.9948979591836735,5,95,-0.10829307692391532,1.5625e-05,augmented_r2
epoch,8,101,101,101.0,-0.25738232717383247,-0.09780792557463354,0.9775510204081632,0.9948979591836735,6,95,-0.10829307692391532,1.5625e-05,augmented_r2
epoch,8,102,102,102.0,-0.2577143075482157,-0.09705434478059106,0.9795918367346939,0.9948979591836735,7,95,-0.10829307692391532,1.5625e-05,augmented_r2
epoch,8,103,103,103.0,-0.2574294953190414,-0.10251868355030916,0.9785714285714285,0.9948979591836735,8,95,-0.10829307692391532,1.5625e-05,augmented_r2
epoch,8,104,104,104.0,-0.25725044680991394,-0.10460515460189508,0.9806122448979592,0.9948979591836735,9,95,-0.10829307692391532,1.5625e-05,augmented_r2
epoch,8,105,105,105.0,-0.2574782784248811,-0.10001901412496761,0.9785714285714285,0.9948979591836735,10,95,-0.10829307692391532,1.5625e-05,augmented_r2
epoch,8,106,106,106.0,-0.2572859474198269,-0.09814099924904959,0.9795918367346939,0.9948979591836735,11,95,-0.10829307692391532,7.8125e-06,augmented_r2
epoch,8,107,107,107.0,-0.257810229788308,-0.09800845652210469,0.9816326530612245,0.9948979591836735,12,95,-0.10829307692391532,7.8125e-06,augmented_r2
epoch,8,108,108,108.0,-0.25760940652148245,-0.10136198316301619,0.9806122448979592,0.9948979591836735,13,95,-0.10829307692391532,7.8125e-06,augmented_r2
epoch,8,109,109,109.0,-0.2577322041080476,-0.10243465413852613,0.9806122448979592,0.9948979591836735,14,95,-0.10829307692391532,7.8125e-06,augmented_r2
epoch,8,110,110,110.0,-0.25768110882202805,-0.10350434731463996,0.9806122448979592,0.9948979591836735,15,95,-0.10829307692391532,7.8125e-06,augmented_r2
epoch,8,111,111,111.0,-0.25787348059547655,-0.10051789381066147,0.9795918367346939,0.9948979591836735,16,95,-0.10829307692391532,7.8125e-06,augmented_r2
epoch,8,112,112,112.0,-0.25771609638326537,-0.09896741886528171,0.9795918367346939,0.9948979591836735,17,95,-0.10829307692391532,7.8125e-06,augmented_r2
epoch,8,113,113,113.0,-0.2576305101660135,-0.10086086574865848,0.9795918367346939,0.9948979591836735,18,95,-0.10829307692391532,7.8125e-06,augmented_r2
epoch,8,114,114,114.0,-0.2572699340676162,-0.1019201049999315,0.9785714285714285,0.9948979591836735,19,95,-0.10829307692391532,7.8125e-06,augmented_r2
epoch,8,115,115,115.0,-0.2577316381509011,-0.09854063306535993,0.9795918367346939,0.9948979591836735,20,95,-0.10829307692391532,7.8125e-06,augmented_r2
epoch,8,116,116,116.0,-0.25782186036420207,-0.10301792670269402,0.9785714285714285,0.9948979591836735,21,95,-0.10829307692391532,7.8125e-06,augmented_r2
epoch,8,117,117,117.0,-0.2577933918153158,-0.09771951461324886,0.9785714285714285,0.9948979591836735,22,95,-0.10829307692391532,3.90625e-06,augmented_r2
epoch,8,118,118,118.0,-0.2578019287588299,-0.09897194735857905,0.9806122448979592,0.9948979591836735,23,95,-0.10829307692391532,3.90625e-06,augmented_r2
epoch,8,119,119,119.0,-0.2575538064844239,-0.10184355998525814,0.9785714285714285,0.9948979591836735,24,95,-0.10829307692391532,3.90625e-06,augmented_r2
epoch,8,120,120,120.0,-0.25807711736850497,-0.097762858624361,0.9795918367346939,0.9948979591836735,25,95,-0.10829307692391532,3.90625e-06,augmented_r2
epoch,8,121,121,121.0,-0.25792295086790806,-0.09841286211597676,0.9785714285714285,0.9948979591836735,26,95,-0.10829307692391532,3.90625e-06,augmented_r2
epoch,8,122,122,122.0,-0.25802183314736116,-0.10006379594608229,0.9806122448979592,0.9948979591836735,27,95,-0.10829307692391532,3.90625e-06,augmented_r2
epoch,8,123,123,123.0,-0.25777244894853096,-0.10102110249655587,0.9806122448979592,0.9948979591836735,28,95,-0.10829307692391532,3.90625e-06,augmented_r2
epoch,8,124,124,124.0,-0.25786033473628445,-0.09865119603215432,0.9795918367346939,0.9948979591836735,29,95,-0.10829307692391532,3.90625e-06,augmented_r2
epoch,8,125,125,125.0,-0.25794495691319475,-0.09948781947700344,0.9806122448979592,0.9948979591836735,30,95,-0.10829307692391532,3.90625e-06,augmented_r2
epoch,9,1,1,1.0,1.4663606091077175,1.362595281309011,0.6653061224489796,0.8744897959183674,0,1,1.362595281309011,0.001,augmented_r2
epoch,9,2,2,2.0,0.8890651109999875,1.5260384486646068,0.753061224489796,0.7520408163265306,1,1,1.362595281309011,0.001,augmented_r2
epoch,9,3,3,3.0,0.7045914819820094,0.8525361949083756,0.8785714285714286,0.9714285714285714,0,3,0.8525361949083756,0.001,augmented_r2
epoch,9,4,4,4.0,0.5707227420208577,0.9936902012143817,0.8193877551020409,0.9224489795918367,1,3,0.8525361949083756,0.001,augmented_r2
epoch,9,5,5,5.0,0.47060748436446087,0.8982258589900269,0.9040816326530612,0.8959183673469387,2,3,0.8525361949083756,0.001,augmented_r2
epoch,9,6,6,6.0,0.40239711288011626,1.6989628358763091,0.5530612244897959,0.8520408163265306,3,3,0.8525361949083756,0.001,augmented_r2
epoch,9,7,7,7.0,0.3223645555614764,0.7145893773254083,0.8183673469387756,0.9816326530612245,0,7,0.7145893773254083,0.001,augmented_r2
epoch,9,8,8,8.0,0.23883626727658525,0.5200621016171514,0.8846938775510204,0.986734693877551,0,8,0.5200621016171514,0.001,augmented_r2
epoch,9,9,9,9.0,0.2055594594912728,2.088843921739228,0.4785714285714286,0.9591836734693877,1,8,0.5200621016171514,0.001,augmented_r2
epoch,9,10,10,10.0,0.16057742896009056,0.4263439594482889,0.9010204081632653,0.9846938775510204,0,10,0.4263439594482889,0.001,augmented_r2
epoch,9,11,11,11.0,0.11489424614715688,2.0246231526744607,0.6061224489795919,0.826530612244898,1,10,0.4263439594482889,0.001,augmented_r2
epoch,9,12,12,12.0,0.07962094222556616,2.3483108530239183,0.5591836734693878,0.8642857142857143,2,10,0.4263439594482889,0.001,augmented_r2
epoch,9,13,13,13.0,0.022585575056034306,0.5168457787864063,0.8877551020408163,0.9887755102040816,3,10,0.4263439594482889,0.001,augmented_r2
epoch,9,14,14,14.0,-0.00374206480563887,0.2719857675688607,0.939795918367347,0.9877551020408163,0,14,0.2719857675688607,0.001,augmented_r2
epoch,9,15,15,15.0,-0.05479150954856794,1.9037946516153763,0.6459183673469387,0.789795918367347,1,14,0.2719857675688607,0.001,augmented_r2
epoch,9,16,16,16.0,-0.02908442620115166,1.7404279295279055,0.8275510204081633,0.7020408163265306,2,14,0.2719857675688607,0.001,augmented_r2
epoch,9,17,17,17.0,-0.05899876483091294,0.7156582435783074,0.8571428571428571,0.9591836734693877,3,14,0.2719857675688607,0.001,augmented_r2
epoch,9,18,18,18.0,-0.10462494833253026,0.7116734224922803,0.8153061224489796,0.9581632653061225,4,14,0.2719857675688607,0.001,augmented_r2
epoch,9,19,19,19.0,-0.09828791059694938,0.2547953206665662,0.9224489795918367,0.9857142857142858,0,19,0.2547953206665662,0.001,augmented_r2
epoch,9,20,20,20.0,-0.12761139963610305,0.8961441825847236,0.8,0.9938775510204082,1,19,0.2547953206665662,0.001,augmented_r2
epoch,9,21,21,21.0,-0.13724043075705117,0.27986715034562715,0.9142857142857143,0.986734693877551,2,19,0.2547953206665662,0.001,augmented_r2
epoch,9,22,22,22.0,-0.14356512587864267,0.5770572360681028,0.8551020408163266,0.9938775510204082,3,19,0.2547953206665662,0.001,augmented_r2
epoch,9,23,23,23.0,-0.16603375119511782,1.519842402302489,0.7775510204081633,0.8438775510204082,4,19,0.2547953206665662,0.001,augmented_r2
epoch,9,24,24,24.0,-0.18353988768096424,0.17435984173599556,0.9316326530612244,0.9928571428571429,0,24,0.17435984173599556,0.001,augmented_r2
epoch,9,25,25,25.0,-0.1882203830585975,0.04004234294502103,0.9510204081632653,0.9928571428571429,0,25,0.04004234294502103,0.001,augmented_r2
epoch,9,26,26,26.0,-0.18513906250759712,0.7451223125263137,0.9285714285714286,0.9091836734693878,1,25,0.04004234294502103,0.001,augmented_r2
epoch,9,27,27,27.0,-0.16756088273811173,0.6678310695959597,0.863265306122449,0.9806122448979592,2,25,0.04004234294502103,0.001,augmented_r2
epoch,9,28,28,28.0,-0.1751369434784688,0.8739630966770405,0.8316326530612245,0.9795918367346939,3,25,0.04004234294502103,0.001,augmented_r2
epoch,9,29,29,29.0,-0.19795198761620256,0.06721333289632991,0.9663265306122449,0.9795918367346939,4,25,0.04004234294502103,0.001,augmented_r2
epoch,9,30,30,30.0,-0.21752585556335272,0.7895871357041963,0.8081632653061225,0.9887755102040816,5,25,0.04004234294502103,0.001,augmented_r2
epoch,9,31,31,31.0,-0.18977281154680434,1.432176830817242,0.7387755102040816,0.9836734693877551,6,25,0.04004234294502103,0.001,augmented_r2
epoch,9,32,32,32.0,-0.19457731378784604,2.2508314035376724,0.8193877551020409,0.7693877551020408,7,25,0.04004234294502103,0.001,augmented_r2
epoch,9,33,33,33.0,-0.20463206564889624,0.9089325170127713,0.9010204081632653,0.8775510204081632,8,25,0.04004234294502103,0.001,augmented_r2
epoch,9,34,34,34.0,-0.2223244100539511,0.09946307892702064,0.9591836734693877,0.9928571428571429,9,25,0.04004234294502103,0.001,augmented_r2
epoch,9,35,35,35.0,-0.21666589748904627,0.498319868652188,0.8989795918367347,0.9826530612244898,10,25,0.04004234294502103,0.001,augmented_r2
epoch,9,36,36,36.0,-0.15370076082522924,0.6962960540031901,0.8663265306122448,0.9734693877551021,11,25,0.04004234294502103,0.0005,augmented_r2
epoch,9,37,37,37.0,-0.2088009673337878,-0.03834349719845519,0.9714285714285714,0.9938775510204082,0,37,-0.03834349719845519,0.0005,augmented_r2
epoch,9,38,38,38.0,-0.24087831731923717,-0.0947356652240364,0.976530612244898,0.9938775510204082,0,38,-0.0947356652240364,0.0005,augmented_r2
epoch,9,39,39,39.0,-0.24500777166927037,0.00993154730115618,0.9612244897959183,0.9959183673469387,1,38,-0.0947356652240364,0.0005,augmented_r2
epoch,9,40,40,40.0,-0.2463172167183047,-0.09908494997997673,0.9775510204081632,0.996938775510204,0,40,-0.09908494997997673,0.0005,augmented_r2
epoch,9,41,41,41.0,-0.24755394180488197,-0.09758014387013961,0.9795918367346939,0.9938775510204082,1,40,-0.09908494997997673,0.0005,augmented_r2
epoch,9,42,42,42.0,-0.24689298210736785,-0.08368159751502835,0.976530612244898,0.9959183673469387,2,40,-0.09908494997997673,0.0005,augmented_r2
epoch,9,43,43,43.0,-0.24793679859605516,-0.0903043187394434,0.9755102040816327,0.9959183673469387,3,40,-0.09908494997997673,0.0005,augmented_r2
epoch,9,44,44,44.0,-0.24914617843867254,-0.0812355206937206,0.976530612244898,0.9959183673469387,4,40,-0.09908494997997673,0.0005,augmented_r2
epoch,9,45,45,45.0,-0.2479903878503337,-0.04032700353739213,0.9673469387755103,0.9959183673469387,5,40,-0.09908494997997673,0.0005,augmented_r2
epoch,9,46,46,46.0,-0.24710183793057636,-0.0656593488187206,0.9714285714285714,0.9948979591836735,6,40,-0.09908494997997673,0.0005,augmented_r2
epoch,9,47,47,47.0,-0.24827743574937788,-0.06469688950752725,0.9704081632653061,0.9938775510204082,7,40,-0.09908494997997673,0.0005,augmented_r2
epoch,9,48,48,48.0,-0.24916248593554402,-0.0378273496822435,0.9714285714285714,0.9938775510204082,8,40,-0.09908494997997673,0.0005,augmented_r2
epoch,9,49,49,49.0,-0.24792209273703703,0.005008858077380122,0.9612244897959183,0.9959183673469387,9,40,-0.09908494997997673,0.0005,augmented_r2
epoch,9,50,50,50.0,-0.2493022477310254,-0.07320775401835539,0.9755102040816327,0.9938775510204082,10,40,-0.09908494997997673,0.0005,augmented_r2
epoch,9,51,51,51.0,-0.24862467981755368,-0.008808890654116261,0.9653061224489796,0.9908163265306122,11,40,-0.09908494997997673,0.00025,augmented_r2
epoch,9,52,52,52.0,-0.2511536590309299,-0.06312138401732152,0.9734693877551021,0.9918367346938776,12,40,-0.09908494997997673,0.00025,augmented_r2
epoch,9,53,53,53.0,-0.252699766591787,-0.052048894823813925,0.9663265306122449,0.9959183673469387,13,40,-0.09908494997997673,0.00025,augmented_r2
epoch,9,54,54,54.0,-0.2536816816828082,-0.06332581821753054,0.9724489795918367,0.9959183673469387,14,40,-0.09908494997997673,0.00025,augmented_r2
epoch,9,55,55,55.0,-0.2532658369296975,-0.09988692147391183,0.9775510204081632,0.9959183673469387,0,55,-0.09988692147391183,0.00025,augmented_r2
epoch,9,56,56,56.0,-0.2519052208496107,-0.09875385420663016,0.9724489795918367,0.9959183673469387,1,55,-0.09988692147391183,0.00025,augmented_r2
epoch,9,57,57,57.0,-0.25395373557864104,-0.07089987579657107,0.9724489795918367,0.9948979591836735,2,55,-0.09988692147391183,0.00025,augmented_r2
epoch,9,58,58,58.0,-0.2535272355952067,-0.08518260741720395,0.9734693877551021,0.9948979591836735,3,55,-0.09988692147391183,0.00025,augmented_r2
epoch,9,59,59,59.0,-0.25277289465561115,-0.052947592248721996,0.9683673469387755,0.9928571428571429,4,55,-0.09988692147391183,0.00025,augmented_r2
epoch,9,60,60,60.0,-0.25316511403724684,-0.05875087611529292,0.9704081632653061,0.9948979591836735,5,55,-0.09988692147391183,0.00025,augmented_r2
epoch,9,61,61,61.0,-0.2528067669125455,-0.02951969321893186,0.9653061224489796,0.9938775510204082,6,55,-0.09988692147391183,0.00025,augmented_r2
epoch,9,62,62,62.0,-0.2523110384561245,-0.08403873589574075,0.976530612244898,0.9959183673469387,7,55,-0.09988692147391183,0.00025,augmented_r2
epoch,9,63,63,63.0,-0.25353424946351133,-0.07304289243659194,0.9673469387755103,0.9959183673469387,8,55,-0.09988692147391183,0.00025,augmented_r2
epoch,9,64,64,64.0,-0.2528541339428181,-0.05662508497432787,0.9714285714285714,0.9948979591836735,9,55,-0.09988692147391183,0.00025,augmented_r2
epoch,9,65,65,65.0,-0.2529938699623778,-0.06677705609068578,0.9683673469387755,0.9959183673469387,10,55,-0.09988692147391183,0.00025,augmented_r2
epoch,9,66,66,66.0,-0.2527014393134405,-0.06814252843662184,0.9704081632653061,0.9948979591836735,11,55,-0.09988692147391183,0.000125,augmented_r2
epoch,9,67,67,67.0,-0.25475289771533893,-0.07148121911652235,0.9693877551020408,0.9948979591836735,12,55,-0.09988692147391183,0.000125,augmented_r2
epoch,9,68,68,68.0,-0.2551450277160965,-0.05538917804250912,0.9673469387755103,0.9959183673469387,13,55,-0.09988692147391183,0.000125,augmented_r2
epoch,9,69,69,69.0,-0.2557539149557915,-0.09948704680617974,0.9724489795918367,0.9959183673469387,14,55,-0.09988692147391183,0.000125,augmented_r2
epoch,9,70,70,70.0,-0.2552376866236281,-0.08629796456317512,0.9714285714285714,0.9948979591836735,15,55,-0.09988692147391183,0.000125,augmented_r2
epoch,9,71,71,71.0,-0.2554133638265636,-0.07690822932184958,0.9714285714285714,0.9959183673469387,16,55,-0.09988692147391183,0.000125,augmented_r2
epoch,9,72,72,72.0,-0.2551500069562847,-0.08517072930627939,0.9734693877551021,0.9948979591836735,17,55,-0.09988692147391183,0.000125,augmented_r2
epoch,9,73,73,73.0,-0.2552897110603139,-0.08186432877365424,0.9714285714285714,0.9959183673469387,18,55,-0.09988692147391183,0.000125,augmented_r2
epoch,9,74,74,74.0,-0.25415621186123666,-0.06581424547701466,0.9734693877551021,0.9959183673469387,19,55,-0.09988692147391183,0.000125,augmented_r2
epoch,9,75,75,75.0,-0.2550626342172069,-0.08645122537807542,0.9704081632653061,0.9959183673469387,20,55,-0.09988692147391183,0.000125,augmented_r2
epoch,9,76,76,76.0,-0.25551816234096064,-0.08017755284601329,0.9734693877551021,0.9938775510204082,21,55,-0.09988692147391183,0.000125,augmented_r2
epoch,9,77,77,77.0,-0.25407848775230274,-0.06008383741184157,0.9663265306122449,0.9948979591836735,22,55,-0.09988692147391183,6.25e-05,augmented_r2
epoch,9,78,78,78.0,-0.2558474736203944,-0.0950648375919887,0.9704081632653061,0.9959183673469387,23,55,-0.09988692147391183,6.25e-05,augmented_r2
epoch,9,79,79,79.0,-0.2560469995687333,-0.07586343872303865,0.9724489795918367,0.9938775510204082,24,55,-0.09988692147391183,6.25e-05,augmented_r2
epoch,9,80,80,80.0,-0.25658003538455637,-0.08771950371411381,0.9704081632653061,0.9938775510204082,25,55,-0.09988692147391183,6.25e-05,augmented_r2
epoch,9,81,81,81.0,-0.2565329718735881,-0.09149409800159689,0.9734693877551021,0.9938775510204082,26,55,-0.09988692147391183,6.25e-05,augmented_r2
epoch,9,82,82,82.0,-0.2566563648108946,-0.06688165761986557,0.9704081632653061,0.9948979591836735,27,55,-0.09988692147391183,6.25e-05,augmented_r2
epoch,9,83,83,83.0,-0.2564908276329174,-0.07364032511808434,0.9693877551020408,0.9948979591836735,28,55,-0.09988692147391183,6.25e-05,augmented_r2
epoch,9,84,84,84.0,-0.2559472277417001,-0.0928296760636933,0.976530612244898,0.9948979591836735,29,55,-0.09988692147391183,6.25e-05,augmented_r2
epoch,9,85,85,85.0,-0.2562172913085207,-0.0747659225853122,0.9704081632653061,0.9959183673469387,30,55,-0.09988692147391183,6.25e-05,augmented_r2
