source,seed,epoch,step,real_epoch,tr_loss,vl_loss,vl_tumour,vl_plane,patience_counter,best_epoch,best_val_loss,learning_rate,experiment
epoch,0,1,1,1.0,1.7621480007362107,1.942985670907157,0.5336734693877551,0.6071428571428571,0,1,1.942985670907157,0.001,augmented_r1
epoch,0,2,2,2.0,1.0987204487519648,2.607126697228879,0.4489795918367347,0.6428571428571429,1,1,1.942985670907157,0.001,augmented_r1
epoch,0,3,3,3.0,0.8824010717560365,1.4819768988356299,0.6030612244897959,0.9316326530612244,0,3,1.4819768988356299,0.001,augmented_r1
epoch,0,4,4,4.0,0.7528448021796093,1.1677591557405433,0.8040816326530612,0.9163265306122449,0,4,1.1677591557405433,0.001,augmented_r1
epoch,0,5,5,5.0,0.6854360280283678,1.9453719820295061,0.6622448979591836,0.6887755102040817,1,4,1.1677591557405433,0.001,augmented_r1
epoch,0,6,6,6.0,0.5799843656762427,1.791881731578282,0.5275510204081633,0.9387755102040817,2,4,1.1677591557405433,0.001,augmented_r1
epoch,0,7,7,7.0,0.5167959523211811,1.1476438935922118,0.7295918367346939,0.9081632653061225,0,7,1.1476438935922118,0.001,augmented_r1
epoch,0,8,8,8.0,0.46195939605310726,1.1499369922949343,0.7204081632653061,0.9836734693877551,1,7,1.1476438935922118,0.001,augmented_r1
epoch,0,9,9,9.0,0.4214273532087349,1.7185522410334373,0.7948979591836735,0.6928571428571428,2,7,1.1476438935922118,0.001,augmented_r1
epoch,0,10,10,10.0,0.35694471627974367,0.6529882645120426,0.8877551020408163,0.9673469387755103,0,10,0.6529882645120426,0.001,augmented_r1
epoch,0,11,11,11.0,0.3019606461456782,0.6515016173829837,0.860204081632653,0.9836734693877551,0,11,0.6515016173829837,0.001,augmented_r1
epoch,0,12,12,12.0,0.2923441220293032,0.7250122296566865,0.8714285714285714,0.9224489795918367,1,11,0.6515016173829837,0.001,augmented_r1
epoch,0,13,13,13.0,0.26270314140640166,0.8711749018455038,0.8183673469387756,0.9316326530612244,2,11,0.6515016173829837,0.001,augmented_r1
epoch,0,14,14,14.0,0.19576112725114583,1.8439338124528224,0.536734693877551,0.9693877551020408,3,11,0.6515016173829837,0.001,augmented_r1
epoch,0,15,15,15.0,0.17960630786781467,0.5613294696321293,0.8591836734693877,0.9806122448979592,0,15,0.5613294696321293,0.001,augmented_r1
epoch,0,16,16,16.0,0.14810739919590615,1.9635265155714385,0.5693877551020409,0.9795918367346939,1,15,0.5613294696321293,0.001,augmented_r1
epoch,0,17,17,17.0,0.1135528481553156,0.9948964469286861,0.7836734693877551,0.9806122448979592,2,15,0.5613294696321293,0.001,augmented_r1
epoch,0,18,18,18.0,0.0817022134215519,0.2009115683789156,0.9561224489795919,0.9897959183673469,0,18,0.2009115683789156,0.001,augmented_r1
epoch,0,19,19,19.0,0.02975257372131036,0.8052219996646959,0.7989795918367347,0.9663265306122449,1,18,0.2009115683789156,0.001,augmented_r1
epoch,0,20,20,20.0,-0.006117655589155214,0.8886995215805209,0.8153061224489796,0.9193877551020408,2,18,0.2009115683789156,0.001,augmented_r1
epoch,0,21,21,21.0,0.04419720473205074,2.1633671877335527,0.7418367346938776,0.6234693877551021,3,18,0.2009115683789156,0.001,augmented_r1
epoch,0,22,22,22.0,0.04281059869354117,2.8772072110857283,0.5551020408163265,0.7836734693877551,4,18,0.2009115683789156,0.001,augmented_r1
epoch,0,23,23,23.0,0.009829904131601466,1.33490039183169,0.6285714285714286,0.9571428571428572,5,18,0.2009115683789156,0.001,augmented_r1
epoch,0,24,24,24.0,-0.03733758286784791,2.052873719468409,0.7244897959183674,0.8397959183673469,6,18,0.2009115683789156,0.001,augmented_r1
epoch,0,25,25,25.0,-0.052995378084741175,0.3603073232027949,0.9193877551020408,0.9724489795918367,7,18,0.2009115683789156,0.001,augmented_r1
epoch,0,26,26,26.0,-0.08889270277928073,0.2524257745061602,0.9285714285714286,0.9775510204081632,8,18,0.2009115683789156,0.001,augmented_r1
epoch,0,27,27,27.0,-0.07391224760279783,0.6617233658323483,0.8887755102040816,0.926530612244898,9,18,0.2009115683789156,0.001,augmented_r1
epoch,0,28,28,28.0,-0.08390988740280332,1.2485083190762267,0.7040816326530612,0.986734693877551,10,18,0.2009115683789156,0.001,augmented_r1
epoch,0,29,29,29.0,-0.12275241936979324,1.709374342159349,0.6204081632653061,0.9857142857142858,11,18,0.2009115683789156,0.0005,augmented_r1
epoch,0,30,30,30.0,-0.15791091013106226,-0.0267416280143115,0.9744897959183674,0.9938775510204082,0,30,-0.0267416280143115,0.0005,augmented_r1
epoch,0,31,31,31.0,-0.17318801943735268,0.04555651995600486,0.9540816326530612,0.9928571428571429,1,30,-0.0267416280143115,0.0005,augmented_r1
epoch,0,32,32,32.0,-0.17984170146384565,-0.07182144388860585,0.986734693877551,0.9928571428571429,0,32,-0.07182144388860585,0.0005,augmented_r1
epoch,0,33,33,33.0,-0.18483537446354067,-0.05671583243778774,0.9846938775510204,0.9928571428571429,1,32,-0.07182144388860585,0.0005,augmented_r1
epoch,0,34,34,34.0,-0.18862522462796363,-0.07740645773556767,0.9877551020408163,0.9908163265306122,0,34,-0.07740645773556767,0.0005,augmented_r1
epoch,0,35,35,35.0,-0.19351921901884697,-0.07041851379433457,0.9857142857142858,0.9918367346938776,1,34,-0.07740645773556767,0.0005,augmented_r1
epoch,0,36,36,36.0,-0.19761801445099964,-0.05040058943690086,0.9836734693877551,0.9897959183673469,2,34,-0.07740645773556767,0.0005,augmented_r1
epoch,0,37,37,37.0,-0.19993988506046145,-0.0031659398760114396,0.9755102040816327,0.9877551020408163,3,34,-0.07740645773556767,0.0005,augmented_r1
epoch,0,38,38,38.0,-0.2006012353094069,-0.043618900435311456,0.9755102040816327,0.9928571428571429,4,34,-0.07740645773556767,0.0005,augmented_r1
epoch,0,39,39,39.0,-0.20720006155523993,0.09562372918031653,0.9489795918367347,0.9928571428571429,5,34,-0.07740645773556767,0.0005,augmented_r1
epoch,0,40,40,40.0,-0.20776968350261113,0.468362647173356,0.9846938775510204,0.8846938775510204,6,34,-0.07740645773556767,0.0005,augmented_r1
epoch,0,41,41,41.0,-0.210559424789072,0.012149686229472257,0.9673469387755103,0.9908163265306122,7,34,-0.07740645773556767,0.0005,augmented_r1
epoch,0,42,42,42.0,-0.21306830815061134,-0.03035656481373067,0.9816326530612245,0.9877551020408163,8,34,-0.07740645773556767,0.0005,augmented_r1
epoch,0,43,43,43.0,-0.21443815649069822,-0.012127276829310826,0.9642857142857143,0.9908163265306122,9,34,-0.07740645773556767,0.0005,augmented_r1
epoch,0,44,44,44.0,-0.14767845365279272,1.2692590640515697,0.7510204081632653,0.9663265306122449,10,34,-0.07740645773556767,0.0005,augmented_r1
epoch,0,45,45,45.0,-0.15168303535355798,1.411829584958602,0.8979591836734694,0.8122448979591836,11,34,-0.07740645773556767,0.00025,augmented_r1
epoch,0,46,46,46.0,-0.20189271284892132,0.12939247160541767,0.9224489795918367,0.9908163265306122,12,34,-0.07740645773556767,0.00025,augmented_r1
epoch,0,47,47,47.0,-0.22143034963677052,-0.07053596778791778,0.9785714285714285,0.9918367346938776,13,34,-0.07740645773556767,0.00025,augmented_r1
epoch,0,48,48,48.0,-0.22645283922302795,-0.09316791368990528,0.9744897959183674,0.9928571428571429,0,48,-0.09316791368990528,0.00025,augmented_r1
epoch,0,49,49,49.0,-0.22534761318444016,-0.08672377844246067,0.9785714285714285,0.9928571428571429,1,48,-0.09316791368990528,0.00025,augmented_r1
epoch,0,50,50,50.0,-0.22891898873281977,-0.06480098038303608,0.9755102040816327,0.9928571428571429,2,48,-0.09316791368990528,0.00025,augmented_r1
epoch,0,51,51,51.0,-0.23179082249815877,-0.09733480725969587,0.9816326530612245,0.9928571428571429,0,51,-0.09733480725969587,0.00025,augmented_r1
epoch,0,52,52,52.0,-0.23219713551100957,-0.09435114057696596,0.9755102040816327,0.9928571428571429,1,51,-0.09733480725969587,0.00025,augmented_r1
epoch,0,53,53,53.0,-0.23323434696812226,-0.04174096511334789,0.9704081632653061,0.9928571428571429,2,51,-0.09733480725969587,0.00025,augmented_r1
epoch,0,54,54,54.0,-0.23453744005410174,-0.0980125008797159,0.9775510204081632,0.9928571428571429,0,54,-0.0980125008797159,0.00025,augmented_r1
epoch,0,55,55,55.0,-0.2336949951476635,-0.08928936865864968,0.9775510204081632,0.9928571428571429,1,54,-0.0980125008797159,0.00025,augmented_r1
epoch,0,56,56,56.0,-0.23624735902884955,-0.09190183415704845,0.9755102040816327,0.9938775510204082,2,54,-0.0980125008797159,0.00025,augmented_r1
epoch,0,57,57,57.0,-0.23733672070817086,-0.05800878612362609,0.9744897959183674,0.9908163265306122,3,54,-0.0980125008797159,0.00025,augmented_r1
epoch,0,58,58,58.0,-0.23608111972652995,-0.10514258462555555,0.9816326530612245,0.9938775510204082,0,58,-0.10514258462555555,0.00025,augmented_r1
epoch,0,59,59,59.0,-0.23826316833712544,-0.0904652661206771,0.9775510204081632,0.9928571428571429,1,58,-0.10514258462555555,0.00025,augmented_r1
epoch,0,60,60,60.0,-0.23841767851136458,-0.09183117613500479,0.9785714285714285,0.9928571428571429,2,58,-0.10514258462555555,0.00025,augmented_r1
epoch,0,61,61,61.0,-0.2392069220651132,-0.10031432643228648,0.9795918367346939,0.9948979591836735,3,58,-0.10514258462555555,0.00025,augmented_r1
epoch,0,62,62,62.0,-0.23797123293090938,-0.09839000191007341,0.9816326530612245,0.9938775510204082,4,58,-0.10514258462555555,0.00025,augmented_r1
epoch,0,63,63,63.0,-0.24129180046736085,-0.09235925260855227,0.9816326530612245,0.9918367346938776,5,58,-0.10514258462555555,0.00025,augmented_r1
epoch,0,64,64,64.0,-0.2416493586935458,-0.09104667074826299,0.9795918367346939,0.9928571428571429,6,58,-0.10514258462555555,0.00025,augmented_r1
epoch,0,65,65,65.0,-0.23994225371820083,-0.09693087679999216,0.9785714285714285,0.9918367346938776,7,58,-0.10514258462555555,0.00025,augmented_r1
epoch,0,66,66,66.0,-0.24049257379848743,-0.10931646921196762,0.9795918367346939,0.9948979591836735,0,66,-0.10931646921196762,0.00025,augmented_r1
epoch,0,67,67,67.0,-0.24005922143479883,-0.009703301896854323,0.9642857142857143,0.9928571428571429,1,66,-0.10931646921196762,0.00025,augmented_r1
epoch,0,68,68,68.0,-0.24409381606283373,-0.10330835897095349,0.9826530612244898,0.9928571428571429,2,66,-0.10931646921196762,0.00025,augmented_r1
epoch,0,69,69,69.0,-0.24299075348616403,-0.08604193025705766,0.9795918367346939,0.9908163265306122,3,66,-0.10931646921196762,0.00025,augmented_r1
epoch,0,70,70,70.0,-0.2443414243091197,-0.055946740812184856,0.9755102040816327,0.9918367346938776,4,66,-0.10931646921196762,0.00025,augmented_r1
epoch,0,71,71,71.0,-0.16902742919411054,1.4525357134488164,0.813265306122449,0.9122448979591836,5,66,-0.10931646921196762,0.00025,augmented_r1
epoch,0,72,72,72.0,-0.15201192074237604,0.3230989597281631,0.9530612244897959,0.9438775510204082,6,66,-0.10931646921196762,0.00025,augmented_r1
epoch,0,73,73,73.0,-0.20599313608581674,0.07959988457815988,0.9561224489795919,0.9918367346938776,7,66,-0.10931646921196762,0.00025,augmented_r1
epoch,0,74,74,74.0,-0.23371257968128567,-0.04199765798996906,0.9724489795918367,0.9928571428571429,8,66,-0.10931646921196762,0.00025,augmented_r1
epoch,0,75,75,75.0,-0.23842778021348804,-0.05714496203831264,0.9714285714285714,0.9938775510204082,9,66,-0.10931646921196762,0.00025,augmented_r1
epoch,0,76,76,76.0,-0.23993262087167852,-0.09340112890516009,0.9795918367346939,0.9938775510204082,10,66,-0.10931646921196762,0.00025,augmented_r1
epoch,0,77,77,77.0,-0.24220231220065275,-0.041005408520601236,0.9683673469387755,0.9938775510204082,11,66,-0.10931646921196762,0.000125,augmented_r1
epoch,0,78,78,78.0,-0.24731924319559478,-0.11854061837099036,0.986734693877551,0.9928571428571429,0,78,-0.11854061837099036,0.000125,augmented_r1
epoch,0,79,79,79.0,-0.24843566459901648,-0.10821195475909175,0.9836734693877551,0.9928571428571429,1,78,-0.11854061837099036,0.000125,augmented_r1
epoch,0,80,80,80.0,-0.2486292728769525,-0.10212898351708237,0.9816326530612245,0.9918367346938776,2,78,-0.11854061837099036,0.000125,augmented_r1
epoch,0,81,81,81.0,-0.24886909071770355,-0.1129982344958247,0.9806122448979592,0.9928571428571429,3,78,-0.11854061837099036,0.000125,augmented_r1
epoch,0,82,82,82.0,-0.2481921440463038,-0.1102377395240628,0.9806122448979592,0.9928571428571429,4,78,-0.11854061837099036,0.000125,augmented_r1
epoch,0,83,83,83.0,-0.24891218685097333,-0.11007622261436618,0.9816326530612245,0.9928571428571429,5,78,-0.11854061837099036,0.000125,augmented_r1
epoch,0,84,84,84.0,-0.24947045342358362,-0.11684928767535151,0.9846938775510204,0.9928571428571429,6,78,-0.11854061837099036,0.000125,augmented_r1
epoch,0,85,85,85.0,-0.24963603577611665,-0.11277015695766526,0.9826530612244898,0.9938775510204082,7,78,-0.11854061837099036,0.000125,augmented_r1
epoch,0,86,86,86.0,-0.24943236951875622,-0.11224340078782062,0.9826530612244898,0.9938775510204082,8,78,-0.11854061837099036,0.000125,augmented_r1
epoch,0,87,87,87.0,-0.24917576405550748,-0.10327848025730678,0.9785714285714285,0.9938775510204082,9,78,-0.11854061837099036,0.000125,augmented_r1
epoch,0,88,88,88.0,-0.24972513443872812,-0.12174088760298125,0.9846938775510204,0.9948979591836735,0,88,-0.12174088760298125,0.000125,augmented_r1
epoch,0,89,89,89.0,-0.24990213076959022,-0.11862277498050612,0.986734693877551,0.9928571428571429,1,88,-0.12174088760298125,0.000125,augmented_r1
epoch,0,90,90,90.0,-0.24945877892182083,-0.09880752466162857,0.9806122448979592,0.9938775510204082,2,88,-0.12174088760298125,0.000125,augmented_r1
epoch,0,91,91,91.0,-0.24882399464973903,-0.1142554234485237,0.9846938775510204,0.9928571428571429,3,88,-0.12174088760298125,0.000125,augmented_r1
epoch,0,92,92,92.0,-0.25002741556626473,-0.09339614595685686,0.9785714285714285,0.9938775510204082,4,88,-0.12174088760298125,0.000125,augmented_r1
epoch,0,93,93,93.0,-0.24961360597740342,-0.11215519807776626,0.9816326530612245,0.9938775510204082,5,88,-0.12174088760298125,0.000125,augmented_r1
epoch,0,94,94,94.0,-0.2505256293093785,-0.10380569769411671,0.9775510204081632,0.9938775510204082,6,88,-0.12174088760298125,0.000125,augmented_r1
epoch,0,95,95,95.0,-0.251356141733896,-0.1022078514099121,0.9795918367346939,0.9938775510204082,7,88,-0.12174088760298125,0.000125,augmented_r1
epoch,0,96,96,96.0,-0.2507444743237818,-0.10903919035074662,0.9775510204081632,0.9938775510204082,8,88,-0.12174088760298125,0.000125,augmented_r1
epoch,0,97,97,97.0,-0.25126868832722826,-0.10787728708617542,0.9826530612244898,0.9938775510204082,9,88,-0.12174088760298125,0.000125,augmented_r1
epoch,0,98,98,98.0,-0.2505159588007293,-0.1164823089327131,0.9836734693877551,0.9938775510204082,10,88,-0.12174088760298125,0.000125,augmented_r1
epoch,0,99,99,99.0,-0.25031544939799577,-0.11402169684974514,0.9846938775510204,0.9938775510204082,11,88,-0.12174088760298125,6.25e-05,augmented_r1
epoch,0,100,100,100.0,-0.2522602466578057,-0.11376693151435073,0.9826530612244898,0.9938775510204082,12,88,-0.12174088760298125,6.25e-05,augmented_r1
epoch,0,101,101,101.0,-0.2528060749883388,-0.12248191298270712,0.9857142857142858,0.9948979591836735,0,101,-0.12248191298270712,6.25e-05,augmented_r1
epoch,0,102,102,102.0,-0.2527161875043844,-0.11782251864063496,0.9836734693877551,0.9938775510204082,1,101,-0.12248191298270712,6.25e-05,augmented_r1
epoch,0,103,103,103.0,-0.2528159069408896,-0.11284179444215736,0.9795918367346939,0.9948979591836735,2,101,-0.12248191298270712,6.25e-05,augmented_r1
epoch,0,104,104,104.0,-0.2527828739547643,-0.11638340366129972,0.9826530612244898,0.9948979591836735,3,101,-0.12248191298270712,6.25e-05,augmented_r1
epoch,0,105,105,105.0,-0.2530508631475936,-0.12008838507593894,0.9857142857142858,0.9938775510204082,4,101,-0.12248191298270712,6.25e-05,augmented_r1
epoch,0,106,106,106.0,-0.25239871552571674,-0.11479262186556446,0.9846938775510204,0.9938775510204082,5,101,-0.12248191298270712,6.25e-05,augmented_r1
epoch,0,107,107,107.0,-0.2530597537634214,-0.10495858143786994,0.9806122448979592,0.9938775510204082,6,101,-0.12248191298270712,6.25e-05,augmented_r1
epoch,0,108,108,108.0,-0.25287931667800606,-0.101422212075214,0.9816326530612245,0.9938775510204082,7,101,-0.12248191298270712,6.25e-05,augmented_r1
epoch,0,109,109,109.0,-0.25288343881402725,-0.11797125436821762,0.9826530612244898,0.9948979591836735,8,101,-0.12248191298270712,6.25e-05,augmented_r1
epoch,0,110,110,110.0,-0.25320149139009496,-0.1205515126792752,0.9836734693877551,0.9948979591836735,9,101,-0.12248191298270712,6.25e-05,augmented_r1
epoch,0,111,111,111.0,-0.2525495581880137,-0.11588320634802994,0.9836734693877551,0.9928571428571429,10,101,-0.12248191298270712,6.25e-05,augmented_r1
epoch,0,112,112,112.0,-0.2522379272751412,-0.12255532109007543,0.9836734693877551,0.9938775510204082,0,112,-0.12255532109007543,6.25e-05,augmented_r1
epoch,0,113,113,113.0,-0.25192563153914954,-0.10433541852600721,0.9806122448979592,0.9948979591836735,1,112,-0.12255532109007543,6.25e-05,augmented_r1
epoch,0,114,114,114.0,-0.25329559814156155,-0.12072385038648333,0.986734693877551,0.9938775510204082,2,112,-0.12255532109007543,6.25e-05,augmented_r1
epoch,0,115,115,115.0,-0.2538312305605417,-0.11470705684350462,0.9836734693877551,0.9938775510204082,3,112,-0.12255532109007543,6.25e-05,augmented_r1
epoch,0,116,116,116.0,-0.25306189823193925,-0.09864760758925457,0.9785714285714285,0.9938775510204082,4,112,-0.12255532109007543,6.25e-05,augmented_r1
epoch,0,117,117,117.0,-0.25327473995201816,-0.12212087816121626,0.9846938775510204,0.9938775510204082,5,112,-0.12255532109007543,6.25e-05,augmented_r1
epoch,0,118,118,118.0,-0.2530230841634493,-0.12020023452992341,0.9836734693877551,0.9948979591836735,6,112,-0.12255532109007543,6.25e-05,augmented_r1
epoch,0,119,119,119.0,-0.2524234897106602,-0.09719315499675517,0.9806122448979592,0.9948979591836735,7,112,-0.12255532109007543,6.25e-05,augmented_r1
epoch,0,120,120,120.0,-0.25355430086038894,-0.10215237724537753,0.9816326530612245,0.9938775510204082,8,112,-0.12255532109007543,6.25e-05,augmented_r1
epoch,0,121,121,121.0,-0.25330762345304936,-0.1017595218152416,0.9775510204081632,0.9948979591836735,9,112,-0.12255532109007543,6.25e-05,augmented_r1
epoch,0,122,122,122.0,-0.253705299447138,-0.11290190171222297,0.9826530612244898,0.9948979591836735,10,112,-0.12255532109007543,6.25e-05,augmented_r1
epoch,0,123,123,123.0,-0.25370691126171047,-0.1132148046882785,0.9816326530612245,0.9948979591836735,11,112,-0.12255532109007543,3.125e-05,augmented_r1
epoch,0,124,124,124.0,-0.25428490532131776,-0.12175482049280284,0.9846938775510204,0.9938775510204082,12,112,-0.12255532109007543,3.125e-05,augmented_r1
epoch,0,125,125,125.0,-0.25424719546742724,-0.11451748779841832,0.9857142857142858,0.9938775510204082,13,112,-0.12255532109007543,3.125e-05,augmented_r1
epoch,0,126,126,126.0,-0.25431418329599065,-0.11765938340401164,0.9836734693877551,0.9938775510204082,14,112,-0.12255532109007543,3.125e-05,augmented_r1
epoch,0,127,127,127.0,-0.25452198724664454,-0.11645623907750967,0.9826530612244898,0.9948979591836735,15,112,-0.12255532109007543,3.125e-05,augmented_r1
epoch,0,128,128,128.0,-0.25480577486296213,-0.12187946037370331,0.9826530612244898,0.9948979591836735,16,112,-0.12255532109007543,3.125e-05,augmented_r1
epoch,0,129,129,129.0,-0.2546988849579287,-0.11588172134088011,0.9826530612244898,0.9948979591836735,17,112,-0.12255532109007543,3.125e-05,augmented_r1
epoch,0,130,130,130.0,-0.2543751131768558,-0.12070441148719009,0.9836734693877551,0.9948979591836735,18,112,-0.12255532109007543,3.125e-05,augmented_r1
epoch,0,131,131,131.0,-0.25398599276259115,-0.11752156822048888,0.9816326530612245,0.9938775510204082,19,112,-0.12255532109007543,3.125e-05,augmented_r1
epoch,0,132,132,132.0,-0.2543586944105189,-0.11570971012115479,0.9836734693877551,0.9938775510204082,20,112,-0.12255532109007543,3.125e-05,augmented_r1
epoch,0,133,133,133.0,-0.2543515359819666,-0.11754602072190265,0.9846938775510204,0.9938775510204082,21,112,-0.12255532109007543,3.125e-05,augmented_r1
epoch,0,134,134,134.0,-0.2545330975470194,-0.11232612376310387,0.9836734693877551,0.9938775510204082,22,112,-0.12255532109007543,1.5625e-05,augmented_r1
epoch,0,135,135,135.0,-0.2544709023593828,-0.11716145350008594,0.9836734693877551,0.9938775510204082,23,112,-0.12255532109007543,1.5625e-05,augmented_r1
epoch,0,136,136,136.0,-0.2549866649761451,-0.1124929243204545,0.9816326530612245,0.9938775510204082,24,112,-0.12255532109007543,1.5625e-05,augmented_r1
epoch,0,137,137,137.0,-0.25509485979811797,-0.12364355350027278,0.9836734693877551,0.9938775510204082,0,137,-0.12364355350027278,1.5625e-05,augmented_r1
epoch,0,138,138,138.0,-0.2542218550248304,-0.11897270241562201,0.9846938775510204,0.9938775510204082,1,137,-0.12364355350027278,1.5625e-05,augmented_r1
epoch,0,139,139,139.0,-0.25458504487534195,-0.11415587006782998,0.9816326530612245,0.9948979591836735,2,137,-0.12364355350027278,1.5625e-05,augmented_r1
epoch,0,140,140,140.0,-0.2550714252701793,-0.1163237815000573,0.9826530612244898,0.9938775510204082,3,137,-0.12364355350027278,1.5625e-05,augmented_r1
epoch,0,141,141,141.0,-0.25461118222906326,-0.1196986840695751,0.9836734693877551,0.9938775510204082,4,137,-0.12364355350027278,1.5625e-05,augmented_r1
epoch,0,142,142,142.0,-0.2548494710740424,-0.11831380055875194,0.9816326530612245,0.9948979591836735,5,137,-0.12364355350027278,1.5625e-05,augmented_r1
epoch,0,143,143,143.0,-0.2549624697652341,-0.11173345750691939,0.9816326530612245,0.9948979591836735,6,137,-0.12364355350027278,1.5625e-05,augmented_r1
epoch,0,144,144,144.0,-0.25482061468791917,-0.11902188573564802,0.9846938775510204,0.9948979591836735,7,137,-0.12364355350027278,1.5625e-05,augmented_r1
epoch,0,145,145,145.0,-0.25545048451239666,-0.11698813292444969,0.9816326530612245,0.9948979591836735,8,137,-0.12364355350027278,1.5625e-05,augmented_r1
epoch,0,146,146,146.0,-0.2554176197071482,-0.11359388098424794,0.9836734693877551,0.9938775510204082,9,137,-0.12364355350027278,1.5625e-05,augmented_r1
epoch,0,147,147,147.0,-0.25494976794238094,-0.11830625825998735,0.9826530612244898,0.9948979591836735,10,137,-0.12364355350027278,1.5625e-05,augmented_r1
epoch,0,148,148,148.0,-0.2549790955921005,-0.11392305140592614,0.9816326530612245,0.9948979591836735,11,137,-0.12364355350027278,7.8125e-06,augmented_r1
epoch,0,149,149,149.0,-0.2554474597998873,-0.1149627602830225,0.9816326530612245,0.9938775510204082,12,137,-0.12364355350027278,7.8125e-06,augmented_r1
epoch,0,150,150,150.0,-0.2557040836883576,-0.11944651117130202,0.9826530612244898,0.9948979591836735,13,137,-0.12364355350027278,7.8125e-06,augmented_r1
epoch,0,151,151,151.0,-0.2550360300678369,-0.1207459950933651,0.9826530612244898,0.9938775510204082,14,137,-0.12364355350027278,7.8125e-06,augmented_r1
epoch,0,152,152,152.0,-0.2553901250287721,-0.12483375996959453,0.9846938775510204,0.9948979591836735,0,152,-0.12483375996959453,7.8125e-06,augmented_r1
epoch,0,153,153,153.0,-0.2555827039564083,-0.11985202906083088,0.9806122448979592,0.9938775510204082,1,152,-0.12483375996959453,7.8125e-06,augmented_r1
epoch,0,154,154,154.0,-0.2550460551199564,-0.1186706898163776,0.9806122448979592,0.9948979591836735,2,152,-0.12483375996959453,7.8125e-06,augmented_r1
epoch,0,155,155,155.0,-0.255079256990418,-0.12148165313565001,0.9826530612244898,0.9948979591836735,3,152,-0.12483375996959453,7.8125e-06,augmented_r1
epoch,0,156,156,156.0,-0.2551261490440022,-0.12174099464805758,0.9826530612244898,0.9948979591836735,4,152,-0.12483375996959453,7.8125e-06,augmented_r1
epoch,0,157,157,157.0,-0.2555035571320404,-0.1217203291095033,0.9816326530612245,0.9948979591836735,5,152,-0.12483375996959453,7.8125e-06,augmented_r1
epoch,0,158,158,158.0,-0.25524643527557783,-0.11896575032448282,0.9836734693877551,0.9938775510204082,6,152,-0.12483375996959453,7.8125e-06,augmented_r1
epoch,0,159,159,159.0,-0.25537082570496333,-0.11810998576028006,0.9846938775510204,0.9938775510204082,7,152,-0.12483375996959453,7.8125e-06,augmented_r1
epoch,0,160,160,160.0,-0.25537255702644274,-0.11924146194847263,0.9816326530612245,0.9938775510204082,8,152,-0.12483375996959453,7.8125e-06,augmented_r1
epoch,0,161,161,161.0,-0.25556843011854347,-0.11894173427503936,0.9846938775510204,0.9938775510204082,9,152,-0.12483375996959453,7.8125e-06,augmented_r1
epoch,0,162,162,162.0,-0.25598452527361787,-0.11655520516998914,0.9816326530612245,0.9938775510204082,10,152,-0.12483375996959453,7.8125e-06,augmented_r1
epoch,0,163,163,163.0,-0.2555379232275881,-0.11908756518850522,0.9816326530612245,0.9938775510204082,11,152,-0.12483375996959453,3.90625e-06,augmented_r1
epoch,0,164,164,164.0,-0.2555436945156352,-0.1220410697314204,0.9826530612244898,0.9938775510204082,12,152,-0.12483375996959453,3.90625e-06,augmented_r1
epoch,0,165,165,165.0,-0.255686171072156,-0.12032169468548833,0.9836734693877551,0.9938775510204082,13,152,-0.12483375996959453,3.90625e-06,augmented_r1
epoch,0,166,166,166.0,-0.2557719055490498,-0.1207449299948556,0.9836734693877551,0.9948979591836735,14,152,-0.12483375996959453,3.90625e-06,augmented_r1
epoch,0,167,167,167.0,-0.2559089984506355,-0.12062256920094393,0.9836734693877551,0.9948979591836735,15,152,-0.12483375996959453,3.90625e-06,augmented_r1
epoch,0,168,168,168.0,-0.25565734842502147,-0.11592230310245435,0.9816326530612245,0.9948979591836735,16,152,-0.12483375996959453,3.90625e-06,augmented_r1
epoch,0,169,169,169.0,-0.2553505260350214,-0.11873139264632245,0.9846938775510204,0.9948979591836735,17,152,-0.12483375996959453,3.90625e-06,augmented_r1
epoch,0,170,170,170.0,-0.25532517598749993,-0.12054827943140146,0.9836734693877551,0.9948979591836735,18,152,-0.12483375996959453,3.90625e-06,augmented_r1
epoch,0,171,171,171.0,-0.25540035267716044,-0.11919788000534992,0.9806122448979592,0.9948979591836735,19,152,-0.12483375996959453,3.90625e-06,augmented_r1
epoch,0,172,172,172.0,-0.2553112328837148,-0.12002453366104437,0.9826530612244898,0.9938775510204082,20,152,-0.12483375996959453,3.90625e-06,augmented_r1
epoch,0,173,173,173.0,-0.2557583745641704,-0.11904488047774957,0.9836734693877551,0.9948979591836735,21,152,-0.12483375996959453,3.90625e-06,augmented_r1
epoch,0,174,174,174.0,-0.25551497649453847,-0.12123256264900675,0.9836734693877551,0.9948979591836735,22,152,-0.12483375996959453,1.953125e-06,augmented_r1
epoch,0,175,175,175.0,-0.25601417667693677,-0.12054843707960479,0.9826530612244898,0.9948979591836735,23,152,-0.12483375996959453,1.953125e-06,augmented_r1
epoch,0,176,176,176.0,-0.25585832037927886,-0.12154582373949946,0.9826530612244898,0.9948979591836735,24,152,-0.12483375996959453,1.953125e-06,augmented_r1
epoch,0,177,177,177.0,-0.2558314744526832,-0.12051007066454206,0.9846938775510204,0.9948979591836735,25,152,-0.12483375996959453,1.953125e-06,augmented_r1
epoch,0,178,178,178.0,-0.25601423936597983,-0.12050030669387506,0.9816326530612245,0.9948979591836735,26,152,-0.12483375996959453,1.953125e-06,augmented_r1
epoch,0,179,179,179.0,-0.2557708547973546,-0.11907541751861572,0.9816326530612245,0.9938775510204082,27,152,-0.12483375996959453,1.953125e-06,augmented_r1
epoch,0,180,180,180.0,-0.25566534884020353,-0.12257967481807787,0.9836734693877551,0.9938775510204082,28,152,-0.12483375996959453,1.953125e-06,augmented_r1
epoch,0,181,181,181.0,-0.25604169446124414,-0.11770649929435886,0.9836734693877551,0.9938775510204082,29,152,-0.12483375996959453,1.953125e-06,augmented_r1
epoch,0,182,182,182.0,-0.2555064088747386,-0.120623779296875,0.9816326530612245,0.9948979591836735,30,152,-0.12483375996959453,1.953125e-06,augmented_r1
epoch,1,1,1,1.0,1.7114509470182497,2.1356213589103854,0.39081632653061227,0.7653061224489796,0,1,2.1356213589103854,0.001,augmented_r1
epoch,1,2,2,2.0,1.1386970166341857,2.2059732534447494,0.6071428571428571,0.5418367346938775,1,1,2.1356213589103854,0.001,augmented_r1
epoch,1,3,3,3.0,0.890203346001577,1.437434267511173,0.6479591836734694,0.8908163265306123,0,3,1.437434267511173,0.001,augmented_r1
epoch,1,4,4,4.0,0.7832126350117119,1.5369267303116467,0.7193877551020408,0.8010204081632653,1,3,1.437434267511173,0.001,augmented_r1
epoch,1,5,5,5.0,0.6619746221286082,1.3973876203809465,0.5897959183673469,0.9673469387755103,0,5,1.3973876203809465,0.001,augmented_r1
epoch,1,6,6,6.0,0.5713593945198042,0.7838503725674688,0.8836734693877552,0.9795918367346939,0,6,0.7838503725674688,0.001,augmented_r1
epoch,1,7,7,7.0,0.5069068653498029,1.352901654340783,0.6908163265306122,0.9540816326530612,1,6,0.7838503725674688,0.001,augmented_r1
epoch,1,8,8,8.0,0.46473283599681653,2.685464007513864,0.4459183673469388,0.9887755102040816,2,6,0.7838503725674688,0.001,augmented_r1
epoch,1,9,9,9.0,0.40135395649991357,1.2738924834193015,0.6602040816326531,0.923469387755102,3,6,0.7838503725674688,0.001,augmented_r1
epoch,1,10,10,10.0,0.36924338167600074,1.7757567152685048,0.5785714285714286,0.9714285714285714,4,6,0.7838503725674688,0.001,augmented_r1
epoch,1,11,11,11.0,0.29871755456902793,0.7923448426382882,0.8193877551020409,0.9775510204081632,5,6,0.7838503725674688,0.001,augmented_r1
epoch,1,12,12,12.0,0.25244273869654726,1.3522974009416542,0.7948979591836735,0.7959183673469388,6,6,0.7838503725674688,0.001,augmented_r1
epoch,1,13,13,13.0,0.2411106141572425,2.4397041885220276,0.6285714285714286,0.6030612244897959,7,6,0.7838503725674688,0.001,augmented_r1
epoch,1,14,14,14.0,0.19619919229138183,0.9268144079617091,0.9408163265306122,0.786734693877551,8,6,0.7838503725674688,0.001,augmented_r1
epoch,1,15,15,15.0,0.1480186069439175,1.6411851921860052,0.6693877551020408,0.9785714285714285,9,6,0.7838503725674688,0.001,augmented_r1
epoch,1,16,16,16.0,0.1425218136538931,0.4091417862444508,0.9316326530612244,0.9775510204081632,0,16,0.4091417862444508,0.001,augmented_r1
epoch,1,17,17,17.0,0.11850915756541601,1.6620822984345105,0.5877551020408164,0.9826530612244898,1,16,0.4091417862444508,0.001,augmented_r1
epoch,1,18,18,18.0,0.08889639599454224,0.9486344916479929,0.7673469387755102,0.9857142857142858,2,16,0.4091417862444508,0.001,augmented_r1
epoch,1,19,19,19.0,0.033200214410228614,0.48362529740041615,0.9081632653061225,0.9581632653061225,3,16,0.4091417862444508,0.001,augmented_r1
epoch,1,20,20,20.0,-0.009453074016519097,0.8861905983516148,0.7918367346938775,0.9561224489795919,4,16,0.4091417862444508,0.001,augmented_r1
epoch,1,21,21,21.0,-0.0064146149120599205,0.6536239733501357,0.8540816326530613,0.9704081632653061,5,16,0.4091417862444508,0.001,augmented_r1
epoch,1,22,22,22.0,-0.029526530749355184,2.22206895983949,0.513265306122449,0.9132653061224489,6,16,0.4091417862444508,0.001,augmented_r1
epoch,1,23,23,23.0,-0.03454878078067622,0.6979366433863737,0.7714285714285715,0.9928571428571429,7,16,0.4091417862444508,0.001,augmented_r1
epoch,1,24,24,24.0,-0.04833651276214849,0.41685450052728457,0.9520408163265306,0.9173469387755102,8,16,0.4091417862444508,0.001,augmented_r1
epoch,1,25,25,25.0,-0.08273758738894815,1.5071290225398783,0.636734693877551,0.9530612244897959,9,16,0.4091417862444508,0.001,augmented_r1
epoch,1,26,26,26.0,-0.08367482188935178,4.950491809844971,0.45,0.6806122448979591,10,16,0.4091417862444508,0.001,augmented_r1
epoch,1,27,27,27.0,-0.023971160081533535,0.4652937874502065,0.8775510204081632,0.9908163265306122,11,16,0.4091417862444508,0.0005,augmented_r1
epoch,1,28,28,28.0,-0.1058758947722651,0.08309161833354405,0.9581632653061225,0.9938775510204082,0,28,0.08309161833354405,0.0005,augmented_r1
epoch,1,29,29,29.0,-0.1492512108681151,0.15251273841274027,0.9357142857142857,0.9918367346938776,1,28,0.08309161833354405,0.0005,augmented_r1
epoch,1,30,30,30.0,-0.1622351906378595,0.016720600030860122,0.9693877551020408,0.9938775510204082,0,30,0.016720600030860122,0.0005,augmented_r1
epoch,1,31,31,31.0,-0.16972257316626585,-0.008053525613278758,0.9642857142857143,0.9928571428571429,0,31,-0.008053525613278758,0.0005,augmented_r1
epoch,1,32,32,32.0,-0.1768532157810071,-0.01785850816843461,0.976530612244898,0.9928571428571429,0,32,-0.01785850816843461,0.0005,augmented_r1
epoch,1,33,33,33.0,-0.182740183619007,-0.02097636874841184,0.9714285714285714,0.9928571428571429,0,33,-0.02097636874841184,0.0005,augmented_r1
epoch,1,34,34,34.0,-0.18618071271352643,0.01233948347519855,0.9653061224489796,0.9908163265306122,1,33,-0.02097636874841184,0.0005,augmented_r1
epoch,1,35,35,35.0,-0.19048416958145267,0.011479165116134955,0.9714285714285714,0.9877551020408163,2,33,-0.02097636874841184,0.0005,augmented_r1
epoch,1,36,36,36.0,-0.18996610887149112,0.1297485125308134,0.9551020408163265,0.9897959183673469,3,33,-0.02097636874841184,0.0005,augmented_r1
epoch,1,37,37,37.0,-0.19751968642986745,0.021622431521513025,0.960204081632653,0.9938775510204082,4,33,-0.02097636874841184,0.0005,augmented_r1
epoch,1,38,38,38.0,-0.19930166617556697,0.01378549726641908,0.9704081632653061,0.9897959183673469,5,33,-0.02097636874841184,0.0005,augmented_r1
epoch,1,39,39,39.0,-0.19418458607431655,0.365061574566121,0.9081632653061225,0.986734693877551,6,33,-0.02097636874841184,0.0005,augmented_r1
epoch,1,40,40,40.0,-0.19912759428721258,0.10276104990316896,0.9469387755102041,0.9918367346938776,7,33,-0.02097636874841184,0.0005,augmented_r1
epoch,1,41,41,41.0,-0.19995610986143364,2.0210404668535507,0.5612244897959183,0.9897959183673469,8,33,-0.02097636874841184,0.0005,augmented_r1
epoch,1,42,42,42.0,-0.1793650291315599,2.3244471705689724,0.6714285714285714,0.8520408163265306,9,33,-0.02097636874841184,0.0005,augmented_r1
epoch,1,43,43,43.0,-0.1775951603029297,1.871786374461894,0.8193877551020409,0.8030612244897959,10,33,-0.02097636874841184,0.0005,augmented_r1
epoch,1,44,44,44.0,-0.18972840416826448,0.15933855407092037,0.9377551020408164,0.9938775510204082,11,33,-0.02097636874841184,0.00025,augmented_r1
epoch,1,45,45,45.0,-0.21622551778095503,-0.06554988817292817,0.9744897959183674,0.9928571428571429,0,45,-0.06554988817292817,0.00025,augmented_r1
epoch,1,46,46,46.0,-0.2240657960075278,-0.028385652814592634,0.9724489795918367,0.9938775510204082,1,45,-0.06554988817292817,0.00025,augmented_r1
epoch,1,47,47,47.0,-0.2273387854282173,-0.05820328824374141,0.9724489795918367,0.9928571428571429,2,45,-0.06554988817292817,0.00025,augmented_r1
epoch,1,48,48,48.0,-0.22865768299825723,-0.0651030666974126,0.9744897959183674,0.9928571428571429,3,45,-0.06554988817292817,0.00025,augmented_r1
epoch,1,49,49,49.0,-0.22898844232139293,-0.0559657164982387,0.9744897959183674,0.9928571428571429,4,45,-0.06554988817292817,0.00025,augmented_r1
epoch,1,50,50,50.0,-0.22854882895378323,-0.044922749363646215,0.9693877551020408,0.9928571428571429,5,45,-0.06554988817292817,0.00025,augmented_r1
epoch,1,51,51,51.0,-0.23046728474846007,-0.029996419926078953,0.9714285714285714,0.9938775510204082,6,45,-0.06554988817292817,0.00025,augmented_r1
epoch,1,52,52,52.0,-0.2302666182578611,-0.052978440693446566,0.9704081632653061,0.9928571428571429,7,45,-0.06554988817292817,0.00025,augmented_r1
epoch,1,53,53,53.0,-0.23427796764261224,-0.047754908581169285,0.9734693877551021,0.9948979591836735,8,45,-0.06554988817292817,0.00025,augmented_r1
epoch,1,54,54,54.0,-0.23476422260525115,-0.05876308849879674,0.9714285714285714,0.9928571428571429,9,45,-0.06554988817292817,0.00025,augmented_r1
epoch,1,55,55,55.0,-0.2343752280831391,-0.0457103359455965,0.9744897959183674,0.9928571428571429,10,45,-0.06554988817292817,0.00025,augmented_r1
epoch,1,56,56,56.0,-0.23546288308911145,-0.03876577348125224,0.9724489795918367,0.9928571428571429,11,45,-0.06554988817292817,0.000125,augmented_r1
epoch,1,57,57,57.0,-0.23824644337661474,-0.0656205415725708,0.9744897959183674,0.9948979591836735,0,57,-0.0656205415725708,0.000125,augmented_r1
epoch,1,58,58,58.0,-0.23962623516754622,-0.05186071979756258,0.9724489795918367,0.9948979591836735,1,57,-0.0656205415725708,0.000125,augmented_r1
epoch,1,59,59,59.0,-0.23806009022582406,-0.050492318309083274,0.9734693877551021,0.9928571428571429,2,57,-0.0656205415725708,0.000125,augmented_r1
epoch,1,60,60,60.0,-0.2402873000555346,-0.05786289098311444,0.9734693877551021,0.9928571428571429,3,57,-0.0656205415725708,0.000125,augmented_r1
epoch,1,61,61,61.0,-0.24022152810220115,-0.06355489905999631,0.9775510204081632,0.9928571428571429,4,57,-0.0656205415725708,0.000125,augmented_r1
epoch,1,62,62,62.0,-0.23961673359734548,-0.055045574538561765,0.9744897959183674,0.9928571428571429,5,57,-0.0656205415725708,0.000125,augmented_r1
epoch,1,63,63,63.0,-0.24145047144082477,-0.04931678285404127,0.9744897959183674,0.9948979591836735,6,57,-0.0656205415725708,0.000125,augmented_r1
epoch,1,64,64,64.0,-0.24075991464537813,-0.054760677473885674,0.9755102040816327,0.9928571428571429,7,57,-0.0656205415725708,0.000125,augmented_r1
epoch,1,65,65,65.0,-0.24042039132908263,-0.050877753569155325,0.9785714285714285,0.9928571428571429,8,57,-0.0656205415725708,0.000125,augmented_r1
epoch,1,66,66,66.0,-0.24179290242483006,-0.0547108066325285,0.976530612244898,0.9928571428571429,9,57,-0.0656205415725708,0.000125,augmented_r1
epoch,1,67,67,67.0,-0.24201489379608354,-0.02549295133473922,0.9724489795918367,0.9928571428571429,10,57,-0.0656205415725708,0.000125,augmented_r1
epoch,1,68,68,68.0,-0.242132982962033,-0.058120159713589414,0.9714285714285714,0.9938775510204082,11,57,-0.0656205415725708,6.25e-05,augmented_r1
epoch,1,69,69,69.0,-0.2428203752730253,-0.046524934379421935,0.9734693877551021,0.9928571428571429,12,57,-0.0656205415725708,6.25e-05,augmented_r1
epoch,1,70,70,70.0,-0.24453164318502896,-0.059919456073216026,0.9775510204081632,0.9928571428571429,13,57,-0.0656205415725708,6.25e-05,augmented_r1
epoch,1,71,71,71.0,-0.2448643564203897,-0.05566196490307244,0.9755102040816327,0.9928571428571429,14,57,-0.0656205415725708,6.25e-05,augmented_r1
epoch,1,72,72,72.0,-0.2445502223288856,-0.052774922215208714,0.9755102040816327,0.9928571428571429,15,57,-0.0656205415725708,6.25e-05,augmented_r1
epoch,1,73,73,73.0,-0.24535967575329518,-0.04818039475655069,0.9704081632653061,0.9928571428571429,16,57,-0.0656205415725708,6.25e-05,augmented_r1
epoch,1,74,74,74.0,-0.24551352045506822,-0.05780196530478341,0.9755102040816327,0.9938775510204082,17,57,-0.0656205415725708,6.25e-05,augmented_r1
epoch,1,75,75,75.0,-0.24521898365648453,-0.06313326942677401,0.976530612244898,0.9928571428571429,18,57,-0.0656205415725708,6.25e-05,augmented_r1
epoch,1,76,76,76.0,-0.24521433498120232,-0.0573498433949996,0.9775510204081632,0.9928571428571429,19,57,-0.0656205415725708,6.25e-05,augmented_r1
epoch,1,77,77,77.0,-0.24542143882754927,-0.04998510954331378,0.9734693877551021,0.9938775510204082,20,57,-0.0656205415725708,6.25e-05,augmented_r1
epoch,1,78,78,78.0,-0.24580690144302084,-0.057853215567919676,0.9755102040816327,0.9938775510204082,21,57,-0.0656205415725708,6.25e-05,augmented_r1
epoch,1,79,79,79.0,-0.2461452887808254,-0.06031806906875299,0.976530612244898,0.9928571428571429,22,57,-0.0656205415725708,3.125e-05,augmented_r1
epoch,1,80,80,80.0,-0.24623892229359853,-0.060982986858912874,0.976530612244898,0.9928571428571429,23,57,-0.0656205415725708,3.125e-05,augmented_r1
epoch,1,81,81,81.0,-0.24750013915290087,-0.05833332781889001,0.9734693877551021,0.9928571428571429,24,57,-0.0656205415725708,3.125e-05,augmented_r1
epoch,1,82,82,82.0,-0.24723442605664067,-0.06074084116488087,0.9785714285714285,0.9928571428571429,25,57,-0.0656205415725708,3.125e-05,augmented_r1
epoch,1,83,83,83.0,-0.24779440798761626,-0.06550007012425636,0.9785714285714285,0.9928571428571429,26,57,-0.0656205415725708,3.125e-05,augmented_r1
epoch,1,84,84,84.0,-0.24727558627000895,-0.06209803065475152,0.9775510204081632,0.9938775510204082,27,57,-0.0656205415725708,3.125e-05,augmented_r1
epoch,1,85,85,85.0,-0.24631719731548618,-0.055296866747797754,0.9724489795918367,0.9928571428571429,28,57,-0.0656205415725708,3.125e-05,augmented_r1
epoch,1,86,86,86.0,-0.24752992307712315,-0.05959353252333038,0.9744897959183674,0.9928571428571429,29,57,-0.0656205415725708,3.125e-05,augmented_r1
epoch,1,87,87,87.0,-0.24734691195308323,-0.06410813866829386,0.976530612244898,0.9928571428571429,30,57,-0.0656205415725708,3.125e-05,augmented_r1
epoch,2,1,1,1.0,1.661294198447447,3.491975529339849,0.30918367346938774,0.3989795918367347,0,1,3.491975529339849,0.001,augmented_r1
epoch,2,2,2,2.0,1.0253319220276675,1.4780586403243396,0.746938775510204,0.7816326530612245,0,2,1.4780586403243396,0.001,augmented_r1
epoch,2,3,3,3.0,0.83019814729907,1.9214606757066688,0.6857142857142857,0.6489795918367347,1,2,1.4780586403243396,0.001,augmented_r1
epoch,2,4,4,4.0,0.718534991381875,2.022648774361124,0.5459183673469388,0.8857142857142857,2,2,1.4780586403243396,0.001,augmented_r1
epoch,2,5,5,5.0,0.6620539351858121,1.93776974532069,0.5938775510204082,0.7775510204081633,3,2,1.4780586403243396,0.001,augmented_r1
epoch,2,6,6,6.0,0.5813331757953261,1.0698531291922744,0.6826530612244898,0.9816326530612245,0,6,1.0698531291922744,0.001,augmented_r1
epoch,2,7,7,7.0,0.5138399715700639,1.5665099976014119,0.6428571428571429,0.9387755102040817,1,6,1.0698531291922744,0.001,augmented_r1
epoch,2,8,8,8.0,0.4592256088230862,1.179132975364218,0.8204081632653061,0.8418367346938775,2,6,1.0698531291922744,0.001,augmented_r1
epoch,2,9,9,9.0,0.38024335565266154,0.7874754511580175,0.8581632653061224,0.939795918367347,0,9,0.7874754511580175,0.001,augmented_r1
epoch,2,10,10,10.0,0.3441376226006775,1.1687494511506995,0.823469387755102,0.8,1,9,0.7874754511580175,0.001,augmented_r1
epoch,2,11,11,11.0,0.3223999247624557,0.7419327774826361,0.923469387755102,0.8744897959183674,0,11,0.7419327774826361,0.001,augmented_r1
epoch,2,12,12,12.0,0.27763001199370346,1.0720071568781016,0.713265306122449,0.9551020408163265,1,11,0.7419327774826361,0.001,augmented_r1
epoch,2,13,13,13.0,0.22271388439065049,1.170917583485039,0.7622448979591837,0.9295918367346939,2,11,0.7419327774826361,0.001,augmented_r1
epoch,2,14,14,14.0,0.18178475334651895,1.1366760331757215,0.8336734693877551,0.8163265306122449,3,11,0.7419327774826361,0.001,augmented_r1
epoch,2,15,15,15.0,0.14846422503982626,0.5352483109552033,0.889795918367347,0.9785714285714285,0,15,0.5352483109552033,0.001,augmented_r1
epoch,2,16,16,16.0,0.13698228361711576,1.0091906961129635,0.7418367346938776,0.9785714285714285,1,15,0.5352483109552033,0.001,augmented_r1
epoch,2,17,17,17.0,0.12544591295356594,2.0419365775828457,0.6316326530612245,0.8959183673469387,2,15,0.5352483109552033,0.001,augmented_r1
epoch,2,18,18,18.0,0.08294111135814387,2.288623467270209,0.6040816326530613,0.7887755102040817,3,15,0.5352483109552033,0.001,augmented_r1
epoch,2,19,19,19.0,0.05440183712361457,0.35933294807161603,0.9040816326530612,0.9857142857142858,0,19,0.35933294807161603,0.001,augmented_r1
epoch,2,20,20,20.0,0.05522139252070887,1.9033553035891786,0.6377551020408163,0.9877551020408163,1,19,0.35933294807161603,0.001,augmented_r1
epoch,2,21,21,21.0,0.03313863821263428,0.530351211586777,0.8561224489795919,0.9928571428571429,2,19,0.35933294807161603,0.001,augmented_r1
epoch,2,22,22,22.0,-0.0065079244277285704,0.10141464033905341,0.9704081632653061,0.9918367346938776,0,22,0.10141464033905341,0.001,augmented_r1
epoch,2,23,23,23.0,-0.04934655543191834,0.5286294540580438,0.9622448979591837,0.8653061224489796,1,22,0.10141464033905341,0.001,augmented_r1
epoch,2,24,24,24.0,-0.08488786269251564,0.12017612846530214,0.9612244897959183,0.9826530612244898,2,22,0.10141464033905341,0.001,augmented_r1
epoch,2,25,25,25.0,-0.11079694109508464,0.07437646267365436,0.9724489795918367,0.9897959183673469,0,25,0.07437646267365436,0.001,augmented_r1
epoch,2,26,26,26.0,-0.11754701262542025,1.4168795069869684,0.7316326530612245,0.9795918367346939,1,25,0.07437646267365436,0.001,augmented_r1
epoch,2,27,27,27.0,-0.08519782995127896,3.2393837967697454,0.5214285714285715,0.9571428571428572,2,25,0.07437646267365436,0.001,augmented_r1
epoch,2,28,28,28.0,-0.09830512174735327,0.3188693985647085,0.9214285714285714,0.9928571428571429,3,25,0.07437646267365436,0.001,augmented_r1
epoch,2,29,29,29.0,-0.05820972154858001,2.6452382039050666,0.65,0.6948979591836735,4,25,0.07437646267365436,0.001,augmented_r1
epoch,2,30,30,30.0,-0.0920898627001104,3.53063133395448,0.5428571428571428,0.6775510204081633,5,25,0.07437646267365436,0.001,augmented_r1
epoch,2,31,31,31.0,-0.08895061057208074,0.8163896451191026,0.8091836734693878,0.9673469387755103,6,25,0.07437646267365436,0.001,augmented_r1
epoch,2,32,32,32.0,-0.14073165465202106,2.069747946213703,0.6938775510204082,0.8469387755102041,7,25,0.07437646267365436,0.001,augmented_r1
epoch,2,33,33,33.0,-0.1531260294964029,0.4722750359651994,0.8581632653061224,0.9928571428571429,8,25,0.07437646267365436,0.001,augmented_r1
epoch,2,34,34,34.0,-0.17604027146704349,0.14525542283544735,0.9408163265306122,0.9938775510204082,9,25,0.07437646267365436,0.001,augmented_r1
epoch,2,35,35,35.0,-0.1892143050162185,0.16840683878684531,0.9306122448979591,0.9877551020408163,10,25,0.07437646267365436,0.001,augmented_r1
epoch,2,36,36,36.0,-0.20252456870124494,0.02038578257268789,0.9642857142857143,0.9908163265306122,0,36,0.02038578257268789,0.001,augmented_r1
epoch,2,37,37,37.0,-0.20344337981990723,0.006324056216648647,0.9693877551020408,0.9908163265306122,0,37,0.006324056216648647,0.001,augmented_r1
epoch,2,38,38,38.0,-0.21726856083421886,0.23051352160317556,0.9428571428571428,0.9775510204081632,1,37,0.006324056216648647,0.001,augmented_r1
epoch,2,39,39,39.0,-0.213615822185996,2.2310114646444514,0.9448979591836735,0.6520408163265307,2,37,0.006324056216648647,0.001,augmented_r1
epoch,2,40,40,40.0,-0.04883487680204013,6.901514316091732,0.8948979591836734,0.32653061224489793,3,37,0.006324056216648647,0.001,augmented_r1
epoch,2,41,41,41.0,-0.045742521787090186,1.3274163455379253,0.7397959183673469,0.9816326530612245,4,37,0.006324056216648647,0.001,augmented_r1
epoch,2,42,42,42.0,-0.16107162282621648,0.059987547932838906,0.9551020408163265,0.9908163265306122,5,37,0.006324056216648647,0.001,augmented_r1
epoch,2,43,43,43.0,-0.1798331151212068,1.648307895173832,0.8397959183673469,0.8112244897959183,6,37,0.006324056216648647,0.001,augmented_r1
epoch,2,44,44,44.0,-0.18474000040314925,0.4228863044660919,0.889795918367347,0.986734693877551,7,37,0.006324056216648647,0.001,augmented_r1
epoch,2,45,45,45.0,-0.20887008838311574,1.2227312209654828,0.7275510204081632,0.9795918367346939,8,37,0.006324056216648647,0.001,augmented_r1
epoch,2,46,46,46.0,-0.22607357795272046,0.16597307847470652,0.9357142857142857,0.9887755102040816,9,37,0.006324056216648647,0.001,augmented_r1
epoch,2,47,47,47.0,-0.23319444481048376,-0.08134964534214564,0.9816326530612245,0.9938775510204082,0,47,-0.08134964534214564,0.001,augmented_r1
epoch,2,48,48,48.0,-0.23198191209430322,0.0889757268282832,0.9704081632653061,0.9785714285714285,1,47,-0.08134964534214564,0.001,augmented_r1
epoch,2,49,49,49.0,-0.23707869217388206,-0.06858885385552231,0.9744897959183674,0.9938775510204082,2,47,-0.08134964534214564,0.001,augmented_r1
epoch,2,50,50,50.0,-0.23437313696930098,0.22077501355385293,0.9489795918367347,0.9673469387755103,3,47,-0.08134964534214564,0.001,augmented_r1
epoch,2,51,51,51.0,-0.23757638554653146,-0.04901721818106515,0.9826530612244898,0.9908163265306122,4,47,-0.08134964534214564,0.001,augmented_r1
epoch,2,52,52,52.0,-0.24101336990980685,-0.005735170111364248,0.9653061224489796,0.9918367346938776,5,47,-0.08134964534214564,0.001,augmented_r1
epoch,2,53,53,53.0,-0.2417524346859413,-0.0009523236021703604,0.9653061224489796,0.9938775510204082,6,47,-0.08134964534214564,0.001,augmented_r1
epoch,2,54,54,54.0,-0.24345763472064863,-0.06554033415658134,0.976530612244898,0.9938775510204082,7,47,-0.08134964534214564,0.001,augmented_r1
epoch,2,55,55,55.0,-0.2442263974907503,0.006098958424159459,0.9724489795918367,0.9887755102040816,8,47,-0.08134964534214564,0.001,augmented_r1
epoch,2,56,56,56.0,-0.23983589911861308,0.5544283005656029,0.8653061224489796,0.9897959183673469,9,47,-0.08134964534214564,0.001,augmented_r1
epoch,2,57,57,57.0,-0.06598365907500237,30.089609060482104,0.29285714285714287,0.6479591836734694,10,47,-0.08134964534214564,0.001,augmented_r1
epoch,2,58,58,58.0,0.17531927780189463,0.5119000366755895,0.9040816326530612,0.9642857142857143,11,47,-0.08134964534214564,0.0005,augmented_r1
epoch,2,59,59,59.0,-0.14228703837150128,0.03793341286328374,0.9622448979591837,0.9897959183673469,12,47,-0.08134964534214564,0.0005,augmented_r1
epoch,2,60,60,60.0,-0.2066524044470629,-0.0871903726032802,0.9806122448979592,0.9918367346938776,0,60,-0.0871903726032802,0.0005,augmented_r1
epoch,2,61,61,61.0,-0.22591999702111623,-0.08931245901146713,0.9755102040816327,0.9938775510204082,0,61,-0.08931245901146713,0.0005,augmented_r1
epoch,2,62,62,62.0,-0.23160452592172678,-0.10076596980192223,0.976530612244898,0.9938775510204082,0,62,-0.10076596980192223,0.0005,augmented_r1
epoch,2,63,63,63.0,-0.23686008758021115,-0.1145659471044735,0.9836734693877551,0.9938775510204082,0,63,-0.1145659471044735,0.0005,augmented_r1
epoch,2,64,64,64.0,-0.2392606665424688,-0.10348410022502043,0.9806122448979592,0.9938775510204082,1,63,-0.1145659471044735,0.0005,augmented_r1
epoch,2,65,65,65.0,-0.24073170498182597,-0.04295724022145174,0.9693877551020408,0.9948979591836735,2,63,-0.1145659471044735,0.0005,augmented_r1
epoch,2,66,66,66.0,-0.24285297614576815,-0.11408579398174676,0.9897959183673469,0.9938775510204082,3,63,-0.1145659471044735,0.0005,augmented_r1
epoch,2,67,67,67.0,-0.242185221982446,-0.09224517831996995,0.9816326530612245,0.9938775510204082,4,63,-0.1145659471044735,0.0005,augmented_r1
epoch,2,68,68,68.0,-0.24305006186636371,-0.10521977531666658,0.9806122448979592,0.9938775510204082,5,63,-0.1145659471044735,0.0005,augmented_r1
epoch,2,69,69,69.0,-0.24536971752610034,-0.10178598725065893,0.9836734693877551,0.9938775510204082,6,63,-0.1145659471044735,0.0005,augmented_r1
epoch,2,70,70,70.0,-0.24280515360496718,-0.09175391002577178,0.9826530612244898,0.9948979591836735,7,63,-0.1145659471044735,0.0005,augmented_r1
epoch,2,71,71,71.0,-0.24463438354618594,-0.09464159060497673,0.9816326530612245,0.9938775510204082,8,63,-0.1145659471044735,0.0005,augmented_r1
epoch,2,72,72,72.0,-0.24531710472531174,-0.07659255193204297,0.9775510204081632,0.9938775510204082,9,63,-0.1145659471044735,0.0005,augmented_r1
epoch,2,73,73,73.0,-0.24566774943499364,-0.11480533444151586,0.9836734693877551,0.9948979591836735,0,73,-0.11480533444151586,0.0005,augmented_r1
epoch,2,74,74,74.0,-0.24490659482036456,-0.04560154360167834,0.9704081632653061,0.9948979591836735,1,73,-0.11480533444151586,0.0005,augmented_r1
epoch,2,75,75,75.0,-0.246899885775228,-0.11127843516213554,0.9836734693877551,0.9938775510204082,2,73,-0.11480533444151586,0.0005,augmented_r1
epoch,2,76,76,76.0,-0.2472853742834118,-0.06563524372723638,0.9724489795918367,0.9938775510204082,3,73,-0.11480533444151586,0.0005,augmented_r1
epoch,2,77,77,77.0,-0.24846042098102925,-0.11039987632206508,0.9816326530612245,0.9938775510204082,4,73,-0.11480533444151586,0.0005,augmented_r1
epoch,2,78,78,78.0,-0.2456320795318077,-0.061145706079444105,0.9714285714285714,0.9948979591836735,5,73,-0.11480533444151586,0.0005,augmented_r1
epoch,2,79,79,79.0,-0.24666810181808646,-0.00015942855757109973,0.9561224489795919,0.9938775510204082,6,73,-0.11480533444151586,0.0005,augmented_r1
epoch,2,80,80,80.0,-0.24907732009887695,-0.09546094427303392,0.9846938775510204,0.9938775510204082,7,73,-0.11480533444151586,0.0005,augmented_r1
epoch,2,81,81,81.0,-0.24726115182698233,-0.11239201292699696,0.986734693877551,0.9948979591836735,8,73,-0.11480533444151586,0.0005,augmented_r1
epoch,2,82,82,82.0,-0.24217212156874993,-0.013736341437514947,0.9744897959183674,0.9918367346938776,9,73,-0.11480533444151586,0.0005,augmented_r1
epoch,2,83,83,83.0,-0.24370101417566611,0.07155369495858951,0.9540816326530612,0.9908163265306122,10,73,-0.11480533444151586,0.0005,augmented_r1
epoch,2,84,84,84.0,-0.21328558599304948,1.178201319246876,0.8163265306122449,0.9244897959183673,11,73,-0.11480533444151586,0.00025,augmented_r1
epoch,2,85,85,85.0,-0.23402855680901194,0.41505878652845113,0.9010204081632653,0.9887755102040816,12,73,-0.11480533444151586,0.00025,augmented_r1
epoch,2,86,86,86.0,-0.2472510246379885,-0.11914178351966702,0.9857142857142858,0.9938775510204082,0,86,-0.11914178351966702,0.00025,augmented_r1
epoch,2,87,87,87.0,-0.24984915993509108,-0.10809405579858897,0.9806122448979592,0.9938775510204082,1,86,-0.11914178351966702,0.00025,augmented_r1
epoch,2,88,88,88.0,-0.25183477366019313,-0.11918865271977015,0.9846938775510204,0.9938775510204082,0,88,-0.11918865271977015,0.00025,augmented_r1
epoch,2,89,89,89.0,-0.25111683625499603,-0.1117707413070056,0.9846938775510204,0.9938775510204082,1,88,-0.11918865271977015,0.00025,augmented_r1
epoch,2,90,90,90.0,-0.25177518221880707,-0.11470504244979547,0.9857142857142858,0.9938775510204082,2,88,-0.11918865271977015,0.00025,augmented_r1
epoch,2,91,91,91.0,-0.25271923356417686,-0.12038567747388568,0.986734693877551,0.9938775510204082,0,91,-0.12038567747388568,0.00025,augmented_r1
epoch,2,92,92,92.0,-0.25184034205435407,-0.1055630333569585,0.9795918367346939,0.9938775510204082,1,91,-0.12038567747388568,0.00025,augmented_r1
epoch,2,93,93,93.0,-0.2511455016519284,-0.11076383006816008,0.9816326530612245,0.9938775510204082,2,91,-0.12038567747388568,0.00025,augmented_r1
epoch,2,94,94,94.0,-0.25218970844326805,-0.1047553977187799,0.9826530612244898,0.9938775510204082,3,91,-0.12038567747388568,0.00025,augmented_r1
epoch,2,95,95,95.0,-0.2538161300498142,-0.11024971884124134,0.9826530612244898,0.9938775510204082,4,91,-0.12038567747388568,0.00025,augmented_r1
epoch,2,96,96,96.0,-0.252061830452232,-0.11666610143622573,0.986734693877551,0.9938775510204082,5,91,-0.12038567747388568,0.00025,augmented_r1
epoch,2,97,97,97.0,-0.2528251489616771,-0.11714562688555036,0.986734693877551,0.9938775510204082,6,91,-0.12038567747388568,0.00025,augmented_r1
epoch,2,98,98,98.0,-0.25208892610686723,-0.10725919081240284,0.9846938775510204,0.9948979591836735,7,91,-0.12038567747388568,0.00025,augmented_r1
epoch,2,99,99,99.0,-0.2519756629691035,-0.11807608263833182,0.9857142857142858,0.9938775510204082,8,91,-0.12038567747388568,0.00025,augmented_r1
epoch,2,100,100,100.0,-0.2526407085707444,-0.11043044255704296,0.9826530612244898,0.9938775510204082,9,91,-0.12038567747388568,0.00025,augmented_r1
epoch,2,101,101,101.0,-0.2518644697602316,-0.10769094496357198,0.9846938775510204,0.9938775510204082,10,91,-0.12038567747388568,0.00025,augmented_r1
epoch,2,102,102,102.0,-0.252941823119312,-0.0952444212777274,0.9836734693877551,0.9938775510204082,11,91,-0.12038567747388568,0.000125,augmented_r1
epoch,2,103,103,103.0,-0.2538620015733955,-0.11979976284260653,0.9846938775510204,0.9948979591836735,12,91,-0.12038567747388568,0.000125,augmented_r1
epoch,2,104,104,104.0,-0.2543119512738502,-0.11533271001309765,0.9846938775510204,0.9938775510204082,13,91,-0.12038567747388568,0.000125,augmented_r1
epoch,2,105,105,105.0,-0.2541546467700115,-0.12014303110083756,0.9877551020408163,0.9948979591836735,14,91,-0.12038567747388568,0.000125,augmented_r1
epoch,2,106,106,106.0,-0.25454284762773416,-0.11893093634624871,0.9846938775510204,0.9938775510204082,15,91,-0.12038567747388568,0.000125,augmented_r1
epoch,2,107,107,107.0,-0.253856674465763,-0.11333485379510996,0.9836734693877551,0.9938775510204082,16,91,-0.12038567747388568,0.000125,augmented_r1
epoch,2,108,108,108.0,-0.2546389082102574,-0.11600707599094935,0.9857142857142858,0.9938775510204082,17,91,-0.12038567747388568,0.000125,augmented_r1
epoch,2,109,109,109.0,-0.2546595197561596,-0.1181784352477716,0.9857142857142858,0.9938775510204082,18,91,-0.12038567747388568,0.000125,augmented_r1
epoch,2,110,110,110.0,-0.25451321922212206,-0.11570248993075624,0.9846938775510204,0.9938775510204082,19,91,-0.12038567747388568,0.000125,augmented_r1
epoch,2,111,111,111.0,-0.2542388270889365,-0.11786202946487738,0.9857142857142858,0.9938775510204082,20,91,-0.12038567747388568,0.000125,augmented_r1
epoch,2,112,112,112.0,-0.2546804069228136,-0.12159911807702513,0.9857142857142858,0.9938775510204082,0,112,-0.12159911807702513,0.000125,augmented_r1
epoch,2,113,113,113.0,-0.2530626744180715,-0.11968159675598145,0.9857142857142858,0.9938775510204082,1,112,-0.12159911807702513,0.000125,augmented_r1
epoch,2,114,114,114.0,-0.2537851426150114,-0.12102885100306297,0.9857142857142858,0.9938775510204082,2,112,-0.12159911807702513,0.000125,augmented_r1
epoch,2,115,115,115.0,-0.25426647006193726,-0.12248907332517663,0.9846938775510204,0.9938775510204082,0,115,-0.12248907332517663,0.000125,augmented_r1
epoch,2,116,116,116.0,-0.2546338043156614,-0.11084199000378045,0.9857142857142858,0.9938775510204082,1,115,-0.12248907332517663,0.000125,augmented_r1
epoch,2,117,117,117.0,-0.25459257153776416,-0.11464002083758919,0.9836734693877551,0.9938775510204082,2,115,-0.12248907332517663,0.000125,augmented_r1
epoch,2,118,118,118.0,-0.25402357707605866,-0.1230505135594582,0.9857142857142858,0.9938775510204082,0,118,-0.1230505135594582,0.000125,augmented_r1
epoch,2,119,119,119.0,-0.25419418496864793,-0.12041594009010159,0.9836734693877551,0.9938775510204082,1,118,-0.1230505135594582,0.000125,augmented_r1
epoch,2,120,120,120.0,-0.25496091073716276,-0.11930098874228341,0.9857142857142858,0.9938775510204082,2,118,-0.1230505135594582,0.000125,augmented_r1
epoch,2,121,121,121.0,-0.2537908626587565,-0.10125578082337672,0.9826530612244898,0.9938775510204082,3,118,-0.1230505135594582,0.000125,augmented_r1
epoch,2,122,122,122.0,-0.2540868633290177,-0.11171590989949752,0.9857142857142858,0.9938775510204082,4,118,-0.1230505135594582,0.000125,augmented_r1
epoch,2,123,123,123.0,-0.25487476178748036,-0.11735629792116126,0.9836734693877551,0.9948979591836735,5,118,-0.1230505135594582,0.000125,augmented_r1
epoch,2,124,124,124.0,-0.25459860521611766,-0.10344021417656724,0.9806122448979592,0.9948979591836735,6,118,-0.1230505135594582,0.000125,augmented_r1
epoch,2,125,125,125.0,-0.25419233960559895,-0.10997910888827576,0.9836734693877551,0.9938775510204082,7,118,-0.1230505135594582,0.000125,augmented_r1
epoch,2,126,126,126.0,-0.253756129844482,-0.09002997096703977,0.9795918367346939,0.9938775510204082,8,118,-0.1230505135594582,0.000125,augmented_r1
epoch,2,127,127,127.0,-0.25464027035090253,-0.10707415172031948,0.9816326530612245,0.9938775510204082,9,118,-0.1230505135594582,0.000125,augmented_r1
epoch,2,128,128,128.0,-0.25316804677207416,-0.04629330343129683,0.9653061224489796,0.9938775510204082,10,118,-0.1230505135594582,0.000125,augmented_r1
epoch,2,129,129,129.0,-0.25436183229880177,-0.0978903390923325,0.9795918367346939,0.9938775510204082,11,118,-0.1230505135594582,6.25e-05,augmented_r1
epoch,2,130,130,130.0,-0.2550474798684763,-0.10532846012893989,0.9826530612244898,0.9938775510204082,12,118,-0.1230505135594582,6.25e-05,augmented_r1
epoch,2,131,131,131.0,-0.25536444622226806,-0.11858800576657665,0.9857142857142858,0.9938775510204082,13,118,-0.1230505135594582,6.25e-05,augmented_r1
epoch,2,132,132,132.0,-0.2561778323627633,-0.11079707486288888,0.9836734693877551,0.9938775510204082,14,118,-0.1230505135594582,6.25e-05,augmented_r1
epoch,2,133,133,133.0,-0.25629361569746156,-0.1067058412396178,0.9816326530612245,0.9938775510204082,15,118,-0.1230505135594582,6.25e-05,augmented_r1
epoch,2,134,134,134.0,-0.25564294907378976,-0.11398350073366749,0.9836734693877551,0.9938775510204082,16,118,-0.1230505135594582,6.25e-05,augmented_r1
epoch,2,135,135,135.0,-0.25532781704414775,-0.09884888639255446,0.9816326530612245,0.9938775510204082,17,118,-0.1230505135594582,6.25e-05,augmented_r1
epoch,2,136,136,136.0,-0.25591421468226516,-0.12055390659643679,0.9846938775510204,0.9938775510204082,18,118,-0.1230505135594582,6.25e-05,augmented_r1
epoch,2,137,137,137.0,-0.2559320521636059,-0.1141683461714764,0.9836734693877551,0.9938775510204082,19,118,-0.1230505135594582,6.25e-05,augmented_r1
epoch,2,138,138,138.0,-0.2557098880119341,-0.10604993956429618,0.9816326530612245,0.9938775510204082,20,118,-0.1230505135594582,6.25e-05,augmented_r1
epoch,2,139,139,139.0,-0.2558478342637224,-0.11332354156338438,0.9826530612244898,0.9938775510204082,21,118,-0.1230505135594582,6.25e-05,augmented_r1
epoch,2,140,140,140.0,-0.2555867830461337,-0.11636513203990703,0.9846938775510204,0.9938775510204082,22,118,-0.1230505135594582,3.125e-05,augmented_r1
epoch,2,141,141,141.0,-0.25652591607487313,-0.12148197135146784,0.9846938775510204,0.9938775510204082,23,118,-0.1230505135594582,3.125e-05,augmented_r1
epoch,2,142,142,142.0,-0.2562789243835782,-0.1192308995188499,0.9836734693877551,0.9938775510204082,24,118,-0.1230505135594582,3.125e-05,augmented_r1
epoch,2,143,143,143.0,-0.2563527758371489,-0.12152026964693653,0.9857142857142858,0.9938775510204082,25,118,-0.1230505135594582,3.125e-05,augmented_r1
epoch,2,144,144,144.0,-0.2562365724019879,-0.11627294579330756,0.9836734693877551,0.9938775510204082,26,118,-0.1230505135594582,3.125e-05,augmented_r1
epoch,2,145,145,145.0,-0.25678936362645327,-0.11558668759404396,0.9836734693877551,0.9938775510204082,27,118,-0.1230505135594582,3.125e-05,augmented_r1
epoch,2,146,146,146.0,-0.25623086853780586,-0.11075426656372693,0.9826530612244898,0.9938775510204082,28,118,-0.1230505135594582,3.125e-05,augmented_r1
epoch,2,147,147,147.0,-0.25595445371572395,-0.11583156828977624,0.9836734693877551,0.9938775510204082,29,118,-0.1230505135594582,3.125e-05,augmented_r1
epoch,2,148,148,148.0,-0.25611865417664015,-0.1144270760672433,0.9826530612244898,0.9938775510204082,30,118,-0.1230505135594582,3.125e-05,augmented_r1
epoch,3,1,1,1.0,1.6127669413523733,1.8559274965403032,0.4530612244897959,0.8948979591836734,0,1,1.8559274965403032,0.001,augmented_r1
epoch,3,2,2,2.0,1.044484339055829,1.3797835121349413,0.7316326530612245,0.8663265306122448,0,2,1.3797835121349413,0.001,augmented_r1
epoch,3,3,3,3.0,0.8568038354123445,1.4159741396806678,0.8653061224489796,0.6418367346938776,1,2,1.3797835121349413,0.001,augmented_r1
epoch,3,4,4,4.0,0.7548822817940957,1.864450369075853,0.8408163265306122,0.523469387755102,2,2,1.3797835121349413,0.001,augmented_r1
epoch,3,5,5,5.0,0.6470835013547596,3.3038482442194104,0.45714285714285713,0.6663265306122449,3,2,1.3797835121349413,0.001,augmented_r1
epoch,3,6,6,6.0,0.5713744702741768,3.1356567129796864,0.37142857142857144,0.7204081632653061,4,2,1.3797835121349413,0.001,augmented_r1
epoch,3,7,7,7.0,0.5095436560582747,1.0157667145437124,0.7091836734693877,0.9785714285714285,0,7,1.0157667145437124,0.001,augmented_r1
epoch,3,8,8,8.0,0.4540610689360393,1.4838430516573848,0.6744897959183673,0.9591836734693877,1,7,1.0157667145437124,0.001,augmented_r1
epoch,3,9,9,9.0,0.38197578007504984,0.9462774909272486,0.9183673469387755,0.7673469387755102,0,9,0.9462774909272486,0.001,augmented_r1
epoch,3,10,10,10.0,0.3601440457501197,1.2342869865651034,0.8816326530612245,0.7336734693877551,1,9,0.9462774909272486,0.001,augmented_r1
epoch,3,11,11,11.0,0.33281390268154376,0.8686470420993104,0.7418367346938776,0.9826530612244898,0,11,0.8686470420993104,0.001,augmented_r1
epoch,3,12,12,12.0,0.265343954400263,2.5255742978076547,0.5244897959183673,0.65,1,11,0.8686470420993104,0.001,augmented_r1
epoch,3,13,13,13.0,0.21922928010989903,1.1524804640789421,0.7571428571428571,0.8938775510204081,2,11,0.8686470420993104,0.001,augmented_r1
epoch,3,14,14,14.0,0.1899412868783737,1.3067865391166842,0.7683673469387755,0.8428571428571429,3,11,0.8686470420993104,0.001,augmented_r1
epoch,3,15,15,15.0,0.14220288002215026,1.176039305511786,0.7428571428571429,0.9918367346938776,4,11,0.8686470420993104,0.001,augmented_r1
epoch,3,16,16,16.0,0.12588986057722185,2.056811928262516,0.7030612244897959,0.6836734693877551,5,11,0.8686470420993104,0.001,augmented_r1
epoch,3,17,17,17.0,0.09323434893564371,1.7396675455326938,0.6153061224489796,0.9346938775510204,6,11,0.8686470420993104,0.001,augmented_r1
epoch,3,18,18,18.0,0.1306748369093976,1.0523469433492543,0.7744897959183673,0.9673469387755103,7,11,0.8686470420993104,0.001,augmented_r1
epoch,3,19,19,19.0,0.07177010810326513,0.466702245206249,0.8795918367346939,0.986734693877551,0,19,0.466702245206249,0.001,augmented_r1
epoch,3,20,20,20.0,0.029357763403824552,1.5621417561355901,0.6051020408163266,0.9724489795918367,1,19,0.466702245206249,0.001,augmented_r1
epoch,3,21,21,21.0,0.004259376946872221,2.2486082524669415,0.5091836734693878,0.9428571428571428,2,19,0.466702245206249,0.001,augmented_r1
epoch,3,22,22,22.0,-0.00902699766730483,0.6792953250359516,0.8622448979591837,0.95,3,19,0.466702245206249,0.001,augmented_r1
epoch,3,23,23,23.0,-0.02900379054718433,1.4891065582937124,0.6683673469387755,0.9795918367346939,4,19,0.466702245206249,0.001,augmented_r1
epoch,3,24,24,24.0,-0.049826502664707166,0.5911024293121027,0.8551020408163266,0.9816326530612245,5,19,0.466702245206249,0.001,augmented_r1
epoch,3,25,25,25.0,-0.07843854819110346,1.9206579928495446,0.7397959183673469,0.7387755102040816,6,19,0.466702245206249,0.001,augmented_r1
epoch,3,26,26,26.0,-0.09815199822660906,1.055722579177545,0.7326530612244898,0.9653061224489796,7,19,0.466702245206249,0.001,augmented_r1
epoch,3,27,27,27.0,-0.12797757194521642,0.14768521761407657,0.9520408163265306,0.9857142857142858,0,27,0.14768521761407657,0.001,augmented_r1
epoch,3,28,28,28.0,-0.1394537074209829,0.11695111771019137,0.9622448979591837,0.9846938775510204,0,28,0.11695111771019137,0.001,augmented_r1
epoch,3,29,29,29.0,-0.1443640907894088,3.096987919904748,0.5153061224489796,0.9571428571428572,1,28,0.11695111771019137,0.001,augmented_r1
epoch,3,30,30,30.0,-0.13264066397575588,4.922193963187081,0.5806122448979592,0.4673469387755102,2,28,0.11695111771019137,0.001,augmented_r1
epoch,3,31,31,31.0,-0.1024419096616848,0.2105009305233858,0.939795918367347,0.986734693877551,3,28,0.11695111771019137,0.001,augmented_r1
epoch,3,32,32,32.0,-0.042043350850026064,2.2831100191388813,0.5704081632653061,0.9918367346938776,4,28,0.11695111771019137,0.001,augmented_r1
epoch,3,33,33,33.0,-0.07992057929080126,0.262799697019616,0.9163265306122449,0.9918367346938776,5,28,0.11695111771019137,0.001,augmented_r1
epoch,3,34,34,34.0,-0.1454177828090493,2.3927570829586107,0.5275510204081633,0.9897959183673469,6,28,0.11695111771019137,0.001,augmented_r1
epoch,3,35,35,35.0,-0.16810884245189817,0.4643829481942313,0.9224489795918367,0.9357142857142857,7,28,0.11695111771019137,0.001,augmented_r1
epoch,3,36,36,36.0,-0.1780432016536749,1.1654403292402928,0.8091836734693878,0.9591836734693877,8,28,0.11695111771019137,0.001,augmented_r1
epoch,3,37,37,37.0,-0.17257317837075759,-0.01905327183859689,0.9714285714285714,0.9918367346938776,0,37,-0.01905327183859689,0.001,augmented_r1
epoch,3,38,38,38.0,-0.20289144254087915,0.022491619538287728,0.960204081632653,0.9897959183673469,1,37,-0.01905327183859689,0.001,augmented_r1
epoch,3,39,39,39.0,-0.2061649006007208,0.28436199888891106,0.9224489795918367,0.9887755102040816,2,37,-0.01905327183859689,0.001,augmented_r1
epoch,3,40,40,40.0,-0.217768548106368,0.03454674117419185,0.9653061224489796,0.9928571428571429,3,37,-0.01905327183859689,0.001,augmented_r1
epoch,3,41,41,41.0,-0.22155960096968774,0.012915706634521485,0.963265306122449,0.9938775510204082,4,37,-0.01905327183859689,0.001,augmented_r1
epoch,3,42,42,42.0,-0.22716543274579457,0.02614584358371034,0.960204081632653,0.9948979591836735,5,37,-0.01905327183859689,0.001,augmented_r1
epoch,3,43,43,43.0,-0.22621630283036234,0.46005955229000167,0.8459183673469388,0.9918367346938776,6,37,-0.01905327183859689,0.001,augmented_r1
epoch,3,44,44,44.0,-0.2217244957178439,4.292809819202033,0.32551020408163267,0.9908163265306122,7,37,-0.01905327183859689,0.001,augmented_r1
epoch,3,45,45,45.0,-0.20158080147225046,1.5488849352817147,0.7336734693877551,0.9275510204081633,8,37,-0.01905327183859689,0.001,augmented_r1
epoch,3,46,46,46.0,0.00576284794281463,4.433246176583427,0.6020408163265306,0.6214285714285714,9,37,-0.01905327183859689,0.001,augmented_r1
epoch,3,47,47,47.0,-0.06621882412794011,1.6469443525586809,0.7173469387755103,0.9622448979591837,10,37,-0.01905327183859689,0.001,augmented_r1
epoch,3,48,48,48.0,-0.18179907530370323,1.0096156718779583,0.8367346938775511,0.9244897959183673,11,37,-0.01905327183859689,0.0005,augmented_r1
epoch,3,49,49,49.0,-0.21892198770088442,0.05121244021824428,0.95,0.9948979591836735,12,37,-0.01905327183859689,0.0005,augmented_r1
epoch,3,50,50,50.0,-0.2334683530719184,-0.08327698707580566,0.9704081632653061,0.9959183673469387,0,50,-0.08327698707580566,0.0005,augmented_r1
epoch,3,51,51,51.0,-0.23605977155055125,-0.005992597949748137,0.9653061224489796,0.9948979591836735,1,50,-0.08327698707580566,0.0005,augmented_r1
epoch,3,52,52,52.0,-0.23900199488407364,-0.03727973140015894,0.9642857142857143,0.9948979591836735,2,50,-0.08327698707580566,0.0005,augmented_r1
epoch,3,53,53,53.0,-0.23997661302266096,-0.037689066906364595,0.9653061224489796,0.9938775510204082,3,50,-0.08327698707580566,0.0005,augmented_r1
epoch,3,54,54,54.0,-0.24103715862948624,-0.04407155319136016,0.9704081632653061,0.9959183673469387,4,50,-0.08327698707580566,0.0005,augmented_r1
epoch,3,55,55,55.0,-0.24062606147133217,-0.07122130880550462,0.9734693877551021,0.9948979591836735,5,50,-0.08327698707580566,0.0005,augmented_r1
epoch,3,56,56,56.0,-0.24306834387984863,-0.03896545342036656,0.9693877551020408,0.9959183673469387,6,50,-0.08327698707580566,0.0005,augmented_r1
epoch,3,57,57,57.0,-0.2439295413869649,-0.05284233141918571,0.9714285714285714,0.9948979591836735,7,50,-0.08327698707580566,0.0005,augmented_r1
epoch,3,58,58,58.0,-0.24295459827725258,-0.045045867258188675,0.9693877551020408,0.9948979591836735,8,50,-0.08327698707580566,0.0005,augmented_r1
epoch,3,59,59,59.0,-0.24180934876135896,-0.07203664147123999,0.976530612244898,0.9938775510204082,9,50,-0.08327698707580566,0.0005,augmented_r1
epoch,3,60,60,60.0,-0.24373732555253474,-0.07114516958898427,0.9693877551020408,0.9948979591836735,10,50,-0.08327698707580566,0.0005,augmented_r1
epoch,3,61,61,61.0,-0.24547697688252937,-0.051881440318360623,0.9704081632653061,0.9948979591836735,11,50,-0.08327698707580566,0.00025,augmented_r1
epoch,3,62,62,62.0,-0.24782416807539182,-0.07702659636127705,0.9724489795918367,0.9948979591836735,12,50,-0.08327698707580566,0.00025,augmented_r1
epoch,3,63,63,63.0,-0.24927121665983162,-0.053977995989274004,0.9734693877551021,0.9948979591836735,13,50,-0.08327698707580566,0.00025,augmented_r1
epoch,3,64,64,64.0,-0.24873884066202073,-0.06975404194423131,0.9704081632653061,0.9948979591836735,14,50,-0.08327698707580566,0.00025,augmented_r1
epoch,3,65,65,65.0,-0.2479114460501409,-0.066228656379544,0.9714285714285714,0.9948979591836735,15,50,-0.08327698707580566,0.00025,augmented_r1
epoch,3,66,66,66.0,-0.24823321088898254,-0.07083863044271664,0.9693877551020408,0.9938775510204082,16,50,-0.08327698707580566,0.00025,augmented_r1
epoch,3,67,67,67.0,-0.2496659085255994,-0.05352927713978047,0.9663265306122449,0.9948979591836735,17,50,-0.08327698707580566,0.00025,augmented_r1
epoch,3,68,68,68.0,-0.2486595767387411,-0.04943895048024703,0.9683673469387755,0.9938775510204082,18,50,-0.08327698707580566,0.00025,augmented_r1
epoch,3,69,69,69.0,-0.2464366425073964,-0.08158397528589988,0.9714285714285714,0.9948979591836735,19,50,-0.08327698707580566,0.00025,augmented_r1
epoch,3,70,70,70.0,-0.24637230853302827,-0.053573481404051486,0.9673469387755103,0.9948979591836735,20,50,-0.08327698707580566,0.00025,augmented_r1
epoch,3,71,71,71.0,-0.2490613641546252,-0.03151647412047094,0.9704081632653061,0.9959183673469387,21,50,-0.08327698707580566,0.00025,augmented_r1
epoch,3,72,72,72.0,-0.24873293663662127,-0.059951337016358665,0.9693877551020408,0.9948979591836735,22,50,-0.08327698707580566,0.000125,augmented_r1
epoch,3,73,73,73.0,-0.25154034608718867,-0.05116042993506607,0.9673469387755103,0.9948979591836735,23,50,-0.08327698707580566,0.000125,augmented_r1
epoch,3,74,74,74.0,-0.2516084212473291,-0.06936544155587955,0.9714285714285714,0.9948979591836735,24,50,-0.08327698707580566,0.000125,augmented_r1
epoch,3,75,75,75.0,-0.2518170366382469,-0.0663961901956675,0.9693877551020408,0.9948979591836735,25,50,-0.08327698707580566,0.000125,augmented_r1
epoch,3,76,76,76.0,-0.2522406806958788,-0.06340883751304782,0.9693877551020408,0.9948979591836735,26,50,-0.08327698707580566,0.000125,augmented_r1
epoch,3,77,77,77.0,-0.25203283946188376,-0.07082397986431511,0.9714285714285714,0.9948979591836735,27,50,-0.08327698707580566,0.000125,augmented_r1
epoch,3,78,78,78.0,-0.25168683609527404,-0.04985368057173126,0.9693877551020408,0.9948979591836735,28,50,-0.08327698707580566,0.000125,augmented_r1
epoch,3,79,79,79.0,-0.25247096125234325,-0.047097301969722824,0.9714285714285714,0.9948979591836735,29,50,-0.08327698707580566,0.000125,augmented_r1
epoch,3,80,80,80.0,-0.25241060758578576,-0.0619694286463212,0.9693877551020408,0.9948979591836735,30,50,-0.08327698707580566,0.000125,augmented_r1
epoch,4,1,1,1.0,1.6945355969345466,2.0202235552729393,0.6224489795918368,0.6316326530612245,0,1,2.0202235552729393,0.001,augmented_r1
epoch,4,2,2,2.0,1.053054397099677,1.2811186517987931,0.8061224489795918,0.8969387755102041,0,2,1.2811186517987931,0.001,augmented_r1
epoch,4,3,3,3.0,0.850233372454745,0.8389169298872656,0.9010204081632653,0.9846938775510204,0,3,0.8389169298872656,0.001,augmented_r1
epoch,4,4,4,4.0,0.7236384257532172,1.178520502849501,0.7877551020408163,0.9571428571428572,1,3,0.8389169298872656,0.001,augmented_r1
epoch,4,5,5,5.0,0.6727540022776011,1.050936653662701,0.8112244897959183,0.9561224489795919,2,3,0.8389169298872656,0.001,augmented_r1
epoch,4,6,6,6.0,0.5773823974189897,1.4749831233705792,0.6408163265306123,0.9438775510204082,3,3,0.8389169298872656,0.001,augmented_r1
epoch,4,7,7,7.0,0.514742115993582,1.7882827622549875,0.5336734693877551,0.9836734693877551,4,3,0.8389169298872656,0.001,augmented_r1
epoch,4,8,8,8.0,0.464224855574055,1.1047958646501814,0.8051020408163265,0.8795918367346939,5,3,0.8389169298872656,0.001,augmented_r1
epoch,4,9,9,9.0,0.41316219435136425,1.8534389719671132,0.5020408163265306,0.9795918367346939,6,3,0.8389169298872656,0.001,augmented_r1
epoch,4,10,10,10.0,0.3698865981925578,2.2436755783703863,0.4030612244897959,0.9040816326530612,7,3,0.8389169298872656,0.001,augmented_r1
epoch,4,11,11,11.0,0.3310322296711406,0.5229816357700192,0.9255102040816326,0.9734693877551021,0,11,0.5229816357700192,0.001,augmented_r1
epoch,4,12,12,12.0,0.27208650024219694,0.6165741268469362,0.9142857142857143,0.9489795918367347,1,11,0.5229816357700192,0.001,augmented_r1
epoch,4,13,13,13.0,0.23298562756734062,0.9376781560936752,0.7561224489795918,0.9571428571428572,2,11,0.5229816357700192,0.001,augmented_r1
epoch,4,14,14,14.0,0.17993899147671782,0.4548814334431473,0.9061224489795918,0.9918367346938776,0,14,0.4548814334431473,0.001,augmented_r1
epoch,4,15,15,15.0,0.17295181924410424,2.2403596294169525,0.4602040816326531,0.9285714285714286,1,14,0.4548814334431473,0.001,augmented_r1
epoch,4,16,16,16.0,0.1202396410354635,0.4160443683059848,0.9306122448979591,0.9836734693877551,0,16,0.4160443683059848,0.001,augmented_r1
epoch,4,17,17,17.0,0.09762469403482923,0.7201547705397314,0.7948979591836735,0.9795918367346939,1,16,0.4160443683059848,0.001,augmented_r1
epoch,4,18,18,18.0,0.08915257148184237,1.5092693075841788,0.7877551020408163,0.7306122448979592,2,16,0.4160443683059848,0.001,augmented_r1
epoch,4,19,19,19.0,0.07475974886621933,0.29067602692818156,0.9316326530612244,0.9857142857142858,0,19,0.29067602692818156,0.001,augmented_r1
epoch,4,20,20,20.0,0.012648543957629314,0.7593948125839234,0.8214285714285714,0.976530612244898,1,19,0.29067602692818156,0.001,augmented_r1
epoch,4,21,21,21.0,-0.01891083491156981,0.24868420751727358,0.9285714285714286,0.9857142857142858,0,21,0.24868420751727358,0.001,augmented_r1
epoch,4,22,22,22.0,-0.03281315169548696,0.2885734460791763,0.9591836734693877,0.9357142857142857,1,21,0.24868420751727358,0.001,augmented_r1
epoch,4,23,23,23.0,-0.048010063750387806,2.6636945189261922,0.5989795918367347,0.8622448979591837,2,21,0.24868420751727358,0.001,augmented_r1
epoch,4,24,24,24.0,-0.03394562622876369,1.0446305615561349,0.8275510204081633,0.9418367346938775,3,21,0.24868420751727358,0.001,augmented_r1
epoch,4,25,25,25.0,0.003954315748314288,1.6748027898827378,0.8061224489795918,0.75,4,21,0.24868420751727358,0.001,augmented_r1
epoch,4,26,26,26.0,-0.024443583492793335,1.6507703002618284,0.6693877551020408,0.9642857142857143,5,21,0.24868420751727358,0.001,augmented_r1
epoch,4,27,27,27.0,-0.0805246562672051,0.20758728859375936,0.9642857142857143,0.9571428571428572,0,27,0.20758728859375936,0.001,augmented_r1
epoch,4,28,28,28.0,-0.12846564256327833,0.2357772291923056,0.9275510204081633,0.9816326530612245,1,27,0.20758728859375936,0.001,augmented_r1
epoch,4,29,29,29.0,-0.150212046264574,0.29515982258076573,0.9102040816326531,0.9938775510204082,2,27,0.20758728859375936,0.001,augmented_r1
epoch,4,30,30,30.0,-0.15057641338122416,0.6201665785847877,0.9438775510204082,0.8816326530612245,3,27,0.20758728859375936,0.001,augmented_r1
epoch,4,31,31,31.0,-0.1090129674211503,1.5240420059281952,0.7479591836734694,0.926530612244898,4,27,0.20758728859375936,0.001,augmented_r1
epoch,4,32,32,32.0,-0.0840419559006901,2.7080387349031407,0.7091836734693877,0.686734693877551,5,27,0.20758728859375936,0.001,augmented_r1
epoch,4,33,33,33.0,-0.10103220388773512,0.268263865490349,0.9163265306122449,0.9887755102040816,6,27,0.20758728859375936,0.001,augmented_r1
epoch,4,34,34,34.0,-0.140723677072209,0.5608226209270711,0.8153061224489796,0.9928571428571429,7,27,0.20758728859375936,0.001,augmented_r1
epoch,4,35,35,35.0,-0.1595225658570427,0.3328163402421134,0.9571428571428572,0.9295918367346939,8,27,0.20758728859375936,0.001,augmented_r1
epoch,4,36,36,36.0,-0.16471065227086037,0.1575918401990618,0.9387755102040817,0.9897959183673469,0,36,0.1575918401990618,0.001,augmented_r1
epoch,4,37,37,37.0,-0.18140860865779534,0.4122688750831448,0.9275510204081633,0.95,1,36,0.1575918401990618,0.001,augmented_r1
epoch,4,38,38,38.0,-0.1519854237045205,0.17563753128051757,0.9408163265306122,0.9887755102040816,2,36,0.1575918401990618,0.001,augmented_r1
epoch,4,39,39,39.0,-0.18930036652050286,0.08402238135435143,0.9571428571428572,0.9908163265306122,0,39,0.08402238135435143,0.001,augmented_r1
epoch,4,40,40,40.0,-0.2057203844196408,0.0006983562391631457,0.9704081632653061,0.9928571428571429,0,40,0.0006983562391631457,0.001,augmented_r1
epoch,4,41,41,41.0,-0.21904330826108692,0.05143947893259477,0.9755102040816327,0.9836734693877551,1,40,0.0006983562391631457,0.001,augmented_r1
epoch,4,42,42,42.0,-0.2156536974692637,0.3614834639490867,0.9061224489795918,0.9826530612244898,2,40,0.0006983562391631457,0.001,augmented_r1
epoch,4,43,43,43.0,-0.21686092875407492,0.09533139199626689,0.9612244897959183,0.9857142857142858,3,40,0.0006983562391631457,0.001,augmented_r1
epoch,4,44,44,44.0,-0.21738881319152514,0.41924196797974256,0.8918367346938776,0.9918367346938776,4,40,0.0006983562391631457,0.001,augmented_r1
epoch,4,45,45,45.0,-0.0995233833275759,0.5827366814321401,0.9132653061224489,0.9683673469387755,5,40,0.0006983562391631457,0.001,augmented_r1
epoch,4,46,46,46.0,-0.0438028588600176,2.189594569498179,0.6663265306122449,0.8459183673469388,6,40,0.0006983562391631457,0.001,augmented_r1
epoch,4,47,47,47.0,-0.15080558807266553,1.577281642933281,0.7602040816326531,0.9581632653061225,7,40,0.0006983562391631457,0.001,augmented_r1
epoch,4,48,48,48.0,-0.20449586391881872,0.7735121089584973,0.8030612244897959,0.9938775510204082,8,40,0.0006983562391631457,0.001,augmented_r1
epoch,4,49,49,49.0,-0.2197587541758987,-0.09687286274773733,0.976530612244898,0.9948979591836735,0,49,-0.09687286274773733,0.001,augmented_r1
epoch,4,50,50,50.0,-0.23006714077575932,-0.07768550551667505,0.9795918367346939,0.9938775510204082,1,49,-0.09687286274773733,0.001,augmented_r1
epoch,4,51,51,51.0,-0.2352099227894451,-0.04699052596578793,0.9846938775510204,0.9887755102040816,2,49,-0.09687286274773733,0.001,augmented_r1
epoch,4,52,52,52.0,-0.2370755129979515,-0.07125772602704107,0.9744897959183674,0.9928571428571429,3,49,-0.09687286274773733,0.001,augmented_r1
epoch,4,53,53,53.0,-0.23599824608319248,-0.07373795995906908,0.9795918367346939,0.9938775510204082,4,49,-0.09687286274773733,0.001,augmented_r1
epoch,4,54,54,54.0,-0.2364722405895557,0.019163172585623604,0.960204081632653,0.9928571428571429,5,49,-0.09687286274773733,0.001,augmented_r1
epoch,4,55,55,55.0,-0.23433754525831813,0.02934837681906564,0.9622448979591837,0.9928571428571429,6,49,-0.09687286274773733,0.001,augmented_r1
epoch,4,56,56,56.0,-0.2272556388156283,0.18698617244253354,0.9408163265306122,0.9857142857142858,7,49,-0.09687286274773733,0.001,augmented_r1
epoch,4,57,57,57.0,-0.22585161804774107,0.2448175688179172,0.9448979591836735,0.976530612244898,8,49,-0.09687286274773733,0.001,augmented_r1
epoch,4,58,58,58.0,-0.19147525264412718,1.1771384808481955,0.8061224489795918,0.9581632653061225,9,49,-0.09687286274773733,0.001,augmented_r1
epoch,4,59,59,59.0,-0.16176447492808144,0.5437237462218927,0.8673469387755102,0.9846938775510204,10,49,-0.09687286274773733,0.001,augmented_r1
epoch,4,60,60,60.0,-0.08857408508191691,6.035968003954206,0.29897959183673467,0.7571428571428571,11,49,-0.09687286274773733,0.0005,augmented_r1
epoch,4,61,61,61.0,-0.18633951171657684,-0.03095658068754235,0.9653061224489796,0.9938775510204082,12,49,-0.09687286274773733,0.0005,augmented_r1
epoch,4,62,62,62.0,-0.23573480069610242,-0.047315291969143615,0.9673469387755103,0.9908163265306122,13,49,-0.09687286274773733,0.0005,augmented_r1
epoch,4,63,63,63.0,-0.24234462439121032,-0.09145816442917805,0.9755102040816327,0.9918367346938776,14,49,-0.09687286274773733,0.0005,augmented_r1
epoch,4,64,64,64.0,-0.24278225210975962,-0.08778484743468616,0.9704081632653061,0.9918367346938776,15,49,-0.09687286274773733,0.0005,augmented_r1
epoch,4,65,65,65.0,-0.24419733869775123,-0.10875869429841334,0.9795918367346939,0.9908163265306122,0,65,-0.10875869429841334,0.0005,augmented_r1
epoch,4,66,66,66.0,-0.24395810288837483,-0.10480823322218291,0.9795918367346939,0.9928571428571429,1,65,-0.10875869429841334,0.0005,augmented_r1
epoch,4,67,67,67.0,-0.24596883765795097,-0.07638389480357267,0.9744897959183674,0.9928571428571429,2,65,-0.10875869429841334,0.0005,augmented_r1
epoch,4,68,68,68.0,-0.24392158923991095,-0.08224081993103027,0.9744897959183674,0.9918367346938776,3,65,-0.10875869429841334,0.0005,augmented_r1
epoch,4,69,69,69.0,-0.2454778554219849,-0.07819341883367421,0.976530612244898,0.9918367346938776,4,65,-0.10875869429841334,0.0005,augmented_r1
epoch,4,70,70,70.0,-0.2462724863103017,-0.11269499671702482,0.9816326530612245,0.9928571428571429,0,70,-0.11269499671702482,0.0005,augmented_r1
epoch,4,71,71,71.0,-0.24640403806324498,-0.07243397089899803,0.9714285714285714,0.9928571428571429,1,70,-0.11269499671702482,0.0005,augmented_r1
epoch,4,72,72,72.0,-0.24503668946566173,-0.10301249173222755,0.9795918367346939,0.9959183673469387,2,70,-0.11269499671702482,0.0005,augmented_r1
epoch,4,73,73,73.0,-0.24406199730151468,-0.09817751864997708,0.9775510204081632,0.9938775510204082,3,70,-0.11269499671702482,0.0005,augmented_r1
epoch,4,74,74,74.0,-0.24543928786185565,-0.09260929068740534,0.9775510204081632,0.9938775510204082,4,70,-0.11269499671702482,0.0005,augmented_r1
epoch,4,75,75,75.0,-0.24653288049693547,-0.10428517400001994,0.9785714285714285,0.9938775510204082,5,70,-0.11269499671702482,0.0005,augmented_r1
epoch,4,76,76,76.0,-0.24840194660590229,-0.09178049856302689,0.9806122448979592,0.9928571428571429,6,70,-0.11269499671702482,0.0005,augmented_r1
epoch,4,77,77,77.0,-0.24624421774556407,-0.07293753137393874,0.9734693877551021,0.9938775510204082,7,70,-0.11269499671702482,0.0005,augmented_r1
epoch,4,78,78,78.0,-0.2444680892387629,-0.08361896933341513,0.9795918367346939,0.9918367346938776,8,70,-0.11269499671702482,0.0005,augmented_r1
epoch,4,79,79,79.0,-0.24789456091736645,-0.07296071247178681,0.9795918367346939,0.9948979591836735,9,70,-0.11269499671702482,0.0005,augmented_r1
epoch,4,80,80,80.0,-0.2470005249576681,-0.10406798586553456,0.9806122448979592,0.9928571428571429,10,70,-0.11269499671702482,0.0005,augmented_r1
epoch,4,81,81,81.0,-0.24514715145568225,-0.0942539507029008,0.9775510204081632,0.9948979591836735,11,70,-0.11269499671702482,0.00025,augmented_r1
epoch,4,82,82,82.0,-0.2503915202114401,-0.10188387024159334,0.9785714285714285,0.9938775510204082,12,70,-0.11269499671702482,0.00025,augmented_r1
epoch,4,83,83,83.0,-0.25149457553706817,-0.10303241136122723,0.9785714285714285,0.9938775510204082,13,70,-0.11269499671702482,0.00025,augmented_r1
epoch,4,84,84,84.0,-0.25230090295083407,-0.09080364898759491,0.976530612244898,0.9938775510204082,14,70,-0.11269499671702482,0.00025,augmented_r1
epoch,4,85,85,85.0,-0.25129977338053233,-0.1043575432835793,0.9806122448979592,0.9928571428571429,15,70,-0.11269499671702482,0.00025,augmented_r1
epoch,4,86,86,86.0,-0.25060828320286355,-0.08370700320419,0.976530612244898,0.9928571428571429,16,70,-0.11269499671702482,0.00025,augmented_r1
epoch,4,87,87,87.0,-0.2508161319584615,-0.09316542586501764,0.9795918367346939,0.9928571428571429,17,70,-0.11269499671702482,0.00025,augmented_r1
epoch,4,88,88,88.0,-0.2519130594504188,-0.09937649746330417,0.9785714285714285,0.9928571428571429,18,70,-0.11269499671702482,0.00025,augmented_r1
epoch,4,89,89,89.0,-0.25131277447119116,-0.09424874150023169,0.976530612244898,0.9938775510204082,19,70,-0.11269499671702482,0.00025,augmented_r1
epoch,4,90,90,90.0,-0.25103437091565056,-0.11000481624992527,0.986734693877551,0.9938775510204082,20,70,-0.11269499671702482,0.00025,augmented_r1
epoch,4,91,91,91.0,-0.24934571118339646,-0.07012932300567627,0.9775510204081632,0.9928571428571429,21,70,-0.11269499671702482,0.00025,augmented_r1
epoch,4,92,92,92.0,-0.2510011150141061,-0.0937158759759397,0.9795918367346939,0.9938775510204082,22,70,-0.11269499671702482,0.000125,augmented_r1
epoch,4,93,93,93.0,-0.25211489858055897,-0.09266488211495535,0.9806122448979592,0.9928571428571429,23,70,-0.11269499671702482,0.000125,augmented_r1
epoch,4,94,94,94.0,-0.25280538029525695,-0.09915028202290438,0.9795918367346939,0.9938775510204082,24,70,-0.11269499671702482,0.000125,augmented_r1
epoch,4,95,95,95.0,-0.253405779721896,-0.1004388935711919,0.9795918367346939,0.9938775510204082,25,70,-0.11269499671702482,0.000125,augmented_r1
epoch,4,96,96,96.0,-0.2527709003745887,-0.09542917378094731,0.976530612244898,0.9938775510204082,26,70,-0.11269499671702482,0.000125,augmented_r1
epoch,4,97,97,97.0,-0.2532262266683297,-0.09902330855933987,0.9795918367346939,0.9948979591836735,27,70,-0.11269499671702482,0.000125,augmented_r1
epoch,4,98,98,98.0,-0.2531465329584943,-0.1042996173002282,0.9795918367346939,0.9938775510204082,28,70,-0.11269499671702482,0.000125,augmented_r1
epoch,4,99,99,99.0,-0.25202130226995856,-0.09487096874081359,0.9785714285714285,0.9928571428571429,29,70,-0.11269499671702482,0.000125,augmented_r1
epoch,4,100,100,100.0,-0.25334391529539524,-0.10547512599400112,0.9816326530612245,0.9948979591836735,30,70,-0.11269499671702482,0.000125,augmented_r1
epoch,5,1,1,1.0,1.6437405217413572,2.3775444507598875,0.4459183673469388,0.7551020408163265,0,1,2.3775444507598875,0.001,augmented_r1
epoch,5,2,2,2.0,1.0138044887870428,2.2012992810229868,0.39183673469387753,0.9418367346938775,0,2,2.2012992810229868,0.001,augmented_r1
epoch,5,3,3,3.0,0.8274829156876043,1.8861676960575338,0.6173469387755102,0.9163265306122449,0,3,1.8861676960575338,0.001,augmented_r1
epoch,5,4,4,4.0,0.7305439289894312,1.332741372439326,0.8408163265306122,0.7663265306122449,0,4,1.332741372439326,0.001,augmented_r1
epoch,5,5,5,5.0,0.6289591875013524,0.8580643264614806,0.8704081632653061,0.9642857142857143,0,5,0.8580643264614806,0.001,augmented_r1
epoch,5,6,6,6.0,0.5476079511469297,0.9449064145282823,0.9255102040816326,0.826530612244898,1,5,0.8580643264614806,0.001,augmented_r1
epoch,5,7,7,7.0,0.5099814699770806,1.725924437386649,0.5755102040816327,0.7653061224489796,2,5,0.8580643264614806,0.001,augmented_r1
epoch,5,8,8,8.0,0.44113570992858964,0.9520142299788339,0.789795918367347,0.9795918367346939,3,5,0.8580643264614806,0.001,augmented_r1
epoch,5,9,9,9.0,0.37716855474672045,1.4043271259385712,0.8387755102040816,0.7295918367346939,4,5,0.8580643264614806,0.001,augmented_r1
epoch,5,10,10,10.0,0.3443376094143444,1.1225190488659607,0.7591836734693878,0.9510204081632653,5,5,0.8580643264614806,0.001,augmented_r1
epoch,5,11,11,11.0,0.31050702635937805,0.9226897993866279,0.8255102040816327,0.9428571428571428,6,5,0.8580643264614806,0.001,augmented_r1
epoch,5,12,12,12.0,0.31240789640290706,0.5515926798995661,0.9061224489795918,0.9591836734693877,0,12,0.5515926798995661,0.001,augmented_r1
epoch,5,13,13,13.0,0.23774346956814954,0.5620092087862443,0.9010204081632653,0.9775510204081632,1,12,0.5515926798995661,0.001,augmented_r1
epoch,5,14,14,14.0,0.17284505788272367,0.3972520784455903,0.9418367346938775,0.9704081632653061,0,14,0.3972520784455903,0.001,augmented_r1
epoch,5,15,15,15.0,0.15385409206138434,0.8359954308490364,0.8244897959183674,0.9704081632653061,1,14,0.3972520784455903,0.001,augmented_r1
epoch,5,16,16,16.0,0.11559873500088914,0.9552942971793973,0.7602040816326531,0.9938775510204082,2,14,0.3972520784455903,0.001,augmented_r1
epoch,5,17,17,17.0,0.09701334929606939,2.214771416722512,0.5612244897959183,0.7806122448979592,3,14,0.3972520784455903,0.001,augmented_r1
epoch,5,18,18,18.0,0.08511033017041193,0.7069243204836942,0.8255102040816327,0.9795918367346939,4,14,0.3972520784455903,0.001,augmented_r1
epoch,5,19,19,19.0,0.06220037859783787,0.5614059287674573,0.9489795918367347,0.889795918367347,5,14,0.3972520784455903,0.001,augmented_r1
epoch,5,20,20,20.0,0.04954762936071326,0.4059029744595897,0.8887755102040816,0.9908163265306122,6,14,0.3972520784455903,0.001,augmented_r1
epoch,5,21,21,21.0,0.04267199984800258,0.7774103913988386,0.8642857142857143,0.9132653061224489,7,14,0.3972520784455903,0.001,augmented_r1
epoch,5,22,22,22.0,-0.012883401084801202,0.1406766490060456,0.9775510204081632,0.9734693877551021,0,22,0.1406766490060456,0.001,augmented_r1
epoch,5,23,23,23.0,-0.03699552639473366,0.18975838033520445,0.95,0.9795918367346939,1,22,0.1406766490060456,0.001,augmented_r1
epoch,5,24,24,24.0,-0.06625989952035455,0.4592057267013861,0.8459183673469388,0.9887755102040816,2,22,0.1406766490060456,0.001,augmented_r1
epoch,5,25,25,25.0,-0.06466365039105097,0.4389305100149038,0.9469387755102041,0.9081632653061225,3,22,0.1406766490060456,0.001,augmented_r1
epoch,5,26,26,26.0,-0.09504269143964722,0.7752590709803056,0.736734693877551,0.9887755102040816,4,22,0.1406766490060456,0.001,augmented_r1
epoch,5,27,27,27.0,-0.11218057639805555,0.8375902667337535,0.9040816326530612,0.8520408163265306,5,22,0.1406766490060456,0.001,augmented_r1
epoch,5,28,28,28.0,-0.12135255466630877,0.36924027715410507,0.9081632653061225,0.9744897959183674,6,22,0.1406766490060456,0.001,augmented_r1
epoch,5,29,29,29.0,-0.11788320278937417,1.1130262511117117,0.7887755102040817,0.963265306122449,7,22,0.1406766490060456,0.001,augmented_r1
epoch,5,30,30,30.0,-0.1069688009393253,1.754772153192637,0.6255102040816326,0.9816326530612245,8,22,0.1406766490060456,0.001,augmented_r1
epoch,5,31,31,31.0,-0.06301528180235362,2.477163819877469,0.5224489795918368,0.9806122448979592,9,22,0.1406766490060456,0.001,augmented_r1
epoch,5,32,32,32.0,-0.08532276507458576,0.2743327238121811,0.936734693877551,0.9653061224489796,10,22,0.1406766490060456,0.001,augmented_r1
epoch,5,33,33,33.0,-0.1491810142101075,1.6090519282282616,0.6632653061224489,0.9734693877551021,11,22,0.1406766490060456,0.0005,augmented_r1
epoch,5,34,34,34.0,-0.18655150993488293,0.02475167756177941,0.9571428571428572,0.9928571428571429,0,34,0.02475167756177941,0.0005,augmented_r1
epoch,5,35,35,35.0,-0.19879340741291296,-0.07063572504082505,0.9755102040816327,0.9948979591836735,0,35,-0.07063572504082505,0.0005,augmented_r1
epoch,5,36,36,36.0,-0.20386272014080262,-0.09391758368939769,0.9826530612244898,0.9938775510204082,0,36,-0.09391758368939769,0.0005,augmented_r1
epoch,5,37,37,37.0,-0.20486406613305327,-0.07907513136766395,0.9795918367346939,0.9959183673469387,1,36,-0.09391758368939769,0.0005,augmented_r1
epoch,5,38,38,38.0,-0.20919971651669475,0.11214781999588012,0.9295918367346939,0.9928571428571429,2,36,-0.09391758368939769,0.0005,augmented_r1
epoch,5,39,39,39.0,-0.21277488693019989,-0.09411268672164605,0.9836734693877551,0.9948979591836735,0,39,-0.09411268672164605,0.0005,augmented_r1
epoch,5,40,40,40.0,-0.2125473760552045,-0.03941264931036501,0.9734693877551021,0.9897959183673469,1,39,-0.09411268672164605,0.0005,augmented_r1
epoch,5,41,41,41.0,-0.21550628495551866,-0.06881101909948854,0.9775510204081632,0.9938775510204082,2,39,-0.09411268672164605,0.0005,augmented_r1
epoch,5,42,42,42.0,-0.2206023239407602,-0.11150391953332084,0.9877551020408163,0.9959183673469387,0,42,-0.11150391953332084,0.0005,augmented_r1
epoch,5,43,43,43.0,-0.22094909883984856,-0.03490432671138218,0.9785714285714285,0.9877551020408163,1,42,-0.11150391953332084,0.0005,augmented_r1
epoch,5,44,44,44.0,-0.22305827448165694,-0.10591945331923816,0.9785714285714285,0.9938775510204082,2,42,-0.11150391953332084,0.0005,augmented_r1
epoch,5,45,45,45.0,-0.2271239456944286,-0.1089154676515229,0.986734693877551,0.9928571428571429,3,42,-0.11150391953332084,0.0005,augmented_r1
epoch,5,46,46,46.0,-0.22742145452724497,-0.07639354807989938,0.9775510204081632,0.9948979591836735,4,42,-0.11150391953332084,0.0005,augmented_r1
epoch,5,47,47,47.0,-0.22242208307459307,0.966814365678904,0.9387755102040817,0.8357142857142857,5,42,-0.11150391953332084,0.0005,augmented_r1
epoch,5,48,48,48.0,-0.21329788862982502,-0.004035951653305365,0.9744897959183674,0.986734693877551,6,42,-0.11150391953332084,0.0005,augmented_r1
epoch,5,49,49,49.0,-0.22455559540379333,-0.000161505718620456,0.9642857142857143,0.9938775510204082,7,42,-0.11150391953332084,0.0005,augmented_r1
epoch,5,50,50,50.0,-0.23046720165909826,-0.04122451130224734,0.9704081632653061,0.9938775510204082,8,42,-0.11150391953332084,0.0005,augmented_r1
epoch,5,51,51,51.0,-0.23591312932470307,0.04381190708705357,0.9551020408163265,0.9938775510204082,9,42,-0.11150391953332084,0.0005,augmented_r1
epoch,5,52,52,52.0,-0.23705481373609005,-0.10580813738764548,0.9836734693877551,0.9938775510204082,10,42,-0.11150391953332084,0.0005,augmented_r1
epoch,5,53,53,53.0,-0.23630322440883758,-0.02696705399727335,0.9653061224489796,0.9938775510204082,11,42,-0.11150391953332084,0.00025,augmented_r1
epoch,5,54,54,54.0,-0.2373672295742234,-0.07817282774010482,0.9744897959183674,0.9948979591836735,12,42,-0.11150391953332084,0.00025,augmented_r1
epoch,5,55,55,55.0,-0.24236943659001028,-0.11556815079280308,0.9846938775510204,0.9948979591836735,0,55,-0.11556815079280308,0.00025,augmented_r1
epoch,5,56,56,56.0,-0.24317006795881446,-0.08894316712204291,0.9877551020408163,0.9908163265306122,1,55,-0.11556815079280308,0.00025,augmented_r1
epoch,5,57,57,57.0,-0.24260944125330886,-0.11306658958902165,0.9826530612244898,0.9948979591836735,2,55,-0.11556815079280308,0.00025,augmented_r1
epoch,5,58,58,58.0,-0.24238376237563636,-0.051992096219744,0.9857142857142858,0.9836734693877551,3,55,-0.11556815079280308,0.00025,augmented_r1
epoch,5,59,59,59.0,-0.24439508618412373,-0.07043044129196478,0.9755102040816327,0.9959183673469387,4,55,-0.11556815079280308,0.00025,augmented_r1
epoch,5,60,60,60.0,-0.2450340422672734,-0.11124412867487693,0.9816326530612245,0.9948979591836735,5,55,-0.11556815079280308,0.00025,augmented_r1
epoch,5,61,61,61.0,-0.244651235643431,-0.09177773388064638,0.9795918367346939,0.9938775510204082,6,55,-0.11556815079280308,0.00025,augmented_r1
epoch,5,62,62,62.0,-0.2440706101862128,-0.06485988509898283,0.9755102040816327,0.9948979591836735,7,55,-0.11556815079280308,0.00025,augmented_r1
epoch,5,63,63,63.0,-0.2441117650695243,-0.09884309087480818,0.9806122448979592,0.9938775510204082,8,55,-0.11556815079280308,0.00025,augmented_r1
epoch,5,64,64,64.0,-0.24294425658729474,0.014029836654663086,0.9591836734693877,0.9959183673469387,9,55,-0.11556815079280308,0.00025,augmented_r1
epoch,5,65,65,65.0,-0.24255130245530818,0.00904749802180699,0.9591836734693877,0.9938775510204082,10,55,-0.11556815079280308,0.00025,augmented_r1
epoch,5,66,66,66.0,-0.23392018539170703,0.03441193541701959,0.9612244897959183,0.9928571428571429,11,55,-0.11556815079280308,0.000125,augmented_r1
epoch,5,67,67,67.0,-0.24099811217593325,-0.07723688933314109,0.9734693877551021,0.9938775510204082,12,55,-0.11556815079280308,0.000125,augmented_r1
epoch,5,68,68,68.0,-0.2476975089087034,-0.10192435517603038,0.9877551020408163,0.9938775510204082,13,55,-0.11556815079280308,0.000125,augmented_r1
epoch,5,69,69,69.0,-0.248461565319863,-0.11331176806469354,0.9836734693877551,0.9938775510204082,14,55,-0.11556815079280308,0.000125,augmented_r1
epoch,5,70,70,70.0,-0.24932584941684793,-0.12033348618721476,0.9836734693877551,0.9938775510204082,0,70,-0.12033348618721476,0.000125,augmented_r1
epoch,5,71,71,71.0,-0.24879566420764204,-0.1054936511175973,0.9816326530612245,0.9938775510204082,1,70,-0.12033348618721476,0.000125,augmented_r1
epoch,5,72,72,72.0,-0.24937060363066504,-0.12638496671404156,0.9857142857142858,0.9948979591836735,0,72,-0.12638496671404156,0.000125,augmented_r1
epoch,5,73,73,73.0,-0.2499313265477534,-0.1176671281152842,0.9836734693877551,0.9948979591836735,1,72,-0.12638496671404156,0.000125,augmented_r1
epoch,5,74,74,74.0,-0.2501390056073314,-0.11550504820687431,0.9846938775510204,0.9938775510204082,2,72,-0.12638496671404156,0.000125,augmented_r1
epoch,5,75,75,75.0,-0.2488761251750882,-0.1269608531679426,0.9846938775510204,0.9948979591836735,0,75,-0.1269608531679426,0.000125,augmented_r1
epoch,5,76,76,76.0,-0.2501321117876878,-0.09812503104307213,0.9785714285714285,0.9948979591836735,1,75,-0.1269608531679426,0.000125,augmented_r1
epoch,5,77,77,77.0,-0.24930734705827587,-0.10945109639848982,0.9816326530612245,0.9948979591836735,2,75,-0.1269608531679426,0.000125,augmented_r1
epoch,5,78,78,78.0,-0.25028510146177846,-0.11844303559283821,0.9857142857142858,0.9938775510204082,3,75,-0.1269608531679426,0.000125,augmented_r1
epoch,5,79,79,79.0,-0.2502320514069435,-0.11283753064213967,0.986734693877551,0.9959183673469387,4,75,-0.1269608531679426,0.000125,augmented_r1
epoch,5,80,80,80.0,-0.25065440448154064,-0.09921285181629415,0.9806122448979592,0.9948979591836735,5,75,-0.1269608531679426,0.000125,augmented_r1
epoch,5,81,81,81.0,-0.25050095561088564,-0.11153191595661396,0.9877551020408163,0.9948979591836735,6,75,-0.1269608531679426,0.000125,augmented_r1
epoch,5,82,82,82.0,-0.25052895512951,-0.08339789594922747,0.9744897959183674,0.9938775510204082,7,75,-0.1269608531679426,0.000125,augmented_r1
epoch,5,83,83,83.0,-0.24898756270077463,-0.07063886048842449,0.9714285714285714,0.9938775510204082,8,75,-0.1269608531679426,0.000125,augmented_r1
epoch,5,84,84,84.0,-0.24788978012702273,-0.080110350433661,0.976530612244898,0.9938775510204082,9,75,-0.1269608531679426,0.000125,augmented_r1
epoch,5,85,85,85.0,-0.24928052410233092,-0.0618895199834084,0.9693877551020408,0.9959183673469387,10,75,-0.1269608531679426,0.000125,augmented_r1
epoch,5,86,86,86.0,-0.2502546177849789,-0.10204592334980868,0.9806122448979592,0.9938775510204082,11,75,-0.1269608531679426,6.25e-05,augmented_r1
epoch,5,87,87,87.0,-0.2520863904608849,-0.10906334312594666,0.9826530612244898,0.9938775510204082,12,75,-0.1269608531679426,6.25e-05,augmented_r1
epoch,5,88,88,88.0,-0.25242100988146504,-0.13052359016574158,0.9877551020408163,0.9948979591836735,0,88,-0.13052359016574158,6.25e-05,augmented_r1
epoch,5,89,89,89.0,-0.2534738347252228,-0.12741752692631314,0.986734693877551,0.9938775510204082,1,88,-0.13052359016574158,6.25e-05,augmented_r1
epoch,5,90,90,90.0,-0.25313166967587636,-0.120087760321948,0.9826530612244898,0.9948979591836735,2,88,-0.13052359016574158,6.25e-05,augmented_r1
epoch,5,91,91,91.0,-0.25298353178740307,-0.1298097240681551,0.9826530612244898,0.9948979591836735,3,88,-0.13052359016574158,6.25e-05,augmented_r1
epoch,5,92,92,92.0,-0.25277861851321204,-0.11410719423877949,0.986734693877551,0.9938775510204082,4,88,-0.13052359016574158,6.25e-05,augmented_r1
epoch,5,93,93,93.0,-0.2518847043060791,-0.11267978025942432,0.9826530612244898,0.9959183673469387,5,88,-0.13052359016574158,6.25e-05,augmented_r1
epoch,5,94,94,94.0,-0.252921184246723,-0.1252975147597644,0.986734693877551,0.9948979591836735,6,88,-0.13052359016574158,6.25e-05,augmented_r1
epoch,5,95,95,95.0,-0.25252139608913043,-0.12865337644304548,0.9846938775510204,0.9948979591836735,7,88,-0.13052359016574158,6.25e-05,augmented_r1
epoch,5,96,96,96.0,-0.2527247809898404,-0.11751442052880112,0.9816326530612245,0.9959183673469387,8,88,-0.13052359016574158,6.25e-05,augmented_r1
epoch,5,97,97,97.0,-0.2530293937060598,-0.11298082312759088,0.9806122448979592,0.9948979591836735,9,88,-0.13052359016574158,6.25e-05,augmented_r1
epoch,5,98,98,98.0,-0.2519175823958852,-0.09475100040435791,0.9775510204081632,0.9948979591836735,10,88,-0.13052359016574158,6.25e-05,augmented_r1
epoch,5,99,99,99.0,-0.2527533002295821,-0.1195037063287229,0.9877551020408163,0.9938775510204082,11,88,-0.13052359016574158,3.125e-05,augmented_r1
epoch,5,100,100,100.0,-0.2536197578533638,-0.12769813488940804,0.986734693877551,0.9948979591836735,12,88,-0.13052359016574158,3.125e-05,augmented_r1
epoch,5,101,101,101.0,-0.25349032575847125,-0.12448341067956419,0.9887755102040816,0.9938775510204082,13,88,-0.13052359016574158,3.125e-05,augmented_r1
epoch,5,102,102,102.0,-0.25359144015470203,-0.1250136458143896,0.9846938775510204,0.9959183673469387,14,88,-0.13052359016574158,3.125e-05,augmented_r1
epoch,5,103,103,103.0,-0.2537854753241883,-0.12628095539248718,0.986734693877551,0.9948979591836735,15,88,-0.13052359016574158,3.125e-05,augmented_r1
epoch,5,104,104,104.0,-0.2535834407676527,-0.12211565922717658,0.9877551020408163,0.9948979591836735,16,88,-0.13052359016574158,3.125e-05,augmented_r1
epoch,5,105,105,105.0,-0.253464291136859,-0.11392088033715073,0.9836734693877551,0.9959183673469387,17,88,-0.13052359016574158,3.125e-05,augmented_r1
epoch,5,106,106,106.0,-0.25393663538189515,-0.12814545680065545,0.9857142857142858,0.9948979591836735,18,88,-0.13052359016574158,3.125e-05,augmented_r1
epoch,5,107,107,107.0,-0.25393856984076585,-0.13033254438517045,0.9836734693877551,0.9948979591836735,19,88,-0.13052359016574158,3.125e-05,augmented_r1
epoch,5,108,108,108.0,-0.2543007900267907,-0.12897273764318348,0.9846938775510204,0.9948979591836735,20,88,-0.13052359016574158,3.125e-05,augmented_r1
epoch,5,109,109,109.0,-0.25382151232488687,-0.11936689931519177,0.986734693877551,0.9948979591836735,21,88,-0.13052359016574158,3.125e-05,augmented_r1
epoch,5,110,110,110.0,-0.2539953783702374,-0.1242061692841199,0.986734693877551,0.9948979591836735,22,88,-0.13052359016574158,1.5625e-05,augmented_r1
epoch,5,111,111,111.0,-0.25471245019586314,-0.1274623068011537,0.9908163265306122,0.9948979591836735,23,88,-0.13052359016574158,1.5625e-05,augmented_r1
epoch,5,112,112,112.0,-0.25461106220808993,-0.1283874244106059,0.9887755102040816,0.9948979591836735,24,88,-0.13052359016574158,1.5625e-05,augmented_r1
epoch,5,113,113,113.0,-0.25475729888967097,-0.12876403039815473,0.986734693877551,0.9938775510204082,25,88,-0.13052359016574158,1.5625e-05,augmented_r1
epoch,5,114,114,114.0,-0.253883734974491,-0.13033425224070647,0.9877551020408163,0.9959183673469387,26,88,-0.13052359016574158,1.5625e-05,augmented_r1
epoch,5,115,115,115.0,-0.2546976598565599,-0.12196828248549481,0.9857142857142858,0.9948979591836735,27,88,-0.13052359016574158,1.5625e-05,augmented_r1
epoch,5,116,116,116.0,-0.2545213571094785,-0.13135325227464947,0.9897959183673469,0.9948979591836735,0,116,-0.13135325227464947,1.5625e-05,augmented_r1
epoch,5,117,117,117.0,-0.2544127929713907,-0.1270019701548985,0.9887755102040816,0.9948979591836735,1,116,-0.13135325227464947,1.5625e-05,augmented_r1
epoch,5,118,118,118.0,-0.2542280644056638,-0.12633686503585503,0.9877551020408163,0.9948979591836735,2,116,-0.13135325227464947,1.5625e-05,augmented_r1
epoch,5,119,119,119.0,-0.2548552495049067,-0.13139093992661457,0.9887755102040816,0.9948979591836735,0,119,-0.13139093992661457,1.5625e-05,augmented_r1
epoch,5,120,120,120.0,-0.2549454880691473,-0.13032325871136724,0.9877551020408163,0.9948979591836735,1,119,-0.13139093992661457,1.5625e-05,augmented_r1
epoch,5,121,121,121.0,-0.2546459330897736,-0.12162990862009476,0.9816326530612245,0.9948979591836735,2,119,-0.13139093992661457,1.5625e-05,augmented_r1
epoch,5,122,122,122.0,-0.25479440495906175,-0.12425437460140307,0.9877551020408163,0.9938775510204082,3,119,-0.13139093992661457,1.5625e-05,augmented_r1
epoch,5,123,123,123.0,-0.2545790050552479,-0.1284180719025281,0.9887755102040816,0.9948979591836735,4,119,-0.13139093992661457,1.5625e-05,augmented_r1
epoch,5,124,124,124.0,-0.25461752840566787,-0.12355606555938721,0.9877551020408163,0.9948979591836735,5,119,-0.13139093992661457,1.5625e-05,augmented_r1
epoch,5,125,125,125.0,-0.2546904587875536,-0.12991203921181815,0.9897959183673469,0.9948979591836735,6,119,-0.13139093992661457,1.5625e-05,augmented_r1
epoch,5,126,126,126.0,-0.25494069320961826,-0.12580437465589875,0.9887755102040816,0.9948979591836735,7,119,-0.13139093992661457,1.5625e-05,augmented_r1
epoch,5,127,127,127.0,-0.25453275074160103,-0.12863787728912976,0.9877551020408163,0.9948979591836735,8,119,-0.13139093992661457,1.5625e-05,augmented_r1
epoch,5,128,128,128.0,-0.25511451707446897,-0.12232578190005555,0.986734693877551,0.9948979591836735,9,119,-0.13139093992661457,1.5625e-05,augmented_r1
epoch,5,129,129,129.0,-0.2547159444133206,-0.12923117462469608,0.9887755102040816,0.9948979591836735,10,119,-0.13139093992661457,1.5625e-05,augmented_r1
epoch,5,130,130,130.0,-0.2543274517011707,-0.1240130799157279,0.9877551020408163,0.9948979591836735,11,119,-0.13139093992661457,7.8125e-06,augmented_r1
epoch,5,131,131,131.0,-0.25482895852650395,-0.12841391514758674,0.986734693877551,0.9948979591836735,12,119,-0.13139093992661457,7.8125e-06,augmented_r1
epoch,5,132,132,132.0,-0.2549553351460724,-0.12480518428646788,0.9857142857142858,0.9948979591836735,13,119,-0.13139093992661457,7.8125e-06,augmented_r1
epoch,5,133,133,133.0,-0.2546215964294378,-0.1262079837370892,0.986734693877551,0.9948979591836735,14,119,-0.13139093992661457,7.8125e-06,augmented_r1
epoch,5,134,134,134.0,-0.25519956908764974,-0.12871198508204246,0.986734693877551,0.9948979591836735,15,119,-0.13139093992661457,7.8125e-06,augmented_r1
epoch,5,135,135,135.0,-0.2550961687464201,-0.12790804055272317,0.9887755102040816,0.9948979591836735,16,119,-0.13139093992661457,7.8125e-06,augmented_r1
epoch,5,136,136,136.0,-0.25516558708086157,-0.12564723248384438,0.9877551020408163,0.9959183673469387,17,119,-0.13139093992661457,7.8125e-06,augmented_r1
epoch,5,137,137,137.0,-0.25476040528462357,-0.125224562080539,0.9857142857142858,0.9948979591836735,18,119,-0.13139093992661457,7.8125e-06,augmented_r1
epoch,5,138,138,138.0,-0.2551256499125965,-0.1268298883827365,0.9877551020408163,0.9948979591836735,19,119,-0.13139093992661457,7.8125e-06,augmented_r1
epoch,5,139,139,139.0,-0.25511102981043576,-0.12728597825887253,0.9877551020408163,0.9948979591836735,20,119,-0.13139093992661457,7.8125e-06,augmented_r1
epoch,5,140,140,140.0,-0.25560069993253304,-0.12601041209941008,0.9857142857142858,0.9948979591836735,21,119,-0.13139093992661457,7.8125e-06,augmented_r1
epoch,5,141,141,141.0,-0.25530351623317843,-0.12525640653104197,0.9877551020408163,0.9948979591836735,22,119,-0.13139093992661457,3.90625e-06,augmented_r1
epoch,5,142,142,142.0,-0.25511239035476946,-0.1232261511744285,0.9877551020408163,0.9948979591836735,23,119,-0.13139093992661457,3.90625e-06,augmented_r1
epoch,5,143,143,143.0,-0.25507221679713477,-0.12854873744808898,0.9877551020408163,0.9948979591836735,24,119,-0.13139093992661457,3.90625e-06,augmented_r1
epoch,5,144,144,144.0,-0.2552158067402816,-0.12744836369339302,0.9877551020408163,0.9948979591836735,25,119,-0.13139093992661457,3.90625e-06,augmented_r1
epoch,5,145,145,145.0,-0.25545032566588305,-0.1261355156801185,0.9877551020408163,0.9948979591836735,26,119,-0.13139093992661457,3.90625e-06,augmented_r1
epoch,5,146,146,146.0,-0.25487564706391114,-0.12774067654901622,0.9877551020408163,0.9948979591836735,27,119,-0.13139093992661457,3.90625e-06,augmented_r1
epoch,5,147,147,147.0,-0.2555104990574754,-0.1255817053269367,0.986734693877551,0.9948979591836735,28,119,-0.13139093992661457,3.90625e-06,augmented_r1
epoch,5,148,148,148.0,-0.2549597446722601,-0.12342159164195159,0.986734693877551,0.9948979591836735,29,119,-0.13139093992661457,3.90625e-06,augmented_r1
epoch,5,149,149,149.0,-0.2552390837204007,-0.1278101634006111,0.9877551020408163,0.9948979591836735,30,119,-0.13139093992661457,3.90625e-06,augmented_r1
epoch,6,1,1,1.0,1.717430023025828,2.434204523903983,0.4418367346938776,0.8591836734693877,0,1,2.434204523903983,0.001,augmented_r1
epoch,6,2,2,2.0,1.1598847599068502,1.3387733712488292,0.6816326530612244,0.9071428571428571,0,2,1.3387733712488292,0.001,augmented_r1
epoch,6,3,3,3.0,0.9056319278097131,1.1346080429699956,0.8785714285714286,0.8908163265306123,0,3,1.1346080429699956,0.001,augmented_r1
epoch,6,4,4,4.0,0.7779921455595421,1.6044662816183908,0.5744897959183674,0.9581632653061225,1,3,1.1346080429699956,0.001,augmented_r1
epoch,6,5,5,5.0,0.6805770516774354,1.100527798886202,0.7428571428571429,0.9612244897959183,0,5,1.100527798886202,0.001,augmented_r1
epoch,6,6,6,6.0,0.6057712133505427,0.6746745732365822,0.9244897959183673,0.9775510204081632,0,6,0.6746745732365822,0.001,augmented_r1
epoch,6,7,7,7.0,0.5512198299724191,1.4709745601731903,0.9153061224489796,0.6255102040816326,1,6,0.6746745732365822,0.001,augmented_r1
epoch,6,8,8,8.0,0.4724053035959892,0.7957019852132213,0.8397959183673469,0.9775510204081632,2,6,0.6746745732365822,0.001,augmented_r1
epoch,6,9,9,9.0,0.40014623989584874,0.9739914762730502,0.8030612244897959,0.9102040816326531,3,6,0.6746745732365822,0.001,augmented_r1
epoch,6,10,10,10.0,0.39355877785860166,0.6945981142472247,0.9061224489795918,0.9193877551020408,4,6,0.6746745732365822,0.001,augmented_r1
epoch,6,11,11,11.0,0.36528321613629083,0.9347657938392795,0.7948979591836735,0.9520408163265306,5,6,0.6746745732365822,0.001,augmented_r1
epoch,6,12,12,12.0,0.2787513833017821,1.3021574983791429,0.6877551020408164,0.9744897959183674,6,6,0.6746745732365822,0.001,augmented_r1
epoch,6,13,13,13.0,0.22991104777758628,1.5197942208270638,0.6112244897959184,0.9622448979591837,7,6,0.6746745732365822,0.001,augmented_r1
epoch,6,14,14,14.0,0.18716090748486494,2.161745265065407,0.5663265306122449,0.753061224489796,8,6,0.6746745732365822,0.001,augmented_r1
epoch,6,15,15,15.0,0.17445946169938492,0.9242838789005668,0.8142857142857143,0.9244897959183673,9,6,0.6746745732365822,0.001,augmented_r1
epoch,6,16,16,16.0,0.15163179713923228,2.9976564601976046,0.5387755102040817,0.676530612244898,10,6,0.6746745732365822,0.001,augmented_r1
epoch,6,17,17,17.0,0.13919821764413087,0.6849662856179841,0.8530612244897959,0.9591836734693877,11,6,0.6746745732365822,0.0005,augmented_r1
epoch,6,18,18,18.0,0.052011869303269974,0.2314223802819544,0.9479591836734694,0.9918367346938776,0,18,0.2314223802819544,0.0005,augmented_r1
epoch,6,19,19,19.0,0.019451826229130092,0.16141928458700375,0.960204081632653,0.9908163265306122,0,19,0.16141928458700375,0.0005,augmented_r1
epoch,6,20,20,20.0,-0.0014894542724394658,0.11496848451847932,0.9653061224489796,0.9928571428571429,0,20,0.11496848451847932,0.0005,augmented_r1
epoch,6,21,21,21.0,-0.013682070586879418,0.11753661875822106,0.9724489795918367,0.9897959183673469,1,20,0.11496848451847932,0.0005,augmented_r1
epoch,6,22,22,22.0,-0.027378918444953396,0.2669094034603664,0.9428571428571428,0.976530612244898,2,20,0.11496848451847932,0.0005,augmented_r1
epoch,6,23,23,23.0,-0.03721302006388598,0.13179626245887913,0.9734693877551021,0.9826530612244898,3,20,0.11496848451847932,0.0005,augmented_r1
epoch,6,24,24,24.0,-0.04799831990377502,0.216272661880571,0.9418367346938775,0.9877551020408163,4,20,0.11496848451847932,0.0005,augmented_r1
epoch,6,25,25,25.0,-0.055993934355158724,0.2523593299242915,0.9377551020408164,0.9887755102040816,5,20,0.11496848451847932,0.0005,augmented_r1
epoch,6,26,26,26.0,-0.06246355088039576,0.20962835720607212,0.9438775510204082,0.9897959183673469,6,20,0.11496848451847932,0.0005,augmented_r1
epoch,6,27,27,27.0,-0.06940879415394337,0.9348861472947257,0.789795918367347,0.9897959183673469,7,20,0.11496848451847932,0.0005,augmented_r1
epoch,6,28,28,28.0,-0.05570356419992296,0.5520059159823827,0.8377551020408164,0.9887755102040816,8,20,0.11496848451847932,0.0005,augmented_r1
epoch,6,29,29,29.0,-0.04075454212674432,1.3270186599420042,0.65,0.9836734693877551,9,20,0.11496848451847932,0.0005,augmented_r1
epoch,6,30,30,30.0,-0.06821281413192161,0.8026418683480243,0.85,0.9469387755102041,10,20,0.11496848451847932,0.0005,augmented_r1
epoch,6,31,31,31.0,-0.07940766498060915,0.41649975411745965,0.8918367346938776,0.9846938775510204,11,20,0.11496848451847932,0.00025,augmented_r1
epoch,6,32,32,32.0,-0.11908618263693976,0.008746588230133056,0.9755102040816327,0.9918367346938776,0,32,0.008746588230133056,0.00025,augmented_r1
epoch,6,33,33,33.0,-0.1301491847917052,-0.02841268607548305,0.9836734693877551,0.9897959183673469,0,33,-0.02841268607548305,0.00025,augmented_r1
epoch,6,34,34,34.0,-0.13455308890591627,-0.03985009704317365,0.9836734693877551,0.9928571428571429,0,34,-0.03985009704317365,0.00025,augmented_r1
epoch,6,35,35,35.0,-0.1394337085069335,-0.0407688561750918,0.9857142857142858,0.9918367346938776,0,35,-0.0407688561750918,0.00025,augmented_r1
epoch,6,36,36,36.0,-0.14103186725758446,-0.039197426669451654,0.9846938775510204,0.9918367346938776,1,35,-0.0407688561750918,0.00025,augmented_r1
epoch,6,37,37,37.0,-0.14642765294190596,-0.018695053032466342,0.9836734693877551,0.9908163265306122,2,35,-0.0407688561750918,0.00025,augmented_r1
epoch,6,38,38,38.0,-0.15157355130719857,-0.05156334662924007,0.9857142857142858,0.9938775510204082,0,38,-0.05156334662924007,0.00025,augmented_r1
epoch,6,39,39,39.0,-0.15396467225961777,-0.0613968834585073,0.986734693877551,0.9928571428571429,0,39,-0.0613968834585073,0.00025,augmented_r1
epoch,6,40,40,40.0,-0.15775863314237695,-0.049716284323711786,0.986734693877551,0.9918367346938776,1,39,-0.0613968834585073,0.00025,augmented_r1
epoch,6,41,41,41.0,-0.1594897111978414,-0.04654929491938377,0.9826530612244898,0.9918367346938776,2,39,-0.0613968834585073,0.00025,augmented_r1
epoch,6,42,42,42.0,-0.16476958860227642,-0.05553349816069311,0.9836734693877551,0.9908163265306122,3,39,-0.0613968834585073,0.00025,augmented_r1
epoch,6,43,43,43.0,-0.16682244702679863,0.02230181645373909,0.9663265306122449,0.9928571428571429,4,39,-0.0613968834585073,0.00025,augmented_r1
epoch,6,44,44,44.0,-0.170665070813621,-0.050328084887290486,0.9826530612244898,0.9928571428571429,5,39,-0.0613968834585073,0.00025,augmented_r1
epoch,6,45,45,45.0,-0.1726640936357565,-0.04126299425047271,0.986734693877551,0.9836734693877551,6,39,-0.0613968834585073,0.00025,augmented_r1
epoch,6,46,46,46.0,-0.16636747124516527,-0.041332571847098216,0.986734693877551,0.9846938775510204,7,39,-0.0613968834585073,0.00025,augmented_r1
epoch,6,47,47,47.0,-0.17493913401488115,-0.05912064776128652,0.9836734693877551,0.9918367346938776,8,39,-0.0613968834585073,0.00025,augmented_r1
epoch,6,48,48,48.0,-0.17754311040483492,0.45787554249471546,0.8663265306122448,0.9918367346938776,9,39,-0.0613968834585073,0.00025,augmented_r1
epoch,6,49,49,49.0,-0.18292003642738922,-0.029464607336083238,0.9785714285714285,0.9928571428571429,10,39,-0.0613968834585073,0.00025,augmented_r1
epoch,6,50,50,50.0,-0.18451837142164254,-0.05048453418575988,0.9816326530612245,0.9918367346938776,11,39,-0.0613968834585073,0.000125,augmented_r1
epoch,6,51,51,51.0,-0.18853439983864886,-0.08734369448253086,0.9887755102040816,0.9908163265306122,0,51,-0.08734369448253086,0.000125,augmented_r1
epoch,6,52,52,52.0,-0.19331705846193428,-0.08603180257641539,0.9857142857142858,0.9908163265306122,1,51,-0.08734369448253086,0.000125,augmented_r1
epoch,6,53,53,53.0,-0.19594897068039266,-0.09212518589837211,0.9887755102040816,0.9928571428571429,0,53,-0.09212518589837211,0.000125,augmented_r1
epoch,6,54,54,54.0,-0.19690104684556986,-0.08701072785319114,0.9897959183673469,0.9928571428571429,1,53,-0.09212518589837211,0.000125,augmented_r1
epoch,6,55,55,55.0,-0.1973079517652812,-0.09000100213654187,0.986734693877551,0.9918367346938776,2,53,-0.09212518589837211,0.000125,augmented_r1
epoch,6,56,56,56.0,-0.198949465089314,-0.08831974462587006,0.9897959183673469,0.9897959183673469,3,53,-0.09212518589837211,0.000125,augmented_r1
epoch,6,57,57,57.0,-0.20017380756082936,-0.0905871006907249,0.9897959183673469,0.9918367346938776,4,53,-0.09212518589837211,0.000125,augmented_r1
epoch,6,58,58,58.0,-0.20025765000285747,-0.07421294304789329,0.986734693877551,0.9897959183673469,5,53,-0.09212518589837211,0.000125,augmented_r1
epoch,6,59,59,59.0,-0.2019558751307127,-0.06933889121425395,0.9816326530612245,0.9908163265306122,6,53,-0.09212518589837211,0.000125,augmented_r1
epoch,6,60,60,60.0,-0.2033442436323023,-0.09424707159704092,0.9846938775510204,0.9928571428571429,0,60,-0.09424707159704092,0.000125,augmented_r1
epoch,6,61,61,61.0,-0.20349777026226235,-0.06656447332732532,0.9826530612244898,0.9908163265306122,1,60,-0.09424707159704092,0.000125,augmented_r1
epoch,6,62,62,62.0,-0.20521645782971132,-0.09975510276093776,0.9887755102040816,0.9938775510204082,0,62,-0.09975510276093776,0.000125,augmented_r1
epoch,6,63,63,63.0,-0.20615491299427913,-0.022567780163823343,0.9734693877551021,0.9918367346938776,1,62,-0.09975510276093776,0.000125,augmented_r1
epoch,6,64,64,64.0,-0.20708881453173408,-0.0637365569873732,0.9877551020408163,0.9918367346938776,2,62,-0.09975510276093776,0.000125,augmented_r1
epoch,6,65,65,65.0,-0.2080924345642883,-0.05123769701743613,0.9795918367346939,0.9908163265306122,3,62,-0.09975510276093776,0.000125,augmented_r1
epoch,6,66,66,66.0,-0.2102134383325408,-0.06929471273811497,0.9795918367346939,0.9928571428571429,4,62,-0.09975510276093776,0.000125,augmented_r1
epoch,6,67,67,67.0,-0.2109775686339795,-0.06610854353223528,0.9806122448979592,0.9897959183673469,5,62,-0.09975510276093776,0.000125,augmented_r1
epoch,6,68,68,68.0,-0.212235693681581,-0.08061383816660667,0.9846938775510204,0.9908163265306122,6,62,-0.09975510276093776,0.000125,augmented_r1
epoch,6,69,69,69.0,-0.19829353713145106,2.2663550805072394,0.7285714285714285,0.7551020408163265,7,62,-0.09975510276093776,0.000125,augmented_r1
epoch,6,70,70,70.0,-0.18361844929358767,0.013723733473797234,0.9591836734693877,0.9908163265306122,8,62,-0.09975510276093776,0.000125,augmented_r1
epoch,6,71,71,71.0,-0.2019740293310601,0.5569686152497116,0.8622448979591837,0.9857142857142858,9,62,-0.09975510276093776,0.000125,augmented_r1
epoch,6,72,72,72.0,-0.21128931394015124,-0.04321286289059386,0.9755102040816327,0.9908163265306122,10,62,-0.09975510276093776,0.000125,augmented_r1
epoch,6,73,73,73.0,-0.2165506245112668,-0.08582126680685549,0.9826530612244898,0.9897959183673469,11,62,-0.09975510276093776,6.25e-05,augmented_r1
epoch,6,74,74,74.0,-0.2193145720297458,-0.09227712932898073,0.9857142857142858,0.9918367346938776,12,62,-0.09975510276093776,6.25e-05,augmented_r1
epoch,6,75,75,75.0,-0.21977202864165096,-0.10385388306209019,0.986734693877551,0.9928571428571429,0,75,-0.10385388306209019,6.25e-05,augmented_r1
epoch,6,76,76,76.0,-0.22051172661229365,-0.10246159787080726,0.9877551020408163,0.9918367346938776,1,75,-0.10385388306209019,6.25e-05,augmented_r1
epoch,6,77,77,77.0,-0.22177536753811622,-0.1109088024314569,0.9897959183673469,0.9918367346938776,0,77,-0.1109088024314569,6.25e-05,augmented_r1
epoch,6,78,78,78.0,-0.22221385169126637,-0.10342531666463735,0.9887755102040816,0.9918367346938776,1,77,-0.1109088024314569,6.25e-05,augmented_r1
epoch,6,79,79,79.0,-0.22155067899581035,-0.10433295770567291,0.9857142857142858,0.9928571428571429,2,77,-0.1109088024314569,6.25e-05,augmented_r1
epoch,6,80,80,80.0,-0.22301290815005342,-0.10951494562382601,0.9908163265306122,0.9918367346938776,3,77,-0.1109088024314569,6.25e-05,augmented_r1
epoch,6,81,81,81.0,-0.222882057340157,-0.09626555321167926,0.9826530612244898,0.9918367346938776,4,77,-0.1109088024314569,6.25e-05,augmented_r1
epoch,6,82,82,82.0,-0.224143795489832,-0.10407340015683855,0.9887755102040816,0.9928571428571429,5,77,-0.1109088024314569,6.25e-05,augmented_r1
epoch,6,83,83,83.0,-0.22426576969897374,-0.1079749727735714,0.9887755102040816,0.9918367346938776,6,77,-0.1109088024314569,6.25e-05,augmented_r1
epoch,6,84,84,84.0,-0.2243411774750033,-0.11252159902027675,0.9877551020408163,0.9928571428571429,0,84,-0.11252159902027675,6.25e-05,augmented_r1
epoch,6,85,85,85.0,-0.22540221674789693,-0.10395300704605726,0.9857142857142858,0.9928571428571429,1,84,-0.11252159902027675,6.25e-05,augmented_r1
epoch,6,86,86,86.0,-0.22621850219575915,-0.11508181484378115,0.9918367346938776,0.9918367346938776,0,86,-0.11508181484378115,6.25e-05,augmented_r1
epoch,6,87,87,87.0,-0.22643729336847243,-0.11609001962506041,0.9887755102040816,0.9918367346938776,0,87,-0.11609001962506041,6.25e-05,augmented_r1
epoch,6,88,88,88.0,-0.22663095927595606,-0.10246517001366129,0.986734693877551,0.9918367346938776,1,87,-0.11609001962506041,6.25e-05,augmented_r1
epoch,6,89,89,89.0,-0.2270024691556618,-0.11218675642597432,0.9887755102040816,0.9928571428571429,2,87,-0.11609001962506041,6.25e-05,augmented_r1
epoch,6,90,90,90.0,-0.22690428859041434,-0.102170180301277,0.986734693877551,0.9918367346938776,3,87,-0.11609001962506041,6.25e-05,augmented_r1
epoch,6,91,91,91.0,-0.22836608016593749,-0.11077973745307144,0.9897959183673469,0.9928571428571429,4,87,-0.11609001962506041,6.25e-05,augmented_r1
epoch,6,92,92,92.0,-0.22841391093180063,-0.11549027331021368,0.9908163265306122,0.9918367346938776,5,87,-0.11609001962506041,6.25e-05,augmented_r1
epoch,6,93,93,93.0,-0.2289879736822408,-0.0977747165426916,0.9836734693877551,0.9938775510204082,6,87,-0.11609001962506041,6.25e-05,augmented_r1
epoch,6,94,94,94.0,-0.22894353023508274,-0.1048849911105876,0.9887755102040816,0.9918367346938776,7,87,-0.11609001962506041,6.25e-05,augmented_r1
epoch,6,95,95,95.0,-0.22996460390372325,-0.11235225979162722,0.9887755102040816,0.9928571428571429,8,87,-0.11609001962506041,6.25e-05,augmented_r1
epoch,6,96,96,96.0,-0.22971089290479504,-0.10065231201600056,0.9836734693877551,0.9938775510204082,9,87,-0.11609001962506041,6.25e-05,augmented_r1
epoch,6,97,97,97.0,-0.22992232811218274,-0.10993949831748495,0.9897959183673469,0.9928571428571429,10,87,-0.11609001962506041,6.25e-05,augmented_r1
epoch,6,98,98,98.0,-0.22983897324859473,-0.08583198615482875,0.9877551020408163,0.9897959183673469,11,87,-0.11609001962506041,3.125e-05,augmented_r1
epoch,6,99,99,99.0,-0.23178300879729968,-0.10587874942896318,0.9846938775510204,0.9928571428571429,12,87,-0.11609001962506041,3.125e-05,augmented_r1
epoch,6,100,100,100.0,-0.2325612767090107,-0.11170406122596896,0.9887755102040816,0.9928571428571429,13,87,-0.11609001962506041,3.125e-05,augmented_r1
epoch,6,101,101,101.0,-0.23268754992006693,-0.10979284048080444,0.986734693877551,0.9928571428571429,14,87,-0.11609001962506041,3.125e-05,augmented_r1
epoch,6,102,102,102.0,-0.23337306943309885,-0.11175780466624669,0.9887755102040816,0.9928571428571429,15,87,-0.11609001962506041,3.125e-05,augmented_r1
epoch,6,103,103,103.0,-0.23264320625590024,-0.11210210566618005,0.9887755102040816,0.9938775510204082,16,87,-0.11609001962506041,3.125e-05,augmented_r1
epoch,6,104,104,104.0,-0.233256814564243,-0.10810490019467413,0.9887755102040816,0.9928571428571429,17,87,-0.11609001962506041,3.125e-05,augmented_r1
epoch,6,105,105,105.0,-0.23345399511655893,-0.10472118416611029,0.9826530612244898,0.9938775510204082,18,87,-0.11609001962506041,3.125e-05,augmented_r1
epoch,6,106,106,106.0,-0.23376568192738703,-0.11891992967955921,0.9887755102040816,0.9938775510204082,0,106,-0.11891992967955921,3.125e-05,augmented_r1
epoch,6,107,107,107.0,-0.23444811955831618,-0.10672527721949986,0.9887755102040816,0.9928571428571429,1,106,-0.11891992967955921,3.125e-05,augmented_r1
epoch,6,108,108,108.0,-0.23450854072990712,-0.11605957332922488,0.9897959183673469,0.9928571428571429,2,106,-0.11891992967955921,3.125e-05,augmented_r1
epoch,6,109,109,109.0,-0.23398531522201074,-0.11504534677583345,0.9877551020408163,0.9928571428571429,3,106,-0.11891992967955921,3.125e-05,augmented_r1
epoch,6,110,110,110.0,-0.23487056987262886,-0.10895686149597168,0.986734693877551,0.9928571428571429,4,106,-0.11891992967955921,3.125e-05,augmented_r1
epoch,6,111,111,111.0,-0.2345574688381138,-0.10261535717516529,0.9826530612244898,0.9918367346938776,5,106,-0.11891992967955921,3.125e-05,augmented_r1
epoch,6,112,112,112.0,-0.23478688762992067,-0.11908439495125596,0.9908163265306122,0.9928571428571429,0,112,-0.11908439495125596,3.125e-05,augmented_r1
epoch,6,113,113,113.0,-0.2349476075908351,-0.10174390588487897,0.9846938775510204,0.9928571428571429,1,112,-0.11908439495125596,3.125e-05,augmented_r1
epoch,6,114,114,114.0,-0.2355903949566554,-0.11405080629854786,0.9887755102040816,0.9928571428571429,2,112,-0.11908439495125596,3.125e-05,augmented_r1
epoch,6,115,115,115.0,-0.2354262812647341,-0.10248796331639193,0.9857142857142858,0.9928571428571429,3,112,-0.11908439495125596,3.125e-05,augmented_r1
epoch,6,116,116,116.0,-0.23601058243190057,-0.11687151728844156,0.9887755102040816,0.9938775510204082,4,112,-0.11908439495125596,3.125e-05,augmented_r1
epoch,6,117,117,117.0,-0.2362755672043148,-0.12086802283111883,0.9897959183673469,0.9928571428571429,0,117,-0.12086802283111883,3.125e-05,augmented_r1
epoch,6,118,118,118.0,-0.23639344798398462,-0.07061249236671292,0.9785714285714285,0.9928571428571429,1,117,-0.12086802283111883,3.125e-05,augmented_r1
epoch,6,119,119,119.0,-0.23680167356730047,-0.11597757631418656,0.9897959183673469,0.9928571428571429,2,117,-0.12086802283111883,3.125e-05,augmented_r1
epoch,6,120,120,120.0,-0.23593527243670906,-0.11723916384638572,0.9887755102040816,0.9918367346938776,3,117,-0.12086802283111883,3.125e-05,augmented_r1
epoch,6,121,121,121.0,-0.2368542583920552,-0.10607443439717196,0.9877551020408163,0.9918367346938776,4,117,-0.12086802283111883,3.125e-05,augmented_r1
epoch,6,122,122,122.0,-0.2370515093985223,-0.11607274546915171,0.9887755102040816,0.9928571428571429,5,117,-0.12086802283111883,3.125e-05,augmented_r1
epoch,6,123,123,123.0,-0.2373876860614695,-0.11363204814949814,0.9816326530612245,0.9928571428571429,6,117,-0.12086802283111883,3.125e-05,augmented_r1
epoch,6,124,124,124.0,-0.23716206860120223,-0.10855008290738476,0.9877551020408163,0.9938775510204082,7,117,-0.12086802283111883,3.125e-05,augmented_r1
epoch,6,125,125,125.0,-0.23763098837947283,-0.11669125483960521,0.9877551020408163,0.9928571428571429,8,117,-0.12086802283111883,3.125e-05,augmented_r1
epoch,6,126,126,126.0,-0.23764488597485459,-0.10925286546045421,0.986734693877551,0.9928571428571429,9,117,-0.12086802283111883,3.125e-05,augmented_r1
epoch,6,127,127,127.0,-0.23796145330490548,-0.1096585538922524,0.9877551020408163,0.9918367346938776,10,117,-0.12086802283111883,3.125e-05,augmented_r1
epoch,6,128,128,128.0,-0.23729637355843405,-0.10953768199803877,0.9846938775510204,0.9928571428571429,11,117,-0.12086802283111883,1.5625e-05,augmented_r1
epoch,6,129,129,129.0,-0.23918105548909724,-0.1223641264195345,0.9887755102040816,0.9928571428571429,0,129,-0.1223641264195345,1.5625e-05,augmented_r1
epoch,6,130,130,130.0,-0.23900688059807257,-0.11342033391096154,0.9887755102040816,0.9928571428571429,1,129,-0.1223641264195345,1.5625e-05,augmented_r1
epoch,6,131,131,131.0,-0.2388229601717623,-0.10342497995921544,0.9795918367346939,0.9928571428571429,2,129,-0.1223641264195345,1.5625e-05,augmented_r1
epoch,6,132,132,132.0,-0.2394884795532192,-0.11825579331845654,0.9887755102040816,0.9928571428571429,3,129,-0.1223641264195345,1.5625e-05,augmented_r1
epoch,6,133,133,133.0,-0.24019264904304466,-0.10907852941629838,0.986734693877551,0.9928571428571429,4,129,-0.1223641264195345,1.5625e-05,augmented_r1
epoch,6,134,134,134.0,-0.23928936053772595,-0.10800635157799235,0.9877551020408163,0.9918367346938776,5,129,-0.1223641264195345,1.5625e-05,augmented_r1
epoch,6,135,135,135.0,-0.23949641341033223,-0.11822525335817921,0.9857142857142858,0.9928571428571429,6,129,-0.1223641264195345,1.5625e-05,augmented_r1
epoch,6,136,136,136.0,-0.2400462305713555,-0.10781300116558465,0.9877551020408163,0.9928571428571429,7,129,-0.1223641264195345,1.5625e-05,augmented_r1
epoch,6,137,137,137.0,-0.23908866761329226,-0.11783564917895259,0.9897959183673469,0.9918367346938776,8,129,-0.1223641264195345,1.5625e-05,augmented_r1
epoch,6,138,138,138.0,-0.24016142632817333,-0.11367939005092699,0.9887755102040816,0.9928571428571429,9,129,-0.1223641264195345,1.5625e-05,augmented_r1
epoch,6,139,139,139.0,-0.23985221707382584,-0.1154991736217421,0.9887755102040816,0.9928571428571429,10,129,-0.1223641264195345,1.5625e-05,augmented_r1
epoch,6,140,140,140.0,-0.23994493005603645,-0.10875070703272917,0.986734693877551,0.9928571428571429,11,129,-0.1223641264195345,7.8125e-06,augmented_r1
epoch,6,141,141,141.0,-0.24058248549767425,-0.11663224551142479,0.9887755102040816,0.9938775510204082,12,129,-0.1223641264195345,7.8125e-06,augmented_r1
epoch,6,142,142,142.0,-0.2406883564960724,-0.11482302826278064,0.9877551020408163,0.9928571428571429,13,129,-0.1223641264195345,7.8125e-06,augmented_r1
epoch,6,143,143,143.0,-0.24110944369571943,-0.11529604512818005,0.9877551020408163,0.9928571428571429,14,129,-0.1223641264195345,7.8125e-06,augmented_r1
epoch,6,144,144,144.0,-0.24115878543797484,-0.11785076661985748,0.9897959183673469,0.9928571428571429,15,129,-0.1223641264195345,7.8125e-06,augmented_r1
epoch,6,145,145,145.0,-0.2408813932945227,-0.11859073273989619,0.9877551020408163,0.9928571428571429,16,129,-0.1223641264195345,7.8125e-06,augmented_r1
epoch,6,146,146,146.0,-0.24116783760592875,-0.11710277941762184,0.9877551020408163,0.9938775510204082,17,129,-0.1223641264195345,7.8125e-06,augmented_r1
epoch,6,147,147,147.0,-0.24099595872478166,-0.11966096892648814,0.986734693877551,0.9928571428571429,18,129,-0.1223641264195345,7.8125e-06,augmented_r1
epoch,6,148,148,148.0,-0.2409785382053931,-0.12208083381458204,0.9908163265306122,0.9928571428571429,19,129,-0.1223641264195345,7.8125e-06,augmented_r1
epoch,6,149,149,149.0,-0.24047676790750844,-0.11577768666403634,0.9897959183673469,0.9928571428571429,20,129,-0.1223641264195345,7.8125e-06,augmented_r1
epoch,6,150,150,150.0,-0.24110647948070704,-0.11440576631195691,0.9877551020408163,0.9938775510204082,21,129,-0.1223641264195345,7.8125e-06,augmented_r1
epoch,6,151,151,151.0,-0.2415264377093997,-0.11603755610329765,0.9877551020408163,0.9928571428571429,22,129,-0.1223641264195345,3.90625e-06,augmented_r1
epoch,6,152,152,152.0,-0.2415951969836768,-0.11445276883183693,0.9877551020408163,0.9928571428571429,23,129,-0.1223641264195345,3.90625e-06,augmented_r1
epoch,6,153,153,153.0,-0.24136157210069087,-0.11430599811125775,0.9877551020408163,0.9928571428571429,24,129,-0.1223641264195345,3.90625e-06,augmented_r1
epoch,6,154,154,154.0,-0.24132874677032976,-0.11823013461365992,0.9877551020408163,0.9928571428571429,25,129,-0.1223641264195345,3.90625e-06,augmented_r1
epoch,6,155,155,155.0,-0.24129541043092378,-0.11467909812927246,0.9857142857142858,0.9928571428571429,26,129,-0.1223641264195345,3.90625e-06,augmented_r1
epoch,6,156,156,156.0,-0.24146408050968277,-0.11533886632140802,0.9877551020408163,0.9928571428571429,27,129,-0.1223641264195345,3.90625e-06,augmented_r1
epoch,6,157,157,157.0,-0.24173432226025188,-0.1168958989941344,0.9877551020408163,0.9928571428571429,28,129,-0.1223641264195345,3.90625e-06,augmented_r1
epoch,6,158,158,158.0,-0.24155233385776098,-0.11615143089878316,0.986734693877551,0.9928571428571429,29,129,-0.1223641264195345,3.90625e-06,augmented_r1
epoch,6,159,159,159.0,-0.24176006283589077,-0.11413710117340088,0.9877551020408163,0.9928571428571429,30,129,-0.1223641264195345,3.90625e-06,augmented_r1
epoch,7,1,1,1.0,1.6858991306584583,2.121444439401432,0.4336734693877551,0.8581632653061224,0,1,2.121444439401432,0.001,augmented_r1
epoch,7,2,2,2.0,1.0436534250642948,1.6294820736865607,0.7418367346938776,0.7571428571428571,0,2,1.6294820736865607,0.001,augmented_r1
epoch,7,3,3,3.0,0.858569314952769,1.3917598369170208,0.7183673469387755,0.9346938775510204,0,3,1.3917598369170208,0.001,augmented_r1
epoch,7,4,4,4.0,0.7232366037325485,1.7260127593059928,0.7193877551020408,0.7928571428571428,1,3,1.3917598369170208,0.001,augmented_r1
epoch,7,5,5,5.0,0.6268982110216138,0.842776701401691,0.8591836734693877,0.9510204081632653,0,5,0.842776701401691,0.001,augmented_r1
epoch,7,6,6,6.0,0.5818915252137931,1.7982650318924263,0.4989795918367347,0.960204081632653,1,5,0.842776701401691,0.001,augmented_r1
epoch,7,7,7,7.0,0.5218597541221206,0.9027341871845479,0.8183673469387756,0.9724489795918367,2,5,0.842776701401691,0.001,augmented_r1
epoch,7,8,8,8.0,0.45406102419873556,0.8740436716955535,0.8193877551020409,0.9877551020408163,3,5,0.842776701401691,0.001,augmented_r1
epoch,7,9,9,9.0,0.40017612536171054,1.1816614005030417,0.8653061224489796,0.7663265306122449,4,5,0.842776701401691,0.001,augmented_r1
epoch,7,10,10,10.0,0.3427224408968762,0.8566929680960519,0.8887755102040816,0.8979591836734694,5,5,0.842776701401691,0.001,augmented_r1
epoch,7,11,11,11.0,0.30334393308750346,1.7616272430030666,0.5316326530612245,0.9571428571428572,6,5,0.842776701401691,0.001,augmented_r1
epoch,7,12,12,12.0,0.2501571779623391,0.99033858289524,0.7836734693877551,0.976530612244898,7,5,0.842776701401691,0.001,augmented_r1
epoch,7,13,13,13.0,0.23732045806920696,1.4833762626258695,0.6642857142857143,0.9673469387755103,8,5,0.842776701401691,0.001,augmented_r1
epoch,7,14,14,14.0,0.20201962355640982,0.9616113159121299,0.7775510204081633,0.9071428571428571,9,5,0.842776701401691,0.001,augmented_r1
epoch,7,15,15,15.0,0.15337574950035085,0.7100687087798605,0.8591836734693877,0.963265306122449,0,15,0.7100687087798605,0.001,augmented_r1
epoch,7,16,16,16.0,0.11829591503589196,1.9179028807854166,0.6561224489795918,0.8928571428571429,1,15,0.7100687087798605,0.001,augmented_r1
epoch,7,17,17,17.0,0.10284266415586052,0.6069944814759858,0.8683673469387755,0.9653061224489796,0,17,0.6069944814759858,0.001,augmented_r1
epoch,7,18,18,18.0,0.07359706110917488,1.346195860784881,0.7408163265306122,0.9683673469387755,1,17,0.6069944814759858,0.001,augmented_r1
epoch,7,19,19,19.0,0.07494396355495202,1.2030257672679667,0.7877551020408163,0.9102040816326531,2,17,0.6069944814759858,0.001,augmented_r1
epoch,7,20,20,20.0,0.04358473654178614,2.4920034564271267,0.4857142857142857,0.9806122448979592,3,17,0.6069944814759858,0.001,augmented_r1
epoch,7,21,21,21.0,0.041953857438541575,2.042113891912966,0.5724489795918367,0.8948979591836734,4,17,0.6069944814759858,0.001,augmented_r1
epoch,7,22,22,22.0,0.003053431044477687,2.5718295467143157,0.5112244897959184,0.7908163265306123,5,17,0.6069944814759858,0.001,augmented_r1
epoch,7,23,23,23.0,-0.03331766921825643,0.5660816618374416,0.8846938775510204,0.9755102040816327,0,23,0.5660816618374416,0.001,augmented_r1
epoch,7,24,24,24.0,-0.05736750753911798,1.4598592378655257,0.763265306122449,0.8622448979591837,1,23,0.5660816618374416,0.001,augmented_r1
epoch,7,25,25,25.0,-0.08418898075426702,0.6776371744214272,0.9020408163265307,0.8918367346938776,2,23,0.5660816618374416,0.001,augmented_r1
epoch,7,26,26,26.0,-0.0868262522500913,0.5077808876426853,0.9153061224489796,0.9510204081632653,0,26,0.5077808876426853,0.001,augmented_r1
epoch,7,27,27,27.0,-0.09519720594286649,0.41831111275419897,0.9387755102040817,0.9306122448979591,0,27,0.41831111275419897,0.001,augmented_r1
epoch,7,28,28,28.0,-0.10694238336531076,0.8684352210589817,0.8520408163265306,0.9153061224489796,1,27,0.41831111275419897,0.001,augmented_r1
epoch,7,29,29,29.0,-0.08153921078942983,1.9329629041710679,0.7459183673469387,0.7969387755102041,2,27,0.41831111275419897,0.001,augmented_r1
epoch,7,30,30,30.0,-0.056361995444641946,2.4153869336965132,0.5163265306122449,0.9091836734693878,3,27,0.41831111275419897,0.001,augmented_r1
epoch,7,31,31,31.0,-0.09192803960684154,1.7841659107986763,0.7479591836734694,0.926530612244898,4,27,0.41831111275419897,0.001,augmented_r1
epoch,7,32,32,32.0,-0.1194019809236756,1.8535919471662872,0.6755102040816326,0.9663265306122449,5,27,0.41831111275419897,0.001,augmented_r1
epoch,7,33,33,33.0,-0.158647396756041,0.040907195392920044,0.960204081632653,0.9897959183673469,0,33,0.040907195392920044,0.001,augmented_r1
epoch,7,34,34,34.0,-0.18110076132764397,0.1262758425303868,0.9479591836734694,0.9877551020408163,1,33,0.040907195392920044,0.001,augmented_r1
epoch,7,35,35,35.0,-0.1855245799137363,0.7156072616577148,0.8122448979591836,0.9918367346938776,2,33,0.040907195392920044,0.001,augmented_r1
epoch,7,36,36,36.0,-0.19583271459401114,0.5407766819000244,0.8438775510204082,0.9846938775510204,3,33,0.040907195392920044,0.001,augmented_r1
epoch,7,37,37,37.0,-0.19595186322372823,0.3766478373079884,0.9448979591836735,0.9459183673469388,4,33,0.040907195392920044,0.001,augmented_r1
epoch,7,38,38,38.0,-0.19482606606109001,1.0544011359312095,0.9275510204081633,0.8010204081632653,5,33,0.040907195392920044,0.001,augmented_r1
epoch,7,39,39,39.0,-0.15977593189036907,2.2277636508552394,0.6061224489795919,0.8877551020408163,6,33,0.040907195392920044,0.001,augmented_r1
epoch,7,40,40,40.0,-0.11683287785045678,5.775980782022281,0.4785714285714286,0.6040816326530613,7,33,0.040907195392920044,0.001,augmented_r1
epoch,7,41,41,41.0,-0.08971318847419887,1.8155031204223633,0.7683673469387755,0.8642857142857143,8,33,0.040907195392920044,0.001,augmented_r1
epoch,7,42,42,42.0,-0.16485868788717878,2.225309402115491,0.6204081632653061,0.9571428571428572,9,33,0.040907195392920044,0.001,augmented_r1
epoch,7,43,43,43.0,-0.20127556722271298,0.36110417988835547,0.8663265306122448,0.9938775510204082,10,33,0.040907195392920044,0.001,augmented_r1
epoch,7,44,44,44.0,-0.19972029781536357,3.0819196720512547,0.6714285714285714,0.7673469387755102,11,33,0.040907195392920044,0.0005,augmented_r1
epoch,7,45,45,45.0,-0.21915333524271946,-0.03444809037811902,0.9683673469387755,0.9959183673469387,0,45,-0.03444809037811902,0.0005,augmented_r1
epoch,7,46,46,46.0,-0.23113088698696668,0.00285650516042904,0.9591836734693877,0.9948979591836735,1,45,-0.03444809037811902,0.0005,augmented_r1
epoch,7,47,47,47.0,-0.2329150762441101,-0.04451435098842699,0.9724489795918367,0.9948979591836735,0,47,-0.04451435098842699,0.0005,augmented_r1
epoch,7,48,48,48.0,-0.23620433145580214,-0.05056174725902324,0.9755102040816327,0.9959183673469387,0,48,-0.05056174725902324,0.0005,augmented_r1
epoch,7,49,49,49.0,-0.23418767967388623,-0.0040545760368814274,0.9673469387755103,0.9928571428571429,1,48,-0.05056174725902324,0.0005,augmented_r1
epoch,7,50,50,50.0,-0.23425871810207463,-0.001040728238164162,0.960204081632653,0.9948979591836735,2,48,-0.05056174725902324,0.0005,augmented_r1
epoch,7,51,51,51.0,-0.23873783497176168,-0.034909875052315846,0.9714285714285714,0.9938775510204082,3,48,-0.05056174725902324,0.0005,augmented_r1
epoch,7,52,52,52.0,-0.2383019428766158,0.03504896796479517,0.9622448979591837,0.9918367346938776,4,48,-0.05056174725902324,0.0005,augmented_r1
epoch,7,53,53,53.0,-0.2361463117588665,-0.049747184831268935,0.9724489795918367,0.9959183673469387,5,48,-0.05056174725902324,0.0005,augmented_r1
epoch,7,54,54,54.0,-0.23650169459138196,-0.039935348958385235,0.9734693877551021,0.9928571428571429,6,48,-0.05056174725902324,0.0005,augmented_r1
epoch,7,55,55,55.0,-0.23874595291875353,0.019542047928790655,0.9591836734693877,0.9938775510204082,7,48,-0.05056174725902324,0.0005,augmented_r1
epoch,7,56,56,56.0,-0.23711819931208628,-0.05581713987856495,0.9734693877551021,0.9928571428571429,0,56,-0.05581713987856495,0.0005,augmented_r1
epoch,7,57,57,57.0,-0.24165282428562235,-0.024192119617851414,0.9714285714285714,0.9948979591836735,1,56,-0.05581713987856495,0.0005,augmented_r1
epoch,7,58,58,58.0,-0.2408886672527315,-0.046920970508030485,0.9724489795918367,0.9938775510204082,2,56,-0.05581713987856495,0.0005,augmented_r1
epoch,7,59,59,59.0,-0.23920629068336538,0.02556850666902503,0.9673469387755103,0.9928571428571429,3,56,-0.05581713987856495,0.0005,augmented_r1
epoch,7,60,60,60.0,-0.24154396155613203,-0.03610605317719129,0.9755102040816327,0.9959183673469387,4,56,-0.05581713987856495,0.0005,augmented_r1
epoch,7,61,61,61.0,-0.2433907978382102,-0.018372568305657835,0.9663265306122449,0.9938775510204082,5,56,-0.05581713987856495,0.0005,augmented_r1
epoch,7,62,62,62.0,-0.24220412401410596,0.03700501772822166,0.9540816326530612,0.9938775510204082,6,56,-0.05581713987856495,0.0005,augmented_r1
epoch,7,63,63,63.0,-0.2431592163691129,0.16200999629740812,0.939795918367347,0.9908163265306122,7,56,-0.05581713987856495,0.0005,augmented_r1
epoch,7,64,64,64.0,-0.24301794527121365,0.039941091926730406,0.9520408163265306,0.9938775510204082,8,56,-0.05581713987856495,0.0005,augmented_r1
epoch,7,65,65,65.0,-0.22427391570316788,1.1891873150455707,0.810204081632653,0.9693877551020408,9,56,-0.05581713987856495,0.0005,augmented_r1
epoch,7,66,66,66.0,-0.20628310881362305,0.9117808264129016,0.8948979591836734,0.9387755102040817,10,56,-0.05581713987856495,0.0005,augmented_r1
epoch,7,67,67,67.0,-0.2057521018016571,0.3637290195542939,0.9102040816326531,0.9928571428571429,11,56,-0.05581713987856495,0.00025,augmented_r1
epoch,7,68,68,68.0,-0.23042513141294418,0.07681168585407491,0.9581632653061225,0.9918367346938776,12,56,-0.05581713987856495,0.00025,augmented_r1
epoch,7,69,69,69.0,-0.24157416750180197,-0.023266811760104433,0.9673469387755103,0.9959183673469387,13,56,-0.05581713987856495,0.00025,augmented_r1
epoch,7,70,70,70.0,-0.24666985922167098,-0.04634223762823611,0.9683673469387755,0.9948979591836735,14,56,-0.05581713987856495,0.00025,augmented_r1
epoch,7,71,71,71.0,-0.24757512934468737,-0.04578697292172179,0.9704081632653061,0.9948979591836735,15,56,-0.05581713987856495,0.00025,augmented_r1
epoch,7,72,72,72.0,-0.2472158761333997,-0.055911834385930274,0.9724489795918367,0.9928571428571429,0,72,-0.055911834385930274,0.00025,augmented_r1
epoch,7,73,73,73.0,-0.24813096698067483,-0.028756527998009505,0.9683673469387755,0.9938775510204082,1,72,-0.055911834385930274,0.00025,augmented_r1
epoch,7,74,74,74.0,-0.2489919600246497,-0.058551524123367,0.9744897959183674,0.9948979591836735,0,74,-0.058551524123367,0.00025,augmented_r1
epoch,7,75,75,75.0,-0.24862721928996062,-0.0718714577811105,0.9775510204081632,0.9959183673469387,0,75,-0.0718714577811105,0.00025,augmented_r1
epoch,7,76,76,76.0,-0.24815928037741267,-0.055687068433177715,0.9734693877551021,0.9959183673469387,1,75,-0.0718714577811105,0.00025,augmented_r1
epoch,7,77,77,77.0,-0.24852530846961562,-0.044331484911393146,0.9704081632653061,0.9948979591836735,2,75,-0.0718714577811105,0.00025,augmented_r1
epoch,7,78,78,78.0,-0.24955047150930923,-0.05904687034840486,0.9775510204081632,0.9938775510204082,3,75,-0.0718714577811105,0.00025,augmented_r1
epoch,7,79,79,79.0,-0.24900671097023402,-0.057235133891202966,0.9755102040816327,0.9959183673469387,4,75,-0.0718714577811105,0.00025,augmented_r1
epoch,7,80,80,80.0,-0.2482905208496305,-0.028588095489813357,0.9704081632653061,0.9948979591836735,5,75,-0.0718714577811105,0.00025,augmented_r1
epoch,7,81,81,81.0,-0.24946744746096935,-0.054865957766163105,0.9734693877551021,0.9948979591836735,6,75,-0.0718714577811105,0.00025,augmented_r1
epoch,7,82,82,82.0,-0.2495770299916261,-0.04437397061562052,0.9724489795918367,0.9959183673469387,7,75,-0.0718714577811105,0.00025,augmented_r1
epoch,7,83,83,83.0,-0.24774223276554755,-0.03668234396953972,0.9744897959183674,0.9938775510204082,8,75,-0.0718714577811105,0.00025,augmented_r1
epoch,7,84,84,84.0,-0.24825635383305525,-0.0331444331577846,0.9724489795918367,0.9938775510204082,9,75,-0.0718714577811105,0.00025,augmented_r1
epoch,7,85,85,85.0,-0.24815726096230747,-0.05719687549435363,0.9744897959183674,0.9938775510204082,10,75,-0.0718714577811105,0.00025,augmented_r1
epoch,7,86,86,86.0,-0.24992573439831414,-0.03534529063166404,0.9724489795918367,0.9938775510204082,11,75,-0.0718714577811105,0.000125,augmented_r1
epoch,7,87,87,87.0,-0.2500949074233926,-0.05312073230743408,0.9734693877551021,0.9959183673469387,12,75,-0.0718714577811105,0.000125,augmented_r1
epoch,7,88,88,88.0,-0.2519685518346588,-0.046656971075096906,0.9704081632653061,0.9948979591836735,13,75,-0.0718714577811105,0.000125,augmented_r1
epoch,7,89,89,89.0,-0.2518842198661496,-0.03626364785797742,0.9673469387755103,0.9948979591836735,14,75,-0.0718714577811105,0.000125,augmented_r1
epoch,7,90,90,90.0,-0.2509128951885675,-0.06417072646471919,0.9734693877551021,0.9948979591836735,15,75,-0.0718714577811105,0.000125,augmented_r1
epoch,7,91,91,91.0,-0.2514152977610522,-0.05125133310045515,0.9724489795918367,0.9938775510204082,16,75,-0.0718714577811105,0.000125,augmented_r1
epoch,7,92,92,92.0,-0.2520001015498646,-0.05479312234995316,0.9734693877551021,0.9948979591836735,17,75,-0.0718714577811105,0.000125,augmented_r1
epoch,7,93,93,93.0,-0.25188508999115006,-0.06216610159192767,0.9775510204081632,0.9938775510204082,18,75,-0.0718714577811105,0.000125,augmented_r1
epoch,7,94,94,94.0,-0.25110787740361945,-0.06340052838228187,0.9734693877551021,0.9948979591836735,19,75,-0.0718714577811105,0.000125,augmented_r1
epoch,7,95,95,95.0,-0.251257333953544,-0.05882064371692891,0.9734693877551021,0.9948979591836735,20,75,-0.0718714577811105,0.000125,augmented_r1
epoch,7,96,96,96.0,-0.2509981408694956,-0.06219889144508206,0.9734693877551021,0.9959183673469387,21,75,-0.0718714577811105,0.000125,augmented_r1
epoch,7,97,97,97.0,-0.2518818616542392,-0.04284374373299735,0.9734693877551021,0.9938775510204082,22,75,-0.0718714577811105,6.25e-05,augmented_r1
epoch,7,98,98,98.0,-0.25286188587728975,-0.06163622359840237,0.9744897959183674,0.9948979591836735,23,75,-0.0718714577811105,6.25e-05,augmented_r1
epoch,7,99,99,99.0,-0.2529239891552676,-0.056249212732120434,0.9744897959183674,0.9938775510204082,24,75,-0.0718714577811105,6.25e-05,augmented_r1
epoch,7,100,100,100.0,-0.25286118845153926,-0.06757221611178651,0.9744897959183674,0.9938775510204082,25,75,-0.0718714577811105,6.25e-05,augmented_r1
epoch,7,101,101,101.0,-0.2532962200536654,-0.051004623393623195,0.9704081632653061,0.9948979591836735,26,75,-0.0718714577811105,6.25e-05,augmented_r1
epoch,7,102,102,102.0,-0.25287548063345733,-0.053036592931163556,0.9714285714285714,0.9959183673469387,27,75,-0.0718714577811105,6.25e-05,augmented_r1
epoch,7,103,103,103.0,-0.25302861803399396,-0.06841967397806596,0.9734693877551021,0.9959183673469387,28,75,-0.0718714577811105,6.25e-05,augmented_r1
epoch,7,104,104,104.0,-0.253001724218056,-0.06637095237264828,0.9785714285714285,0.9948979591836735,29,75,-0.0718714577811105,6.25e-05,augmented_r1
epoch,7,105,105,105.0,-0.2531745503612177,-0.07200386670170998,0.9755102040816327,0.9938775510204082,0,105,-0.07200386670170998,6.25e-05,augmented_r1
epoch,7,106,106,106.0,-0.2526927626084264,-0.06919750486101423,0.9744897959183674,0.9948979591836735,1,105,-0.07200386670170998,6.25e-05,augmented_r1
epoch,7,107,107,107.0,-0.2526378239277975,-0.06187632181206528,0.9724489795918367,0.9948979591836735,2,105,-0.07200386670170998,6.25e-05,augmented_r1
epoch,7,108,108,108.0,-0.2537418008932892,-0.060198881674786,0.9734693877551021,0.9948979591836735,3,105,-0.07200386670170998,6.25e-05,augmented_r1
epoch,7,109,109,109.0,-0.25341083970440015,-0.06600856683692154,0.9755102040816327,0.9938775510204082,4,105,-0.07200386670170998,6.25e-05,augmented_r1
epoch,7,110,110,110.0,-0.25320581211807835,-0.06554688774809546,0.9734693877551021,0.9938775510204082,5,105,-0.07200386670170998,6.25e-05,augmented_r1
epoch,7,111,111,111.0,-0.252886380058389,-0.05330881488566496,0.9714285714285714,0.9948979591836735,6,105,-0.07200386670170998,6.25e-05,augmented_r1
epoch,7,112,112,112.0,-0.25258276352165937,-0.06337433639837771,0.976530612244898,0.9938775510204082,7,105,-0.07200386670170998,6.25e-05,augmented_r1
epoch,7,113,113,113.0,-0.25239582187308,-0.05631435841930156,0.9734693877551021,0.9938775510204082,8,105,-0.07200386670170998,6.25e-05,augmented_r1
epoch,7,114,114,114.0,-0.25326892770099685,-0.05684071365667849,0.9734693877551021,0.9938775510204082,9,105,-0.07200386670170998,6.25e-05,augmented_r1
epoch,7,115,115,115.0,-0.25325464983176926,-0.07090212131033138,0.9775510204081632,0.9938775510204082,10,105,-0.07200386670170998,6.25e-05,augmented_r1
epoch,7,116,116,116.0,-0.25269096129275,-0.06554039351794184,0.9755102040816327,0.9938775510204082,11,105,-0.07200386670170998,3.125e-05,augmented_r1
epoch,7,117,117,117.0,-0.25305745109773686,-0.05655879633767264,0.9714285714285714,0.9938775510204082,12,105,-0.07200386670170998,3.125e-05,augmented_r1
epoch,7,118,118,118.0,-0.25333741387074177,-0.06405504431043352,0.9714285714285714,0.9938775510204082,13,105,-0.07200386670170998,3.125e-05,augmented_r1
epoch,7,119,119,119.0,-0.2531349097280896,-0.06434604391759756,0.976530612244898,0.9938775510204082,14,105,-0.07200386670170998,3.125e-05,augmented_r1
epoch,7,120,120,120.0,-0.2535836912262077,-0.07389148303440639,0.976530612244898,0.9948979591836735,0,120,-0.07389148303440639,3.125e-05,augmented_r1
epoch,7,121,121,121.0,-0.2539707526422553,-0.051776714714205994,0.9724489795918367,0.9938775510204082,1,120,-0.07389148303440639,3.125e-05,augmented_r1
epoch,7,122,122,122.0,-0.2533600305461148,-0.06638222713859714,0.9744897959183674,0.9938775510204082,2,120,-0.07389148303440639,3.125e-05,augmented_r1
epoch,7,123,123,123.0,-0.2534138975065511,-0.0715671378739026,0.9724489795918367,0.9938775510204082,3,120,-0.07389148303440639,3.125e-05,augmented_r1
epoch,7,124,124,124.0,-0.25408963669011986,-0.06981804808791803,0.9755102040816327,0.9938775510204082,4,120,-0.07389148303440639,3.125e-05,augmented_r1
epoch,7,125,125,125.0,-0.25403762761971865,-0.0689879543927251,0.9744897959183674,0.9938775510204082,5,120,-0.07389148303440639,3.125e-05,augmented_r1
epoch,7,126,126,126.0,-0.2533734281713509,-0.07575215855423285,0.9775510204081632,0.9938775510204082,0,126,-0.07575215855423285,3.125e-05,augmented_r1
epoch,7,127,127,127.0,-0.2536016562771808,-0.07270983481893734,0.9755102040816327,0.9948979591836735,1,126,-0.07575215855423285,3.125e-05,augmented_r1
epoch,7,128,128,128.0,-0.2536791684786623,-0.06259020299327617,0.9744897959183674,0.9938775510204082,2,126,-0.07575215855423285,3.125e-05,augmented_r1
epoch,7,129,129,129.0,-0.2529968855817157,-0.06483157556884143,0.9724489795918367,0.9948979591836735,3,126,-0.07575215855423285,3.125e-05,augmented_r1
epoch,7,130,130,130.0,-0.2537352967900793,-0.05961806968766816,0.9714285714285714,0.9938775510204082,4,126,-0.07575215855423285,3.125e-05,augmented_r1
epoch,7,131,131,131.0,-0.25347786957818275,-0.06041145957246118,0.9714285714285714,0.9938775510204082,5,126,-0.07575215855423285,3.125e-05,augmented_r1
epoch,7,132,132,132.0,-0.2538440550017563,-0.05396632077742596,0.9744897959183674,0.9938775510204082,6,126,-0.07575215855423285,3.125e-05,augmented_r1
epoch,7,133,133,133.0,-0.2540860522134273,-0.07400784541149528,0.9744897959183674,0.9948979591836735,7,126,-0.07575215855423285,3.125e-05,augmented_r1
epoch,7,134,134,134.0,-0.25367130910706315,-0.05593498288368692,0.9704081632653061,0.9948979591836735,8,126,-0.07575215855423285,3.125e-05,augmented_r1
epoch,7,135,135,135.0,-0.2544793122419703,-0.05670307850351139,0.9734693877551021,0.9938775510204082,9,126,-0.07575215855423285,3.125e-05,augmented_r1
epoch,7,136,136,136.0,-0.2545119938772481,-0.06690633637564523,0.9744897959183674,0.9938775510204082,10,126,-0.07575215855423285,3.125e-05,augmented_r1
epoch,7,137,137,137.0,-0.2541284182642029,-0.06844962616356051,0.9744897959183674,0.9938775510204082,11,126,-0.07575215855423285,1.5625e-05,augmented_r1
epoch,7,138,138,138.0,-0.25445372602152816,-0.06662073913885623,0.9755102040816327,0.9938775510204082,12,126,-0.07575215855423285,1.5625e-05,augmented_r1
epoch,7,139,139,139.0,-0.25409102772670716,-0.06788078960107298,0.9734693877551021,0.9948979591836735,13,126,-0.07575215855423285,1.5625e-05,augmented_r1
epoch,7,140,140,140.0,-0.25440401585600997,-0.06668074374296228,0.9755102040816327,0.9938775510204082,14,126,-0.07575215855423285,1.5625e-05,augmented_r1
epoch,7,141,141,141.0,-0.25490892918284136,-0.07231079753564329,0.9755102040816327,0.9938775510204082,15,126,-0.07575215855423285,1.5625e-05,augmented_r1
epoch,7,142,142,142.0,-0.2543648642082405,-0.06768326905308937,0.9744897959183674,0.9938775510204082,16,126,-0.07575215855423285,1.5625e-05,augmented_r1
epoch,7,143,143,143.0,-0.25479501472296523,-0.06307074683053153,0.9744897959183674,0.9938775510204082,17,126,-0.07575215855423285,1.5625e-05,augmented_r1
epoch,7,144,144,144.0,-0.2546487665154747,-0.07150896422717036,0.9734693877551021,0.9938775510204082,18,126,-0.07575215855423285,1.5625e-05,augmented_r1
epoch,7,145,145,145.0,-0.2547362739261691,-0.06869185652051653,0.9755102040816327,0.9938775510204082,19,126,-0.07575215855423285,1.5625e-05,augmented_r1
epoch,7,146,146,146.0,-0.25444939033150726,-0.05470850078427062,0.9744897959183674,0.9938775510204082,20,126,-0.07575215855423285,1.5625e-05,augmented_r1
epoch,7,147,147,147.0,-0.25478005955774463,-0.06328792961276307,0.9734693877551021,0.9938775510204082,21,126,-0.07575215855423285,1.5625e-05,augmented_r1
epoch,7,148,148,148.0,-0.25435031872687425,-0.0680286388007962,0.9734693877551021,0.9938775510204082,22,126,-0.07575215855423285,7.8125e-06,augmented_r1
epoch,7,149,149,149.0,-0.2549104332599216,-0.07203086006398103,0.9755102040816327,0.9938775510204082,23,126,-0.07575215855423285,7.8125e-06,augmented_r1
epoch,7,150,150,150.0,-0.2548280323412112,-0.06580818769883136,0.9734693877551021,0.9938775510204082,24,126,-0.07575215855423285,7.8125e-06,augmented_r1
epoch,7,151,151,151.0,-0.25490553225921164,-0.06822988986968995,0.9734693877551021,0.9938775510204082,25,126,-0.07575215855423285,7.8125e-06,augmented_r1
epoch,7,152,152,152.0,-0.25504345440399195,-0.06030281368567019,0.9744897959183674,0.9938775510204082,26,126,-0.07575215855423285,7.8125e-06,augmented_r1
epoch,7,153,153,153.0,-0.25429835083589625,-0.06690486547898274,0.9744897959183674,0.9938775510204082,27,126,-0.07575215855423285,7.8125e-06,augmented_r1
epoch,7,154,154,154.0,-0.254725819330999,-0.06523912731482058,0.9724489795918367,0.9938775510204082,28,126,-0.07575215855423285,7.8125e-06,augmented_r1
epoch,7,155,155,155.0,-0.25469828720694504,-0.06453265559916593,0.9734693877551021,0.9938775510204082,29,126,-0.07575215855423285,7.8125e-06,augmented_r1
epoch,7,156,156,156.0,-0.25459047203652707,-0.06276362915428317,0.9734693877551021,0.9938775510204082,30,126,-0.07575215855423285,7.8125e-06,augmented_r1
epoch,8,1,1,1.0,1.6787362131161199,2.3015781675066265,0.6214285714285714,0.5683673469387756,0,1,2.3015781675066265,0.001,augmented_r1
epoch,8,2,2,2.0,1.0299404028378667,1.8057695155241051,0.5102040816326531,0.8642857142857143,0,2,1.8057695155241051,0.001,augmented_r1
epoch,8,3,3,3.0,0.824691277036221,1.495489383230404,0.6346938775510204,0.8908163265306123,0,3,1.495489383230404,0.001,augmented_r1
epoch,8,4,4,4.0,0.7178641132912309,2.3334299311345936,0.4336734693877551,0.7683673469387755,1,3,1.495489383230404,0.001,augmented_r1
epoch,8,5,5,5.0,0.6214176269752893,1.70143712248121,0.42959183673469387,0.9846938775510204,2,3,1.495489383230404,0.001,augmented_r1
epoch,8,6,6,6.0,0.5677513955833151,1.3083874425109552,0.7795918367346939,0.7571428571428571,0,6,1.3083874425109552,0.001,augmented_r1
epoch,8,7,7,7.0,0.5072372665039475,0.7359514129405119,0.8918367346938776,0.9622448979591837,0,7,0.7359514129405119,0.001,augmented_r1
epoch,8,8,8,8.0,0.4448490961405347,0.9039578068013094,0.7479591836734694,0.9887755102040816,1,7,0.7359514129405119,0.001,augmented_r1
epoch,8,9,9,9.0,0.37575701794946836,0.5749639739795607,0.9163265306122449,0.9755102040816327,0,9,0.5749639739795607,0.001,augmented_r1
epoch,8,10,10,10.0,0.34388500703663594,1.204960003191111,0.7255102040816327,0.9479591836734694,1,9,0.5749639739795607,0.001,augmented_r1
epoch,8,11,11,11.0,0.3134013454967123,2.736393662861415,0.513265306122449,0.976530612244898,2,9,0.5749639739795607,0.001,augmented_r1
epoch,8,12,12,12.0,0.2911382807123623,0.5734740179412219,0.9081632653061225,0.9520408163265306,0,12,0.5734740179412219,0.001,augmented_r1
epoch,8,13,13,13.0,0.21882044968689457,0.3769271997772917,0.9459183673469388,0.9908163265306122,0,13,0.3769271997772917,0.001,augmented_r1
epoch,8,14,14,14.0,0.17524210698107834,0.28156221131889186,0.9551020408163265,0.9938775510204082,0,14,0.28156221131889186,0.001,augmented_r1
epoch,8,15,15,15.0,0.16542388488637064,0.5805446996980784,0.9112244897959184,0.9357142857142857,1,14,0.28156221131889186,0.001,augmented_r1
epoch,8,16,16,16.0,0.13654302820204822,0.769475685333719,0.8683673469387755,0.9214285714285714,2,14,0.28156221131889186,0.001,augmented_r1
epoch,8,17,17,17.0,0.10000248638218877,1.5920843075732796,0.6591836734693878,0.9755102040816327,3,14,0.28156221131889186,0.001,augmented_r1
epoch,8,18,18,18.0,0.10247523120139006,3.7572874575245137,0.30918367346938774,0.7,4,14,0.28156221131889186,0.001,augmented_r1
epoch,8,19,19,19.0,0.06605609679189639,1.4745026938769281,0.7244897959183674,0.9459183673469388,5,14,0.28156221131889186,0.001,augmented_r1
epoch,8,20,20,20.0,0.030999491228821383,1.1141062872750418,0.7275510204081632,0.9438775510204082,6,14,0.28156221131889186,0.001,augmented_r1
epoch,8,21,21,21.0,-0.018472674079121,0.5772862716596954,0.9428571428571428,0.8857142857142857,7,14,0.28156221131889186,0.001,augmented_r1
epoch,8,22,22,22.0,-0.04396524493714868,0.5429686169235074,0.8561224489795919,0.9908163265306122,8,14,0.28156221131889186,0.001,augmented_r1
epoch,8,23,23,23.0,-0.022935831595484475,1.6085065325912165,0.6969387755102041,0.8887755102040816,9,14,0.28156221131889186,0.001,augmented_r1
epoch,8,24,24,24.0,-0.024373603040285668,1.3496941537273173,0.8183673469387756,0.826530612244898,10,14,0.28156221131889186,0.001,augmented_r1
epoch,8,25,25,25.0,-0.05245815089654771,0.5051119704635776,0.8989795918367347,0.9540816326530612,11,14,0.28156221131889186,0.0005,augmented_r1
epoch,8,26,26,26.0,-0.10455806683909606,0.029824408219785107,0.9714285714285714,0.9918367346938776,0,26,0.029824408219785107,0.0005,augmented_r1
epoch,8,27,27,27.0,-0.13157220369461067,0.023514380990242473,0.9653061224489796,0.9948979591836735,0,27,0.023514380990242473,0.0005,augmented_r1
epoch,8,28,28,28.0,-0.1424490855165465,-0.018716920881855243,0.9795918367346939,0.9928571428571429,0,28,-0.018716920881855243,0.0005,augmented_r1
epoch,8,29,29,29.0,-0.14919475582692496,-0.018150528109803492,0.976530612244898,0.9928571428571429,1,28,-0.018716920881855243,0.0005,augmented_r1
epoch,8,30,30,30.0,-0.1505556523502279,0.029498192485497923,0.9704081632653061,0.9908163265306122,2,28,-0.018716920881855243,0.0005,augmented_r1
epoch,8,31,31,31.0,-0.15984055996482285,-0.008155538111316914,0.9714285714285714,0.9938775510204082,3,28,-0.018716920881855243,0.0005,augmented_r1
epoch,8,32,32,32.0,-0.16621976906853916,-0.023568863771399672,0.9744897959183674,0.9928571428571429,0,32,-0.023568863771399672,0.0005,augmented_r1
epoch,8,33,33,33.0,-0.17181902114662104,-0.04615425576969069,0.9836734693877551,0.9928571428571429,0,33,-0.04615425576969069,0.0005,augmented_r1
epoch,8,34,34,34.0,-0.1767824350894715,-0.03238944034187161,0.9775510204081632,0.9918367346938776,1,33,-0.04615425576969069,0.0005,augmented_r1
epoch,8,35,35,35.0,-0.1812850103776562,0.007598672107774384,0.9693877551020408,0.9928571428571429,2,33,-0.04615425576969069,0.0005,augmented_r1
epoch,8,36,36,36.0,-0.18489902508134362,0.009444716268656205,0.976530612244898,0.9908163265306122,3,33,-0.04615425576969069,0.0005,augmented_r1
epoch,8,37,37,37.0,-0.18466666964471637,0.16825410078982916,0.9428571428571428,0.9846938775510204,4,33,-0.04615425576969069,0.0005,augmented_r1
epoch,8,38,38,38.0,-0.187522649413285,0.9025268007297905,0.8173469387755102,0.9806122448979592,5,33,-0.04615425576969069,0.0005,augmented_r1
epoch,8,39,39,39.0,-0.18632295277245306,0.21310938864338155,0.9316326530612244,0.9908163265306122,6,33,-0.04615425576969069,0.0005,augmented_r1
epoch,8,40,40,40.0,-0.18779777733780717,0.47815663984843665,0.8969387755102041,0.976530612244898,7,33,-0.04615425576969069,0.0005,augmented_r1
epoch,8,41,41,41.0,-0.18086344847828487,0.9714770183271292,0.7826530612244897,0.9816326530612245,8,33,-0.04615425576969069,0.0005,augmented_r1
epoch,8,42,42,42.0,-0.12628344584745113,1.451775074978264,0.9295918367346939,0.7346938775510204,9,33,-0.04615425576969069,0.0005,augmented_r1
epoch,8,43,43,43.0,-0.09901432029453126,3.3578270016884315,0.5214285714285715,0.9714285714285714,10,33,-0.04615425576969069,0.0005,augmented_r1
epoch,8,44,44,44.0,-0.16363101726870508,0.03312894154568108,0.9571428571428572,0.9908163265306122,11,33,-0.04615425576969069,0.00025,augmented_r1
epoch,8,45,45,45.0,-0.20554707142855436,-0.08532814055073018,0.9857142857142858,0.9928571428571429,0,45,-0.08532814055073018,0.00025,augmented_r1
epoch,8,46,46,46.0,-0.21643416041739139,-0.0697963471315345,0.9744897959183674,0.9928571428571429,1,45,-0.08532814055073018,0.00025,augmented_r1
epoch,8,47,47,47.0,-0.21989639620861032,-0.08042386235023032,0.9816326530612245,0.9928571428571429,2,45,-0.08532814055073018,0.00025,augmented_r1
epoch,8,48,48,48.0,-0.22146691336612295,-0.07791813052430445,0.9755102040816327,0.9938775510204082,3,45,-0.08532814055073018,0.00025,augmented_r1
epoch,8,49,49,49.0,-0.2230825147680732,-0.09173173782776813,0.9836734693877551,0.9938775510204082,0,49,-0.09173173782776813,0.00025,augmented_r1
epoch,8,50,50,50.0,-0.22538105685549653,-0.07862916406320065,0.9795918367346939,0.9938775510204082,1,49,-0.09173173782776813,0.00025,augmented_r1
epoch,8,51,51,51.0,-0.22500138254637508,-0.0790496565857712,0.9775510204081632,0.9948979591836735,2,49,-0.09173173782776813,0.00025,augmented_r1
epoch,8,52,52,52.0,-0.22651206851817238,-0.091227646019994,0.9816326530612245,0.9938775510204082,3,49,-0.09173173782776813,0.00025,augmented_r1
epoch,8,53,53,53.0,-0.22875948096750218,-0.0789915632228462,0.9775510204081632,0.9948979591836735,4,49,-0.09173173782776813,0.00025,augmented_r1
epoch,8,54,54,54.0,-0.22932545263768325,-0.08553009252158963,0.9806122448979592,0.9928571428571429,5,49,-0.09173173782776813,0.00025,augmented_r1
epoch,8,55,55,55.0,-0.23022623160618086,-0.02602843459771604,0.9724489795918367,0.9908163265306122,6,49,-0.09173173782776813,0.00025,augmented_r1
epoch,8,56,56,56.0,-0.23117050638103614,-0.07453516210828509,0.9744897959183674,0.9928571428571429,7,49,-0.09173173782776813,0.00025,augmented_r1
epoch,8,57,57,57.0,-0.23174559123073443,-0.08301666634423392,0.9806122448979592,0.9928571428571429,8,49,-0.09173173782776813,0.00025,augmented_r1
epoch,8,58,58,58.0,-0.2339880942919554,-0.0713999217870284,0.9755102040816327,0.9928571428571429,9,49,-0.09173173782776813,0.00025,augmented_r1
epoch,8,59,59,59.0,-0.2345382718946844,-0.09508887359074183,0.9816326530612245,0.9948979591836735,0,59,-0.09508887359074183,0.00025,augmented_r1
epoch,8,60,60,60.0,-0.23630611765563245,-0.06803070282449528,0.9734693877551021,0.9938775510204082,1,59,-0.09508887359074183,0.00025,augmented_r1
epoch,8,61,61,61.0,-0.2359866172792259,-0.08676763116096964,0.9826530612244898,0.9948979591836735,2,59,-0.09508887359074183,0.00025,augmented_r1
epoch,8,62,62,62.0,-0.23763651716346584,-0.07423455033983503,0.9836734693877551,0.9928571428571429,3,59,-0.09508887359074183,0.00025,augmented_r1
epoch,8,63,63,63.0,-0.24023545039982563,-0.08810007766801484,0.9826530612244898,0.9948979591836735,4,59,-0.09508887359074183,0.00025,augmented_r1
epoch,8,64,64,64.0,-0.23932955411689366,-0.05034590108054025,0.9704081632653061,0.9938775510204082,5,59,-0.09508887359074183,0.00025,augmented_r1
epoch,8,65,65,65.0,-0.2403167304644193,-0.050168413045454996,0.9785714285714285,0.9908163265306122,6,59,-0.09508887359074183,0.00025,augmented_r1
epoch,8,66,66,66.0,-0.2385449230643873,-0.05126866515801878,0.9775510204081632,0.9928571428571429,7,59,-0.09508887359074183,0.00025,augmented_r1
epoch,8,67,67,67.0,-0.2406173367636668,-0.05121659064779476,0.9714285714285714,0.9948979591836735,8,59,-0.09508887359074183,0.00025,augmented_r1
epoch,8,68,68,68.0,-0.22275577966484003,0.3440714510119691,0.9102040816326531,0.9918367346938776,9,59,-0.09508887359074183,0.00025,augmented_r1
epoch,8,69,69,69.0,-0.22060439216511604,0.34539366741569677,0.9428571428571428,0.9551020408163265,10,59,-0.09508887359074183,0.00025,augmented_r1
epoch,8,70,70,70.0,-0.2357682204224876,0.21281983901043328,0.9540816326530612,0.9704081632653061,11,59,-0.09508887359074183,0.000125,augmented_r1
epoch,8,71,71,71.0,-0.24400638546447997,-0.09109833824391268,0.9775510204081632,0.9948979591836735,12,59,-0.09508887359074183,0.000125,augmented_r1
epoch,8,72,72,72.0,-0.24609820971530078,-0.08784878837819002,0.9785714285714285,0.9948979591836735,13,59,-0.09508887359074183,0.000125,augmented_r1
epoch,8,73,73,73.0,-0.24695526733757742,-0.08965720108577184,0.9785714285714285,0.9948979591836735,14,59,-0.09508887359074183,0.000125,augmented_r1
epoch,8,74,74,74.0,-0.24666613900439607,-0.09194788786829734,0.9816326530612245,0.9938775510204082,15,59,-0.09508887359074183,0.000125,augmented_r1
epoch,8,75,75,75.0,-0.2475069953104176,-0.08247113179187385,0.976530612244898,0.9948979591836735,16,59,-0.09508887359074183,0.000125,augmented_r1
epoch,8,76,76,76.0,-0.24763626060429564,-0.09120655205785012,0.9806122448979592,0.9948979591836735,17,59,-0.09508887359074183,0.000125,augmented_r1
epoch,8,77,77,77.0,-0.24802263157507315,-0.08132227148328508,0.976530612244898,0.9948979591836735,18,59,-0.09508887359074183,0.000125,augmented_r1
epoch,8,78,78,78.0,-0.24773241358348796,-0.07489325416331388,0.9775510204081632,0.9928571428571429,19,59,-0.09508887359074183,0.000125,augmented_r1
epoch,8,79,79,79.0,-0.24766193205153353,-0.08862763813563755,0.9816326530612245,0.9938775510204082,20,59,-0.09508887359074183,0.000125,augmented_r1
epoch,8,80,80,80.0,-0.24789535980358807,-0.08554589505098303,0.9775510204081632,0.9948979591836735,21,59,-0.09508887359074183,0.000125,augmented_r1
epoch,8,81,81,81.0,-0.24870480984598195,-0.07965324995469074,0.9806122448979592,0.9938775510204082,22,59,-0.09508887359074183,6.25e-05,augmented_r1
epoch,8,82,82,82.0,-0.24964570555425047,-0.09344298450314269,0.9806122448979592,0.9948979591836735,23,59,-0.09508887359074183,6.25e-05,augmented_r1
epoch,8,83,83,83.0,-0.25030195198976823,-0.09310114967579744,0.9806122448979592,0.9948979591836735,24,59,-0.09508887359074183,6.25e-05,augmented_r1
epoch,8,84,84,84.0,-0.2503271606960894,-0.08694129622712428,0.9775510204081632,0.9948979591836735,25,59,-0.09508887359074183,6.25e-05,augmented_r1
epoch,8,85,85,85.0,-0.2500815077148347,-0.09252677158433564,0.9795918367346939,0.9948979591836735,26,59,-0.09508887359074183,6.25e-05,augmented_r1
epoch,8,86,86,86.0,-0.2504031140318363,-0.08575488158634731,0.9785714285714285,0.9948979591836735,27,59,-0.09508887359074183,6.25e-05,augmented_r1
epoch,8,87,87,87.0,-0.25000475246258014,-0.09123408940373635,0.9795918367346939,0.9948979591836735,28,59,-0.09508887359074183,6.25e-05,augmented_r1
epoch,8,88,88,88.0,-0.25004682276284645,-0.08503808975219726,0.976530612244898,0.9948979591836735,29,59,-0.09508887359074183,6.25e-05,augmented_r1
epoch,8,89,89,89.0,-0.2503197979396763,-0.0901367966009646,0.9806122448979592,0.9948979591836735,30,59,-0.09508887359074183,6.25e-05,augmented_r1
epoch,9,1,1,1.0,1.5338571042945264,1.4877282955208604,0.6377551020408163,0.8979591836734694,0,1,1.4877282955208604,0.001,augmented_r1
epoch,9,2,2,2.0,0.945192350212466,1.488160762494924,0.8530612244897959,0.6806122448979591,1,1,1.4877282955208604,0.001,augmented_r1
epoch,9,3,3,3.0,0.7916603115435031,1.0810391163339421,0.8020408163265306,0.9520408163265306,0,3,1.0810391163339421,0.001,augmented_r1
epoch,9,4,4,4.0,0.7027235777876997,1.4588662741135578,0.7642857142857142,0.7489795918367347,1,3,1.0810391163339421,0.001,augmented_r1
epoch,9,5,5,5.0,0.6066729730494824,1.2924795277264653,0.7183673469387755,0.8346938775510204,2,3,1.0810391163339421,0.001,augmented_r1
epoch,9,6,6,6.0,0.5434964895518974,0.9839359171536504,0.7602040816326531,0.9887755102040816,0,6,0.9839359171536504,0.001,augmented_r1
epoch,9,7,7,7.0,0.4925563624919245,1.245489611431044,0.7071428571428572,0.9295918367346939,1,6,0.9839359171536504,0.001,augmented_r1
epoch,9,8,8,8.0,0.42306948817431034,1.2262284312929426,0.7040816326530612,0.986734693877551,2,6,0.9839359171536504,0.001,augmented_r1
epoch,9,9,9,9.0,0.37974696922616097,1.7087415670862003,0.5081632653061224,0.9785714285714285,3,6,0.9839359171536504,0.001,augmented_r1
epoch,9,10,10,10.0,0.3378657191328931,1.5114835057939802,0.7285714285714285,0.9244897959183673,4,6,0.9839359171536504,0.001,augmented_r1
epoch,9,11,11,11.0,0.27505471657148234,0.48400985197145113,0.9346938775510204,0.9704081632653061,0,11,0.48400985197145113,0.001,augmented_r1
epoch,9,12,12,12.0,0.23592614453865948,1.303921777861459,0.7183673469387755,0.9173469387755102,1,11,0.48400985197145113,0.001,augmented_r1
epoch,9,13,13,13.0,0.21443780559980485,0.37467445536535615,0.9377551020408164,0.9897959183673469,0,13,0.37467445536535615,0.001,augmented_r1
epoch,9,14,14,14.0,0.18465643091684464,0.5557970039698542,0.8816326530612245,0.9897959183673469,1,13,0.37467445536535615,0.001,augmented_r1
epoch,9,15,15,15.0,0.14256150044477153,0.5492411990554965,0.9051020408163265,0.9755102040816327,2,13,0.37467445536535615,0.001,augmented_r1
epoch,9,16,16,16.0,0.11669452213126315,0.44045605756798567,0.9214285714285714,0.9673469387755103,3,13,0.37467445536535615,0.001,augmented_r1
epoch,9,17,17,17.0,0.09107376100039731,0.5283516037220858,0.8622448979591837,0.9704081632653061,4,13,0.37467445536535615,0.001,augmented_r1
epoch,9,18,18,18.0,0.06046639999042464,0.54214475057563,0.8673469387755102,0.9908163265306122,5,13,0.37467445536535615,0.001,augmented_r1
epoch,9,19,19,19.0,0.06942248585220905,1.1552742953203163,0.7540816326530613,0.9459183673469388,6,13,0.37467445536535615,0.001,augmented_r1
epoch,9,20,20,20.0,0.056281567377444566,0.364649273911301,0.9316326530612244,0.960204081632653,0,20,0.364649273911301,0.001,augmented_r1
epoch,9,21,21,21.0,-0.0016840940922214613,0.8989664622715541,0.7887755102040817,0.9897959183673469,1,20,0.364649273911301,0.001,augmented_r1
epoch,9,22,22,22.0,-0.04263453953275884,0.7435101766975558,0.8081632653061225,0.9948979591836735,2,20,0.364649273911301,0.001,augmented_r1
epoch,9,23,23,23.0,-0.06603221075133307,0.30571195689999325,0.9061224489795918,0.9918367346938776,0,23,0.30571195689999325,0.001,augmented_r1
epoch,9,24,24,24.0,-0.0904908072282875,0.05788261963396656,0.9683673469387755,0.9959183673469387,0,24,0.05788261963396656,0.001,augmented_r1
epoch,9,25,25,25.0,-0.11377181267662585,0.3221418234766746,0.9173469387755102,0.9897959183673469,1,24,0.05788261963396656,0.001,augmented_r1
epoch,9,26,26,26.0,-0.10505857231721952,2.3255409396424587,0.7336734693877551,0.746938775510204,2,24,0.05788261963396656,0.001,augmented_r1
epoch,9,27,27,27.0,0.025878015481175697,2.7298564414588773,0.5255102040816326,0.8979591836734694,3,24,0.05788261963396656,0.001,augmented_r1
epoch,9,28,28,28.0,0.009366238355311923,2.6530249167461784,0.5275510204081633,0.9204081632653062,4,24,0.05788261963396656,0.001,augmented_r1
epoch,9,29,29,29.0,-0.09121971884154755,1.066461590358189,0.8765306122448979,0.7948979591836735,5,24,0.05788261963396656,0.001,augmented_r1
epoch,9,30,30,30.0,-0.14363812469537832,0.24795976001389172,0.9357142857142857,0.9928571428571429,6,24,0.05788261963396656,0.001,augmented_r1
epoch,9,31,31,31.0,-0.15792625019672618,-0.023608600120155178,0.9755102040816327,0.9948979591836735,0,31,-0.023608600120155178,0.001,augmented_r1
epoch,9,32,32,32.0,-0.17497004044364378,-0.028119945526123048,0.9744897959183674,0.9948979591836735,0,32,-0.028119945526123048,0.001,augmented_r1
epoch,9,33,33,33.0,-0.18418900126822146,0.5374243278892673,0.8836734693877552,0.9653061224489796,1,32,-0.028119945526123048,0.001,augmented_r1
epoch,9,34,34,34.0,-0.19449069299213032,0.29584545043050026,0.9061224489795918,0.9948979591836735,2,32,-0.028119945526123048,0.001,augmented_r1
epoch,9,35,35,35.0,-0.1951005563268432,0.1855345156728005,0.9551020408163265,0.976530612244898,3,32,-0.028119945526123048,0.001,augmented_r1
epoch,9,36,36,36.0,0.06520524357212602,0.9822498175562645,0.8520408163265306,0.939795918367347,4,32,-0.028119945526123048,0.001,augmented_r1
epoch,9,37,37,37.0,-0.0754460146142524,0.9049197873290704,0.7826530612244897,0.9591836734693877,5,32,-0.028119945526123048,0.001,augmented_r1
epoch,9,38,38,38.0,-0.16259231185350317,1.246798273981834,0.6948979591836735,0.9826530612244898,6,32,-0.028119945526123048,0.001,augmented_r1
epoch,9,39,39,39.0,-0.2008285400437811,0.017509705193188726,0.9622448979591837,0.9928571428571429,7,32,-0.028119945526123048,0.001,augmented_r1
epoch,9,40,40,40.0,-0.21282033215746574,-0.07362297384106382,0.9785714285714285,0.9928571428571429,0,40,-0.07362297384106382,0.001,augmented_r1
epoch,9,41,41,41.0,-0.22002576799539886,-0.07565208259893923,0.9744897959183674,0.9948979591836735,0,41,-0.07565208259893923,0.001,augmented_r1
epoch,9,42,42,42.0,-0.2265250558643194,-0.08028495214423355,0.9795918367346939,0.9928571428571429,0,42,-0.08028495214423355,0.001,augmented_r1
epoch,9,43,43,43.0,-0.22222779241411242,0.058797796891660106,0.939795918367347,0.9928571428571429,1,42,-0.08028495214423355,0.001,augmented_r1
epoch,9,44,44,44.0,-0.2240797194956218,0.26487080856245393,0.9285714285714286,0.9897959183673469,2,42,-0.08028495214423355,0.001,augmented_r1
epoch,9,45,45,45.0,-0.22574828553621842,0.24035397451751087,0.926530612244898,0.9928571428571429,3,42,-0.08028495214423355,0.001,augmented_r1
epoch,9,46,46,46.0,-0.213453236272321,0.35584766426864933,0.8989795918367347,0.9918367346938776,4,42,-0.08028495214423355,0.001,augmented_r1
epoch,9,47,47,47.0,-0.14581329206742863,3.139128284065091,0.6489795918367347,0.7448979591836735,5,42,-0.08028495214423355,0.001,augmented_r1
epoch,9,48,48,48.0,-0.06329975899814531,0.46897982723858894,0.9112244897959184,0.9571428571428572,6,42,-0.08028495214423355,0.001,augmented_r1
epoch,9,49,49,49.0,-0.0753860112162974,1.3547392305062742,0.7051020408163265,0.9897959183673469,7,42,-0.08028495214423355,0.001,augmented_r1
epoch,9,50,50,50.0,-0.18772295895241847,0.4008518073023582,0.9561224489795919,0.9112244897959184,8,42,-0.08028495214423355,0.001,augmented_r1
epoch,9,51,51,51.0,-0.22039668561651443,0.01619107771892937,0.9551020408163265,0.9938775510204082,9,42,-0.08028495214423355,0.001,augmented_r1
epoch,9,52,52,52.0,-0.22408499920092223,0.00411178141224141,0.963265306122449,0.9959183673469387,10,42,-0.08028495214423355,0.001,augmented_r1
epoch,9,53,53,53.0,-0.23071121806942546,-0.08069980485098703,0.9785714285714285,0.9959183673469387,0,53,-0.08069980485098703,0.001,augmented_r1
epoch,9,54,54,54.0,-0.23822680585123548,-0.03254105898798729,0.9653061224489796,0.9928571428571429,1,53,-0.08069980485098703,0.001,augmented_r1
epoch,9,55,55,55.0,-0.2404930744720923,0.05090835970275256,0.9612244897959183,0.9887755102040816,2,53,-0.08069980485098703,0.001,augmented_r1
epoch,9,56,56,56.0,-0.2392120487139109,-0.029843946379058215,0.9775510204081632,0.9897959183673469,3,53,-0.08069980485098703,0.001,augmented_r1
epoch,9,57,57,57.0,-0.23943462465981488,-0.08858975050400715,0.9806122448979592,0.996938775510204,0,57,-0.08858975050400715,0.001,augmented_r1
epoch,9,58,58,58.0,-0.23858420073958997,0.07177461215427944,0.9530612244897959,0.9948979591836735,1,57,-0.08858975050400715,0.001,augmented_r1
epoch,9,59,59,59.0,-0.24143917407439722,-0.07060965421248455,0.9785714285714285,0.9938775510204082,2,57,-0.08858975050400715,0.001,augmented_r1
epoch,9,60,60,60.0,-0.2408955465161795,-0.09278469328977623,0.9795918367346939,0.9938775510204082,0,60,-0.09278469328977623,0.001,augmented_r1
epoch,9,61,61,61.0,-0.2388582816461623,-0.01080727041984091,0.9714285714285714,0.9918367346938776,1,60,-0.09278469328977623,0.001,augmented_r1
epoch,9,62,62,62.0,-0.23861402476099042,0.14485842841012136,0.9683673469387755,0.9826530612244898,2,60,-0.09278469328977623,0.001,augmented_r1
epoch,9,63,63,63.0,-0.23244705610907299,0.11514903623230603,0.95,0.9908163265306122,3,60,-0.09278469328977623,0.001,augmented_r1
epoch,9,64,64,64.0,-0.14829167413863062,33.93390952908263,0.22346938775510203,0.3693877551020408,4,60,-0.09278469328977623,0.001,augmented_r1
epoch,9,65,65,65.0,0.3446436308753853,1.1514162929690615,0.7663265306122449,0.9744897959183674,5,60,-0.09278469328977623,0.001,augmented_r1
epoch,9,66,66,66.0,-0.09303393560921232,0.32967203344617574,0.9255102040816326,0.9724489795918367,6,60,-0.09278469328977623,0.001,augmented_r1
epoch,9,67,67,67.0,-0.17777024303519395,-0.008062265357192682,0.9653061224489796,0.9928571428571429,7,60,-0.09278469328977623,0.001,augmented_r1
epoch,9,68,68,68.0,-0.20633187764241812,0.025714978393243285,0.9612244897959183,0.9908163265306122,8,60,-0.09278469328977623,0.001,augmented_r1
epoch,9,69,69,69.0,-0.22783273555882888,-0.00492167667466767,0.9683673469387755,0.9928571428571429,9,60,-0.09278469328977623,0.001,augmented_r1
epoch,9,70,70,70.0,-0.233256692243499,-0.06269410289063745,0.9704081632653061,0.9928571428571429,10,60,-0.09278469328977623,0.001,augmented_r1
epoch,9,71,71,71.0,-0.23587704519223365,-0.09866764058872145,0.9795918367346939,0.9948979591836735,0,71,-0.09866764058872145,0.001,augmented_r1
epoch,9,72,72,72.0,-0.240005141596766,-0.11616525066142179,0.9795918367346939,0.9959183673469387,0,72,-0.11616525066142179,0.001,augmented_r1
epoch,9,73,73,73.0,-0.24058704415722645,-0.08530885589366057,0.9775510204081632,0.9928571428571429,1,72,-0.11616525066142179,0.001,augmented_r1
epoch,9,74,74,74.0,-0.23668488650445335,0.08508186243018326,0.9408163265306122,0.9959183673469387,2,72,-0.11616525066142179,0.001,augmented_r1
epoch,9,75,75,75.0,-0.23153389641982125,-0.011783054896763392,0.9612244897959183,0.9959183673469387,3,72,-0.11616525066142179,0.001,augmented_r1
epoch,9,76,76,76.0,-0.2381867523416302,-0.041673628164797416,0.9704081632653061,0.9938775510204082,4,72,-0.11616525066142179,0.001,augmented_r1
epoch,9,77,77,77.0,-0.23292535048314672,0.487769299137349,0.8540816326530613,0.9938775510204082,5,72,-0.11616525066142179,0.001,augmented_r1
epoch,9,78,78,78.0,-0.2401960375792754,0.04612216998119743,0.9540816326530612,0.9948979591836735,6,72,-0.11616525066142179,0.001,augmented_r1
epoch,9,79,79,79.0,-0.24105881005052107,0.06493161746433802,0.9591836734693877,0.9887755102040816,7,72,-0.11616525066142179,0.001,augmented_r1
epoch,9,80,80,80.0,-0.238453980797375,0.06274943546373017,0.9551020408163265,0.9918367346938776,8,72,-0.11616525066142179,0.001,augmented_r1
epoch,9,81,81,81.0,-0.23409997805432195,0.028302575130851902,0.963265306122449,0.9938775510204082,9,72,-0.11616525066142179,0.001,augmented_r1
epoch,9,82,82,82.0,-0.191867355103391,1.0391908562913232,0.8224489795918367,0.960204081632653,10,72,-0.11616525066142179,0.001,augmented_r1
epoch,9,83,83,83.0,-0.1263819062271499,1.6141062858153363,0.6857142857142857,0.9520408163265306,11,72,-0.11616525066142179,0.0005,augmented_r1
epoch,9,84,84,84.0,-0.21204816735012663,0.023399485373983578,0.9571428571428572,0.9938775510204082,12,72,-0.11616525066142179,0.0005,augmented_r1
epoch,9,85,85,85.0,-0.2405945335633637,-0.09932365904048998,0.9806122448979592,0.9938775510204082,13,72,-0.11616525066142179,0.0005,augmented_r1
epoch,9,86,86,86.0,-0.24721807493061787,-0.1019522034392065,0.9785714285714285,0.9948979591836735,14,72,-0.11616525066142179,0.0005,augmented_r1
epoch,9,87,87,87.0,-0.2466965194891325,-0.0460710063272593,0.963265306122449,0.9959183673469387,15,72,-0.11616525066142179,0.0005,augmented_r1
epoch,9,88,88,88.0,-0.2484055034582906,-0.1251692990867459,0.9836734693877551,0.996938775510204,0,88,-0.1251692990867459,0.0005,augmented_r1
epoch,9,89,89,89.0,-0.24947261653377206,-0.12455751312022306,0.986734693877551,0.9948979591836735,1,88,-0.1251692990867459,0.0005,augmented_r1
epoch,9,90,90,90.0,-0.2481978626831304,-0.11342275775208766,0.986734693877551,0.9959183673469387,2,88,-0.1251692990867459,0.0005,augmented_r1
epoch,9,91,91,91.0,-0.2502121851761342,-0.12268162162936463,0.9846938775510204,0.996938775510204,3,88,-0.1251692990867459,0.0005,augmented_r1
epoch,9,92,92,92.0,-0.2502121158853965,-0.12733365905528166,0.9846938775510204,0.996938775510204,0,92,-0.12733365905528166,0.0005,augmented_r1
epoch,9,93,93,93.0,-0.2507399721033076,-0.12589111328125,0.9826530612244898,0.9959183673469387,1,92,-0.12733365905528166,0.0005,augmented_r1
epoch,9,94,94,94.0,-0.25084006285808114,-0.11758273669651577,0.986734693877551,0.9928571428571429,2,92,-0.12733365905528166,0.0005,augmented_r1
epoch,9,95,95,95.0,-0.24971303997178323,-0.118087920850637,0.9826530612244898,0.996938775510204,3,92,-0.12733365905528166,0.0005,augmented_r1
epoch,9,96,96,96.0,-0.2514361384182262,-0.12003184921887457,0.9836734693877551,0.996938775510204,4,92,-0.12733365905528166,0.0005,augmented_r1
epoch,9,97,97,97.0,-0.25094171047643593,-0.10879390434342988,0.9816326530612245,0.9948979591836735,5,92,-0.12733365905528166,0.0005,augmented_r1
epoch,9,98,98,98.0,-0.2503452107303531,-0.1245445154151138,0.9826530612244898,0.996938775510204,6,92,-0.12733365905528166,0.0005,augmented_r1
epoch,9,99,99,99.0,-0.2507675580419955,-0.12366083592784648,0.9826530612244898,0.9948979591836735,7,92,-0.12733365905528166,0.0005,augmented_r1
epoch,9,100,100,100.0,-0.249927993422468,-0.11698906859573052,0.9806122448979592,0.996938775510204,8,92,-0.12733365905528166,0.0005,augmented_r1
epoch,9,101,101,101.0,-0.25039755340278336,-0.10619086148787518,0.9816326530612245,0.9948979591836735,9,92,-0.12733365905528166,0.0005,augmented_r1
epoch,9,102,102,102.0,-0.2519326753850098,-0.12363850291894407,0.9846938775510204,0.9959183673469387,10,92,-0.12733365905528166,0.0005,augmented_r1
epoch,9,103,103,103.0,-0.24969777090139297,-0.09675600723344452,0.9775510204081632,0.9959183673469387,11,92,-0.12733365905528166,0.00025,augmented_r1
epoch,9,104,104,104.0,-0.2513102169368032,-0.127242340360369,0.9836734693877551,0.9959183673469387,12,92,-0.12733365905528166,0.00025,augmented_r1
epoch,9,105,105,105.0,-0.25305672767104964,-0.12018448138723568,0.9826530612244898,0.996938775510204,13,92,-0.12733365905528166,0.00025,augmented_r1
epoch,9,106,106,106.0,-0.25308524590971465,-0.11912478086899737,0.9806122448979592,0.9959183673469387,14,92,-0.12733365905528166,0.00025,augmented_r1
epoch,9,107,107,107.0,-0.2536640000300033,-0.11593225196916229,0.9816326530612245,0.9959183673469387,15,92,-0.12733365905528166,0.00025,augmented_r1
epoch,9,108,108,108.0,-0.25343392436957823,-0.1299754269269048,0.9836734693877551,0.996938775510204,0,108,-0.1299754269269048,0.00025,augmented_r1
epoch,9,109,109,109.0,-0.2537536024235619,-0.12647417078212816,0.9795918367346939,0.996938775510204,1,108,-0.1299754269269048,0.00025,augmented_r1
epoch,9,110,110,110.0,-0.25278540015815876,-0.0997063378898465,0.976530612244898,0.996938775510204,2,108,-0.1299754269269048,0.00025,augmented_r1
epoch,9,111,111,111.0,-0.25174971225853676,-0.13073909915223414,0.9816326530612245,0.996938775510204,0,111,-0.13073909915223414,0.00025,augmented_r1
epoch,9,112,112,112.0,-0.2524875731453049,-0.11553821758348115,0.9806122448979592,0.996938775510204,1,111,-0.13073909915223414,0.00025,augmented_r1
epoch,9,113,113,113.0,-0.25252193718458704,-0.13014521744786475,0.9846938775510204,0.996938775510204,2,111,-0.13073909915223414,0.00025,augmented_r1
epoch,9,114,114,114.0,-0.25254189086079437,-0.10182432495817846,0.9785714285714285,0.9959183673469387,3,111,-0.13073909915223414,0.00025,augmented_r1
epoch,9,115,115,115.0,-0.253026587471765,-0.11556452585726368,0.9826530612244898,0.996938775510204,4,111,-0.13073909915223414,0.00025,augmented_r1
epoch,9,116,116,116.0,-0.25319749079019005,-0.11872551927761156,0.9826530612244898,0.996938775510204,5,111,-0.13073909915223414,0.00025,augmented_r1
epoch,9,117,117,117.0,-0.25315189740358024,-0.12028446732735147,0.9826530612244898,0.9959183673469387,6,111,-0.13073909915223414,0.00025,augmented_r1
epoch,9,118,118,118.0,-0.2531000156593063,-0.12138171585238709,0.9816326530612245,0.996938775510204,7,111,-0.13073909915223414,0.00025,augmented_r1
epoch,9,119,119,119.0,-0.25305284820141927,-0.12248878673631318,0.9816326530612245,0.996938775510204,8,111,-0.13073909915223414,0.00025,augmented_r1
epoch,9,120,120,120.0,-0.25385321807276917,-0.11618491581508092,0.9846938775510204,0.996938775510204,9,111,-0.13073909915223414,0.00025,augmented_r1
epoch,9,121,121,121.0,-0.2535689702588106,-0.09376826383629623,0.9734693877551021,0.996938775510204,10,111,-0.13073909915223414,0.00025,augmented_r1
epoch,9,122,122,122.0,-0.25355910475666393,-0.124260882942044,0.9816326530612245,0.996938775510204,11,111,-0.13073909915223414,0.000125,augmented_r1
epoch,9,123,123,123.0,-0.2540260557418404,-0.11896475188586177,0.9816326530612245,0.996938775510204,12,111,-0.13073909915223414,0.000125,augmented_r1
epoch,9,124,124,124.0,-0.2552103627501863,-0.11972476560242322,0.9857142857142858,0.996938775510204,13,111,-0.13073909915223414,0.000125,augmented_r1
epoch,9,125,125,125.0,-0.25498942280703113,-0.1226518455816775,0.9826530612244898,0.996938775510204,14,111,-0.13073909915223414,0.000125,augmented_r1
epoch,9,126,126,126.0,-0.2544602552328227,-0.12662872197676678,0.9816326530612245,0.996938775510204,15,111,-0.13073909915223414,0.000125,augmented_r1
epoch,9,127,127,127.0,-0.2544516212714027,-0.1254262773358092,0.9846938775510204,0.996938775510204,16,111,-0.13073909915223414,0.000125,augmented_r1
epoch,9,128,128,128.0,-0.2541454287209513,-0.12451923526063258,0.9816326530612245,0.996938775510204,17,111,-0.13073909915223414,0.000125,augmented_r1
epoch,9,129,129,129.0,-0.25445321246920743,-0.1240565046972158,0.9826530612244898,0.996938775510204,18,111,-0.13073909915223414,0.000125,augmented_r1
epoch,9,130,130,130.0,-0.25415242318938225,-0.10950331639270393,0.9806122448979592,0.996938775510204,19,111,-0.13073909915223414,0.000125,augmented_r1
epoch,9,131,131,131.0,-0.25470921823343146,-0.11797116337990274,0.9806122448979592,0.996938775510204,20,111,-0.13073909915223414,0.000125,augmented_r1
epoch,9,132,132,132.0,-0.25468907310807914,-0.11902770606838926,0.9836734693877551,0.996938775510204,21,111,-0.13073909915223414,0.000125,augmented_r1
epoch,9,133,133,133.0,-0.25453218020907975,-0.12595765250069754,0.9816326530612245,0.9959183673469387,22,111,-0.13073909915223414,6.25e-05,augmented_r1
epoch,9,134,134,134.0,-0.2554948299352115,-0.12815358638763427,0.9816326530612245,0.996938775510204,23,111,-0.13073909915223414,6.25e-05,augmented_r1
epoch,9,135,135,135.0,-0.25517516565279585,-0.12399853589583416,0.9816326530612245,0.996938775510204,24,111,-0.13073909915223414,6.25e-05,augmented_r1
epoch,9,136,136,136.0,-0.25548465983520247,-0.12228336480199074,0.9816326530612245,0.996938775510204,25,111,-0.13073909915223414,6.25e-05,augmented_r1
epoch,9,137,137,137.0,-0.2558586719195192,-0.12411792862172029,0.9816326530612245,0.996938775510204,26,111,-0.13073909915223414,6.25e-05,augmented_r1
epoch,9,138,138,138.0,-0.2556909884964938,-0.12585124969482422,0.9816326530612245,0.996938775510204,27,111,-0.13073909915223414,6.25e-05,augmented_r1
epoch,9,139,139,139.0,-0.2551929032429207,-0.12448691786551962,0.9806122448979592,0.996938775510204,28,111,-0.13073909915223414,6.25e-05,augmented_r1
epoch,9,140,140,140.0,-0.25554175053300826,-0.12276469250114597,0.9826530612244898,0.996938775510204,29,111,-0.13073909915223414,6.25e-05,augmented_r1
epoch,9,141,141,141.0,-0.25597036885933827,-0.12085422058494724,0.9816326530612245,0.996938775510204,30,111,-0.13073909915223414,6.25e-05,augmented_r1
