source,seed,epoch,step,real_epoch,tr_loss,vl_loss,vl_tumour,vl_plane,patience_counter,best_epoch,best_val_loss,learning_rate,experiment
epoch,0,1,1,1.0,2.044435992913056,3.0193058636723733,0.286734693877551,0.45714285714285713,0,1,3.0193058636723733,0.001,baseline
epoch,0,2,2,2.0,1.4001048992067362,3.743314481268124,0.3173469387755102,0.7795918367346939,1,1,3.0193058636723733,0.001,baseline
epoch,0,3,3,3.0,1.1350830703273613,1.2515724440010227,0.7234693877551021,0.9173469387755102,0,3,1.2515724440010227,0.001,baseline
epoch,0,4,4,4.0,0.9965313177430228,1.777026140933134,0.5622448979591836,0.8724489795918368,1,3,1.2515724440010227,0.001,baseline
epoch,0,5,5,5.0,0.9003758034131378,1.27483720098223,0.75,0.9346938775510204,2,3,1.2515724440010227,0.001,baseline
epoch,0,6,6,6.0,0.8364239203552425,1.4591828117565233,0.6326530612244898,0.9591836734693877,3,3,1.2515724440010227,0.001,baseline
epoch,0,7,7,7.0,0.7575599275400008,2.406728717258998,0.4928571428571429,0.6663265306122449,4,3,1.2515724440010227,0.001,baseline
epoch,0,8,8,8.0,0.7448829808809906,3.2736309946799764,0.4163265306122449,0.7795918367346939,5,3,1.2515724440010227,0.001,baseline
epoch,0,9,9,9.0,0.7085423277761402,1.1380523710834736,0.7336734693877551,0.9693877551020408,0,9,1.1380523710834736,0.001,baseline
epoch,0,10,10,10.0,0.6424822139423397,1.2368346890624689,0.7255102040816327,0.9357142857142857,1,9,1.1380523710834736,0.001,baseline
epoch,0,11,11,11.0,0.615925213837648,1.132516066882075,0.7785714285714286,0.9489795918367347,0,11,1.132516066882075,0.001,baseline
epoch,0,12,12,12.0,0.5762721262377544,0.7005477238674553,0.9163265306122449,0.9775510204081632,0,12,0.7005477238674553,0.001,baseline
epoch,0,13,13,13.0,0.5254281949826475,2.3785213441264874,0.45714285714285713,0.936734693877551,1,12,0.7005477238674553,0.001,baseline
epoch,0,14,14,14.0,0.5033024021018148,2.1884051566221276,0.513265306122449,0.7316326530612245,2,12,0.7005477238674553,0.001,baseline
epoch,0,15,15,15.0,0.4763509692040113,0.943256305431833,0.7846938775510204,0.9836734693877551,3,12,0.7005477238674553,0.001,baseline
epoch,0,16,16,16.0,0.4891377811047103,1.4837335002665617,0.7183673469387755,0.8806122448979592,4,12,0.7005477238674553,0.001,baseline
epoch,0,17,17,17.0,0.41913919021452534,2.11245861637349,0.38571428571428573,0.9530612244897959,5,12,0.7005477238674553,0.001,baseline
epoch,0,18,18,18.0,0.3926641973034232,0.6386315732586141,0.889795918367347,0.9836734693877551,0,18,0.6386315732586141,0.001,baseline
epoch,0,19,19,19.0,0.3547374950426957,1.016267598891745,0.726530612244898,0.9826530612244898,1,18,0.6386315732586141,0.001,baseline
epoch,0,20,20,20.0,0.3390406324196154,0.6064511162894113,0.9040816326530612,0.9775510204081632,0,20,0.6064511162894113,0.001,baseline
epoch,0,21,21,21.0,0.32027201435173863,1.7400761000964107,0.5571428571428572,0.9438775510204082,1,20,0.6064511162894113,0.001,baseline
epoch,0,22,22,22.0,0.2981844207726655,1.0524630069732666,0.7857142857142857,0.9704081632653061,2,20,0.6064511162894113,0.001,baseline
epoch,0,23,23,23.0,0.29281068192195603,1.28128756698297,0.7224489795918367,0.9755102040816327,3,20,0.6064511162894113,0.001,baseline
epoch,0,24,24,24.0,0.3042799284618892,1.5305015787786367,0.7540816326530613,0.8836734693877552,4,20,0.6064511162894113,0.001,baseline
epoch,0,25,25,25.0,0.2907542978109938,0.6512511827507798,0.8857142857142857,0.9520408163265306,5,20,0.6064511162894113,0.001,baseline
epoch,0,26,26,26.0,0.2476159847428046,0.8985783270427159,0.7622448979591837,0.9836734693877551,6,20,0.6064511162894113,0.001,baseline
epoch,0,27,27,27.0,0.24073318822025888,1.2914376219924615,0.7081632653061225,0.8846938775510204,7,20,0.6064511162894113,0.001,baseline
epoch,0,28,28,28.0,0.21015167759923575,0.8270432550079968,0.8561224489795919,0.9306122448979591,8,20,0.6064511162894113,0.001,baseline
epoch,0,29,29,29.0,0.16963871631607702,0.34125412447111947,0.9459183673469388,0.9857142857142858,0,29,0.34125412447111947,0.001,baseline
epoch,0,30,30,30.0,0.15453767779533417,0.32842934618190844,0.9479591836734694,0.9857142857142858,0,30,0.32842934618190844,0.001,baseline
epoch,0,31,31,31.0,0.13624800615339894,0.3153617135116032,0.960204081632653,0.9826530612244898,0,31,0.3153617135116032,0.001,baseline
epoch,0,32,32,32.0,0.11469314856962724,0.9308807409539515,0.8336734693877551,0.9020408163265307,1,31,0.3153617135116032,0.001,baseline
epoch,0,33,33,33.0,0.09217587804404659,0.21684419378942374,0.9673469387755103,0.9897959183673469,0,33,0.21684419378942374,0.001,baseline
epoch,0,34,34,34.0,0.07864626228383174,0.28212145104700204,0.963265306122449,0.9877551020408163,1,33,0.21684419378942374,0.001,baseline
epoch,0,35,35,35.0,0.06870358731822168,1.775108881385959,0.5459183673469388,0.863265306122449,2,33,0.21684419378942374,0.001,baseline
epoch,0,36,36,36.0,0.07950213840716462,0.7763306895080878,0.8326530612244898,0.9693877551020408,3,33,0.21684419378942374,0.001,baseline
epoch,0,37,37,37.0,0.18242156578644547,5.503962522623491,0.3357142857142857,0.8622448979591837,4,33,0.21684419378942374,0.001,baseline
epoch,0,38,38,38.0,0.2635306166798881,3.374983853709941,0.5142857142857142,0.7775510204081633,5,33,0.21684419378942374,0.001,baseline
epoch,0,39,39,39.0,0.27149352038600716,1.8571043092377333,0.5377551020408163,0.9846938775510204,6,33,0.21684419378942374,0.001,baseline
epoch,0,40,40,40.0,0.14170867667378395,1.025763940567873,0.8091836734693878,0.9306122448979591,7,33,0.21684419378942374,0.001,baseline
epoch,0,41,41,41.0,0.058631650213079874,1.7169246230806623,0.5867346938775511,0.9734693877551021,8,33,0.21684419378942374,0.001,baseline
epoch,0,42,42,42.0,0.033061444637602515,1.3333228232909222,0.7234693877551021,0.8612244897959184,9,33,0.21684419378942374,0.001,baseline
epoch,0,43,43,43.0,0.010068373611925571,0.454654065443545,0.9132653061224489,0.9653061224489796,10,33,0.21684419378942374,0.001,baseline
epoch,0,44,44,44.0,-0.009144497234317206,0.1589646305356707,0.9642857142857143,0.9897959183673469,0,44,0.1589646305356707,0.001,baseline
epoch,0,45,45,45.0,-0.02182074976405766,0.2299655383946944,0.936734693877551,0.9897959183673469,1,44,0.1589646305356707,0.001,baseline
epoch,0,46,46,46.0,-0.03740665599688568,0.18605102008702804,0.9510204081632653,0.9785714285714285,2,44,0.1589646305356707,0.001,baseline
epoch,0,47,47,47.0,-0.051645152719807456,0.2056763186746714,0.960204081632653,0.986734693877551,3,44,0.1589646305356707,0.001,baseline
epoch,0,48,48,48.0,-0.06297223164915917,0.06095419659906504,0.9744897959183674,0.9918367346938776,0,48,0.06095419659906504,0.001,baseline
epoch,0,49,49,49.0,-0.07307525339847444,0.05905144652541803,0.9734693877551021,0.9928571428571429,0,49,0.05905144652541803,0.001,baseline
epoch,0,50,50,50.0,-0.07594779021162787,0.19505979187634526,0.9724489795918367,0.9673469387755103,1,49,0.05905144652541803,0.001,baseline
epoch,0,51,51,51.0,-0.08364705301524426,0.34882377142808874,0.9622448979591837,0.9336734693877551,2,49,0.05905144652541803,0.001,baseline
epoch,0,52,52,52.0,-0.09607154404910032,0.33820909772600444,0.9295918367346939,0.9755102040816327,3,49,0.05905144652541803,0.001,baseline
epoch,0,53,53,53.0,-0.03278732768605264,2.651389422708628,0.7081632653061225,0.7316326530612245,4,49,0.05905144652541803,0.001,baseline
epoch,0,54,54,54.0,0.0670051762227262,1.7338161186296113,0.7785714285714286,0.8030612244897959,5,49,0.05905144652541803,0.001,baseline
epoch,0,55,55,55.0,0.010222240353994399,2.041455434779732,0.6346938775510204,0.9122448979591836,6,49,0.05905144652541803,0.001,baseline
epoch,0,56,56,56.0,-0.027734486087471765,4.4602265961316165,0.45408163265306123,0.7326530612244898,7,49,0.05905144652541803,0.001,baseline
epoch,0,57,57,57.0,0.04044755249150075,4.471911940282705,0.27653061224489794,0.9622448979591837,8,49,0.05905144652541803,0.001,baseline
epoch,0,58,58,58.0,-0.001708034901623828,0.8546893190364449,0.8438775510204082,0.9479591836734694,9,49,0.05905144652541803,0.001,baseline
epoch,0,59,59,59.0,-0.04182757304808214,0.7449777929150329,0.8428571428571429,0.9816326530612245,10,49,0.05905144652541803,0.001,baseline
epoch,0,60,60,60.0,-0.08989754510973033,1.379498022429797,0.7846938775510204,0.8551020408163266,11,49,0.05905144652541803,0.0005,baseline
epoch,0,61,61,61.0,-0.13072362606079757,0.0033501997285959673,0.9744897959183674,0.9918367346938776,0,61,0.0033501997285959673,0.0005,baseline
epoch,0,62,62,62.0,-0.14025812269596571,-0.0014384984970092773,0.9785714285714285,0.9908163265306122,0,62,-0.0014384984970092773,0.0005,baseline
epoch,0,63,63,63.0,-0.15145630515023564,-0.02410410885908166,0.9785714285714285,0.9908163265306122,0,63,-0.02410410885908166,0.0005,baseline
epoch,0,64,64,64.0,-0.1514572017770013,-0.030188275843250508,0.9785714285714285,0.9908163265306122,0,64,-0.030188275843250508,0.0005,baseline
epoch,0,65,65,65.0,-0.15872579344202964,-0.03343206522416095,0.9806122448979592,0.9908163265306122,0,65,-0.03343206522416095,0.0005,baseline
epoch,0,66,66,66.0,-0.16170771403259107,-0.04344490182643034,0.9816326530612245,0.9928571428571429,0,66,-0.04344490182643034,0.0005,baseline
epoch,0,67,67,67.0,-0.16430208851051525,-0.023943577250655816,0.9806122448979592,0.9877551020408163,1,66,-0.04344490182643034,0.0005,baseline
epoch,0,68,68,68.0,-0.1618940562953501,-0.031221660545894078,0.9826530612244898,0.9897959183673469,2,66,-0.04344490182643034,0.0005,baseline
epoch,0,69,69,69.0,-0.16896091247846937,-0.04879221380973349,0.9816326530612245,0.9897959183673469,0,69,-0.04879221380973349,0.0005,baseline
epoch,0,70,70,70.0,-0.16389065883498147,-0.0289081765680897,0.976530612244898,0.9928571428571429,1,69,-0.04879221380973349,0.0005,baseline
epoch,0,71,71,71.0,-0.17066620081754458,-0.04155153911940906,0.9775510204081632,0.9928571428571429,2,69,-0.04879221380973349,0.0005,baseline
epoch,0,72,72,72.0,-0.17493276180845968,-0.04037449773477048,0.9806122448979592,0.9897959183673469,3,69,-0.04879221380973349,0.0005,baseline
epoch,0,73,73,73.0,-0.17804545249344744,-0.04090869329413589,0.9806122448979592,0.9928571428571429,4,69,-0.04879221380973349,0.0005,baseline
epoch,0,74,74,74.0,-0.17751230020932207,-0.04350334089629504,0.9785714285714285,0.9897959183673469,5,69,-0.04879221380973349,0.0005,baseline
epoch,0,75,75,75.0,-0.18130892752626943,-0.046122794735188384,0.9775510204081632,0.9928571428571429,6,69,-0.04879221380973349,0.0005,baseline
epoch,0,76,76,76.0,-0.17917372019955768,-0.038988948354915696,0.9816326530612245,0.9908163265306122,7,69,-0.04879221380973349,0.0005,baseline
epoch,0,77,77,77.0,-0.18517268355460162,-0.05269738873656915,0.9775510204081632,0.9928571428571429,0,77,-0.05269738873656915,0.0005,baseline
epoch,0,78,78,78.0,-0.18736888007075356,-0.047261889126836036,0.9806122448979592,0.9897959183673469,1,77,-0.05269738873656915,0.0005,baseline
epoch,0,79,79,79.0,-0.19250517608683493,-0.03015897006404643,0.976530612244898,0.9887755102040816,2,77,-0.05269738873656915,0.0005,baseline
epoch,0,80,80,80.0,-0.1905958555692063,-0.06252135938527632,0.9806122448979592,0.9908163265306122,0,80,-0.06252135938527632,0.0005,baseline
epoch,0,81,81,81.0,-0.19463899204996438,0.0874325689004392,0.9489795918367347,0.9908163265306122,1,80,-0.06252135938527632,0.0005,baseline
epoch,0,82,82,82.0,-0.1962637130524944,-0.05328705164850975,0.9816326530612245,0.9908163265306122,2,80,-0.06252135938527632,0.0005,baseline
epoch,0,83,83,83.0,-0.1930911143417865,-0.03526013335403131,0.9755102040816327,0.9918367346938776,3,80,-0.06252135938527632,0.0005,baseline
epoch,0,84,84,84.0,-0.19270848771281335,0.08192788532802037,0.9530612244897959,0.9897959183673469,4,80,-0.06252135938527632,0.0005,baseline
epoch,0,85,85,85.0,-0.19525267246185943,-0.04182785408837455,0.9816326530612245,0.9887755102040816,5,80,-0.06252135938527632,0.0005,baseline
epoch,0,86,86,86.0,-0.1975821859990004,-0.045989176935079146,0.9785714285714285,0.9908163265306122,6,80,-0.06252135938527632,0.0005,baseline
epoch,0,87,87,87.0,-0.19624473016035568,0.10367387606173145,0.9693877551020408,0.9744897959183674,7,80,-0.06252135938527632,0.0005,baseline
epoch,0,88,88,88.0,-0.20088514688674958,-0.019101320237529522,0.9734693877551021,0.9928571428571429,8,80,-0.06252135938527632,0.0005,baseline
epoch,0,89,89,89.0,-0.2027907364823845,-0.004988158722313083,0.9755102040816327,0.9836734693877551,9,80,-0.06252135938527632,0.0005,baseline
epoch,0,90,90,90.0,-0.20448075409929162,-0.05569961387283948,0.9806122448979592,0.9918367346938776,10,80,-0.06252135938527632,0.0005,baseline
epoch,0,91,91,91.0,-0.20570452549362572,-0.05283923173437313,0.9775510204081632,0.9908163265306122,11,80,-0.06252135938527632,0.00025,baseline
epoch,0,92,92,92.0,-0.21143144289977217,-0.07496272958054835,0.9806122448979592,0.9918367346938776,0,92,-0.07496272958054835,0.00025,baseline
epoch,0,93,93,93.0,-0.21457662523949597,-0.0741983768891315,0.9806122448979592,0.9897959183673469,1,92,-0.07496272958054835,0.00025,baseline
epoch,0,94,94,94.0,-0.21497013711344842,-0.0730182341166905,0.9826530612244898,0.9908163265306122,2,92,-0.07496272958054835,0.00025,baseline
epoch,0,95,95,95.0,-0.21660411991064835,-0.07416037223776993,0.9806122448979592,0.9908163265306122,3,92,-0.07496272958054835,0.00025,baseline
epoch,0,96,96,96.0,-0.2176461277017798,-0.07174130118623072,0.9795918367346939,0.9908163265306122,4,92,-0.07496272958054835,0.00025,baseline
epoch,0,97,97,97.0,-0.21781467813028135,-0.0843737217844749,0.9826530612244898,0.9918367346938776,0,97,-0.0843737217844749,0.00025,baseline
epoch,0,98,98,98.0,-0.21498568229704518,-0.08209449879977168,0.9836734693877551,0.9918367346938776,1,97,-0.0843737217844749,0.00025,baseline
epoch,0,99,99,99.0,-0.21814250483332664,-0.0743573368812094,0.9846938775510204,0.9908163265306122,2,97,-0.0843737217844749,0.00025,baseline
epoch,0,100,100,100.0,-0.21974880239936742,-0.07099613851430464,0.9775510204081632,0.9908163265306122,3,97,-0.0843737217844749,0.00025,baseline
epoch,0,101,101,101.0,-0.2172753991705648,-0.06574759872592226,0.9816326530612245,0.9908163265306122,4,97,-0.0843737217844749,0.00025,baseline
epoch,0,102,102,102.0,-0.21869205046479379,-0.0748428566115243,0.9816326530612245,0.9908163265306122,5,97,-0.0843737217844749,0.00025,baseline
epoch,0,103,103,103.0,-0.21935866655928365,-0.07373031012865962,0.9816326530612245,0.9928571428571429,6,97,-0.0843737217844749,0.00025,baseline
epoch,0,104,104,104.0,-0.22310394359195074,-0.07384395769664219,0.9836734693877551,0.9897959183673469,7,97,-0.0843737217844749,0.00025,baseline
epoch,0,105,105,105.0,-0.2231027502813914,-0.07305449563629773,0.9826530612244898,0.9928571428571429,8,97,-0.0843737217844749,0.00025,baseline
epoch,0,106,106,106.0,-0.224011056391528,-0.06013075332252347,0.9785714285714285,0.9918367346938776,9,97,-0.0843737217844749,0.00025,baseline
epoch,0,107,107,107.0,-0.22268031615158876,-0.07708697489329747,0.9826530612244898,0.9908163265306122,10,97,-0.0843737217844749,0.00025,baseline
epoch,0,108,108,108.0,-0.2227464435780012,-0.07201930746740225,0.9785714285714285,0.9918367346938776,11,97,-0.0843737217844749,0.000125,baseline
epoch,0,109,109,109.0,-0.22526909735156517,-0.08763428585869926,0.9836734693877551,0.9928571428571429,0,109,-0.08763428585869926,0.000125,baseline
epoch,0,110,110,110.0,-0.2266673624698183,-0.08439412676558203,0.9785714285714285,0.9918367346938776,1,109,-0.08763428585869926,0.000125,baseline
epoch,0,111,111,111.0,-0.22643838547345202,-0.08136664969580513,0.9826530612244898,0.9928571428571429,2,109,-0.08763428585869926,0.000125,baseline
epoch,0,112,112,112.0,-0.22783519651843528,-0.09296372009783375,0.9846938775510204,0.9918367346938776,0,112,-0.09296372009783375,0.000125,baseline
epoch,0,113,113,113.0,-0.22780998929406576,-0.08321881878132723,0.9806122448979592,0.9918367346938776,1,112,-0.09296372009783375,0.000125,baseline
epoch,0,114,114,114.0,-0.22708164464465444,-0.08716968833183755,0.9795918367346939,0.9908163265306122,2,112,-0.09296372009783375,0.000125,baseline
epoch,0,115,115,115.0,-0.22771437272840428,-0.09723583313883567,0.9816326530612245,0.9928571428571429,0,115,-0.09723583313883567,0.000125,baseline
epoch,0,116,116,116.0,-0.22892749090360304,-0.08532921805673715,0.9806122448979592,0.9918367346938776,1,115,-0.09723583313883567,0.000125,baseline
epoch,0,117,117,117.0,-0.22754583076266638,-0.09584952860462423,0.9816326530612245,0.9928571428571429,2,115,-0.09723583313883567,0.000125,baseline
epoch,0,118,118,118.0,-0.22793586437987112,-0.0851299448889129,0.9785714285714285,0.9928571428571429,3,115,-0.09723583313883567,0.000125,baseline
epoch,0,119,119,119.0,-0.22887355204865686,-0.09061544792992728,0.9806122448979592,0.9928571428571429,4,115,-0.09723583313883567,0.000125,baseline
epoch,0,120,120,120.0,-0.22828745074851764,-0.07436674517028186,0.9806122448979592,0.9908163265306122,5,115,-0.09723583313883567,0.000125,baseline
epoch,0,121,121,121.0,-0.2294735075017405,-0.09077968086515154,0.9846938775510204,0.9918367346938776,6,115,-0.09723583313883567,0.000125,baseline
epoch,0,122,122,122.0,-0.22932619130404416,-0.08616306781768798,0.9806122448979592,0.9928571428571429,7,115,-0.09723583313883567,0.000125,baseline
epoch,0,123,123,123.0,-0.22901405748721892,-0.0877242881424573,0.9816326530612245,0.9918367346938776,8,115,-0.09723583313883567,0.000125,baseline
epoch,0,124,124,124.0,-0.23014211593779893,-0.08910117270995159,0.9806122448979592,0.9928571428571429,9,115,-0.09723583313883567,0.000125,baseline
epoch,0,125,125,125.0,-0.23039837846717015,-0.07730394309880782,0.9846938775510204,0.9918367346938776,10,115,-0.09723583313883567,0.000125,baseline
epoch,0,126,126,126.0,-0.23049215763898623,-0.09220613362837811,0.9836734693877551,0.9918367346938776,11,115,-0.09723583313883567,6.25e-05,baseline
epoch,0,127,127,127.0,-0.23108218651382867,-0.08733193582418014,0.9795918367346939,0.9918367346938776,12,115,-0.09723583313883567,6.25e-05,baseline
epoch,0,128,128,128.0,-0.23213741484652745,-0.09185972773298925,0.9816326530612245,0.9928571428571429,13,115,-0.09723583313883567,6.25e-05,baseline
epoch,0,129,129,129.0,-0.23190414625485414,-0.08913405014544117,0.9795918367346939,0.9918367346938776,14,115,-0.09723583313883567,6.25e-05,baseline
epoch,0,130,130,130.0,-0.23296654394868688,-0.09056699494926297,0.9836734693877551,0.9918367346938776,15,115,-0.09723583313883567,6.25e-05,baseline
epoch,0,131,131,131.0,-0.23265685787970491,-0.09676174630924148,0.9826530612244898,0.9928571428571429,16,115,-0.09723583313883567,6.25e-05,baseline
epoch,0,132,132,132.0,-0.23289926235960745,-0.08934765567584914,0.9806122448979592,0.9928571428571429,17,115,-0.09723583313883567,6.25e-05,baseline
epoch,0,133,133,133.0,-0.23249813984314682,-0.09643373562365162,0.9836734693877551,0.9928571428571429,18,115,-0.09723583313883567,6.25e-05,baseline
epoch,0,134,134,134.0,-0.2333295386098135,-0.09658832306764564,0.9806122448979592,0.9928571428571429,19,115,-0.09723583313883567,6.25e-05,baseline
epoch,0,135,135,135.0,-0.23276410435266465,-0.09339117346977702,0.9826530612244898,0.9928571428571429,20,115,-0.09723583313883567,6.25e-05,baseline
epoch,0,136,136,136.0,-0.23213521702418655,-0.08101831723232658,0.9806122448979592,0.9908163265306122,21,115,-0.09723583313883567,6.25e-05,baseline
epoch,0,137,137,137.0,-0.23314325260312369,-0.09128100263829134,0.9846938775510204,0.9918367346938776,22,115,-0.09723583313883567,3.125e-05,baseline
epoch,0,138,138,138.0,-0.23313980357030803,-0.09014417687240912,0.9836734693877551,0.9908163265306122,23,115,-0.09723583313883567,3.125e-05,baseline
epoch,0,139,139,139.0,-0.23465615413527444,-0.09605727803950408,0.9816326530612245,0.9918367346938776,24,115,-0.09723583313883567,3.125e-05,baseline
epoch,0,140,140,140.0,-0.23462405822128515,-0.09646224124091012,0.9836734693877551,0.9928571428571429,25,115,-0.09723583313883567,3.125e-05,baseline
epoch,0,141,141,141.0,-0.23394857290694615,-0.09226215956162433,0.9826530612244898,0.9928571428571429,26,115,-0.09723583313883567,3.125e-05,baseline
epoch,0,142,142,142.0,-0.233608954225546,-0.10176950863429478,0.9826530612244898,0.9928571428571429,0,142,-0.10176950863429478,3.125e-05,baseline
epoch,0,143,143,143.0,-0.23450799860189592,-0.09725156633221373,0.9846938775510204,0.9928571428571429,1,142,-0.10176950863429478,3.125e-05,baseline
epoch,0,144,144,144.0,-0.23346024684691696,-0.09951380199315596,0.9826530612244898,0.9928571428571429,2,142,-0.10176950863429478,3.125e-05,baseline
epoch,0,145,145,145.0,-0.23459789847937984,-0.09401602574757167,0.9806122448979592,0.9928571428571429,3,142,-0.10176950863429478,3.125e-05,baseline
epoch,0,146,146,146.0,-0.23447776297383216,-0.09524073722411175,0.9806122448979592,0.9928571428571429,4,142,-0.10176950863429478,3.125e-05,baseline
epoch,0,147,147,147.0,-0.23393073431439737,-0.09226851171376754,0.9836734693877551,0.9928571428571429,5,142,-0.10176950863429478,3.125e-05,baseline
epoch,0,148,148,148.0,-0.2349334925991522,-0.09064310180897615,0.9806122448979592,0.9928571428571429,6,142,-0.10176950863429478,3.125e-05,baseline
epoch,0,149,149,149.0,-0.23546673888692574,-0.09766161344489273,0.9836734693877551,0.9928571428571429,7,142,-0.10176950863429478,3.125e-05,baseline
epoch,0,150,150,150.0,-0.23448904998699419,-0.09599728389662139,0.9836734693877551,0.9928571428571429,8,142,-0.10176950863429478,3.125e-05,baseline
epoch,0,151,151,151.0,-0.23428314248436682,-0.0922115683555603,0.9806122448979592,0.9928571428571429,9,142,-0.10176950863429478,3.125e-05,baseline
epoch,0,152,152,152.0,-0.23565844849010775,-0.09025554292056025,0.9816326530612245,0.9928571428571429,10,142,-0.10176950863429478,3.125e-05,baseline
epoch,0,153,153,153.0,-0.23561447913605296,-0.0947612426718887,0.9826530612244898,0.9928571428571429,11,142,-0.10176950863429478,1.5625e-05,baseline
epoch,0,154,154,154.0,-0.23564571982384702,-0.09583948096450494,0.9826530612244898,0.9918367346938776,12,142,-0.10176950863429478,1.5625e-05,baseline
epoch,0,155,155,155.0,-0.2365026008242606,-0.09618209186865359,0.9836734693877551,0.9928571428571429,13,142,-0.10176950863429478,1.5625e-05,baseline
epoch,0,156,156,156.0,-0.23561386190225447,-0.09542118578541035,0.9826530612244898,0.9928571428571429,14,142,-0.10176950863429478,1.5625e-05,baseline
epoch,0,157,157,157.0,-0.23598963655417252,-0.0952079600217391,0.9816326530612245,0.9928571428571429,15,142,-0.10176950863429478,1.5625e-05,baseline
epoch,0,158,158,158.0,-0.23681863512276874,-0.09623574699674334,0.9826530612244898,0.9928571428571429,16,142,-0.10176950863429478,1.5625e-05,baseline
epoch,0,159,159,159.0,-0.23614289860438034,-0.09547399963651385,0.9816326530612245,0.9928571428571429,17,142,-0.10176950863429478,1.5625e-05,baseline
epoch,0,160,160,160.0,-0.23581097391457798,-0.09653891033055831,0.9816326530612245,0.9928571428571429,18,142,-0.10176950863429478,1.5625e-05,baseline
epoch,0,161,161,161.0,-0.23569645378757667,-0.09419578119200103,0.9836734693877551,0.9928571428571429,19,142,-0.10176950863429478,1.5625e-05,baseline
epoch,0,162,162,162.0,-0.23531225387604415,-0.09591974336273816,0.9816326530612245,0.9928571428571429,20,142,-0.10176950863429478,1.5625e-05,baseline
epoch,0,163,163,163.0,-0.23592454949974162,-0.098514901375284,0.9836734693877551,0.9928571428571429,21,142,-0.10176950863429478,1.5625e-05,baseline
epoch,0,164,164,164.0,-0.2359892176169297,-0.0962352061758236,0.9826530612244898,0.9928571428571429,22,142,-0.10176950863429478,7.8125e-06,baseline
epoch,0,165,165,165.0,-0.23634626155488947,-0.09447456573953433,0.9816326530612245,0.9928571428571429,23,142,-0.10176950863429478,7.8125e-06,baseline
epoch,0,166,166,166.0,-0.23595487438256454,-0.09220131830293304,0.9806122448979592,0.9928571428571429,24,142,-0.10176950863429478,7.8125e-06,baseline
epoch,0,167,167,167.0,-0.23605301656567163,-0.09433655933457978,0.9816326530612245,0.9928571428571429,25,142,-0.10176950863429478,7.8125e-06,baseline
epoch,0,168,168,168.0,-0.2363341170019709,-0.09514812887931356,0.9826530612244898,0.9928571428571429,26,142,-0.10176950863429478,7.8125e-06,baseline
epoch,0,169,169,169.0,-0.23691804678130807,-0.09760325757824645,0.9816326530612245,0.9928571428571429,27,142,-0.10176950863429478,7.8125e-06,baseline
epoch,0,170,170,170.0,-0.23589441463336028,-0.09874870923100686,0.9826530612244898,0.9928571428571429,28,142,-0.10176950863429478,7.8125e-06,baseline
epoch,0,171,171,171.0,-0.23690344169507596,-0.0966227363566963,0.9816326530612245,0.9928571428571429,29,142,-0.10176950863429478,7.8125e-06,baseline
epoch,0,172,172,172.0,-0.23640082446255162,-0.09553444434185418,0.9816326530612245,0.9928571428571429,30,142,-0.10176950863429478,7.8125e-06,baseline
epoch,1,1,1,1.0,1.9893355331820293,5.369682901732776,0.28877551020408165,0.35,0,1,5.369682901732776,0.001,baseline
epoch,1,2,2,2.0,1.4654494581232276,3.6313814961180393,0.3142857142857143,0.6071428571428571,0,2,3.6313814961180393,0.001,baseline
epoch,1,3,3,3.0,1.1945121277340587,1.8822031361716134,0.6081632653061224,0.7295918367346939,0,3,1.8822031361716134,0.001,baseline
epoch,1,4,4,4.0,0.9989969861884892,1.5105282077983935,0.823469387755102,0.6857142857142857,0,4,1.5105282077983935,0.001,baseline
epoch,1,5,5,5.0,0.9309503019038698,1.6488912256396546,0.6602040816326531,0.6755102040816326,1,4,1.5105282077983935,0.001,baseline
epoch,1,6,6,6.0,0.8380350101590766,1.273492803378981,0.6795918367346939,0.9224489795918367,0,6,1.273492803378981,0.001,baseline
epoch,1,7,7,7.0,0.7863184188067365,1.3533193135748105,0.6295918367346939,0.9744897959183674,1,6,1.273492803378981,0.001,baseline
epoch,1,8,8,8.0,0.7533245427615796,1.0483966481928924,0.7806122448979592,0.9581632653061225,0,8,1.0483966481928924,0.001,baseline
epoch,1,9,9,9.0,0.7087221062828742,1.0506396342296989,0.8377551020408164,0.939795918367347,1,8,1.0483966481928924,0.001,baseline
epoch,1,10,10,10.0,0.6848736057120762,0.9943820749010358,0.8459183673469388,0.9530612244897959,0,10,0.9943820749010358,0.001,baseline
epoch,1,11,11,11.0,0.6036372095255126,1.0735459561250649,0.826530612244898,0.9591836734693877,1,10,0.9943820749010358,0.001,baseline
epoch,1,12,12,12.0,0.5872506003701286,1.421616555233391,0.7112244897959183,0.9816326530612245,2,10,0.9943820749010358,0.001,baseline
epoch,1,13,13,13.0,0.5616107824143399,1.8426486292663886,0.673469387755102,0.8387755102040816,3,10,0.9943820749010358,0.001,baseline
epoch,1,14,14,14.0,0.5293701663080591,1.2443721542553026,0.6285714285714286,0.9714285714285714,4,10,0.9943820749010358,0.001,baseline
epoch,1,15,15,15.0,0.5022491579523369,1.8491010519922997,0.4989795918367347,0.9346938775510204,5,10,0.9943820749010358,0.001,baseline
epoch,1,16,16,16.0,0.4543805570780196,0.739467545918056,0.8959183673469387,0.9285714285714286,0,16,0.739467545918056,0.001,baseline
epoch,1,17,17,17.0,0.43551393801515753,1.0272071074466316,0.7438775510204082,0.9816326530612245,1,16,0.739467545918056,0.001,baseline
epoch,1,18,18,18.0,0.3930823600206969,0.611756883835306,0.9020408163265307,0.9846938775510204,0,18,0.611756883835306,0.001,baseline
epoch,1,19,19,19.0,0.35184637853634126,1.1052619116646902,0.7346938775510204,0.9734693877551021,1,18,0.611756883835306,0.001,baseline
epoch,1,20,20,20.0,0.32332332990873336,0.7611916186858196,0.8459183673469388,0.9806122448979592,2,18,0.611756883835306,0.001,baseline
epoch,1,21,21,21.0,0.30571418894080027,0.993402386684807,0.7153061224489796,0.986734693877551,3,18,0.611756883835306,0.001,baseline
epoch,1,22,22,22.0,0.2938087178628218,0.4424023382517756,0.9448979591836735,0.9785714285714285,0,22,0.4424023382517756,0.001,baseline
epoch,1,23,23,23.0,0.273546765055184,0.5023096857022266,0.926530612244898,0.9806122448979592,1,22,0.4424023382517756,0.001,baseline
epoch,1,24,24,24.0,0.287361342859463,1.7759089372595962,0.686734693877551,0.7051020408163265,2,22,0.4424023382517756,0.001,baseline
epoch,1,25,25,25.0,0.2944050736580733,1.1461303968818821,0.7142857142857143,0.9061224489795918,3,22,0.4424023382517756,0.001,baseline
epoch,1,26,26,26.0,0.2841299141512706,1.7442074464291943,0.513265306122449,0.9387755102040817,4,22,0.4424023382517756,0.001,baseline
epoch,1,27,27,27.0,0.24559609977047095,0.7200159559444506,0.8663265306122448,0.9489795918367347,5,22,0.4424023382517756,0.001,baseline
epoch,1,28,28,28.0,0.19775151189671594,2.0778707990840988,0.6265306122448979,0.8173469387755102,6,22,0.4424023382517756,0.001,baseline
epoch,1,29,29,29.0,0.20242262431501246,0.9584547458862772,0.8051020408163265,0.8918367346938776,7,22,0.4424023382517756,0.001,baseline
epoch,1,30,30,30.0,0.15896659541544073,0.7258529777429542,0.8857142857142857,0.9061224489795918,8,22,0.4424023382517756,0.001,baseline
epoch,1,31,31,31.0,0.12239578326705527,0.5875561237335205,0.9010204081632653,0.9846938775510204,9,22,0.4424023382517756,0.001,baseline
epoch,1,32,32,32.0,0.11052198685226207,0.6979924535264774,0.8214285714285714,0.9918367346938776,10,22,0.4424023382517756,0.001,baseline
epoch,1,33,33,33.0,0.11406093592297921,4.170690077178333,0.2336734693877551,0.773469387755102,11,22,0.4424023382517756,0.0005,baseline
epoch,1,34,34,34.0,0.10697935215664592,0.5035938338357575,0.9204081632653062,0.9591836734693877,12,22,0.4424023382517756,0.0005,baseline
epoch,1,35,35,35.0,0.07310718657169206,0.4086686849594116,0.923469387755102,0.9785714285714285,0,35,0.4086686849594116,0.0005,baseline
epoch,1,36,36,36.0,0.05713432521936964,0.2619697162083217,0.923469387755102,0.9938775510204082,0,36,0.2619697162083217,0.0005,baseline
epoch,1,37,37,37.0,0.045842198782483454,0.1822402910310395,0.9653061224489796,0.9938775510204082,0,37,0.1822402910310395,0.0005,baseline
epoch,1,38,38,38.0,0.038497724133687315,0.2150783670191862,0.9459183673469388,0.9938775510204082,1,37,0.1822402910310395,0.0005,baseline
epoch,1,39,39,39.0,0.0335752565843701,0.24796225878657127,0.9612244897959183,0.9877551020408163,2,37,0.1822402910310395,0.0005,baseline
epoch,1,40,40,40.0,0.02616505463349807,0.1386375595112236,0.9785714285714285,0.9938775510204082,0,40,0.1386375595112236,0.0005,baseline
epoch,1,41,41,41.0,0.020160834806323417,0.2500879017674193,0.9479591836734694,0.9897959183673469,1,40,0.1386375595112236,0.0005,baseline
epoch,1,42,42,42.0,0.012455489528313112,0.15945760692868913,0.9642857142857143,0.9908163265306122,2,40,0.1386375595112236,0.0005,baseline
epoch,1,43,43,43.0,0.008409353880643601,0.16044587699734436,0.9612244897959183,0.9928571428571429,3,40,0.1386375595112236,0.0005,baseline
epoch,1,44,44,44.0,0.007091556433150669,0.17342057301073657,0.960204081632653,0.9897959183673469,4,40,0.1386375595112236,0.0005,baseline
epoch,1,45,45,45.0,0.0027592489619542434,0.3090161097292997,0.9295918367346939,0.9908163265306122,5,40,0.1386375595112236,0.0005,baseline
epoch,1,46,46,46.0,-0.0028309808688217336,1.012359968983397,0.8030612244897959,0.860204081632653,6,40,0.1386375595112236,0.0005,baseline
epoch,1,47,47,47.0,0.00026233526245444494,0.9605240529897262,0.773469387755102,0.9959183673469387,7,40,0.1386375595112236,0.0005,baseline
epoch,1,48,48,48.0,-0.005730126133004053,0.8703976524119474,0.7612244897959184,0.9826530612244898,8,40,0.1386375595112236,0.0005,baseline
epoch,1,49,49,49.0,-0.017390516488617846,0.528536276428067,0.8846938775510204,0.9836734693877551,9,40,0.1386375595112236,0.0005,baseline
epoch,1,50,50,50.0,-0.021271806328240647,0.2447578965401163,0.95,0.9816326530612245,10,40,0.1386375595112236,0.0005,baseline
epoch,1,51,51,51.0,-0.031040965841057595,0.13218335107881196,0.9612244897959183,0.9918367346938776,0,51,0.13218335107881196,0.0005,baseline
epoch,1,52,52,52.0,-0.03558148426956005,0.2323160288285236,0.9459183673469388,0.9918367346938776,1,51,0.13218335107881196,0.0005,baseline
epoch,1,53,53,53.0,-0.0435027897784123,0.6750590353595968,0.7918367346938775,0.9918367346938776,2,51,0.13218335107881196,0.0005,baseline
epoch,1,54,54,54.0,-0.04755282907369066,0.19927485621705346,0.95,0.9846938775510204,3,51,0.13218335107881196,0.0005,baseline
epoch,1,55,55,55.0,-0.05503394508751469,0.2019498737490907,0.9448979591836735,0.9918367346938776,4,51,0.13218335107881196,0.0005,baseline
epoch,1,56,56,56.0,-0.06351078719479071,0.08623886716609099,0.9653061224489796,0.9928571428571429,0,56,0.08623886716609099,0.0005,baseline
epoch,1,57,57,57.0,-0.06893164059480193,0.10127362986000217,0.960204081632653,0.9928571428571429,1,56,0.08623886716609099,0.0005,baseline
epoch,1,58,58,58.0,-0.06878004826612931,0.36082095759255545,0.8826530612244898,0.986734693877551,2,56,0.08623886716609099,0.0005,baseline
epoch,1,59,59,59.0,-0.07231015326175554,0.2220139878136771,0.9326530612244898,0.9928571428571429,3,56,0.08623886716609099,0.0005,baseline
epoch,1,60,60,60.0,-0.07206750488378663,0.14310166957427045,0.960204081632653,0.9826530612244898,4,56,0.08623886716609099,0.0005,baseline
epoch,1,61,61,61.0,-0.062388670578431546,1.7445727893284388,0.6510204081632653,0.936734693877551,5,56,0.08623886716609099,0.0005,baseline
epoch,1,62,62,62.0,-0.05112822550188168,0.2132792285510472,0.9377551020408164,0.986734693877551,6,56,0.08623886716609099,0.0005,baseline
epoch,1,63,63,63.0,0.007780162014440082,1.2747782965095675,0.8183673469387756,0.8948979591836734,7,56,0.08623886716609099,0.0005,baseline
epoch,1,64,64,64.0,0.024116968292746774,0.7927654706701941,0.8244897959183674,0.9877551020408163,8,56,0.08623886716609099,0.0005,baseline
epoch,1,65,65,65.0,-0.00020675122189935796,1.4187157163814623,0.6408163265306123,0.9816326530612245,9,56,0.08623886716609099,0.0005,baseline
epoch,1,66,66,66.0,-0.04145905579439344,4.453055714587776,0.3622448979591837,0.8959183673469387,10,56,0.08623886716609099,0.0005,baseline
epoch,1,67,67,67.0,0.00891270853038706,3.9229344689116186,0.3663265306122449,0.9816326530612245,11,56,0.08623886716609099,0.00025,baseline
epoch,1,68,68,68.0,-0.05431652647482119,0.42477145949188544,0.8857142857142857,0.9877551020408163,12,56,0.08623886716609099,0.00025,baseline
epoch,1,69,69,69.0,-0.08860871618931335,0.21443165540695192,0.939795918367347,0.9928571428571429,13,56,0.08623886716609099,0.00025,baseline
epoch,1,70,70,70.0,-0.09679294545755202,0.2960279698274573,0.889795918367347,0.9918367346938776,14,56,0.08623886716609099,0.00025,baseline
epoch,1,71,71,71.0,-0.10651836356298429,0.07877206875353443,0.963265306122449,0.9928571428571429,0,71,0.07877206875353443,0.00025,baseline
epoch,1,72,72,72.0,-0.11362956578446604,0.020878078256334576,0.9673469387755103,0.9938775510204082,0,72,0.020878078256334576,0.00025,baseline
epoch,1,73,73,73.0,-0.11785537643744338,0.018289857008019272,0.9693877551020408,0.9928571428571429,0,73,0.018289857008019272,0.00025,baseline
epoch,1,74,74,74.0,-0.11933603757979068,0.008818905937428376,0.9714285714285714,0.9938775510204082,0,74,0.008818905937428376,0.00025,baseline
epoch,1,75,75,75.0,-0.12209861606085508,0.027232571524016713,0.9663265306122449,0.9928571428571429,1,74,0.008818905937428376,0.00025,baseline
epoch,1,76,76,76.0,-0.12352290411648151,0.02637764531738904,0.9663265306122449,0.9938775510204082,2,74,0.008818905937428376,0.00025,baseline
epoch,1,77,77,77.0,-0.1266662369466047,0.012025054376952502,0.9673469387755103,0.9938775510204082,3,74,0.008818905937428376,0.00025,baseline
epoch,1,78,78,78.0,-0.12701285421178582,0.02411623949907264,0.9663265306122449,0.9928571428571429,4,74,0.008818905937428376,0.00025,baseline
epoch,1,79,79,79.0,-0.12879004188650597,0.00857846955863797,0.9683673469387755,0.9928571428571429,0,79,0.00857846955863797,0.00025,baseline
epoch,1,80,80,80.0,-0.1286422253507394,0.12603264852445953,0.9438775510204082,0.9938775510204082,1,79,0.00857846955863797,0.00025,baseline
epoch,1,81,81,81.0,-0.1328600033798062,0.03360672118712445,0.9642857142857143,0.9938775510204082,2,79,0.00857846955863797,0.00025,baseline
epoch,1,82,82,82.0,-0.13368993680981256,0.021035393890069455,0.9653061224489796,0.9928571428571429,3,79,0.00857846955863797,0.00025,baseline
epoch,1,83,83,83.0,-0.1348635640767792,0.013824905911270453,0.9693877551020408,0.9928571428571429,4,79,0.00857846955863797,0.00025,baseline
epoch,1,84,84,84.0,-0.13779343927965954,0.018690728654666824,0.9673469387755103,0.9938775510204082,5,79,0.00857846955863797,0.00025,baseline
epoch,1,85,85,85.0,-0.13762656898371897,0.03731315330583222,0.9642857142857143,0.9938775510204082,6,79,0.00857846955863797,0.00025,baseline
epoch,1,86,86,86.0,-0.14208084831929427,0.0030281932986512476,0.9663265306122449,0.9938775510204082,0,86,0.0030281932986512476,0.00025,baseline
epoch,1,87,87,87.0,-0.1444137841615297,0.008207765647343226,0.9673469387755103,0.9938775510204082,1,86,0.0030281932986512476,0.00025,baseline
epoch,1,88,88,88.0,-0.14729098414010972,0.009537349428449358,0.9663265306122449,0.9928571428571429,2,86,0.0030281932986512476,0.00025,baseline
epoch,1,89,89,89.0,-0.14896576811271253,-0.007202271052769252,0.9714285714285714,0.9938775510204082,0,89,-0.007202271052769252,0.00025,baseline
epoch,1,90,90,90.0,-0.14840452493272105,0.007185231909459951,0.9612244897959183,0.9938775510204082,1,89,-0.007202271052769252,0.00025,baseline
epoch,1,91,91,91.0,-0.1509780309660564,0.006746654851096017,0.9663265306122449,0.9938775510204082,2,89,-0.007202271052769252,0.00025,baseline
epoch,1,92,92,92.0,-0.15350674693991143,0.00650973198365192,0.9663265306122449,0.9928571428571429,3,89,-0.007202271052769252,0.00025,baseline
epoch,1,93,93,93.0,-0.15498786190557043,0.004550136108787692,0.9663265306122449,0.9928571428571429,4,89,-0.007202271052769252,0.00025,baseline
epoch,1,94,94,94.0,-0.1575649373377916,0.005612005992811553,0.9744897959183674,0.9928571428571429,5,89,-0.007202271052769252,0.00025,baseline
epoch,1,95,95,95.0,-0.15542038973797573,0.028191605149483195,0.9653061224489796,0.9918367346938776,6,89,-0.007202271052769252,0.00025,baseline
epoch,1,96,96,96.0,-0.15813187346151583,0.035414842196873256,0.960204081632653,0.9918367346938776,7,89,-0.007202271052769252,0.00025,baseline
epoch,1,97,97,97.0,-0.1602922147092342,0.018323057768296222,0.963265306122449,0.9938775510204082,8,89,-0.007202271052769252,0.00025,baseline
epoch,1,98,98,98.0,-0.1638191481167498,0.05186176397362534,0.963265306122449,0.9938775510204082,9,89,-0.007202271052769252,0.00025,baseline
epoch,1,99,99,99.0,-0.16369816018563368,0.00489817273860075,0.963265306122449,0.9938775510204082,10,89,-0.007202271052769252,0.00025,baseline
epoch,1,100,100,100.0,-0.15718757893140517,0.04345266624372832,0.9683673469387755,0.9897959183673469,11,89,-0.007202271052769252,0.000125,baseline
epoch,1,101,101,101.0,-0.16308194624147815,0.006126323524786502,0.9683673469387755,0.9928571428571429,12,89,-0.007202271052769252,0.000125,baseline
epoch,1,102,102,102.0,-0.16629410843318282,-0.011966498530640895,0.9693877551020408,0.9928571428571429,0,102,-0.011966498530640895,0.000125,baseline
epoch,1,103,103,103.0,-0.16928531419755977,-0.005636696669520164,0.9653061224489796,0.9928571428571429,1,102,-0.011966498530640895,0.000125,baseline
epoch,1,104,104,104.0,-0.16949086522909912,-0.019075377133427836,0.9673469387755103,0.9928571428571429,0,104,-0.019075377133427836,0.000125,baseline
epoch,1,105,105,105.0,-0.17086967603665937,-0.00991403545652117,0.963265306122449,0.9928571428571429,1,104,-0.019075377133427836,0.000125,baseline
epoch,1,106,106,106.0,-0.17189768982615486,-0.01718698277765391,0.9693877551020408,0.9928571428571429,2,104,-0.019075377133427836,0.000125,baseline
epoch,1,107,107,107.0,-0.17261445035242814,3.7067277090890064e-05,0.960204081632653,0.9928571428571429,3,104,-0.019075377133427836,0.000125,baseline
epoch,1,108,108,108.0,-0.1733362182776945,-0.01584001974183686,0.9673469387755103,0.9928571428571429,4,104,-0.019075377133427836,0.000125,baseline
epoch,1,109,109,109.0,-0.17245004558222288,-0.02011216027396066,0.9744897959183674,0.9928571428571429,0,109,-0.02011216027396066,0.000125,baseline
epoch,1,110,110,110.0,-0.1741556390069722,-0.0215803540482813,0.9693877551020408,0.9928571428571429,0,110,-0.0215803540482813,0.000125,baseline
epoch,1,111,111,111.0,-0.1751416063771428,0.009640176685488954,0.9581632653061225,0.9928571428571429,1,110,-0.0215803540482813,0.000125,baseline
epoch,1,112,112,112.0,-0.1764549222737703,-0.004866812910352435,0.9653061224489796,0.9938775510204082,2,110,-0.0215803540482813,0.000125,baseline
epoch,1,113,113,113.0,-0.17667040572833723,-0.02331494457867681,0.9693877551020408,0.9928571428571429,0,113,-0.02331494457867681,0.000125,baseline
epoch,1,114,114,114.0,-0.17616842527311596,-0.016179470626675352,0.9755102040816327,0.9938775510204082,1,113,-0.02331494457867681,0.000125,baseline
epoch,1,115,115,115.0,-0.1778462776368193,-0.002170086393550951,0.9683673469387755,0.9938775510204082,2,113,-0.02331494457867681,0.000125,baseline
epoch,1,116,116,116.0,-0.1782341119096033,-0.0015270456975820113,0.960204081632653,0.9928571428571429,3,113,-0.02331494457867681,0.000125,baseline
epoch,1,117,117,117.0,-0.17843229637935043,-0.014073250001790572,0.9663265306122449,0.9928571428571429,4,113,-0.02331494457867681,0.000125,baseline
epoch,1,118,118,118.0,-0.18052534319163585,-0.015321108516381712,0.9693877551020408,0.9928571428571429,5,113,-0.02331494457867681,0.000125,baseline
epoch,1,119,119,119.0,-0.1813492997187029,-0.031127524375915528,0.9693877551020408,0.9928571428571429,0,119,-0.031127524375915528,0.000125,baseline
epoch,1,120,120,120.0,-0.18211261378610707,-0.0043868913942453815,0.9642857142857143,0.9938775510204082,1,119,-0.031127524375915528,0.000125,baseline
epoch,1,121,121,121.0,-0.1824271260657033,-0.028621113300323485,0.9714285714285714,0.9938775510204082,2,119,-0.031127524375915528,0.000125,baseline
epoch,1,122,122,122.0,-0.1815600898706633,0.01701036326739253,0.9642857142857143,0.9928571428571429,3,119,-0.031127524375915528,0.000125,baseline
epoch,1,123,123,123.0,-0.18179729547393456,0.008511351565925442,0.9612244897959183,0.9928571428571429,4,119,-0.031127524375915528,0.000125,baseline
epoch,1,124,124,124.0,-0.181737362242573,-0.013427837770812365,0.9755102040816327,0.9918367346938776,5,119,-0.031127524375915528,0.000125,baseline
epoch,1,125,125,125.0,-0.1815951241292554,0.018756245350351138,0.963265306122449,0.9928571428571429,6,119,-0.031127524375915528,0.000125,baseline
epoch,1,126,126,126.0,-0.18449431213343837,-0.018606445740680305,0.9663265306122449,0.9928571428571429,7,119,-0.031127524375915528,0.000125,baseline
epoch,1,127,127,127.0,-0.18521975795143836,-0.015834849464650056,0.9673469387755103,0.9928571428571429,8,119,-0.031127524375915528,0.000125,baseline
epoch,1,128,128,128.0,-0.18574845790863037,-0.0192507021281184,0.9642857142857143,0.9928571428571429,9,119,-0.031127524375915528,0.000125,baseline
epoch,1,129,129,129.0,-0.18752489824217114,-0.03170587919196304,0.9724489795918367,0.9928571428571429,0,129,-0.03170587919196304,0.000125,baseline
epoch,1,130,130,130.0,-0.18770846873674013,-0.015097227388498734,0.9663265306122449,0.9928571428571429,1,129,-0.03170587919196304,0.000125,baseline
epoch,1,131,131,131.0,-0.18860814727241587,-0.02373069427451309,0.9714285714285714,0.9928571428571429,2,129,-0.03170587919196304,0.000125,baseline
epoch,1,132,132,132.0,-0.1877556297703588,0.05450880527496338,0.9540816326530612,0.9928571428571429,3,129,-0.03170587919196304,0.000125,baseline
epoch,1,133,133,133.0,-0.18887884508479724,-0.0046160943654118755,0.9653061224489796,0.9928571428571429,4,129,-0.03170587919196304,0.000125,baseline
epoch,1,134,134,134.0,-0.19098486817528448,-0.016497972303507278,0.9683673469387755,0.9918367346938776,5,129,-0.03170587919196304,0.000125,baseline
epoch,1,135,135,135.0,-0.19199952790637304,-0.037082721262562034,0.9724489795918367,0.9928571428571429,0,135,-0.037082721262562034,0.000125,baseline
epoch,1,136,136,136.0,-0.19104342575092725,-0.002843758524680624,0.963265306122449,0.9928571428571429,1,135,-0.037082721262562034,0.000125,baseline
epoch,1,137,137,137.0,-0.19051926828867569,-0.030965011217156235,0.9755102040816327,0.9928571428571429,2,135,-0.037082721262562034,0.000125,baseline
epoch,1,138,138,138.0,-0.19355020849405197,-0.0280841090241257,0.9714285714285714,0.9928571428571429,3,135,-0.037082721262562034,0.000125,baseline
epoch,1,139,139,139.0,-0.19249880210371864,-0.004394973784076924,0.9622448979591837,0.9928571428571429,4,135,-0.037082721262562034,0.000125,baseline
epoch,1,140,140,140.0,-0.19389037707244047,-0.006277794983922219,0.9612244897959183,0.9928571428571429,5,135,-0.037082721262562034,0.000125,baseline
epoch,1,141,141,141.0,-0.1944571106377856,-0.035333414953582144,0.9704081632653061,0.9928571428571429,6,135,-0.037082721262562034,0.000125,baseline
epoch,1,142,142,142.0,-0.19435535631579204,-0.02414239620675846,0.9714285714285714,0.9928571428571429,7,135,-0.037082721262562034,0.000125,baseline
epoch,1,143,143,143.0,-0.19498073683330547,-0.03312168632234846,0.9744897959183674,0.9928571428571429,8,135,-0.037082721262562034,0.000125,baseline
epoch,1,144,144,144.0,-0.19463766503991584,-0.01639223220397015,0.9673469387755103,0.9928571428571429,9,135,-0.037082721262562034,0.000125,baseline
epoch,1,145,145,145.0,-0.19542781051259728,-0.006585146213064388,0.9612244897959183,0.9928571428571429,10,135,-0.037082721262562034,0.000125,baseline
epoch,1,146,146,146.0,-0.1964922005479986,0.028425069487824733,0.9581632653061225,0.9908163265306122,11,135,-0.037082721262562034,6.25e-05,baseline
epoch,1,147,147,147.0,-0.19808077428630716,-0.025062830594121194,0.9693877551020408,0.9938775510204082,12,135,-0.037082721262562034,6.25e-05,baseline
epoch,1,148,148,148.0,-0.19766436631394602,-0.012245262399011728,0.9663265306122449,0.9928571428571429,13,135,-0.037082721262562034,6.25e-05,baseline
epoch,1,149,149,149.0,-0.19887375308008554,-0.013755701999275052,0.9663265306122449,0.9928571428571429,14,135,-0.037082721262562034,6.25e-05,baseline
epoch,1,150,150,150.0,-0.20082778286519892,-0.030563500462746133,0.9622448979591837,0.9928571428571429,15,135,-0.037082721262562034,6.25e-05,baseline
epoch,1,151,151,151.0,-0.2010523917360861,-0.022967063407508693,0.9642857142857143,0.9928571428571429,16,135,-0.037082721262562034,6.25e-05,baseline
epoch,1,152,152,152.0,-0.20076097567795004,-0.036149873782177364,0.9734693877551021,0.9928571428571429,17,135,-0.037082721262562034,6.25e-05,baseline
epoch,1,153,153,153.0,-0.20255842266092505,-0.03187494569895219,0.9704081632653061,0.9928571428571429,18,135,-0.037082721262562034,6.25e-05,baseline
epoch,1,154,154,154.0,-0.20210664307620602,-0.01820809232945345,0.9612244897959183,0.9928571428571429,19,135,-0.037082721262562034,6.25e-05,baseline
epoch,1,155,155,155.0,-0.20215961888082423,-0.019582584926060267,0.963265306122449,0.9928571428571429,20,135,-0.037082721262562034,6.25e-05,baseline
epoch,1,156,156,156.0,-0.2009214859939084,-0.030629291096512152,0.9714285714285714,0.9928571428571429,21,135,-0.037082721262562034,6.25e-05,baseline
epoch,1,157,157,157.0,-0.2019217913557487,-0.028491724997150653,0.9642857142857143,0.9928571428571429,22,135,-0.037082721262562034,3.125e-05,baseline
epoch,1,158,158,158.0,-0.20355642383748834,-0.0314259655621587,0.9663265306122449,0.9928571428571429,23,135,-0.037082721262562034,3.125e-05,baseline
epoch,1,159,159,159.0,-0.2036917031846324,-0.03254018608404666,0.9673469387755103,0.9928571428571429,24,135,-0.037082721262562034,3.125e-05,baseline
epoch,1,160,160,160.0,-0.2032610128678389,-0.03735928997701528,0.9673469387755103,0.9928571428571429,0,160,-0.03735928997701528,3.125e-05,baseline
epoch,1,161,161,161.0,-0.2034093061189973,-0.03934031530302398,0.9704081632653061,0.9928571428571429,0,161,-0.03934031530302398,3.125e-05,baseline
epoch,1,162,162,162.0,-0.20454112550698456,-0.03581800193202739,0.9714285714285714,0.9928571428571429,1,161,-0.03934031530302398,3.125e-05,baseline
epoch,1,163,163,163.0,-0.2038738884039383,-0.028614386247128858,0.9653061224489796,0.9928571428571429,2,161,-0.03934031530302398,3.125e-05,baseline
epoch,1,164,164,164.0,-0.20454904598405582,-0.03856939417975289,0.9714285714285714,0.9928571428571429,3,161,-0.03934031530302398,3.125e-05,baseline
epoch,1,165,165,165.0,-0.20414386548109512,-0.026131977353777203,0.9653061224489796,0.9928571428571429,4,161,-0.03934031530302398,3.125e-05,baseline
epoch,1,166,166,166.0,-0.20373376726008288,-0.03537907673388111,0.9663265306122449,0.9928571428571429,5,161,-0.03934031530302398,3.125e-05,baseline
epoch,1,167,167,167.0,-0.2041622306523698,-0.03645175330492915,0.9683673469387755,0.9928571428571429,6,161,-0.03934031530302398,3.125e-05,baseline
epoch,1,168,168,168.0,-0.20396343881190127,-0.035280318892731956,0.9673469387755103,0.9938775510204082,7,161,-0.03934031530302398,3.125e-05,baseline
epoch,1,169,169,169.0,-0.20484345213750774,-0.036080384741024096,0.9673469387755103,0.9928571428571429,8,161,-0.03934031530302398,3.125e-05,baseline
epoch,1,170,170,170.0,-0.20394754829884063,-0.008437843955292994,0.9642857142857143,0.9928571428571429,9,161,-0.03934031530302398,3.125e-05,baseline
epoch,1,171,171,171.0,-0.20487237457600752,-0.028750479707912523,0.9683673469387755,0.9928571428571429,10,161,-0.03934031530302398,3.125e-05,baseline
epoch,1,172,172,172.0,-0.20473188009641996,-0.037922377002482514,0.9704081632653061,0.9928571428571429,11,161,-0.03934031530302398,1.5625e-05,baseline
epoch,1,173,173,173.0,-0.20590528197381056,-0.035655806745801655,0.9704081632653061,0.9928571428571429,12,161,-0.03934031530302398,1.5625e-05,baseline
epoch,1,174,174,174.0,-0.20590668374841864,-0.03695071935653686,0.9704081632653061,0.9928571428571429,13,161,-0.03934031530302398,1.5625e-05,baseline
epoch,1,175,175,175.0,-0.20639732032557673,-0.032420505066307226,0.9724489795918367,0.9928571428571429,14,161,-0.03934031530302398,1.5625e-05,baseline
epoch,1,176,176,176.0,-0.2060502225702459,-0.03587650352594804,0.9724489795918367,0.9928571428571429,15,161,-0.03934031530302398,1.5625e-05,baseline
epoch,1,177,177,177.0,-0.2060320055277769,-0.026038208056469354,0.9642857142857143,0.9928571428571429,16,161,-0.03934031530302398,1.5625e-05,baseline
epoch,1,178,178,178.0,-0.20659334715588953,-0.033688734988777,0.963265306122449,0.9928571428571429,17,161,-0.03934031530302398,1.5625e-05,baseline
epoch,1,179,179,179.0,-0.20658469985527453,-0.03446268548770827,0.9673469387755103,0.9928571428571429,18,161,-0.03934031530302398,1.5625e-05,baseline
epoch,1,180,180,180.0,-0.20675164315016203,-0.03712080814400498,0.9714285714285714,0.9928571428571429,19,161,-0.03934031530302398,1.5625e-05,baseline
epoch,1,181,181,181.0,-0.20680491843920076,-0.03154929851999088,0.9653061224489796,0.9928571428571429,20,161,-0.03934031530302398,1.5625e-05,baseline
epoch,1,182,182,182.0,-0.20669147911062036,-0.038859016797980483,0.9683673469387755,0.9928571428571429,21,161,-0.03934031530302398,1.5625e-05,baseline
epoch,1,183,183,183.0,-0.20710740616664944,-0.03639045029270406,0.9693877551020408,0.9928571428571429,22,161,-0.03934031530302398,7.8125e-06,baseline
epoch,1,184,184,184.0,-0.2061071184000516,-0.034715373418769055,0.9693877551020408,0.9928571428571429,23,161,-0.03934031530302398,7.8125e-06,baseline
epoch,1,185,185,185.0,-0.20695542954327015,-0.036382682226142105,0.9673469387755103,0.9928571428571429,24,161,-0.03934031530302398,7.8125e-06,baseline
epoch,1,186,186,186.0,-0.20716479807270194,-0.04011153396295041,0.9714285714285714,0.9918367346938776,0,186,-0.04011153396295041,7.8125e-06,baseline
epoch,1,187,187,187.0,-0.2069504555082662,-0.03799092964250214,0.9673469387755103,0.9928571428571429,1,186,-0.04011153396295041,7.8125e-06,baseline
epoch,1,188,188,188.0,-0.2073123516539631,-0.03755617117395206,0.9673469387755103,0.9928571428571429,2,186,-0.04011153396295041,7.8125e-06,baseline
epoch,1,189,189,189.0,-0.20713549730604833,-0.03765644686562675,0.9673469387755103,0.9928571428571429,3,186,-0.04011153396295041,7.8125e-06,baseline
epoch,1,190,190,190.0,-0.20773838276273748,-0.032411798165768994,0.9653061224489796,0.9928571428571429,4,186,-0.04011153396295041,7.8125e-06,baseline
epoch,1,191,191,191.0,-0.2071130880296413,-0.036710342095822704,0.9653061224489796,0.9928571428571429,5,186,-0.04011153396295041,7.8125e-06,baseline
epoch,1,192,192,192.0,-0.20690700658373495,-0.03321103538785662,0.9663265306122449,0.9928571428571429,6,186,-0.04011153396295041,7.8125e-06,baseline
epoch,1,193,193,193.0,-0.20749159024855213,-0.03695132635077652,0.9693877551020408,0.9928571428571429,7,186,-0.04011153396295041,7.8125e-06,baseline
epoch,1,194,194,194.0,-0.20760483395943724,-0.03754698573326578,0.9683673469387755,0.9928571428571429,8,186,-0.04011153396295041,7.8125e-06,baseline
epoch,1,195,195,195.0,-0.20766914682320117,-0.038841845794599886,0.9693877551020408,0.9928571428571429,9,186,-0.04011153396295041,7.8125e-06,baseline
epoch,1,196,196,196.0,-0.20746184046835894,-0.03855125174230459,0.9683673469387755,0.9928571428571429,10,186,-0.04011153396295041,7.8125e-06,baseline
epoch,1,197,197,197.0,-0.2075083650899737,-0.041062094484056746,0.9693877551020408,0.9928571428571429,0,197,-0.041062094484056746,7.8125e-06,baseline
epoch,1,198,198,198.0,-0.2074324499598806,-0.034481872587787864,0.9673469387755103,0.9928571428571429,1,197,-0.041062094484056746,7.8125e-06,baseline
epoch,1,199,199,199.0,-0.20763411780056354,-0.03780855718924075,0.9673469387755103,0.9928571428571429,2,197,-0.041062094484056746,7.8125e-06,baseline
epoch,1,200,200,200.0,-0.20789378254357593,-0.04016087809387518,0.9693877551020408,0.9928571428571429,3,197,-0.041062094484056746,7.8125e-06,baseline
epoch,2,1,1,1.0,2.0076824738372943,4.640614898837343,0.2979591836734694,0.35,0,1,4.640614898837343,0.001,baseline
epoch,2,2,2,2.0,1.4615303190297564,2.8230445277934173,0.41122448979591836,0.7193877551020408,0,2,2.8230445277934173,0.001,baseline
epoch,2,3,3,3.0,1.2189893718881188,1.5946928817398693,0.5683673469387756,0.8642857142857143,0,3,1.5946928817398693,0.001,baseline
epoch,2,4,4,4.0,1.0502904876381676,2.3110235992743045,0.5642857142857143,0.8979591836734694,1,3,1.5946928817398693,0.001,baseline
epoch,2,5,5,5.0,0.9276455171992269,1.4695563802913743,0.7622448979591837,0.8061224489795918,0,5,1.4695563802913743,0.001,baseline
epoch,2,6,6,6.0,0.8437360002144608,1.171129112340966,0.7112244897959183,0.9663265306122449,0,6,1.171129112340966,0.001,baseline
epoch,2,7,7,7.0,0.7958877419670464,1.6705574094032756,0.6316326530612245,0.8244897959183674,1,6,1.171129112340966,0.001,baseline
epoch,2,8,8,8.0,0.7477294013010712,1.217518451749062,0.726530612244898,0.9734693877551021,2,6,1.171129112340966,0.001,baseline
epoch,2,9,9,9.0,0.6856683614426906,1.5623628251406612,0.6622448979591836,0.8306122448979592,3,6,1.171129112340966,0.001,baseline
epoch,2,10,10,10.0,0.625569292303247,1.1929525823009257,0.8357142857142857,0.8530612244897959,4,6,1.171129112340966,0.001,baseline
epoch,2,11,11,11.0,0.5987201736701521,2.367450339453561,0.5204081632653061,0.8122448979591836,5,6,1.171129112340966,0.001,baseline
epoch,2,12,12,12.0,0.5689239676687885,2.3159093817886043,0.47551020408163264,0.8663265306122448,6,6,1.171129112340966,0.001,baseline
epoch,2,13,13,13.0,0.541737172528112,0.7961520229067122,0.9071428571428571,0.9183673469387755,0,13,0.7961520229067122,0.001,baseline
epoch,2,14,14,14.0,0.5107588703469188,0.8778316220458673,0.8581632653061224,0.9704081632653061,1,13,0.7961520229067122,0.001,baseline
epoch,2,15,15,15.0,0.4962672321496872,1.0444752337981245,0.7775510204081633,0.9132653061224489,2,13,0.7961520229067122,0.001,baseline
epoch,2,16,16,16.0,0.44443015073853204,0.9294418142766369,0.8591836734693877,0.9020408163265307,3,13,0.7961520229067122,0.001,baseline
epoch,2,17,17,17.0,0.40560309843096476,0.5862440333074453,0.9224489795918367,0.9908163265306122,0,17,0.5862440333074453,0.001,baseline
epoch,2,18,18,18.0,0.3760788170991806,2.51538758959089,0.6632653061224489,0.5295918367346939,1,17,0.5862440333074453,0.001,baseline
epoch,2,19,19,19.0,0.35648031068530095,0.6973045324792667,0.8744897959183674,0.9887755102040816,2,17,0.5862440333074453,0.001,baseline
epoch,2,20,20,20.0,0.3449358212265954,1.5879838208762966,0.7091836734693877,0.9704081632653061,3,17,0.5862440333074453,0.001,baseline
epoch,2,21,21,21.0,0.3188035416590912,1.4995361785499417,0.7397959183673469,0.8244897959183674,4,17,0.5862440333074453,0.001,baseline
epoch,2,22,22,22.0,0.280168308179152,0.4263279204465905,0.939795918367347,0.9877551020408163,0,22,0.4263279204465905,0.001,baseline
epoch,2,23,23,23.0,0.2535999296451857,1.0326311413122684,0.7091836734693877,0.9785714285714285,1,22,0.4263279204465905,0.001,baseline
epoch,2,24,24,24.0,0.23378489751737866,0.4626707524669414,0.9295918367346939,0.9785714285714285,2,22,0.4263279204465905,0.001,baseline
epoch,2,25,25,25.0,0.21888753433880206,1.765535609576167,0.736734693877551,0.6112244897959184,3,22,0.4263279204465905,0.001,baseline
epoch,2,26,26,26.0,0.21195071034582447,1.6304437072909608,0.636734693877551,0.9,4,22,0.4263279204465905,0.001,baseline
epoch,2,27,27,27.0,0.22514745212551035,2.6585552935697594,0.41122448979591836,0.9306122448979591,5,22,0.4263279204465905,0.001,baseline
epoch,2,28,28,28.0,0.23324681552121296,2.3943191041751786,0.513265306122449,0.9622448979591837,6,22,0.4263279204465905,0.001,baseline
epoch,2,29,29,29.0,0.21861080845115866,5.1174281217613995,0.34285714285714286,0.7714285714285715,7,22,0.4263279204465905,0.001,baseline
epoch,2,30,30,30.0,0.17726224730889084,1.0290226118905204,0.8214285714285714,0.8887755102040816,8,22,0.4263279204465905,0.001,baseline
epoch,2,31,31,31.0,0.15955818512222983,1.5982313199919098,0.6244897959183674,0.9377551020408164,9,22,0.4263279204465905,0.001,baseline
epoch,2,32,32,32.0,0.13275086337869818,2.6930489111919793,0.5255102040816326,0.7428571428571429,10,22,0.4263279204465905,0.001,baseline
epoch,2,33,33,33.0,0.11530174194731435,2.0182953683697447,0.5704081632653061,0.9510204081632653,11,22,0.4263279204465905,0.0005,baseline
epoch,2,34,34,34.0,0.09392060718448705,0.4476531559107255,0.9214285714285714,0.9816326530612245,12,22,0.4263279204465905,0.0005,baseline
epoch,2,35,35,35.0,0.06459864824858091,0.25045597480267895,0.9408163265306122,0.9897959183673469,0,35,0.25045597480267895,0.0005,baseline
epoch,2,36,36,36.0,0.056786491508016304,0.19379408018929617,0.9734693877551021,0.9826530612244898,0,36,0.19379408018929617,0.0005,baseline
epoch,2,37,37,37.0,0.04937937268197719,0.38572622464627637,0.8989795918367347,0.9918367346938776,1,36,0.19379408018929617,0.0005,baseline
epoch,2,38,38,38.0,0.036594584295040984,0.13393152270998274,0.9795918367346939,0.9908163265306122,0,38,0.13393152270998274,0.0005,baseline
epoch,2,39,39,39.0,0.0297530194225058,0.1488080968662184,0.9744897959183674,0.9908163265306122,1,38,0.13393152270998274,0.0005,baseline
epoch,2,40,40,40.0,0.022766156690965756,0.12102407435981595,0.9755102040816327,0.9928571428571429,0,40,0.12102407435981595,0.0005,baseline
epoch,2,41,41,41.0,0.0155393716263698,0.233858745438712,0.9448979591836735,0.9877551020408163,1,40,0.12102407435981595,0.0005,baseline
epoch,2,42,42,42.0,0.009996108733597036,0.11630453041621618,0.9755102040816327,0.9918367346938776,0,42,0.11630453041621618,0.0005,baseline
epoch,2,43,43,43.0,0.005791661018492374,0.1806733107080265,0.9622448979591837,0.9908163265306122,1,42,0.11630453041621618,0.0005,baseline
epoch,2,44,44,44.0,0.0006544274621404349,0.20688044392332738,0.9642857142857143,0.9897959183673469,2,42,0.11630453041621618,0.0005,baseline
epoch,2,45,45,45.0,-0.0033005905833258936,0.14203377816141868,0.9755102040816327,0.9846938775510204,3,42,0.11630453041621618,0.0005,baseline
epoch,2,46,46,46.0,-0.010760293795943138,0.09510381148785961,0.9826530612244898,0.9897959183673469,0,46,0.09510381148785961,0.0005,baseline
epoch,2,47,47,47.0,-0.018725834413982387,0.14288146544475944,0.9755102040816327,0.9897959183673469,1,46,0.09510381148785961,0.0005,baseline
epoch,2,48,48,48.0,-0.02031361825376049,0.10488691038014937,0.9806122448979592,0.9887755102040816,2,46,0.09510381148785961,0.0005,baseline
epoch,2,49,49,49.0,-0.027418059335909288,0.07996751070022583,0.9806122448979592,0.9928571428571429,0,49,0.07996751070022583,0.0005,baseline
epoch,2,50,50,50.0,-0.028250664320371977,0.09186958269197114,0.976530612244898,0.9918367346938776,1,49,0.07996751070022583,0.0005,baseline
epoch,2,51,51,51.0,-0.03512704676821965,0.24026805867954176,0.9469387755102041,0.9816326530612245,2,49,0.07996751070022583,0.0005,baseline
epoch,2,52,52,52.0,-0.04126157135958569,0.26275305845299546,0.9438775510204082,0.9908163265306122,3,49,0.07996751070022583,0.0005,baseline
epoch,2,53,53,53.0,-0.04615413911252514,0.40420746146416175,0.8959183673469387,0.9836734693877551,4,49,0.07996751070022583,0.0005,baseline
epoch,2,54,54,54.0,-0.04810669327171879,0.6281431020522604,0.8479591836734693,0.9887755102040816,5,49,0.07996751070022583,0.0005,baseline
epoch,2,55,55,55.0,-0.050960873802543535,0.2042794709302941,0.9459183673469388,0.9897959183673469,6,49,0.07996751070022583,0.0005,baseline
epoch,2,56,56,56.0,-0.059254689406569326,0.09288709358293183,0.9816326530612245,0.9816326530612245,7,49,0.07996751070022583,0.0005,baseline
epoch,2,57,57,57.0,-0.06336683497609108,0.06424139178529077,0.9816326530612245,0.9908163265306122,0,57,0.06424139178529077,0.0005,baseline
epoch,2,58,58,58.0,-0.06348463238442395,0.19073915408582104,0.9510204081632653,0.9836734693877551,1,57,0.06424139178529077,0.0005,baseline
epoch,2,59,59,59.0,-0.0466068254915029,2.5074396551871785,0.6244897959183674,0.9,2,57,0.06424139178529077,0.0005,baseline
epoch,2,60,60,60.0,-0.018513469213850043,1.3544909457771146,0.7785714285714286,0.9122448979591836,3,57,0.06424139178529077,0.0005,baseline
epoch,2,61,61,61.0,-0.027136529307808646,4.160535590502681,0.4204081632653061,0.7336734693877551,4,57,0.06424139178529077,0.0005,baseline
epoch,2,62,62,62.0,-0.04063478918923055,0.4321627147343694,0.9030612244897959,0.9642857142857143,5,57,0.06424139178529077,0.0005,baseline
epoch,2,63,63,63.0,-0.06352689451289736,0.21959494303683846,0.9418367346938775,0.9846938775510204,6,57,0.06424139178529077,0.0005,baseline
epoch,2,64,64,64.0,-0.0799689595497178,0.3026882018361773,0.9479591836734694,0.9581632653061225,7,57,0.06424139178529077,0.0005,baseline
epoch,2,65,65,65.0,-0.08618228897010952,0.3165816180560054,0.9479591836734694,0.9581632653061225,8,57,0.06424139178529077,0.0005,baseline
epoch,2,66,66,66.0,-0.09782614527732529,0.27156213813898517,0.9244897959183673,0.9857142857142858,9,57,0.06424139178529077,0.0005,baseline
epoch,2,67,67,67.0,-0.10611680128722926,0.18224450179508755,0.9683673469387755,0.9673469387755103,10,57,0.06424139178529077,0.0005,baseline
epoch,2,68,68,68.0,-0.11082422191446478,0.060281725562348655,0.9734693877551021,0.986734693877551,0,68,0.060281725562348655,0.0005,baseline
epoch,2,69,69,69.0,-0.11436686440312947,0.1205104406999082,0.9744897959183674,0.9806122448979592,1,68,0.060281725562348655,0.0005,baseline
epoch,2,70,70,70.0,-0.11819184398748536,0.42035137585231236,0.9704081632653061,0.8979591836734694,2,68,0.060281725562348655,0.0005,baseline
epoch,2,71,71,71.0,-0.12388562766475503,0.05809796853941314,0.9744897959183674,0.9897959183673469,0,71,0.05809796853941314,0.0005,baseline
epoch,2,72,72,72.0,-0.12832282348112625,0.0005577143357724559,0.976530612244898,0.9908163265306122,0,72,0.0005577143357724559,0.0005,baseline
epoch,2,73,73,73.0,-0.1318298446754635,0.055844262668064665,0.9683673469387755,0.9897959183673469,1,72,0.0005577143357724559,0.0005,baseline
epoch,2,74,74,74.0,-0.13465769097315522,0.09347052428187157,0.9755102040816327,0.9836734693877551,2,72,0.0005577143357724559,0.0005,baseline
epoch,2,75,75,75.0,-0.13784291911052124,0.12554608656435598,0.9448979591836735,0.9918367346938776,3,72,0.0005577143357724559,0.0005,baseline
epoch,2,76,76,76.0,-0.1403749639946545,0.033164569309779575,0.9775510204081632,0.986734693877551,4,72,0.0005577143357724559,0.0005,baseline
epoch,2,77,77,77.0,-0.14555302563678013,0.12061916078839983,0.9551020408163265,0.9908163265306122,5,72,0.0005577143357724559,0.0005,baseline
epoch,2,78,78,78.0,-0.14026381850120848,0.264709933679931,0.939795918367347,0.9826530612244898,6,72,0.0005577143357724559,0.0005,baseline
epoch,2,79,79,79.0,-0.1426543727958531,0.47435356475869006,0.8418367346938775,0.9877551020408163,7,72,0.0005577143357724559,0.0005,baseline
epoch,2,80,80,80.0,-0.14351781730875907,1.097723677693581,0.7683673469387755,0.8969387755102041,8,72,0.0005577143357724559,0.0005,baseline
epoch,2,81,81,81.0,-0.10841283284363634,1.8614562341145107,0.713265306122449,0.9540816326530612,9,72,0.0005577143357724559,0.0005,baseline
epoch,2,82,82,82.0,0.01676903401745961,16.48515169571857,0.29591836734693877,0.8755102040816326,10,72,0.0005577143357724559,0.0005,baseline
epoch,2,83,83,83.0,0.1622941806318811,6.910227166389933,0.3989795918367347,0.6551020408163265,11,72,0.0005577143357724559,0.00025,baseline
epoch,2,84,84,84.0,-0.0372916441163442,1.0566448313849313,0.7234693877551021,0.986734693877551,12,72,0.0005577143357724559,0.00025,baseline
epoch,2,85,85,85.0,-0.12127664182962997,0.0019077690280213649,0.9795918367346939,0.9897959183673469,13,72,0.0005577143357724559,0.00025,baseline
epoch,2,86,86,86.0,-0.1419801739433569,0.2871466969957157,0.9153061224489796,0.986734693877551,14,72,0.0005577143357724559,0.00025,baseline
epoch,2,87,87,87.0,-0.15234402726205548,-0.018997252474025804,0.9795918367346939,0.9908163265306122,0,87,-0.018997252474025804,0.00025,baseline
epoch,2,88,88,88.0,-0.16031012751839377,-0.017323738458205243,0.9795918367346939,0.9918367346938776,1,87,-0.018997252474025804,0.00025,baseline
epoch,2,89,89,89.0,-0.16267884709131242,-0.018343804320510554,0.9806122448979592,0.9908163265306122,2,87,-0.018997252474025804,0.00025,baseline
epoch,2,90,90,90.0,-0.16491931141092536,-0.020443817304105175,0.9795918367346939,0.9908163265306122,0,90,-0.020443817304105175,0.00025,baseline
epoch,2,91,91,91.0,-0.166833079689248,-0.005626852658330178,0.9744897959183674,0.9887755102040816,1,90,-0.020443817304105175,0.00025,baseline
epoch,2,92,92,92.0,-0.17022859423104542,-0.025875461344816247,0.9806122448979592,0.9908163265306122,0,92,-0.025875461344816247,0.00025,baseline
epoch,2,93,93,93.0,-0.17345324624424935,-0.022002045962275292,0.9785714285714285,0.9908163265306122,1,92,-0.025875461344816247,0.00025,baseline
epoch,2,94,94,94.0,-0.17383655713941518,-0.047261371904489945,0.9826530612244898,0.9918367346938776,0,94,-0.047261371904489945,0.00025,baseline
epoch,2,95,95,95.0,-0.1718142218317026,0.00469311743366475,0.9755102040816327,0.9846938775510204,1,94,-0.047261371904489945,0.00025,baseline
epoch,2,96,96,96.0,-0.17447667266789205,-0.04060035116818486,0.9836734693877551,0.9918367346938776,2,94,-0.047261371904489945,0.00025,baseline
epoch,2,97,97,97.0,-0.17630395972083368,-0.03399916060116826,0.9816326530612245,0.9897959183673469,3,94,-0.047261371904489945,0.00025,baseline
epoch,2,98,98,98.0,-0.17804686875825518,-0.0040733023565642686,0.9744897959183674,0.9908163265306122,4,94,-0.047261371904489945,0.00025,baseline
epoch,2,99,99,99.0,-0.1812313999048414,-0.02733071945151504,0.9785714285714285,0.9908163265306122,5,94,-0.047261371904489945,0.00025,baseline
epoch,2,100,100,100.0,-0.1818372578007208,0.0007657912312721719,0.9755102040816327,0.9857142857142858,6,94,-0.047261371904489945,0.00025,baseline
epoch,2,101,101,101.0,-0.1814007404754062,-0.03215517754457435,0.9836734693877551,0.9918367346938776,7,94,-0.047261371904489945,0.00025,baseline
epoch,2,102,102,102.0,-0.18274035456231713,-0.03678764469769536,0.9806122448979592,0.9918367346938776,8,94,-0.047261371904489945,0.00025,baseline
epoch,2,103,103,103.0,-0.18596327493577983,-0.013956442414497842,0.9755102040816327,0.9908163265306122,9,94,-0.047261371904489945,0.00025,baseline
epoch,2,104,104,104.0,-0.18802228755678171,-0.02777635296996759,0.9795918367346939,0.9908163265306122,10,94,-0.047261371904489945,0.00025,baseline
epoch,2,105,105,105.0,-0.1880269574802426,-0.02905106106582953,0.9775510204081632,0.9918367346938776,11,94,-0.047261371904489945,0.000125,baseline
epoch,2,106,106,106.0,-0.18987743828951764,-0.04305052684277904,0.9785714285714285,0.9887755102040816,12,94,-0.047261371904489945,0.000125,baseline
epoch,2,107,107,107.0,-0.19034958318012848,-0.048708019694503474,0.9806122448979592,0.9918367346938776,0,107,-0.048708019694503474,0.000125,baseline
epoch,2,108,108,108.0,-0.19204866429514977,-0.054049992804624594,0.9826530612244898,0.9908163265306122,0,108,-0.054049992804624594,0.000125,baseline
epoch,2,109,109,109.0,-0.19224987526836143,-0.05485156433922904,0.9836734693877551,0.9918367346938776,0,109,-0.05485156433922904,0.000125,baseline
epoch,2,110,110,110.0,-0.1931887282414383,-0.05219626183412513,0.9816326530612245,0.9918367346938776,1,109,-0.05485156433922904,0.000125,baseline
epoch,2,111,111,111.0,-0.1943129531209632,-0.04923276779602985,0.9806122448979592,0.9918367346938776,2,109,-0.05485156433922904,0.000125,baseline
epoch,2,112,112,112.0,-0.19328052645684263,-0.053489309914258064,0.9816326530612245,0.9918367346938776,3,109,-0.05485156433922904,0.000125,baseline
epoch,2,113,113,113.0,-0.19259651932214691,-0.05153402187386338,0.9816326530612245,0.9918367346938776,4,109,-0.05485156433922904,0.000125,baseline
epoch,2,114,114,114.0,-0.19534530739496872,-0.057345474252895434,0.9816326530612245,0.9918367346938776,0,114,-0.057345474252895434,0.000125,baseline
epoch,2,115,115,115.0,-0.1966549086254147,-0.05906886932801227,0.9846938775510204,0.9918367346938776,0,115,-0.05906886932801227,0.000125,baseline
epoch,2,116,116,116.0,-0.1972755283817451,-0.052977083653819805,0.9826530612244898,0.9918367346938776,1,115,-0.05906886932801227,0.000125,baseline
epoch,2,117,117,117.0,-0.19728166784280654,-0.04661878809636953,0.9795918367346939,0.9918367346938776,2,115,-0.05906886932801227,0.000125,baseline
epoch,2,118,118,118.0,-0.19660093640647944,-0.04904921760364454,0.9816326530612245,0.9918367346938776,3,115,-0.05906886932801227,0.000125,baseline
epoch,2,119,119,119.0,-0.19745006046207494,-0.05720090403848765,0.9826530612244898,0.9928571428571429,4,115,-0.05906886932801227,0.000125,baseline
epoch,2,120,120,120.0,-0.19813907676137626,-0.06302032592345257,0.9836734693877551,0.9908163265306122,0,120,-0.06302032592345257,0.000125,baseline
epoch,2,121,121,121.0,-0.1999640604205224,-0.05639302292648627,0.9826530612244898,0.9918367346938776,1,120,-0.06302032592345257,0.000125,baseline
epoch,2,122,122,122.0,-0.19963252520049798,-0.04700605285410978,0.9806122448979592,0.9908163265306122,2,120,-0.06302032592345257,0.000125,baseline
epoch,2,123,123,123.0,-0.20079028478560093,-0.03145460936487937,0.9744897959183674,0.9918367346938776,3,120,-0.06302032592345257,0.000125,baseline
epoch,2,124,124,124.0,-0.19983271778056036,-0.053509355564506686,0.9826530612244898,0.9918367346938776,4,120,-0.06302032592345257,0.000125,baseline
epoch,2,125,125,125.0,-0.2004286145774288,-0.05854167013752217,0.9806122448979592,0.9908163265306122,5,120,-0.06302032592345257,0.000125,baseline
epoch,2,126,126,126.0,-0.20232151307173232,-0.055885234414314734,0.9826530612244898,0.9918367346938776,6,120,-0.06302032592345257,0.000125,baseline
epoch,2,127,127,127.0,-0.20151374660302962,-0.06959826532675295,0.9826530612244898,0.9918367346938776,0,127,-0.06959826532675295,0.000125,baseline
epoch,2,128,128,128.0,-0.20146031429623926,-0.05216386439848919,0.9795918367346939,0.9918367346938776,1,127,-0.06959826532675295,0.000125,baseline
epoch,2,129,129,129.0,-0.2032968205864997,-0.06513119181808161,0.9836734693877551,0.9918367346938776,2,127,-0.06959826532675295,0.000125,baseline
epoch,2,130,130,130.0,-0.20431012250064465,-0.056987805512486674,0.9806122448979592,0.9918367346938776,3,127,-0.06959826532675295,0.000125,baseline
epoch,2,131,131,131.0,-0.20437566490046702,-0.058967203023482344,0.9836734693877551,0.9918367346938776,4,127,-0.06959826532675295,0.000125,baseline
epoch,2,132,132,132.0,-0.2047231373918434,-0.05868072071853949,0.9836734693877551,0.9897959183673469,5,127,-0.06959826532675295,0.000125,baseline
epoch,2,133,133,133.0,-0.20438950632882436,-0.06347148807681337,0.9836734693877551,0.9918367346938776,6,127,-0.06959826532675295,0.000125,baseline
epoch,2,134,134,134.0,-0.20591123032253292,-0.04856559281446496,0.9816326530612245,0.9918367346938776,7,127,-0.06959826532675295,0.000125,baseline
epoch,2,135,135,135.0,-0.20641827924258863,-0.06131409430990414,0.9806122448979592,0.9897959183673469,8,127,-0.06959826532675295,0.000125,baseline
epoch,2,136,136,136.0,-0.2065300823353893,-0.055395053114209857,0.9795918367346939,0.9918367346938776,9,127,-0.06959826532675295,0.000125,baseline
epoch,2,137,137,137.0,-0.2073338512746014,-0.054987752194307286,0.9826530612244898,0.9908163265306122,10,127,-0.06959826532675295,0.000125,baseline
epoch,2,138,138,138.0,-0.2066751126127662,-0.06670007827330608,0.9826530612244898,0.9918367346938776,11,127,-0.06959826532675295,6.25e-05,baseline
epoch,2,139,139,139.0,-0.2082361936934513,-0.05850831708129572,0.9826530612244898,0.9918367346938776,12,127,-0.06959826532675295,6.25e-05,baseline
epoch,2,140,140,140.0,-0.20912599454008887,-0.06042683830066603,0.9826530612244898,0.9918367346938776,13,127,-0.06959826532675295,6.25e-05,baseline
epoch,2,141,141,141.0,-0.20944704853599477,-0.06864948759273606,0.9826530612244898,0.9908163265306122,14,127,-0.06959826532675295,6.25e-05,baseline
epoch,2,142,142,142.0,-0.2108044774101265,-0.06465407463969017,0.9826530612244898,0.9918367346938776,15,127,-0.06959826532675295,6.25e-05,baseline
epoch,2,143,143,143.0,-0.21122619482299523,-0.06382114935894402,0.9826530612244898,0.9918367346938776,16,127,-0.06959826532675295,6.25e-05,baseline
epoch,2,144,144,144.0,-0.2110413048678935,-0.054010357662123074,0.9826530612244898,0.9918367346938776,17,127,-0.06959826532675295,6.25e-05,baseline
epoch,2,145,145,145.0,-0.21183201070947227,-0.06500445312383224,0.9816326530612245,0.9918367346938776,18,127,-0.06959826532675295,6.25e-05,baseline
epoch,2,146,146,146.0,-0.21161355749457558,-0.06201201555680255,0.9806122448979592,0.9918367346938776,19,127,-0.06959826532675295,6.25e-05,baseline
epoch,2,147,147,147.0,-0.21166081606306753,-0.06627756843761522,0.9816326530612245,0.9918367346938776,20,127,-0.06959826532675295,6.25e-05,baseline
epoch,2,148,148,148.0,-0.21170533756678878,-0.06696646481144185,0.9826530612244898,0.9908163265306122,21,127,-0.06959826532675295,6.25e-05,baseline
epoch,2,149,149,149.0,-0.2118418598442935,-0.06401913166046143,0.9826530612244898,0.9918367346938776,22,127,-0.06959826532675295,3.125e-05,baseline
epoch,2,150,150,150.0,-0.21378162122722544,-0.0638467195082684,0.9816326530612245,0.9918367346938776,23,127,-0.06959826532675295,3.125e-05,baseline
epoch,2,151,151,151.0,-0.21228660133204008,-0.06462899130217883,0.9806122448979592,0.9918367346938776,24,127,-0.06959826532675295,3.125e-05,baseline
epoch,2,152,152,152.0,-0.2127033421528108,-0.06576584236962454,0.9816326530612245,0.9918367346938776,25,127,-0.06959826532675295,3.125e-05,baseline
epoch,2,153,153,153.0,-0.21384564227785105,-0.0680333643543477,0.9816326530612245,0.9918367346938776,26,127,-0.06959826532675295,3.125e-05,baseline
epoch,2,154,154,154.0,-0.21324463932945242,-0.06922137639960464,0.9826530612244898,0.9918367346938776,27,127,-0.06959826532675295,3.125e-05,baseline
epoch,2,155,155,155.0,-0.21370416270822012,-0.06916684836757427,0.9816326530612245,0.9918367346938776,28,127,-0.06959826532675295,3.125e-05,baseline
epoch,2,156,156,156.0,-0.21410323778382362,-0.07021303079566177,0.9826530612244898,0.9918367346938776,0,156,-0.07021303079566177,3.125e-05,baseline
epoch,2,157,157,157.0,-0.21380810712038922,-0.06609820614055711,0.9816326530612245,0.9918367346938776,1,156,-0.07021303079566177,3.125e-05,baseline
epoch,2,158,158,158.0,-0.2141408398519132,-0.06208198119182976,0.9826530612244898,0.9918367346938776,2,156,-0.07021303079566177,3.125e-05,baseline
epoch,2,159,159,159.0,-0.21421503734539918,-0.06582131799386472,0.9836734693877551,0.9918367346938776,3,156,-0.07021303079566177,3.125e-05,baseline
epoch,2,160,160,160.0,-0.21407881138638896,-0.0679363742166636,0.9806122448979592,0.9918367346938776,4,156,-0.07021303079566177,3.125e-05,baseline
epoch,2,161,161,161.0,-0.21411233781185288,-0.0695837843174837,0.9816326530612245,0.9918367346938776,5,156,-0.07021303079566177,3.125e-05,baseline
epoch,2,162,162,162.0,-0.2139937583589213,-0.06894670092329687,0.9826530612244898,0.9908163265306122,6,156,-0.07021303079566177,3.125e-05,baseline
epoch,2,163,163,163.0,-0.21372853905967112,-0.06788964733785513,0.9816326530612245,0.9918367346938776,7,156,-0.07021303079566177,3.125e-05,baseline
epoch,2,164,164,164.0,-0.21564312719105458,-0.06750197799838319,0.9816326530612245,0.9918367346938776,8,156,-0.07021303079566177,3.125e-05,baseline
epoch,2,165,165,165.0,-0.2151214052391247,-0.06691009803694122,0.9816326530612245,0.9918367346938776,9,156,-0.07021303079566177,3.125e-05,baseline
epoch,2,166,166,166.0,-0.21456775894204005,-0.06827296918752242,0.9826530612244898,0.9918367346938776,10,156,-0.07021303079566177,3.125e-05,baseline
epoch,2,167,167,167.0,-0.21461188981920268,-0.06497224788276516,0.9836734693877551,0.9908163265306122,11,156,-0.07021303079566177,1.5625e-05,baseline
epoch,2,168,168,168.0,-0.21617693536980526,-0.0677699096348821,0.9816326530612245,0.9908163265306122,12,156,-0.07021303079566177,1.5625e-05,baseline
epoch,2,169,169,169.0,-0.21557643142004665,-0.046560076791412976,0.9755102040816327,0.9918367346938776,13,156,-0.07021303079566177,1.5625e-05,baseline
epoch,2,170,170,170.0,-0.21547674530007865,-0.06627311487587131,0.9806122448979592,0.9918367346938776,14,156,-0.07021303079566177,1.5625e-05,baseline
epoch,2,171,171,171.0,-0.21498886995831842,-0.07250716832219338,0.9826530612244898,0.9918367346938776,0,171,-0.07250716832219338,1.5625e-05,baseline
epoch,2,172,172,172.0,-0.2157891093771353,-0.07219002490140954,0.9816326530612245,0.9918367346938776,1,171,-0.07250716832219338,1.5625e-05,baseline
epoch,2,173,173,173.0,-0.21562734438036021,-0.07158153689637477,0.9806122448979592,0.9918367346938776,2,171,-0.07250716832219338,1.5625e-05,baseline
epoch,2,174,174,174.0,-0.21608449489761056,-0.06830201732869051,0.9826530612244898,0.9908163265306122,3,171,-0.07250716832219338,1.5625e-05,baseline
epoch,2,175,175,175.0,-0.21580667125557734,-0.06990334160473882,0.9806122448979592,0.9918367346938776,4,171,-0.07250716832219338,1.5625e-05,baseline
epoch,2,176,176,176.0,-0.21515513056997623,-0.06876220070585913,0.9826530612244898,0.9918367346938776,5,171,-0.07250716832219338,1.5625e-05,baseline
epoch,2,177,177,177.0,-0.21585624143709567,-0.07064401397899706,0.9806122448979592,0.9908163265306122,6,171,-0.07250716832219338,1.5625e-05,baseline
epoch,2,178,178,178.0,-0.2162409569074964,-0.07227798286749391,0.9836734693877551,0.9918367346938776,7,171,-0.07250716832219338,1.5625e-05,baseline
epoch,2,179,179,179.0,-0.21638342053215642,-0.06581527286646317,0.9806122448979592,0.9918367346938776,8,171,-0.07250716832219338,1.5625e-05,baseline
epoch,2,180,180,180.0,-0.21620857612105263,-0.0718598798829682,0.9806122448979592,0.9918367346938776,9,171,-0.07250716832219338,1.5625e-05,baseline
epoch,2,181,181,181.0,-0.21646191942314327,-0.06844030472697044,0.9816326530612245,0.9918367346938776,10,171,-0.07250716832219338,1.5625e-05,baseline
epoch,2,182,182,182.0,-0.21587502091849056,-0.06867055333390527,0.9806122448979592,0.9908163265306122,11,171,-0.07250716832219338,7.8125e-06,baseline
epoch,2,183,183,183.0,-0.21649958986305728,-0.07210042987551007,0.9816326530612245,0.9908163265306122,12,171,-0.07250716832219338,7.8125e-06,baseline
epoch,2,184,184,184.0,-0.21695783731277435,-0.07023713953640996,0.9836734693877551,0.9918367346938776,13,171,-0.07250716832219338,7.8125e-06,baseline
epoch,2,185,185,185.0,-0.21655475283545786,-0.07152386173910025,0.9836734693877551,0.9918367346938776,14,171,-0.07250716832219338,7.8125e-06,baseline
epoch,2,186,186,186.0,-0.2170421757542198,-0.07024368923537586,0.9816326530612245,0.9918367346938776,15,171,-0.07250716832219338,7.8125e-06,baseline
epoch,2,187,187,187.0,-0.2167555440799452,-0.07424710210488768,0.9846938775510204,0.9918367346938776,0,187,-0.07424710210488768,7.8125e-06,baseline
epoch,2,188,188,188.0,-0.21722909372844054,-0.07213108977492974,0.9826530612244898,0.9908163265306122,1,187,-0.07424710210488768,7.8125e-06,baseline
epoch,2,189,189,189.0,-0.21662207320713048,-0.07070329359599523,0.9826530612244898,0.9918367346938776,2,187,-0.07424710210488768,7.8125e-06,baseline
epoch,2,190,190,190.0,-0.21738508998190906,-0.07015975129847624,0.9826530612244898,0.9918367346938776,3,187,-0.07424710210488768,7.8125e-06,baseline
epoch,2,191,191,191.0,-0.21650373460810568,-0.0708041575490212,0.9826530612244898,0.9918367346938776,4,187,-0.07424710210488768,7.8125e-06,baseline
epoch,2,192,192,192.0,-0.2175944224684913,-0.07179955146750626,0.9816326530612245,0.9918367346938776,5,187,-0.07424710210488768,7.8125e-06,baseline
epoch,2,193,193,193.0,-0.21733400362626526,-0.07058067175806786,0.9816326530612245,0.9918367346938776,6,187,-0.07424710210488768,7.8125e-06,baseline
epoch,2,194,194,194.0,-0.21730700917580031,-0.07126719927301212,0.9816326530612245,0.9908163265306122,7,187,-0.07424710210488768,7.8125e-06,baseline
epoch,2,195,195,195.0,-0.21661431565348047,-0.062048474379948204,0.9826530612244898,0.9908163265306122,8,187,-0.07424710210488768,7.8125e-06,baseline
epoch,2,196,196,196.0,-0.21664929292540505,-0.06654262761680448,0.9826530612244898,0.9918367346938776,9,187,-0.07424710210488768,7.8125e-06,baseline
epoch,2,197,197,197.0,-0.21666822985073397,-0.0710071721855475,0.9826530612244898,0.9918367346938776,10,187,-0.07424710210488768,7.8125e-06,baseline
epoch,2,198,198,198.0,-0.2179592451474518,-0.07248391058980203,0.9826530612244898,0.9918367346938776,11,187,-0.07424710210488768,3.90625e-06,baseline
epoch,2,199,199,199.0,-0.2178393623071501,-0.07034186854654428,0.9836734693877551,0.9918367346938776,12,187,-0.07424710210488768,3.90625e-06,baseline
epoch,2,200,200,200.0,-0.21687628817387816,-0.0690543566431318,0.9826530612244898,0.9918367346938776,13,187,-0.07424710210488768,3.90625e-06,baseline
epoch,3,1,1,1.0,1.9590968954185666,3.743073996719049,0.25204081632653064,0.5071428571428571,0,1,3.743073996719049,0.001,baseline
epoch,3,2,2,2.0,1.3843010186661981,2.1841342011276557,0.6561224489795918,0.5806122448979592,0,2,2.1841342011276557,0.001,baseline
epoch,3,3,3,3.0,1.1245719017242144,1.6500507841304857,0.5255102040816326,0.810204081632653,0,3,1.6500507841304857,0.001,baseline
epoch,3,4,4,4.0,0.9564611921514993,2.420653181659932,0.8581632653061224,0.413265306122449,1,3,1.6500507841304857,0.001,baseline
epoch,3,5,5,5.0,0.8969179534936462,2.1585266872328157,0.7122448979591837,0.6193877551020408,2,3,1.6500507841304857,0.001,baseline
epoch,3,6,6,6.0,0.8059134500384696,2.4478671560482104,0.5908163265306122,0.863265306122449,3,3,1.6500507841304857,0.001,baseline
epoch,3,7,7,7.0,0.7637121025339697,1.9082615769639306,0.6887755102040817,0.7571428571428571,4,3,1.6500507841304857,0.001,baseline
epoch,3,8,8,8.0,0.7163738992533231,1.2894429206848144,0.7622448979591837,0.8928571428571429,0,8,1.2894429206848144,0.001,baseline
epoch,3,9,9,9.0,0.6662149127949489,1.4328546470525314,0.6224489795918368,0.9530612244897959,1,8,1.2894429206848144,0.001,baseline
epoch,3,10,10,10.0,0.6447228528749468,1.2225831026933631,0.7806122448979592,0.9336734693877551,0,10,1.2225831026933631,0.001,baseline
epoch,3,11,11,11.0,0.6050337243128846,0.7483984202754741,0.9061224489795918,0.9785714285714285,0,11,0.7483984202754741,0.001,baseline
epoch,3,12,12,12.0,0.583956078440712,1.3685888577480705,0.6234693877551021,0.9734693877551021,1,11,0.7483984202754741,0.001,baseline
epoch,3,13,13,13.0,0.5474337821596125,2.6496175152914865,0.3479591836734694,0.6877551020408164,2,11,0.7483984202754741,0.001,baseline
epoch,3,14,14,14.0,0.5110007811554605,1.545077202271442,0.6642857142857143,0.9846938775510204,3,11,0.7483984202754741,0.001,baseline
epoch,3,15,15,15.0,0.49737315721604386,0.7516038164800527,0.9183673469387755,0.9387755102040817,4,11,0.7483984202754741,0.001,baseline
epoch,3,16,16,16.0,0.45792525760121683,1.9752557535560764,0.5979591836734693,0.8826530612244898,5,11,0.7483984202754741,0.001,baseline
epoch,3,17,17,17.0,0.4195879383033581,0.7893427860980131,0.8071428571428572,0.9836734693877551,6,11,0.7483984202754741,0.001,baseline
epoch,3,18,18,18.0,0.41749357215230626,1.0182557709363043,0.7795918367346939,0.9418367346938775,7,11,0.7483984202754741,0.001,baseline
epoch,3,19,19,19.0,0.3707316430158099,0.5732884278102797,0.9010204081632653,0.9857142857142858,0,19,0.5732884278102797,0.001,baseline
epoch,3,20,20,20.0,0.33575905851859966,0.5090682720651432,0.9520408163265306,0.9734693877551021,0,20,0.5090682720651432,0.001,baseline
epoch,3,21,21,21.0,0.3135068608377513,0.8493709398775685,0.8020408163265306,0.9897959183673469,1,20,0.5090682720651432,0.001,baseline
epoch,3,22,22,22.0,0.2992372851936761,0.5336538913298626,0.9295918367346939,0.9724489795918367,2,20,0.5090682720651432,0.001,baseline
epoch,3,23,23,23.0,0.2691630585627122,0.6705087046233975,0.8510204081632653,0.9836734693877551,3,20,0.5090682720651432,0.001,baseline
epoch,3,24,24,24.0,0.23458557934390878,0.3954005811895643,0.9459183673469388,0.9887755102040816,0,24,0.3954005811895643,0.001,baseline
epoch,3,25,25,25.0,0.21370433564692645,0.8815836487984171,0.7448979591836735,0.9693877551020408,1,24,0.3954005811895643,0.001,baseline
epoch,3,26,26,26.0,0.21676069659402591,0.635711974513774,0.9071428571428571,0.9551020408163265,2,24,0.3954005811895643,0.001,baseline
epoch,3,27,27,27.0,0.271159313946384,1.7225460558521504,0.639795918367347,0.9489795918367347,3,24,0.3954005811895643,0.001,baseline
epoch,3,28,28,28.0,0.2763263254109637,3.936516010517977,0.3438775510204082,0.6969387755102041,4,24,0.3954005811895643,0.001,baseline
epoch,3,29,29,29.0,0.24272404034242445,1.137239411412453,0.7959183673469388,0.926530612244898,5,24,0.3954005811895643,0.001,baseline
epoch,3,30,30,30.0,0.233911444114348,1.5898244653429303,0.6285714285714286,0.9142857142857143,6,24,0.3954005811895643,0.001,baseline
epoch,3,31,31,31.0,0.1919267950493907,2.0996533851234283,0.5591836734693878,0.9510204081632653,7,24,0.3954005811895643,0.001,baseline
epoch,3,32,32,32.0,0.18791290858914586,1.581523726910961,0.6857142857142857,0.8744897959183674,8,24,0.3954005811895643,0.001,baseline
epoch,3,33,33,33.0,0.13256739650732163,0.7936500400913005,0.8244897959183674,0.9755102040816327,9,24,0.3954005811895643,0.001,baseline
epoch,3,34,34,34.0,0.0978295783587447,0.6258975994830229,0.8622448979591837,0.963265306122449,10,24,0.3954005811895643,0.001,baseline
epoch,3,35,35,35.0,0.08265637499075744,1.2583045093380676,0.6806122448979591,0.9316326530612244,11,24,0.3954005811895643,0.0005,baseline
epoch,3,36,36,36.0,0.05890992171187201,0.25384357924364054,0.9571428571428572,0.986734693877551,0,36,0.25384357924364054,0.0005,baseline
epoch,3,37,37,37.0,0.044913499177537244,0.15909102473940168,0.960204081632653,0.9948979591836735,0,37,0.15909102473940168,0.0005,baseline
epoch,3,38,38,38.0,0.0345056817407384,0.1909063609278932,0.9581632653061225,0.9887755102040816,1,37,0.15909102473940168,0.0005,baseline
epoch,3,39,39,39.0,0.028222740731516947,0.2094726664679391,0.9510204081632653,0.9938775510204082,2,37,0.15909102473940168,0.0005,baseline
epoch,3,40,40,40.0,0.019587047740558316,0.21603231673337975,0.9551020408163265,0.9918367346938776,3,37,0.15909102473940168,0.0005,baseline
epoch,3,41,41,41.0,0.018899623902021805,0.17260911245735325,0.9591836734693877,0.9948979591836735,4,37,0.15909102473940168,0.0005,baseline
epoch,3,42,42,42.0,0.010686604981524708,0.17364733973327948,0.9561224489795919,0.9887755102040816,5,37,0.15909102473940168,0.0005,baseline
epoch,3,43,43,43.0,0.0033865622163914808,0.17777542557035172,0.9591836734693877,0.9908163265306122,6,37,0.15909102473940168,0.0005,baseline
epoch,3,44,44,44.0,-0.004477514796895075,0.14358422634552936,0.9561224489795919,0.9959183673469387,0,44,0.14358422634552936,0.0005,baseline
epoch,3,45,45,45.0,-0.008765628194175775,0.14227726994728557,0.9561224489795919,0.9918367346938776,0,45,0.14227726994728557,0.0005,baseline
epoch,3,46,46,46.0,-0.01537087538390895,0.12181732946512651,0.9581632653061225,0.9959183673469387,0,46,0.12181732946512651,0.0005,baseline
epoch,3,47,47,47.0,-0.01699036682467904,0.20304902281079973,0.9489795918367347,0.9928571428571429,1,46,0.12181732946512651,0.0005,baseline
epoch,3,48,48,48.0,-0.025398524959435623,0.12358150822775704,0.9622448979591837,0.9897959183673469,2,46,0.12181732946512651,0.0005,baseline
epoch,3,49,49,49.0,-0.03105103178092481,0.2013555633778475,0.9479591836734694,0.9918367346938776,3,46,0.12181732946512651,0.0005,baseline
epoch,3,50,50,50.0,-0.03399631359725734,0.128640138373083,0.963265306122449,0.9938775510204082,4,46,0.12181732946512651,0.0005,baseline
epoch,3,51,51,51.0,-0.038363789513600616,0.13844244480133056,0.9551020408163265,0.9918367346938776,5,46,0.12181732946512651,0.0005,baseline
epoch,3,52,52,52.0,-0.04028091738733013,0.7455829508450567,0.753061224489796,0.9918367346938776,6,46,0.12181732946512651,0.0005,baseline
epoch,3,53,53,53.0,-0.046619411751978,0.1690842976375502,0.9530612244897959,0.9897959183673469,7,46,0.12181732946512651,0.0005,baseline
epoch,3,54,54,54.0,-0.049068881432783616,0.10146366698401314,0.963265306122449,0.9897959183673469,0,54,0.10146366698401314,0.0005,baseline
epoch,3,55,55,55.0,-0.05367670342919775,0.36481550712974703,0.8683673469387755,0.9897959183673469,1,54,0.10146366698401314,0.0005,baseline
epoch,3,56,56,56.0,-0.05853454535779476,0.11244588774077746,0.9673469387755103,0.9887755102040816,2,54,0.10146366698401314,0.0005,baseline
epoch,3,57,57,57.0,-0.06233602829193801,1.070428332503961,0.7428571428571429,0.9714285714285714,3,54,0.10146366698401314,0.0005,baseline
epoch,3,58,58,58.0,-0.05564318151347362,0.10181964733162704,0.9673469387755103,0.9918367346938776,4,54,0.10146366698401314,0.0005,baseline
epoch,3,59,59,59.0,-0.06526481606012954,0.13339250452664433,0.9551020408163265,0.9887755102040816,5,54,0.10146366698401314,0.0005,baseline
epoch,3,60,60,60.0,-0.0736478137288079,0.101654293829081,0.963265306122449,0.9928571428571429,6,54,0.10146366698401314,0.0005,baseline
epoch,3,61,61,61.0,-0.08123012217364832,0.37508560394754215,0.9010204081632653,0.9938775510204082,7,54,0.10146366698401314,0.0005,baseline
epoch,3,62,62,62.0,-0.08871701064465361,0.059531866530982816,0.9693877551020408,0.9938775510204082,0,62,0.059531866530982816,0.0005,baseline
epoch,3,63,63,63.0,-0.09259877275519522,0.6793066168317989,0.9153061224489796,0.8857142857142857,1,62,0.059531866530982816,0.0005,baseline
epoch,3,64,64,64.0,-0.05076413841364454,0.4937805866708561,0.8979591836734694,0.9612244897959183,2,62,0.059531866530982816,0.0005,baseline
epoch,3,65,65,65.0,-0.04992555147293761,0.2571621381506628,0.95,0.9755102040816327,3,62,0.059531866530982816,0.0005,baseline
epoch,3,66,66,66.0,-0.04738210395846109,1.4270547321864537,0.773469387755102,0.8795918367346939,4,62,0.059531866530982816,0.0005,baseline
epoch,3,67,67,67.0,-0.06077817195038995,1.1093320515691019,0.6826530612244898,0.9846938775510204,5,62,0.059531866530982816,0.0005,baseline
epoch,3,68,68,68.0,-0.03518174666306337,2.126561789609948,0.6112244897959184,0.936734693877551,6,62,0.059531866530982816,0.0005,baseline
epoch,3,69,69,69.0,-0.060711327259094894,0.6186796129966269,0.8683673469387755,0.95,7,62,0.059531866530982816,0.0005,baseline
epoch,3,70,70,70.0,-0.08197587058785256,0.4249426260286448,0.85,0.9887755102040816,8,62,0.059531866530982816,0.0005,baseline
epoch,3,71,71,71.0,-0.0999070992874052,0.15362448011125837,0.9489795918367347,0.986734693877551,9,62,0.059531866530982816,0.0005,baseline
epoch,3,72,72,72.0,-0.11384298097612422,0.14188005291685765,0.9469387755102041,0.9887755102040816,10,62,0.059531866530982816,0.0005,baseline
epoch,3,73,73,73.0,-0.12302296422231672,0.22656479587360304,0.9275510204081633,0.9928571428571429,11,62,0.059531866530982816,0.00025,baseline
epoch,3,74,74,74.0,-0.13128801318793057,0.009103800569261824,0.9653061224489796,0.9928571428571429,0,74,0.009103800569261824,0.00025,baseline
epoch,3,75,75,75.0,-0.13596054232765875,0.007153050996819321,0.9673469387755103,0.9938775510204082,0,75,0.007153050996819321,0.00025,baseline
epoch,3,76,76,76.0,-0.1376613283547001,0.012929082160093346,0.9642857142857143,0.9948979591836735,1,75,0.007153050996819321,0.00025,baseline
epoch,3,77,77,77.0,-0.1411738774384371,0.0002816523824419294,0.9704081632653061,0.9938775510204082,0,77,0.0002816523824419294,0.00025,baseline
epoch,3,78,78,78.0,-0.1443501515456678,-0.004131625866403385,0.9663265306122449,0.9959183673469387,0,78,-0.004131625866403385,0.00025,baseline
epoch,3,79,79,79.0,-0.14557528574936723,0.01073089886684807,0.9653061224489796,0.9948979591836735,1,78,-0.004131625866403385,0.00025,baseline
epoch,3,80,80,80.0,-0.14610550833430305,-0.0160817095211574,0.9744897959183674,0.9938775510204082,0,80,-0.0160817095211574,0.00025,baseline
epoch,3,81,81,81.0,-0.1480872727877273,0.004328136784689767,0.9653061224489796,0.9948979591836735,1,80,-0.0160817095211574,0.00025,baseline
epoch,3,82,82,82.0,-0.1478205725657197,0.026521547716491078,0.9612244897959183,0.9948979591836735,2,80,-0.0160817095211574,0.00025,baseline
epoch,3,83,83,83.0,-0.1508020314790377,-0.011623811965086023,0.9673469387755103,0.9959183673469387,3,80,-0.0160817095211574,0.00025,baseline
epoch,3,84,84,84.0,-0.1530613053563423,-0.01085478164711777,0.9704081632653061,0.9948979591836735,4,80,-0.0160817095211574,0.00025,baseline
epoch,3,85,85,85.0,-0.15551502261390726,0.0076981147941277955,0.9642857142857143,0.9948979591836735,5,80,-0.0160817095211574,0.00025,baseline
epoch,3,86,86,86.0,-0.15620217107776724,-0.019721791695575325,0.9724489795918367,0.9938775510204082,0,86,-0.019721791695575325,0.00025,baseline
epoch,3,87,87,87.0,-0.15642837600152754,-0.021074786234875114,0.9683673469387755,0.9948979591836735,0,87,-0.021074786234875114,0.00025,baseline
epoch,3,88,88,88.0,-0.1576674630498253,-0.011729339190891811,0.9693877551020408,0.9948979591836735,1,87,-0.021074786234875114,0.00025,baseline
epoch,3,89,89,89.0,-0.1602335177110822,-0.007879038489594752,0.9653061224489796,0.9948979591836735,2,87,-0.021074786234875114,0.00025,baseline
epoch,3,90,90,90.0,-0.16114541848662925,0.0039055962951815857,0.9683673469387755,0.9938775510204082,3,87,-0.021074786234875114,0.00025,baseline
epoch,3,91,91,91.0,-0.16061154729377505,0.008544907764512666,0.9642857142857143,0.9908163265306122,4,87,-0.021074786234875114,0.00025,baseline
epoch,3,92,92,92.0,-0.1614752531173402,-0.021089368207114084,0.9693877551020408,0.9959183673469387,0,92,-0.021089368207114084,0.00025,baseline
epoch,3,93,93,93.0,-0.1652471765312647,-0.01826958315713065,0.9734693877551021,0.9938775510204082,1,92,-0.021089368207114084,0.00025,baseline
epoch,3,94,94,94.0,-0.1673173120243435,-0.035207072326115196,0.9724489795918367,0.9959183673469387,0,94,-0.035207072326115196,0.00025,baseline
epoch,3,95,95,95.0,-0.17033382924511434,-0.025747493578463183,0.9683673469387755,0.9938775510204082,1,94,-0.035207072326115196,0.00025,baseline
epoch,3,96,96,96.0,-0.16931325939994787,-0.009969476047827273,0.9653061224489796,0.9959183673469387,2,94,-0.035207072326115196,0.00025,baseline
epoch,3,97,97,97.0,-0.16930249391220686,0.011998015763808269,0.9663265306122449,0.9959183673469387,3,94,-0.035207072326115196,0.00025,baseline
epoch,3,98,98,98.0,-0.17221130401778878,0.016184169175673505,0.9591836734693877,0.9948979591836735,4,94,-0.035207072326115196,0.00025,baseline
epoch,3,99,99,99.0,-0.17298233186382805,-0.03476918716819919,0.976530612244898,0.9918367346938776,5,94,-0.035207072326115196,0.00025,baseline
epoch,3,100,100,100.0,-0.1705774206428411,0.12874085830182444,0.9418367346938775,0.9928571428571429,6,94,-0.035207072326115196,0.00025,baseline
epoch,3,101,101,101.0,-0.17336990793099563,-0.017961633691982348,0.9693877551020408,0.9948979591836735,7,94,-0.035207072326115196,0.00025,baseline
epoch,3,102,102,102.0,-0.1772986411195975,-0.007156039257438815,0.9663265306122449,0.9959183673469387,8,94,-0.035207072326115196,0.00025,baseline
epoch,3,103,103,103.0,-0.17181713679715976,-0.03097644460444548,0.9744897959183674,0.9928571428571429,9,94,-0.035207072326115196,0.00025,baseline
epoch,3,104,104,104.0,-0.17532915753655828,-0.04235433437386338,0.976530612244898,0.9959183673469387,0,104,-0.04235433437386338,0.00025,baseline
epoch,3,105,105,105.0,-0.1794710536777547,0.21237123937022928,0.9224489795918367,0.9948979591836735,1,104,-0.04235433437386338,0.00025,baseline
epoch,3,106,106,106.0,-0.18195178998259406,-0.03288751086410211,0.9673469387755103,0.9948979591836735,2,104,-0.04235433437386338,0.00025,baseline
epoch,3,107,107,107.0,-0.18386665580221534,-0.01860887031165921,0.9724489795918367,0.9938775510204082,3,104,-0.04235433437386338,0.00025,baseline
epoch,3,108,108,108.0,-0.1830244128867238,-0.004876318999699184,0.9673469387755103,0.9938775510204082,4,104,-0.04235433437386338,0.00025,baseline
epoch,3,109,109,109.0,-0.183265747222764,0.016289024693625313,0.9642857142857143,0.9938775510204082,5,104,-0.04235433437386338,0.00025,baseline
epoch,3,110,110,110.0,-0.18543974067387956,0.010918305601392474,0.9642857142857143,0.9948979591836735,6,104,-0.04235433437386338,0.00025,baseline
epoch,3,111,111,111.0,-0.18676989759195814,-0.026882420024093318,0.9704081632653061,0.9938775510204082,7,104,-0.04235433437386338,0.00025,baseline
epoch,3,112,112,112.0,-0.18715589124408757,0.011476940524821379,0.9653061224489796,0.9948979591836735,8,104,-0.04235433437386338,0.00025,baseline
epoch,3,113,113,113.0,-0.19020102435648745,-0.03873696911091707,0.976530612244898,0.9948979591836735,9,104,-0.04235433437386338,0.00025,baseline
epoch,3,114,114,114.0,-0.18767829399186817,-0.013804115324604268,0.9693877551020408,0.9908163265306122,10,104,-0.04235433437386338,0.00025,baseline
epoch,3,115,115,115.0,-0.1926588263282737,0.020799413505865602,0.9591836734693877,0.9918367346938776,11,104,-0.04235433437386338,0.000125,baseline
epoch,3,116,116,116.0,-0.19496611354299903,-0.05436289724038572,0.9744897959183674,0.9948979591836735,0,116,-0.05436289724038572,0.000125,baseline
epoch,3,117,117,117.0,-0.19744291709806386,-0.04823463619971762,0.9734693877551021,0.9948979591836735,1,116,-0.05436289724038572,0.000125,baseline
epoch,3,118,118,118.0,-0.1972322172967601,-0.037393053940364296,0.9714285714285714,0.9938775510204082,2,116,-0.05436289724038572,0.000125,baseline
epoch,3,119,119,119.0,-0.1984197244702613,-0.04980196222967031,0.9734693877551021,0.9948979591836735,3,116,-0.05436289724038572,0.000125,baseline
epoch,3,120,120,120.0,-0.19943582859419218,-0.0539456413716686,0.9734693877551021,0.9948979591836735,4,116,-0.05436289724038572,0.000125,baseline
epoch,3,121,121,121.0,-0.20013994148973302,-0.036103148363074475,0.9673469387755103,0.9948979591836735,5,116,-0.05436289724038572,0.000125,baseline
epoch,3,122,122,122.0,-0.19949833274009401,-0.05127628798387489,0.9734693877551021,0.9938775510204082,6,116,-0.05436289724038572,0.000125,baseline
epoch,3,123,123,123.0,-0.20019575621670185,-0.03481947645849111,0.9683673469387755,0.9959183673469387,7,116,-0.05436289724038572,0.000125,baseline
epoch,3,124,124,124.0,-0.20111040562482607,-0.057951387823844444,0.9775510204081632,0.9948979591836735,0,124,-0.057951387823844444,0.000125,baseline
epoch,3,125,125,125.0,-0.19968983180919878,0.014050630404024708,0.9581632653061225,0.9959183673469387,1,124,-0.057951387823844444,0.000125,baseline
epoch,3,126,126,126.0,-0.2010778762833943,-0.05874814549270941,0.976530612244898,0.9959183673469387,0,126,-0.05874814549270941,0.000125,baseline
epoch,3,127,127,127.0,-0.2019378078970164,-0.04507195779255458,0.9724489795918367,0.9959183673469387,1,126,-0.05874814549270941,0.000125,baseline
epoch,3,128,128,128.0,-0.2023444242691726,-0.009023276153875857,0.963265306122449,0.9959183673469387,2,126,-0.05874814549270941,0.000125,baseline
epoch,3,129,129,129.0,-0.20283467186361825,-0.044875410624912807,0.9724489795918367,0.9938775510204082,3,126,-0.05874814549270941,0.000125,baseline
epoch,3,130,130,130.0,-0.20305348903823556,-0.049466971475250865,0.9744897959183674,0.9938775510204082,4,126,-0.05874814549270941,0.000125,baseline
epoch,3,131,131,131.0,-0.2043492193728594,-0.03191632348663953,0.9653061224489796,0.9948979591836735,5,126,-0.05874814549270941,0.000125,baseline
epoch,3,132,132,132.0,-0.2050988210233897,-0.04754789045878819,0.9693877551020408,0.9959183673469387,6,126,-0.05874814549270941,0.000125,baseline
epoch,3,133,133,133.0,-0.20497156468061187,-0.04901934424225165,0.9714285714285714,0.9948979591836735,7,126,-0.05874814549270941,0.000125,baseline
epoch,3,134,134,134.0,-0.20155709336556502,-0.03652990326589468,0.9785714285714285,0.9948979591836735,8,126,-0.05874814549270941,0.000125,baseline
epoch,3,135,135,135.0,-0.20359106582567568,-0.04292962891714913,0.9714285714285714,0.9938775510204082,9,126,-0.05874814549270941,0.000125,baseline
epoch,3,136,136,136.0,-0.20645483807718668,0.007400152877885468,0.9653061224489796,0.9948979591836735,10,126,-0.05874814549270941,0.000125,baseline
epoch,3,137,137,137.0,-0.20744864166209112,0.008082755001223817,0.9653061224489796,0.9938775510204082,11,126,-0.05874814549270941,6.25e-05,baseline
epoch,3,138,138,138.0,-0.20742476339603225,-0.059554329453682414,0.9714285714285714,0.9959183673469387,0,138,-0.059554329453682414,6.25e-05,baseline
epoch,3,139,139,139.0,-0.20824525591301846,-0.06285402726153938,0.9704081632653061,0.9948979591836735,0,139,-0.06285402726153938,6.25e-05,baseline
epoch,3,140,140,140.0,-0.20922009779313488,-0.045012755783236755,0.9704081632653061,0.9938775510204082,1,139,-0.06285402726153938,6.25e-05,baseline
epoch,3,141,141,141.0,-0.20958669479095413,-0.053453322332732534,0.9724489795918367,0.9959183673469387,2,139,-0.06285402726153938,6.25e-05,baseline
epoch,3,142,142,142.0,-0.20988039853502222,-0.040804080817164204,0.9704081632653061,0.9959183673469387,3,139,-0.06285402726153938,6.25e-05,baseline
epoch,3,143,143,143.0,-0.21012849723720453,-0.06521308495073902,0.9734693877551021,0.9948979591836735,0,143,-0.06521308495073902,6.25e-05,baseline
epoch,3,144,144,144.0,-0.21061160171117188,-0.06507783398336293,0.9734693877551021,0.9959183673469387,1,143,-0.06521308495073902,6.25e-05,baseline
epoch,3,145,145,145.0,-0.2104166368663737,-0.05701764286780844,0.9704081632653061,0.9948979591836735,2,143,-0.06521308495073902,6.25e-05,baseline
epoch,3,146,146,146.0,-0.21110527861227907,-0.06303588200588615,0.9744897959183674,0.9948979591836735,3,143,-0.06521308495073902,6.25e-05,baseline
epoch,3,147,147,147.0,-0.2105510595261259,-0.05369224329384006,0.9744897959183674,0.9959183673469387,4,143,-0.06521308495073902,6.25e-05,baseline
epoch,3,148,148,148.0,-0.2110232829560542,-0.05061188911905094,0.9714285714285714,0.9959183673469387,5,143,-0.06521308495073902,6.25e-05,baseline
epoch,3,149,149,149.0,-0.21125221934333155,-0.06515150532430532,0.9744897959183674,0.9948979591836735,6,143,-0.06521308495073902,6.25e-05,baseline
epoch,3,150,150,150.0,-0.2118031910418003,-0.06579175749603583,0.9755102040816327,0.9948979591836735,0,150,-0.06579175749603583,6.25e-05,baseline
epoch,3,151,151,151.0,-0.21159573467077347,-0.050752492096959326,0.9724489795918367,0.9948979591836735,1,150,-0.06579175749603583,6.25e-05,baseline
epoch,3,152,152,152.0,-0.21257034811715428,-0.06184554100036621,0.9744897959183674,0.9948979591836735,2,150,-0.06579175749603583,6.25e-05,baseline
epoch,3,153,153,153.0,-0.212649587834819,-0.06932415159381165,0.9734693877551021,0.9959183673469387,0,153,-0.06932415159381165,6.25e-05,baseline
epoch,3,154,154,154.0,-0.21239272530159253,-0.06782655910569794,0.9755102040816327,0.9959183673469387,1,153,-0.06932415159381165,6.25e-05,baseline
epoch,3,155,155,155.0,-0.2109100953794719,-0.04993828048511427,0.9744897959183674,0.9948979591836735,2,153,-0.06932415159381165,6.25e-05,baseline
epoch,3,156,156,156.0,-0.21232525101721103,-0.06437877051684321,0.9734693877551021,0.9959183673469387,3,153,-0.06932415159381165,6.25e-05,baseline
epoch,3,157,157,157.0,-0.21301925218872445,-0.04421460166269419,0.9704081632653061,0.9948979591836735,4,153,-0.06932415159381165,6.25e-05,baseline
epoch,3,158,158,158.0,-0.21474084729924264,-0.06944789837817757,0.976530612244898,0.9948979591836735,0,158,-0.06944789837817757,6.25e-05,baseline
epoch,3,159,159,159.0,-0.21456761945864763,-0.05618369773942597,0.9714285714285714,0.9948979591836735,1,158,-0.06944789837817757,6.25e-05,baseline
epoch,3,160,160,160.0,-0.21443001997483033,-0.0665172705844957,0.9755102040816327,0.9948979591836735,2,158,-0.06944789837817757,6.25e-05,baseline
epoch,3,161,161,161.0,-0.21477513543431923,-0.053948418218262344,0.9714285714285714,0.9959183673469387,3,158,-0.06944789837817757,6.25e-05,baseline
epoch,3,162,162,162.0,-0.21404053771581055,-0.03137388934894484,0.9704081632653061,0.9959183673469387,4,158,-0.06944789837817757,6.25e-05,baseline
epoch,3,163,163,163.0,-0.2145859393328276,-0.05612201009477888,0.9744897959183674,0.9959183673469387,5,158,-0.06944789837817757,6.25e-05,baseline
epoch,3,164,164,164.0,-0.2153496260662488,-0.0634983627163634,0.9734693877551021,0.9959183673469387,6,158,-0.06944789837817757,6.25e-05,baseline
epoch,3,165,165,165.0,-0.21552132677374383,-0.052609072169479056,0.9744897959183674,0.9948979591836735,7,158,-0.06944789837817757,6.25e-05,baseline
epoch,3,166,166,166.0,-0.2149004831499172,-0.0642261205887308,0.9744897959183674,0.9959183673469387,8,158,-0.06944789837817757,6.25e-05,baseline
epoch,3,167,167,167.0,-0.21579804623821053,0.0024877852323103924,0.9612244897959183,0.9959183673469387,9,158,-0.06944789837817757,6.25e-05,baseline
epoch,3,168,168,168.0,-0.21439538535350922,-0.05638809252758415,0.9795918367346939,0.9948979591836735,10,158,-0.06944789837817757,6.25e-05,baseline
epoch,3,169,169,169.0,-0.2127482435676489,0.019259267923783283,0.9591836734693877,0.9948979591836735,11,158,-0.06944789837817757,3.125e-05,baseline
epoch,3,170,170,170.0,-0.21564925161396764,-0.07360669131181678,0.9744897959183674,0.9959183673469387,0,170,-0.07360669131181678,3.125e-05,baseline
epoch,3,171,171,171.0,-0.2162816332723561,-0.06804168102692584,0.9744897959183674,0.9959183673469387,1,170,-0.07360669131181678,3.125e-05,baseline
epoch,3,172,172,172.0,-0.21720195772455467,-0.06665725902635224,0.9714285714285714,0.9959183673469387,2,170,-0.07360669131181678,3.125e-05,baseline
epoch,3,173,173,173.0,-0.21711071421591083,-0.07107176634730125,0.9734693877551021,0.9959183673469387,3,170,-0.07360669131181678,3.125e-05,baseline
epoch,3,174,174,174.0,-0.21752064646934222,-0.05354700161486256,0.9693877551020408,0.9959183673469387,4,170,-0.07360669131181678,3.125e-05,baseline
epoch,3,175,175,175.0,-0.2172509278413346,-0.07134976095082808,0.9744897959183674,0.9938775510204082,5,170,-0.07360669131181678,3.125e-05,baseline
epoch,3,176,176,176.0,-0.21683332199217473,-0.07248649597167969,0.9714285714285714,0.9948979591836735,6,170,-0.07360669131181678,3.125e-05,baseline
epoch,3,177,177,177.0,-0.21709766487787888,-0.06820433529055848,0.9734693877551021,0.9959183673469387,7,170,-0.07360669131181678,3.125e-05,baseline
epoch,3,178,178,178.0,-0.21755075667803087,-0.07114969905541868,0.9755102040816327,0.9959183673469387,8,170,-0.07360669131181678,3.125e-05,baseline
epoch,3,179,179,179.0,-0.21738668694803007,-0.07017223494393485,0.9734693877551021,0.9959183673469387,9,170,-0.07360669131181678,3.125e-05,baseline
epoch,3,180,180,180.0,-0.21799418156675468,-0.06146328668205105,0.9714285714285714,0.9959183673469387,10,170,-0.07360669131181678,3.125e-05,baseline
epoch,3,181,181,181.0,-0.2189366551414817,-0.0664920257062328,0.9724489795918367,0.9959183673469387,11,170,-0.07360669131181678,1.5625e-05,baseline
epoch,3,182,182,182.0,-0.21885862127631386,-0.057520576885768344,0.9724489795918367,0.9959183673469387,12,170,-0.07360669131181678,1.5625e-05,baseline
epoch,3,183,183,183.0,-0.2191278412709806,-0.06469716758144145,0.9734693877551021,0.9959183673469387,13,170,-0.07360669131181678,1.5625e-05,baseline
epoch,3,184,184,184.0,-0.21980837891610822,-0.06250521431163866,0.9734693877551021,0.9959183673469387,14,170,-0.07360669131181678,1.5625e-05,baseline
epoch,3,185,185,185.0,-0.2190293920539373,-0.06975545907507137,0.9734693877551021,0.9959183673469387,15,170,-0.07360669131181678,1.5625e-05,baseline
epoch,3,186,186,186.0,-0.21911664272109627,-0.05277914417033293,0.9704081632653061,0.9959183673469387,16,170,-0.07360669131181678,1.5625e-05,baseline
epoch,3,187,187,187.0,-0.2192283079134675,-0.06680094733530162,0.9734693877551021,0.9959183673469387,17,170,-0.07360669131181678,1.5625e-05,baseline
epoch,3,188,188,188.0,-0.21925573609579085,-0.07231533892300664,0.9734693877551021,0.9959183673469387,18,170,-0.07360669131181678,1.5625e-05,baseline
epoch,3,189,189,189.0,-0.219369203917705,-0.06395708444167157,0.9734693877551021,0.9959183673469387,19,170,-0.07360669131181678,1.5625e-05,baseline
epoch,3,190,190,190.0,-0.219146195239748,-0.06989385205872205,0.9734693877551021,0.9959183673469387,20,170,-0.07360669131181678,1.5625e-05,baseline
epoch,3,191,191,191.0,-0.2192002742478017,-0.07937108886485197,0.9755102040816327,0.9959183673469387,0,191,-0.07937108886485197,1.5625e-05,baseline
epoch,3,192,192,192.0,-0.22037729958835248,-0.07482465578585255,0.9744897959183674,0.9959183673469387,1,191,-0.07937108886485197,1.5625e-05,baseline
epoch,3,193,193,193.0,-0.2198998129282592,-0.06812799390481443,0.9734693877551021,0.9959183673469387,2,191,-0.07937108886485197,1.5625e-05,baseline
epoch,3,194,194,194.0,-0.21900800421483912,-0.06087772846221924,0.9724489795918367,0.9959183673469387,3,191,-0.07937108886485197,1.5625e-05,baseline
epoch,3,195,195,195.0,-0.21980047755635918,-0.06844067500562084,0.9734693877551021,0.9959183673469387,4,191,-0.07937108886485197,1.5625e-05,baseline
epoch,3,196,196,196.0,-0.21986551170329638,-0.058802614406663546,0.9734693877551021,0.9959183673469387,5,191,-0.07937108886485197,1.5625e-05,baseline
epoch,3,197,197,197.0,-0.22001552703553492,-0.0585655681940974,0.9724489795918367,0.9959183673469387,6,191,-0.07937108886485197,1.5625e-05,baseline
epoch,3,198,198,198.0,-0.21995715253564993,-0.07501092224704976,0.9714285714285714,0.9959183673469387,7,191,-0.07937108886485197,1.5625e-05,baseline
epoch,3,199,199,199.0,-0.2193163311883305,-0.06565877393800384,0.9734693877551021,0.9959183673469387,8,191,-0.07937108886485197,1.5625e-05,baseline
epoch,3,200,200,200.0,-0.2210171508837769,-0.07280374327484443,0.9744897959183674,0.9959183673469387,9,191,-0.07937108886485197,1.5625e-05,baseline
epoch,4,1,1,1.0,1.9540783964455188,4.328888453269491,0.25204081632653064,0.3510204081632653,0,1,4.328888453269491,0.001,baseline
epoch,4,2,2,2.0,1.4111810994464846,2.008222146910064,0.5448979591836735,0.689795918367347,0,2,2.008222146910064,0.001,baseline
epoch,4,3,3,3.0,1.1492020980330362,1.368942413038137,0.7653061224489796,0.860204081632653,0,3,1.368942413038137,0.001,baseline
epoch,4,4,4,4.0,0.9958439206930907,1.7840038396874252,0.736734693877551,0.6408163265306123,1,3,1.368942413038137,0.001,baseline
epoch,4,5,5,5.0,0.8968866533229738,0.9099919343481259,0.8806122448979592,0.976530612244898,0,5,0.9099919343481259,0.001,baseline
epoch,4,6,6,6.0,0.8180533738862019,1.3420292246098422,0.8326530612244898,0.7785714285714286,1,5,0.9099919343481259,0.001,baseline
epoch,4,7,7,7.0,0.7761262456170142,0.8113584829836475,0.9132653061224489,0.9877551020408163,0,7,0.8113584829836475,0.001,baseline
epoch,4,8,8,8.0,0.7035362014853309,1.0750135120080442,0.8561224489795919,0.9183673469387755,1,7,0.8113584829836475,0.001,baseline
epoch,4,9,9,9.0,0.6703377626037208,1.2465689269863829,0.8387755102040816,0.7846938775510204,2,7,0.8113584829836475,0.001,baseline
epoch,4,10,10,10.0,0.6218672680294672,0.788594094587832,0.8989795918367347,0.9693877551020408,0,10,0.788594094587832,0.001,baseline
epoch,4,11,11,11.0,0.5914232555521887,0.821628543308803,0.8979591836734694,0.9622448979591837,1,10,0.788594094587832,0.001,baseline
epoch,4,12,12,12.0,0.5517415959574472,1.0416789103527457,0.7877551020408163,0.986734693877551,2,10,0.788594094587832,0.001,baseline
epoch,4,13,13,13.0,0.5173891229941239,2.5637900323283915,0.30612244897959184,0.9693877551020408,3,10,0.788594094587832,0.001,baseline
epoch,4,14,14,14.0,0.5673328161361391,1.2465755443183744,0.6755102040816326,0.976530612244898,4,10,0.788594094587832,0.001,baseline
epoch,4,15,15,15.0,0.4842860235987693,0.9901026195409347,0.7765306122448979,0.9622448979591837,5,10,0.788594094587832,0.001,baseline
epoch,4,16,16,16.0,0.4428823297126057,1.0284609512406953,0.7591836734693878,0.939795918367347,6,10,0.788594094587832,0.001,baseline
epoch,4,17,17,17.0,0.42085066245939196,2.4403271081496256,0.3693877551020408,0.9122448979591836,7,10,0.788594094587832,0.001,baseline
epoch,4,18,18,18.0,0.3995466898057507,1.611330287310542,0.5979591836734693,0.886734693877551,8,10,0.788594094587832,0.001,baseline
epoch,4,19,19,19.0,0.36673157804467704,1.0515096357890539,0.7602040816326531,0.9887755102040816,9,10,0.788594094587832,0.001,baseline
epoch,4,20,20,20.0,0.331405578217297,0.6709671370837154,0.8438775510204082,0.9938775510204082,0,20,0.6709671370837154,0.001,baseline
epoch,4,21,21,21.0,0.3384993031270901,1.2196690768611675,0.7285714285714285,0.923469387755102,1,20,0.6709671370837154,0.001,baseline
epoch,4,22,22,22.0,0.3456033781490482,0.629810879668411,0.889795918367347,0.986734693877551,0,22,0.629810879668411,0.001,baseline
epoch,4,23,23,23.0,0.2983322400481757,0.7367198389403674,0.9091836734693878,0.8938775510204081,1,22,0.629810879668411,0.001,baseline
epoch,4,24,24,24.0,0.2715369625220625,0.4981727629291768,0.9255102040816326,0.9785714285714285,0,24,0.4981727629291768,0.001,baseline
epoch,4,25,25,25.0,0.2412213794240182,0.6048996983742227,0.8734693877551021,0.9908163265306122,1,24,0.4981727629291768,0.001,baseline
epoch,4,26,26,26.0,0.2325293942601006,0.6200722193231388,0.8806122448979592,0.9908163265306122,2,24,0.4981727629291768,0.001,baseline
epoch,4,27,27,27.0,0.21132143689614394,1.438792289033228,0.863265306122449,0.6336734693877552,3,24,0.4981727629291768,0.001,baseline
epoch,4,28,28,28.0,0.19746830130987197,0.5078689783203358,0.8979591836734694,0.9826530612244898,4,24,0.4981727629291768,0.001,baseline
epoch,4,29,29,29.0,0.18414028136552416,2.712565735408238,0.6061224489795919,0.6193877551020408,5,24,0.4981727629291768,0.001,baseline
epoch,4,30,30,30.0,0.18384550078044265,0.5466843322831757,0.9326530612244898,0.963265306122449,6,24,0.4981727629291768,0.001,baseline
epoch,4,31,31,31.0,0.1441510652132005,1.4196744296015524,0.7357142857142858,0.7887755102040817,7,24,0.4981727629291768,0.001,baseline
epoch,4,32,32,32.0,0.13217100790255648,0.3723463744533305,0.9540816326530612,0.9622448979591837,0,32,0.3723463744533305,0.001,baseline
epoch,4,33,33,33.0,0.1146963881642631,1.4647464961421732,0.6142857142857143,0.9714285714285714,1,32,0.3723463744533305,0.001,baseline
epoch,4,34,34,34.0,0.12828809522145615,0.6937113314258809,0.8346938775510204,0.9836734693877551,2,32,0.3723463744533305,0.001,baseline
epoch,4,35,35,35.0,0.10627099752913213,0.8438312907608188,0.8112244897959183,0.9806122448979592,3,32,0.3723463744533305,0.001,baseline
epoch,4,36,36,36.0,0.11995622810961885,2.5794591456043476,0.7418367346938776,0.6387755102040816,4,32,0.3723463744533305,0.001,baseline
epoch,4,37,37,37.0,0.0930891421160245,0.5297938144936853,0.8755102040816326,0.9653061224489796,5,32,0.3723463744533305,0.001,baseline
epoch,4,38,38,38.0,0.07470926219279725,2.6581889658558127,0.5204081632653061,0.9357142857142857,6,32,0.3723463744533305,0.001,baseline
epoch,4,39,39,39.0,0.07845520504404989,2.092775867423233,0.710204081632653,0.8,7,32,0.3723463744533305,0.001,baseline
epoch,4,40,40,40.0,0.0573834568657841,1.5178448331599332,0.6081632653061224,0.9877551020408163,8,32,0.3723463744533305,0.001,baseline
epoch,4,41,41,41.0,0.10151656107469038,4.864387582272899,0.2714285714285714,0.6153061224489796,9,32,0.3723463744533305,0.001,baseline
epoch,4,42,42,42.0,0.08447610723107779,2.0383862923602667,0.8510204081632653,0.6693877551020408,10,32,0.3723463744533305,0.001,baseline
epoch,4,43,43,43.0,0.04817050165735543,0.7215445508762282,0.8387755102040816,0.9459183673469388,11,32,0.3723463744533305,0.0005,baseline
epoch,4,44,44,44.0,0.010512159537976804,0.3846789912301667,0.8938775510204081,0.9897959183673469,12,32,0.3723463744533305,0.0005,baseline
epoch,4,45,45,45.0,-0.02517432017029245,0.09103750331061226,0.9683673469387755,0.9908163265306122,0,45,0.09103750331061226,0.0005,baseline
epoch,4,46,46,46.0,-0.03984541681131864,0.0669931698818596,0.9734693877551021,0.9938775510204082,0,46,0.0669931698818596,0.0005,baseline
epoch,4,47,47,47.0,-0.048171154446937946,0.08901629934505541,0.9744897959183674,0.9887755102040816,1,46,0.0669931698818596,0.0005,baseline
epoch,4,48,48,48.0,-0.051536864900735106,0.06723197479637302,0.976530612244898,0.9908163265306122,2,46,0.0669931698818596,0.0005,baseline
epoch,4,49,49,49.0,-0.05667067128133725,0.1206612981095606,0.960204081632653,0.9908163265306122,3,46,0.0669931698818596,0.0005,baseline
epoch,4,50,50,50.0,-0.062484202820872387,0.07850981999416741,0.9693877551020408,0.9918367346938776,4,46,0.0669931698818596,0.0005,baseline
epoch,4,51,51,51.0,-0.06869585697935843,0.08210815483210038,0.9734693877551021,0.9928571428571429,5,46,0.0669931698818596,0.0005,baseline
epoch,4,52,52,52.0,-0.0697546016207998,0.056889493854678404,0.9734693877551021,0.9877551020408163,0,52,0.056889493854678404,0.0005,baseline
epoch,4,53,53,53.0,-0.07613003515734493,0.08586850969158873,0.9714285714285714,0.9887755102040816,1,52,0.056889493854678404,0.0005,baseline
epoch,4,54,54,54.0,-0.07990084580917281,0.0300550390262993,0.9734693877551021,0.9897959183673469,0,54,0.0300550390262993,0.0005,baseline
epoch,4,55,55,55.0,-0.08695380272490255,0.06465170261811237,0.9704081632653061,0.9928571428571429,1,54,0.0300550390262993,0.0005,baseline
epoch,4,56,56,56.0,-0.09206422667215988,0.05058454883341887,0.9744897959183674,0.9908163265306122,2,54,0.0300550390262993,0.0005,baseline
epoch,4,57,57,57.0,-0.09481523418085568,0.03816445238736211,0.9744897959183674,0.9897959183673469,3,54,0.0300550390262993,0.0005,baseline
epoch,4,58,58,58.0,-0.09445937843926715,0.06796898744544204,0.9734693877551021,0.9908163265306122,4,54,0.0300550390262993,0.0005,baseline
epoch,4,59,59,59.0,-0.10348085004292178,0.044244732662123074,0.9755102040816327,0.9938775510204082,5,54,0.0300550390262993,0.0005,baseline
epoch,4,60,60,60.0,-0.10774949567432424,0.040622000791588606,0.9734693877551021,0.9918367346938776,6,54,0.0300550390262993,0.0005,baseline
epoch,4,61,61,61.0,-0.11064451269280313,0.06597509870723803,0.9704081632653061,0.9897959183673469,7,54,0.0300550390262993,0.0005,baseline
epoch,4,62,62,62.0,-0.11295679165954123,0.014680301656528396,0.9755102040816327,0.9918367346938776,0,62,0.014680301656528396,0.0005,baseline
epoch,4,63,63,63.0,-0.11782161555080783,0.007735800013250234,0.9744897959183674,0.9918367346938776,0,63,0.007735800013250234,0.0005,baseline
epoch,4,64,64,64.0,-0.12118268834923578,0.020342920264419244,0.9755102040816327,0.9897959183673469,1,63,0.007735800013250234,0.0005,baseline
epoch,4,65,65,65.0,-0.11712275882298175,0.0548617316752064,0.9724489795918367,0.9908163265306122,2,63,0.007735800013250234,0.0005,baseline
epoch,4,66,66,66.0,-0.1220225930457461,0.12002283164433071,0.9663265306122449,0.9795918367346939,3,63,0.007735800013250234,0.0005,baseline
epoch,4,67,67,67.0,-0.12764285612885629,0.007981099887770049,0.976530612244898,0.9908163265306122,4,63,0.007735800013250234,0.0005,baseline
epoch,4,68,68,68.0,-0.12865372405475933,0.08501970086778914,0.9612244897959183,0.9887755102040816,5,63,0.007735800013250234,0.0005,baseline
epoch,4,69,69,69.0,-0.1281758946831794,0.14295206142931569,0.9459183673469388,0.9908163265306122,6,63,0.007735800013250234,0.0005,baseline
epoch,4,70,70,70.0,-0.1226374785186565,0.09405051907714532,0.9551020408163265,0.9897959183673469,7,63,0.007735800013250234,0.0005,baseline
epoch,4,71,71,71.0,-0.1283068230130212,0.07715092118905516,0.9642857142857143,0.9887755102040816,8,63,0.007735800013250234,0.0005,baseline
epoch,4,72,72,72.0,-0.1339991299075905,0.22843489549597915,0.9326530612244898,0.9744897959183674,9,63,0.007735800013250234,0.0005,baseline
epoch,4,73,73,73.0,-0.14373383604834833,0.03100201888960235,0.9673469387755103,0.9918367346938776,10,63,0.007735800013250234,0.0005,baseline
epoch,4,74,74,74.0,-0.15142449946642164,0.023727806733579052,0.9693877551020408,0.9928571428571429,11,63,0.007735800013250234,0.00025,baseline
epoch,4,75,75,75.0,-0.15420861385450665,0.032216432386515094,0.9683673469387755,0.9928571428571429,12,63,0.007735800013250234,0.00025,baseline
epoch,4,76,76,76.0,-0.15743108393588276,-0.01657887040352335,0.9806122448979592,0.9918367346938776,0,76,-0.01657887040352335,0.00025,baseline
epoch,4,77,77,77.0,-0.16095335880509437,3.864594868251256e-05,0.9714285714285714,0.9908163265306122,1,76,-0.01657887040352335,0.00025,baseline
epoch,4,78,78,78.0,-0.16428850559219033,-0.02608738067198773,0.9826530612244898,0.9918367346938776,0,78,-0.02608738067198773,0.00025,baseline
epoch,4,79,79,79.0,-0.1652344594328104,-0.0029078585760934014,0.9714285714285714,0.9928571428571429,1,78,-0.02608738067198773,0.00025,baseline
epoch,4,80,80,80.0,-0.1668120820505261,-0.01534559069847574,0.9724489795918367,0.9918367346938776,2,78,-0.02608738067198773,0.00025,baseline
epoch,4,81,81,81.0,-0.1665609074077275,-0.01845113939168502,0.9734693877551021,0.9918367346938776,3,78,-0.02608738067198773,0.00025,baseline
epoch,4,82,82,82.0,-0.16733132380387147,-0.024734960283551898,0.9714285714285714,0.9918367346938776,4,78,-0.02608738067198773,0.00025,baseline
epoch,4,83,83,83.0,-0.17074610324875206,-0.032715742685356916,0.9775510204081632,0.9928571428571429,0,83,-0.032715742685356916,0.00025,baseline
epoch,4,84,84,84.0,-0.1720311761024171,-0.02719842901035231,0.9724489795918367,0.9918367346938776,1,83,-0.032715742685356916,0.00025,baseline
epoch,4,85,85,85.0,-0.17227667411817837,-0.022074955823470136,0.9704081632653061,0.9928571428571429,2,83,-0.032715742685356916,0.00025,baseline
epoch,4,86,86,86.0,-0.1743864335492634,-0.026229471333172858,0.9775510204081632,0.9928571428571429,3,83,-0.032715742685356916,0.00025,baseline
epoch,4,87,87,87.0,-0.1751408019884127,-0.027444630739640215,0.9734693877551021,0.9918367346938776,4,83,-0.032715742685356916,0.00025,baseline
epoch,4,88,88,88.0,-0.17438571104842626,-0.008749764792773188,0.9683673469387755,0.9918367346938776,5,83,-0.032715742685356916,0.00025,baseline
epoch,4,89,89,89.0,-0.17619504389163787,-0.04096633633788751,0.9806122448979592,0.9938775510204082,0,89,-0.04096633633788751,0.00025,baseline
epoch,4,90,90,90.0,-0.17954865825553715,-0.026856262829838967,0.9755102040816327,0.9928571428571429,1,89,-0.04096633633788751,0.00025,baseline
epoch,4,91,91,91.0,-0.1808360805915739,-0.01445627820735075,0.9724489795918367,0.9928571428571429,2,89,-0.04096633633788751,0.00025,baseline
epoch,4,92,92,92.0,-0.17987312560670832,-0.02717167212038624,0.9724489795918367,0.9897959183673469,3,89,-0.04096633633788751,0.00025,baseline
epoch,4,93,93,93.0,-0.18138161889135654,0.011339211220643958,0.9704081632653061,0.9908163265306122,4,89,-0.04096633633788751,0.00025,baseline
epoch,4,94,94,94.0,-0.18307570234869547,-0.0334576957079829,0.9744897959183674,0.9928571428571429,5,89,-0.04096633633788751,0.00025,baseline
epoch,4,95,95,95.0,-0.18154356349354744,0.02598632087512892,0.9693877551020408,0.9887755102040816,6,89,-0.04096633633788751,0.00025,baseline
epoch,4,96,96,96.0,-0.1843257305936258,-0.01109418771704849,0.9724489795918367,0.9897959183673469,7,89,-0.04096633633788751,0.00025,baseline
epoch,4,97,97,97.0,-0.18665278530218263,-0.0008416470216245067,0.9744897959183674,0.9928571428571429,8,89,-0.04096633633788751,0.00025,baseline
epoch,4,98,98,98.0,-0.18526526003984678,-0.018223537230978207,0.9734693877551021,0.9928571428571429,9,89,-0.04096633633788751,0.00025,baseline
epoch,4,99,99,99.0,-0.18436394191981578,-0.013548759781584447,0.9744897959183674,0.9918367346938776,10,89,-0.04096633633788751,0.00025,baseline
epoch,4,100,100,100.0,-0.18809760353538427,-0.014902940818241664,0.9755102040816327,0.9908163265306122,11,89,-0.04096633633788751,0.000125,baseline
epoch,4,101,101,101.0,-0.1936769818504692,-0.04778972985793133,0.9755102040816327,0.9938775510204082,0,101,-0.04778972985793133,0.000125,baseline
epoch,4,102,102,102.0,-0.1942427604020677,-0.04347036955307941,0.9724489795918367,0.9928571428571429,1,101,-0.04778972985793133,0.000125,baseline
epoch,4,103,103,103.0,-0.19622042705138443,-0.033833616363758943,0.9755102040816327,0.9928571428571429,2,101,-0.04778972985793133,0.000125,baseline
epoch,4,104,104,104.0,-0.19626007168967585,-0.03424652668894554,0.9744897959183674,0.9928571428571429,3,101,-0.04778972985793133,0.000125,baseline
epoch,4,105,105,105.0,-0.19760920127151693,-0.03545493228094918,0.9734693877551021,0.9928571428571429,4,101,-0.04778972985793133,0.000125,baseline
epoch,4,106,106,106.0,-0.19523947840448055,-0.04219925330609691,0.9724489795918367,0.9928571428571429,5,101,-0.04778972985793133,0.000125,baseline
epoch,4,107,107,107.0,-0.19671095416056367,-0.03678369327467315,0.9724489795918367,0.9928571428571429,6,101,-0.04778972985793133,0.000125,baseline
epoch,4,108,108,108.0,-0.19819508162655308,-0.04395909893269442,0.9734693877551021,0.9918367346938776,7,101,-0.04778972985793133,0.000125,baseline
epoch,4,109,109,109.0,-0.19809251353981788,-0.039802282683703366,0.9744897959183674,0.9918367346938776,8,101,-0.04778972985793133,0.000125,baseline
epoch,4,110,110,110.0,-0.19664561261439104,-0.04370849862390635,0.9734693877551021,0.9928571428571429,9,101,-0.04778972985793133,0.000125,baseline
epoch,4,111,111,111.0,-0.19676315954927281,-0.04946150804052547,0.9755102040816327,0.9928571428571429,0,111,-0.04946150804052547,0.000125,baseline
epoch,4,112,112,112.0,-0.19782487468164228,-0.010187607152121407,0.9714285714285714,0.9928571428571429,1,111,-0.04946150804052547,0.000125,baseline
epoch,4,113,113,113.0,-0.19927373842028967,-0.01456689688624168,0.9704081632653061,0.9918367346938776,2,111,-0.04946150804052547,0.000125,baseline
epoch,4,114,114,114.0,-0.20091851276323672,-0.0496327636193256,0.9744897959183674,0.9928571428571429,0,114,-0.0496327636193256,0.000125,baseline
epoch,4,115,115,115.0,-0.2001866444382166,-0.03105067574248022,0.9744897959183674,0.9928571428571429,1,114,-0.0496327636193256,0.000125,baseline
epoch,4,116,116,116.0,-0.20175337955827488,-0.03140937600816999,0.9724489795918367,0.9918367346938776,2,114,-0.0496327636193256,0.000125,baseline
epoch,4,117,117,117.0,-0.20160089139431805,-0.03956562061699069,0.9714285714285714,0.9928571428571429,3,114,-0.0496327636193256,0.000125,baseline
epoch,4,118,118,118.0,-0.2023742359675718,-0.042822659988792575,0.9734693877551021,0.9918367346938776,4,114,-0.0496327636193256,0.000125,baseline
epoch,4,119,119,119.0,-0.20266041272263727,-0.04737262555531093,0.9785714285714285,0.9928571428571429,5,114,-0.0496327636193256,0.000125,baseline
epoch,4,120,120,120.0,-0.2038922617944439,-0.038437050702620525,0.9724489795918367,0.9918367346938776,6,114,-0.0496327636193256,0.000125,baseline
epoch,4,121,121,121.0,-0.20574927220427344,-0.043840159445392844,0.9693877551020408,0.9918367346938776,7,114,-0.0496327636193256,0.000125,baseline
epoch,4,122,122,122.0,-0.20291534793754398,-0.03787201399705848,0.9724489795918367,0.9928571428571429,8,114,-0.0496327636193256,0.000125,baseline
epoch,4,123,123,123.0,-0.2011632825551408,0.013444990527873136,0.9734693877551021,0.986734693877551,9,114,-0.0496327636193256,0.000125,baseline
epoch,4,124,124,124.0,-0.1998388986421922,-0.024691395370327697,0.9755102040816327,0.9928571428571429,10,114,-0.0496327636193256,0.000125,baseline
epoch,4,125,125,125.0,-0.2052035647101008,-0.05287675565602828,0.9744897959183674,0.9928571428571429,0,125,-0.05287675565602828,0.000125,baseline
epoch,4,126,126,126.0,-0.20355669038410207,-0.04564625487035635,0.9724489795918367,0.9918367346938776,1,125,-0.05287675565602828,0.000125,baseline
epoch,4,127,127,127.0,-0.2064792521762166,-0.03473919970648629,0.9693877551020408,0.9928571428571429,2,125,-0.05287675565602828,0.000125,baseline
epoch,4,128,128,128.0,-0.20547795100889119,-0.02323195155786008,0.9714285714285714,0.9928571428571429,3,125,-0.05287675565602828,0.000125,baseline
epoch,4,129,129,129.0,-0.2063923350880655,-0.01045516486070594,0.9714285714285714,0.9928571428571429,4,125,-0.05287675565602828,0.000125,baseline
epoch,4,130,130,130.0,-0.20773008913258367,-0.04072283506393433,0.976530612244898,0.9908163265306122,5,125,-0.05287675565602828,0.000125,baseline
epoch,4,131,131,131.0,-0.209686213908327,-0.05244452807368064,0.976530612244898,0.9928571428571429,6,125,-0.05287675565602828,0.000125,baseline
epoch,4,132,132,132.0,-0.20860555710173967,-0.034609753501658534,0.9744897959183674,0.9928571428571429,7,125,-0.05287675565602828,0.000125,baseline
epoch,4,133,133,133.0,-0.20948636891040665,-0.02969252868574493,0.9744897959183674,0.9928571428571429,8,125,-0.05287675565602828,0.000125,baseline
epoch,4,134,134,134.0,-0.20901742708451657,-0.04024845021111625,0.9775510204081632,0.9928571428571429,9,125,-0.05287675565602828,0.000125,baseline
epoch,4,135,135,135.0,-0.21070699544435137,-0.059492743501857834,0.9744897959183674,0.9928571428571429,0,135,-0.059492743501857834,0.000125,baseline
epoch,4,136,136,136.0,-0.21001586966422045,-0.019388854503631592,0.9724489795918367,0.9918367346938776,1,135,-0.059492743501857834,0.000125,baseline
epoch,4,137,137,137.0,-0.21053303128243467,-0.050265297597768356,0.9734693877551021,0.9918367346938776,2,135,-0.059492743501857834,0.000125,baseline
epoch,4,138,138,138.0,-0.21175139490990644,-0.05530845802657458,0.9775510204081632,0.9938775510204082,3,135,-0.059492743501857834,0.000125,baseline
epoch,4,139,139,139.0,-0.21106778266359277,-0.005272305984886325,0.9704081632653061,0.9918367346938776,4,135,-0.059492743501857834,0.000125,baseline
epoch,4,140,140,140.0,-0.21283818040123026,-0.04760151152708093,0.9744897959183674,0.9928571428571429,5,135,-0.059492743501857834,0.000125,baseline
epoch,4,141,141,141.0,-0.21320289598665637,-0.025446725378231127,0.976530612244898,0.9918367346938776,6,135,-0.059492743501857834,0.000125,baseline
epoch,4,142,142,142.0,-0.2116681451208136,-0.05208698438138378,0.9724489795918367,0.9897959183673469,7,135,-0.059492743501857834,0.000125,baseline
epoch,4,143,143,143.0,-0.21183374673280336,-0.007470604351588658,0.9714285714285714,0.9928571428571429,8,135,-0.059492743501857834,0.000125,baseline
epoch,4,144,144,144.0,-0.2126814377198302,-0.028407068398534036,0.9704081632653061,0.9918367346938776,9,135,-0.059492743501857834,0.000125,baseline
epoch,4,145,145,145.0,-0.21389842009032953,-0.013291840893881662,0.9704081632653061,0.9897959183673469,10,135,-0.059492743501857834,0.000125,baseline
epoch,4,146,146,146.0,-0.21423922739428325,-0.0241628174879113,0.9744897959183674,0.9918367346938776,11,135,-0.059492743501857834,6.25e-05,baseline
epoch,4,147,147,147.0,-0.2156202338323895,-0.052266346678441884,0.9744897959183674,0.9918367346938776,12,135,-0.059492743501857834,6.25e-05,baseline
epoch,4,148,148,148.0,-0.217613983385653,-0.05489445973415764,0.9744897959183674,0.9938775510204082,13,135,-0.059492743501857834,6.25e-05,baseline
epoch,4,149,149,149.0,-0.21529511904935672,-0.02668934963187393,0.9714285714285714,0.9928571428571429,14,135,-0.059492743501857834,6.25e-05,baseline
epoch,4,150,150,150.0,-0.21717418950960513,-0.015862121144119574,0.9714285714285714,0.9928571428571429,15,135,-0.059492743501857834,6.25e-05,baseline
epoch,4,151,151,151.0,-0.21801093753438683,-0.029563444974471113,0.9704081632653061,0.9918367346938776,16,135,-0.059492743501857834,6.25e-05,baseline
epoch,4,152,152,152.0,-0.2181285200859358,-0.0480369217541753,0.9724489795918367,0.9928571428571429,17,135,-0.059492743501857834,6.25e-05,baseline
epoch,4,153,153,153.0,-0.21803092974807925,-0.05060336297872115,0.9734693877551021,0.9918367346938776,18,135,-0.059492743501857834,6.25e-05,baseline
epoch,4,154,154,154.0,-0.21730749179686176,-0.05688476805784264,0.9734693877551021,0.9928571428571429,19,135,-0.059492743501857834,6.25e-05,baseline
epoch,4,155,155,155.0,-0.21821088280692408,-0.056675101542959405,0.9734693877551021,0.9928571428571429,20,135,-0.059492743501857834,6.25e-05,baseline
epoch,4,156,156,156.0,-0.21774839666939366,-0.032594330943360623,0.9714285714285714,0.9928571428571429,21,135,-0.059492743501857834,6.25e-05,baseline
epoch,4,157,157,157.0,-0.2194129903786516,-0.05389218792623403,0.9714285714285714,0.9928571428571429,22,135,-0.059492743501857834,3.125e-05,baseline
epoch,4,158,158,158.0,-0.220449903159877,-0.06118594067437308,0.9744897959183674,0.9928571428571429,0,158,-0.06118594067437308,3.125e-05,baseline
epoch,4,159,159,159.0,-0.21996381309595,-0.051081520683911384,0.9704081632653061,0.9938775510204082,1,158,-0.06118594067437308,3.125e-05,baseline
epoch,4,160,160,160.0,-0.2194208556346679,-0.057176724015449994,0.9724489795918367,0.9928571428571429,2,158,-0.06118594067437308,3.125e-05,baseline
epoch,4,161,161,161.0,-0.22035172998722533,-0.06195557263432717,0.9724489795918367,0.9928571428571429,0,161,-0.06195557263432717,3.125e-05,baseline
epoch,4,162,162,162.0,-0.22072361688204756,-0.06290955373219081,0.9734693877551021,0.9928571428571429,0,162,-0.06290955373219081,3.125e-05,baseline
epoch,4,163,163,163.0,-0.2208984454635215,-0.05484664148213912,0.9724489795918367,0.9918367346938776,1,162,-0.06290955373219081,3.125e-05,baseline
epoch,4,164,164,164.0,-0.2201360555420857,-0.056288234311707167,0.9734693877551021,0.9918367346938776,2,162,-0.06290955373219081,3.125e-05,baseline
epoch,4,165,165,165.0,-0.22061884269285736,-0.05347030138482853,0.9704081632653061,0.9928571428571429,3,162,-0.06290955373219081,3.125e-05,baseline
epoch,4,166,166,166.0,-0.22078511499408804,-0.053863416885843084,0.9714285714285714,0.9928571428571429,4,162,-0.06290955373219081,3.125e-05,baseline
epoch,4,167,167,167.0,-0.22152582995129314,-0.05419869252613613,0.9724489795918367,0.9928571428571429,5,162,-0.06290955373219081,3.125e-05,baseline
epoch,4,168,168,168.0,-0.22137770851250202,-0.054396540291455325,0.9755102040816327,0.9928571428571429,6,162,-0.06290955373219081,3.125e-05,baseline
epoch,4,169,169,169.0,-0.22180631972917864,-0.05279258562594044,0.9724489795918367,0.9928571428571429,7,162,-0.06290955373219081,3.125e-05,baseline
epoch,4,170,170,170.0,-0.22118456328365727,-0.053603741587424765,0.9724489795918367,0.9928571428571429,8,162,-0.06290955373219081,3.125e-05,baseline
epoch,4,171,171,171.0,-0.2221181441985063,-0.06376607174776039,0.9744897959183674,0.9928571428571429,0,171,-0.06376607174776039,3.125e-05,baseline
epoch,4,172,172,172.0,-0.22215524544146015,-0.026104109627859935,0.9683673469387755,0.9928571428571429,1,171,-0.06376607174776039,3.125e-05,baseline
epoch,4,173,173,173.0,-0.22004638038446273,-0.055037877997573544,0.9734693877551021,0.9928571428571429,2,171,-0.06376607174776039,3.125e-05,baseline
epoch,4,174,174,174.0,-0.2209959685863343,-0.04641120652763211,0.9704081632653061,0.9918367346938776,3,171,-0.06376607174776039,3.125e-05,baseline
epoch,4,175,175,175.0,-0.22107965405554766,-0.0489244463492413,0.9744897959183674,0.9918367346938776,4,171,-0.06376607174776039,3.125e-05,baseline
epoch,4,176,176,176.0,-0.2222823120722123,-0.032335071904318675,0.9724489795918367,0.9928571428571429,5,171,-0.06376607174776039,3.125e-05,baseline
epoch,4,177,177,177.0,-0.2208677192386982,-0.05950695373574082,0.976530612244898,0.9938775510204082,6,171,-0.06376607174776039,3.125e-05,baseline
epoch,4,178,178,178.0,-0.22218628095289783,-0.054107462386695705,0.9755102040816327,0.9938775510204082,7,171,-0.06376607174776039,3.125e-05,baseline
epoch,4,179,179,179.0,-0.223174170831616,-0.0552848008214211,0.9714285714285714,0.9928571428571429,8,171,-0.06376607174776039,3.125e-05,baseline
epoch,4,180,180,180.0,-0.22269973362795056,-0.055774242050793704,0.9734693877551021,0.9918367346938776,9,171,-0.06376607174776039,3.125e-05,baseline
epoch,4,181,181,181.0,-0.2228167559932518,-0.05314457027279601,0.9734693877551021,0.9918367346938776,10,171,-0.06376607174776039,3.125e-05,baseline
epoch,4,182,182,182.0,-0.2235766181663303,-0.06019315403334948,0.9734693877551021,0.9918367346938776,11,171,-0.06376607174776039,1.5625e-05,baseline
epoch,4,183,183,183.0,-0.22323785051018516,-0.05369563881231814,0.9714285714285714,0.9918367346938776,12,171,-0.06376607174776039,1.5625e-05,baseline
epoch,4,184,184,184.0,-0.22280079309007608,-0.05645129899589383,0.9744897959183674,0.9918367346938776,13,171,-0.06376607174776039,1.5625e-05,baseline
epoch,4,185,185,185.0,-0.22353169300704737,-0.055986700495895075,0.9744897959183674,0.9918367346938776,14,171,-0.06376607174776039,1.5625e-05,baseline
epoch,4,186,186,186.0,-0.22396454145034073,-0.05886525840175395,0.9724489795918367,0.9928571428571429,15,171,-0.06376607174776039,1.5625e-05,baseline
epoch,4,187,187,187.0,-0.22386618617606235,-0.058254505663501974,0.9704081632653061,0.9918367346938776,16,171,-0.06376607174776039,1.5625e-05,baseline
epoch,4,188,188,188.0,-0.22395609366394525,-0.05872275391403509,0.9744897959183674,0.9928571428571429,17,171,-0.06376607174776039,1.5625e-05,baseline
epoch,4,189,189,189.0,-0.22430955036424396,-0.056206249704166336,0.9724489795918367,0.9928571428571429,18,171,-0.06376607174776039,1.5625e-05,baseline
epoch,4,190,190,190.0,-0.22437578579743866,-0.058855156509243715,0.9744897959183674,0.9918367346938776,19,171,-0.06376607174776039,1.5625e-05,baseline
epoch,4,191,191,191.0,-0.2243997933793969,-0.06050093076667007,0.9734693877551021,0.9928571428571429,20,171,-0.06376607174776039,1.5625e-05,baseline
epoch,4,192,192,192.0,-0.22370564170463336,-0.05844790667903667,0.9714285714285714,0.9918367346938776,21,171,-0.06376607174776039,1.5625e-05,baseline
epoch,4,193,193,193.0,-0.22360372348508747,-0.05788478632362522,0.9734693877551021,0.9928571428571429,22,171,-0.06376607174776039,7.8125e-06,baseline
epoch,4,194,194,194.0,-0.22412277485669208,-0.06325118760673368,0.9724489795918367,0.9928571428571429,23,171,-0.06376607174776039,7.8125e-06,baseline
epoch,4,195,195,195.0,-0.2243024804253622,-0.06166720511961957,0.9734693877551021,0.9928571428571429,24,171,-0.06376607174776039,7.8125e-06,baseline
epoch,4,196,196,196.0,-0.22512803142233936,-0.058552121872804605,0.9734693877551021,0.9928571428571429,25,171,-0.06376607174776039,7.8125e-06,baseline
epoch,4,197,197,197.0,-0.22445720921254378,-0.060181508015613165,0.9744897959183674,0.9928571428571429,26,171,-0.06376607174776039,7.8125e-06,baseline
epoch,4,198,198,198.0,-0.22463975504299472,-0.063052520460012,0.9734693877551021,0.9928571428571429,27,171,-0.06376607174776039,7.8125e-06,baseline
epoch,4,199,199,199.0,-0.22411992430565184,-0.050049335615975514,0.9714285714285714,0.9928571428571429,28,171,-0.06376607174776039,7.8125e-06,baseline
epoch,4,200,200,200.0,-0.22375743692327935,-0.056196612241316814,0.9704081632653061,0.9918367346938776,29,171,-0.06376607174776039,7.8125e-06,baseline
epoch,5,1,1,1.0,1.8509410529628594,3.4242006165640695,0.27346938775510204,0.33877551020408164,0,1,3.4242006165640695,0.001,baseline
epoch,5,2,2,2.0,1.3099627453411442,5.597384330204555,0.28469387755102044,0.6122448979591837,1,1,3.4242006165640695,0.001,baseline
epoch,5,3,3,3.0,1.0603747512760884,2.320262354247424,0.4897959183673469,0.9214285714285714,0,3,2.320262354247424,0.001,baseline
epoch,5,4,4,4.0,0.9326232878740524,1.7953884188009768,0.8785714285714286,0.5826530612244898,0,4,1.7953884188009768,0.001,baseline
epoch,5,5,5,5.0,0.8804273745378021,1.487383643948302,0.6275510204081632,0.8663265306122448,0,5,1.487383643948302,0.001,baseline
epoch,5,6,6,6.0,0.8049224578567131,0.8716556850744753,0.8989795918367347,0.9673469387755103,0,6,0.8716556850744753,0.001,baseline
epoch,5,7,7,7.0,0.7445681796497661,1.5704291611301655,0.6204081632653061,0.9306122448979591,1,6,0.8716556850744753,0.001,baseline
epoch,5,8,8,8.0,0.7189539101686371,1.2648301757111842,0.6775510204081633,0.9693877551020408,2,6,0.8716556850744753,0.001,baseline
epoch,5,9,9,9.0,0.6555700375183854,1.450747927840875,0.6704081632653062,0.9714285714285714,3,6,0.8716556850744753,0.001,baseline
epoch,5,10,10,10.0,0.6201747311878496,1.7251966057991495,0.5969387755102041,0.9734693877551021,4,6,0.8716556850744753,0.001,baseline
epoch,5,11,11,11.0,0.5947137951120293,1.4684680223464965,0.7795918367346939,0.7755102040816326,5,6,0.8716556850744753,0.001,baseline
epoch,5,12,12,12.0,0.5480294666567911,0.8445256753843657,0.8469387755102041,0.9734693877551021,0,12,0.8445256753843657,0.001,baseline
epoch,5,13,13,13.0,0.5197185690726883,1.660781654533075,0.6571428571428571,0.8081632653061225,1,12,0.8445256753843657,0.001,baseline
epoch,5,14,14,14.0,0.5035523902529716,1.6581986568412002,0.5724489795918367,0.9224489795918367,2,12,0.8445256753843657,0.001,baseline
epoch,5,15,15,15.0,0.47113842313939874,2.242820410825768,0.4663265306122449,0.9479591836734694,3,12,0.8445256753843657,0.001,baseline
epoch,5,16,16,16.0,0.4379083193967973,0.9212546295049239,0.7714285714285715,0.9755102040816327,4,12,0.8445256753843657,0.001,baseline
epoch,5,17,17,17.0,0.4054911347283041,1.422863991406499,0.6877551020408164,0.9857142857142858,5,12,0.8445256753843657,0.001,baseline
epoch,5,18,18,18.0,0.3895223293533364,1.977600132689184,0.5224489795918368,0.9683673469387755,6,12,0.8445256753843657,0.001,baseline
epoch,5,19,19,19.0,0.36338477358754734,1.3568324551290396,0.6234693877551021,0.963265306122449,7,12,0.8445256753843657,0.001,baseline
epoch,5,20,20,20.0,0.37583716662716693,0.5680678211912817,0.9551020408163265,0.9653061224489796,0,20,0.5680678211912817,0.001,baseline
epoch,5,21,21,21.0,0.3343122663305534,0.8196985181497067,0.8642857142857143,0.9285714285714286,1,20,0.5680678211912817,0.001,baseline
epoch,5,22,22,22.0,0.31295147279431557,0.6344770331772006,0.8459183673469388,0.9877551020408163,2,20,0.5680678211912817,0.001,baseline
epoch,5,23,23,23.0,0.2698719162071567,0.9952672977836765,0.7693877551020408,0.9795918367346939,3,20,0.5680678211912817,0.001,baseline
epoch,5,24,24,24.0,0.27773795119345007,0.8321570153139075,0.8938775510204081,0.9071428571428571,4,20,0.5680678211912817,0.001,baseline
epoch,5,25,25,25.0,0.25429582744989015,1.1714858823893022,0.8020408163265306,0.9306122448979591,5,20,0.5680678211912817,0.001,baseline
epoch,5,26,26,26.0,0.2171859507115065,0.6197343035620086,0.863265306122449,0.9887755102040816,6,20,0.5680678211912817,0.001,baseline
epoch,5,27,27,27.0,0.19012604533590993,0.6394271797063399,0.9163265306122449,0.9295918367346939,7,20,0.5680678211912817,0.001,baseline
epoch,5,28,28,28.0,0.19075031896655478,0.8567519951839836,0.7979591836734694,0.9836734693877551,8,20,0.5680678211912817,0.001,baseline
epoch,5,29,29,29.0,0.16480417922519688,1.554428203251897,0.7714285714285715,0.7112244897959183,9,20,0.5680678211912817,0.001,baseline
epoch,5,30,30,30.0,0.17951812600456293,1.3976476552535078,0.8214285714285714,0.710204081632653,10,20,0.5680678211912817,0.001,baseline
epoch,5,31,31,31.0,0.16808894988952303,1.674731898794369,0.6877551020408164,0.9816326530612245,11,20,0.5680678211912817,0.0005,baseline
epoch,5,32,32,32.0,0.1390218860769418,0.3031908439130199,0.9520408163265306,0.9857142857142858,0,32,0.3031908439130199,0.0005,baseline
epoch,5,33,33,33.0,0.10489446831918468,0.3764841301100595,0.9275510204081633,0.986734693877551,1,32,0.3031908439130199,0.0005,baseline
epoch,5,34,34,34.0,0.08671612734692333,0.2569522570590584,0.95,0.9918367346938776,0,34,0.2569522570590584,0.0005,baseline
epoch,5,35,35,35.0,0.07523955114041213,0.24446647678102765,0.9479591836734694,0.9938775510204082,0,35,0.24446647678102765,0.0005,baseline
epoch,5,36,36,36.0,0.06862723096763759,0.2369512609073094,0.9581632653061225,0.9887755102040816,0,36,0.2369512609073094,0.0005,baseline
epoch,5,37,37,37.0,0.06226424828734899,0.2534751714492331,0.9489795918367347,0.9928571428571429,1,36,0.2369512609073094,0.0005,baseline
epoch,5,38,38,38.0,0.05609872227913269,0.18466110132178482,0.9673469387755103,0.9908163265306122,0,38,0.18466110132178482,0.0005,baseline
epoch,5,39,39,39.0,0.045367174360433075,0.23418142041381523,0.9408163265306122,0.9938775510204082,1,38,0.18466110132178482,0.0005,baseline
epoch,5,40,40,40.0,0.04433547878167968,0.16837198418013904,0.9683673469387755,0.9928571428571429,0,40,0.16837198418013904,0.0005,baseline
epoch,5,41,41,41.0,0.03875424925226478,0.20810279870519832,0.9571428571428572,0.9928571428571429,1,40,0.16837198418013904,0.0005,baseline
epoch,5,42,42,42.0,0.03137005008642958,0.18602339637522794,0.963265306122449,0.9887755102040816,2,40,0.16837198418013904,0.0005,baseline
epoch,5,43,43,43.0,0.023023458496421057,0.19092615283265404,0.963265306122449,0.9918367346938776,3,40,0.16837198418013904,0.0005,baseline
epoch,5,44,44,44.0,0.01585366612678894,0.19891536698049428,0.9561224489795919,0.9928571428571429,4,40,0.16837198418013904,0.0005,baseline
epoch,5,45,45,45.0,0.010652131639778675,0.14221956900187901,0.9724489795918367,0.9928571428571429,0,45,0.14221956900187901,0.0005,baseline
epoch,5,46,46,46.0,0.0070133651849320034,0.18616015278563208,0.960204081632653,0.9928571428571429,1,45,0.14221956900187901,0.0005,baseline
epoch,5,47,47,47.0,-6.479731132109879e-05,0.2361306153998083,0.9459183673469388,0.9918367346938776,2,45,0.14221956900187901,0.0005,baseline
epoch,5,48,48,48.0,-0.004795572791815535,0.30272539975691815,0.9193877551020408,0.9877551020408163,3,45,0.14221956900187901,0.0005,baseline
epoch,5,49,49,49.0,-0.009855556658510047,0.13322382654462542,0.9673469387755103,0.9918367346938776,0,49,0.13322382654462542,0.0005,baseline
epoch,5,50,50,50.0,-0.012133899273253802,0.4228163748371358,0.9030612244897959,0.9795918367346939,1,49,0.13322382654462542,0.0005,baseline
epoch,5,51,51,51.0,-0.017561003489684278,0.3393492679206692,0.9316326530612244,0.9806122448979592,2,49,0.13322382654462542,0.0005,baseline
epoch,5,52,52,52.0,-0.026188114020627172,0.1242050535824834,0.9642857142857143,0.9897959183673469,0,52,0.1242050535824834,0.0005,baseline
epoch,5,53,53,53.0,-0.03121990269854802,0.2770376254101189,0.9295918367346939,0.9908163265306122,1,52,0.1242050535824834,0.0005,baseline
epoch,5,54,54,54.0,-0.037403453175697675,0.4286775511138293,0.9683673469387755,0.9071428571428571,2,52,0.1242050535824834,0.0005,baseline
epoch,5,55,55,55.0,-0.04271465205074696,0.20673952029675854,0.9571428571428572,0.986734693877551,3,52,0.1242050535824834,0.0005,baseline
epoch,5,56,56,56.0,-0.046281464192426486,0.6013440441112129,0.8163265306122449,0.9887755102040816,4,52,0.1242050535824834,0.0005,baseline
epoch,5,57,57,57.0,-0.04770375229608538,0.2069153651899221,0.9479591836734694,0.9887755102040816,5,52,0.1242050535824834,0.0005,baseline
epoch,5,58,58,58.0,-0.04476128711885524,2.039869566353,0.6265306122448979,0.9571428571428572,6,52,0.1242050535824834,0.0005,baseline
epoch,5,59,59,59.0,0.03634076933086344,2.217650438814747,0.6204081632653061,0.8163265306122449,7,52,0.1242050535824834,0.0005,baseline
epoch,5,60,60,60.0,0.04337350553828192,3.457008663488894,0.4989795918367347,0.85,8,52,0.1242050535824834,0.0005,baseline
epoch,5,61,61,61.0,0.07923143968153536,5.137582222296267,0.3622448979591837,0.7816326530612245,9,52,0.1242050535824834,0.0005,baseline
epoch,5,62,62,62.0,0.011749099053450089,0.780546984137321,0.8397959183673469,0.9775510204081632,10,52,0.1242050535824834,0.0005,baseline
epoch,5,63,63,63.0,-0.028110087831125074,2.200000688981037,0.563265306122449,0.8571428571428571,11,52,0.1242050535824834,0.00025,baseline
epoch,5,64,64,64.0,-0.050911040605636615,0.09938932243658571,0.9673469387755103,0.9918367346938776,0,64,0.09938932243658571,0.00025,baseline
epoch,5,65,65,65.0,-0.07205826311968686,0.06375882698565113,0.9693877551020408,0.9928571428571429,0,65,0.06375882698565113,0.00025,baseline
epoch,5,66,66,66.0,-0.08044592139669775,0.062041371209280834,0.9683673469387755,0.9938775510204082,0,66,0.062041371209280834,0.00025,baseline
epoch,5,67,67,67.0,-0.08614922403923947,0.06794554822298945,0.9683673469387755,0.9928571428571429,1,66,0.062041371209280834,0.00025,baseline
epoch,5,68,68,68.0,-0.09008144163379143,0.040666242278352076,0.9714285714285714,0.9938775510204082,0,68,0.040666242278352076,0.00025,baseline
epoch,5,69,69,69.0,-0.09295095717943481,0.049757645081500615,0.9714285714285714,0.9928571428571429,1,68,0.040666242278352076,0.00025,baseline
epoch,5,70,70,70.0,-0.09537793399121106,0.04313228203325856,0.9693877551020408,0.9938775510204082,2,68,0.040666242278352076,0.00025,baseline
epoch,5,71,71,71.0,-0.09779149391312643,0.04127097300120763,0.9724489795918367,0.9928571428571429,3,68,0.040666242278352076,0.00025,baseline
epoch,5,72,72,72.0,-0.10057242654560779,0.06031215288201157,0.9693877551020408,0.9928571428571429,4,68,0.040666242278352076,0.00025,baseline
epoch,5,73,73,73.0,-0.10221740703904227,0.03298112445948075,0.9734693877551021,0.9938775510204082,0,73,0.03298112445948075,0.00025,baseline
epoch,5,74,74,74.0,-0.10463658197420489,0.060241967074725095,0.9704081632653061,0.9918367346938776,1,73,0.03298112445948075,0.00025,baseline
epoch,5,75,75,75.0,-0.10682342841505883,0.05146640977080987,0.9683673469387755,0.9938775510204082,2,73,0.03298112445948075,0.00025,baseline
epoch,5,76,76,76.0,-0.1100984045872284,0.03135914826879696,0.9714285714285714,0.9938775510204082,0,76,0.03135914826879696,0.00025,baseline
epoch,5,77,77,77.0,-0.11128889278444985,0.03836993368304505,0.9693877551020408,0.9938775510204082,1,76,0.03135914826879696,0.00025,baseline
epoch,5,78,78,78.0,-0.11420949249394215,0.02513015854115389,0.9755102040816327,0.9938775510204082,0,78,0.02513015854115389,0.00025,baseline
epoch,5,79,79,79.0,-0.11574640818343586,0.03790993787804428,0.9704081632653061,0.9938775510204082,1,78,0.02513015854115389,0.00025,baseline
epoch,5,80,80,80.0,-0.11592822213703814,0.03596007994243077,0.9683673469387755,0.9938775510204082,2,78,0.02513015854115389,0.00025,baseline
epoch,5,81,81,81.0,-0.11938859876987275,0.057467660368705285,0.9693877551020408,0.9918367346938776,3,78,0.02513015854115389,0.00025,baseline
epoch,5,82,82,82.0,-0.12033335643842344,0.025175972860686634,0.9734693877551021,0.9938775510204082,4,78,0.02513015854115389,0.00025,baseline
epoch,5,83,83,83.0,-0.12338859049852584,0.02818973818603827,0.9724489795918367,0.9928571428571429,5,78,0.02513015854115389,0.00025,baseline
epoch,5,84,84,84.0,-0.12453673814972283,0.01427574060401138,0.9744897959183674,0.9928571428571429,0,84,0.01427574060401138,0.00025,baseline
epoch,5,85,85,85.0,-0.1269815657915694,0.02795517906850698,0.9724489795918367,0.9938775510204082,1,84,0.01427574060401138,0.00025,baseline
epoch,5,86,86,86.0,-0.12963524214215616,0.018911513017148388,0.9744897959183674,0.9928571428571429,2,84,0.01427574060401138,0.00025,baseline
epoch,5,87,87,87.0,-0.1312158726330797,0.06859918784122078,0.9642857142857143,0.9938775510204082,3,84,0.01427574060401138,0.00025,baseline
epoch,5,88,88,88.0,-0.13130077795792405,0.028965397513642605,0.9653061224489796,0.9928571428571429,4,84,0.01427574060401138,0.00025,baseline
epoch,5,89,89,89.0,-0.1346440049795866,0.02772653954369681,0.9693877551020408,0.9938775510204082,5,84,0.01427574060401138,0.00025,baseline
epoch,5,90,90,90.0,-0.1371279920815691,0.034404374385366636,0.9704081632653061,0.9938775510204082,6,84,0.01427574060401138,0.00025,baseline
epoch,5,91,91,91.0,-0.1353313633078087,0.02134788717542376,0.9724489795918367,0.9938775510204082,7,84,0.01427574060401138,0.00025,baseline
epoch,5,92,92,92.0,-0.1371781039408449,0.033061665418196697,0.9704081632653061,0.9918367346938776,8,84,0.01427574060401138,0.00025,baseline
epoch,5,93,93,93.0,-0.13981500861593604,0.03676801798295001,0.9683673469387755,0.9928571428571429,9,84,0.01427574060401138,0.00025,baseline
epoch,5,94,94,94.0,-0.1418752200878677,0.045296268073879944,0.9663265306122449,0.9938775510204082,10,84,0.01427574060401138,0.00025,baseline
epoch,5,95,95,95.0,-0.14372684422260162,0.009954358120353854,0.9744897959183674,0.9938775510204082,0,95,0.009954358120353854,0.00025,baseline
epoch,5,96,96,96.0,-0.14209705743409762,0.09520025496580163,0.9530612244897959,0.9928571428571429,1,95,0.009954358120353854,0.00025,baseline
epoch,5,97,97,97.0,-0.14620242439081038,0.020322346200748367,0.9714285714285714,0.9928571428571429,2,95,0.009954358120353854,0.00025,baseline
epoch,5,98,98,98.0,-0.1460961973460142,0.07662271991068004,0.9612244897959183,0.9938775510204082,3,95,0.009954358120353854,0.00025,baseline
epoch,5,99,99,99.0,-0.15073526185671812,0.029967977562729193,0.9704081632653061,0.9938775510204082,4,95,0.009954358120353854,0.00025,baseline
epoch,5,100,100,100.0,-0.14777469458448508,0.04702878144322609,0.9642857142857143,0.9938775510204082,5,95,0.009954358120353854,0.00025,baseline
epoch,5,101,101,101.0,-0.1515624336251443,0.06562619987799197,0.9663265306122449,0.9887755102040816,6,95,0.009954358120353854,0.00025,baseline
epoch,5,102,102,102.0,-0.1534171523916344,0.01897510947013388,0.9693877551020408,0.9938775510204082,7,95,0.009954358120353854,0.00025,baseline
epoch,5,103,103,103.0,-0.15601633828555722,0.04180331789717382,0.963265306122449,0.9938775510204082,8,95,0.009954358120353854,0.00025,baseline
epoch,5,104,104,104.0,-0.15474181667168124,0.010542403678504788,0.9673469387755103,0.9928571428571429,9,95,0.009954358120353854,0.00025,baseline
epoch,5,105,105,105.0,-0.15941606423949806,0.07837009770529611,0.960204081632653,0.9897959183673469,10,95,0.009954358120353854,0.00025,baseline
epoch,5,106,106,106.0,-0.160586930636366,0.007125273529364138,0.9724489795918367,0.9938775510204082,0,106,0.007125273529364138,0.00025,baseline
epoch,5,107,107,107.0,-0.16454053113847758,0.0007312944957188198,0.9704081632653061,0.9928571428571429,0,107,0.0007312944957188198,0.00025,baseline
epoch,5,108,108,108.0,-0.1647335035199408,0.039480948204896886,0.963265306122449,0.9938775510204082,1,107,0.0007312944957188198,0.00025,baseline
epoch,5,109,109,109.0,-0.1634101490808824,0.010637853826795305,0.9714285714285714,0.9928571428571429,2,107,0.0007312944957188198,0.00025,baseline
epoch,5,110,110,110.0,-0.16690488136825327,0.12287117291469964,0.9459183673469388,0.9897959183673469,3,107,0.0007312944957188198,0.00025,baseline
epoch,5,111,111,111.0,-0.1664411085253473,0.23363465484307736,0.9306122448979591,0.9938775510204082,4,107,0.0007312944957188198,0.00025,baseline
epoch,5,112,112,112.0,-0.168564430174472,0.004558604347462557,0.9724489795918367,0.9908163265306122,5,107,0.0007312944957188198,0.00025,baseline
epoch,5,113,113,113.0,-0.16872712266579104,0.022259739223791628,0.9704081632653061,0.9887755102040816,6,107,0.0007312944957188198,0.00025,baseline
epoch,5,114,114,114.0,-0.1690104372411266,0.15060504626254645,0.9469387755102041,0.9806122448979592,7,107,0.0007312944957188198,0.00025,baseline
epoch,5,115,115,115.0,-0.16741635880991437,0.07265283599191782,0.9591836734693877,0.9887755102040816,8,107,0.0007312944957188198,0.00025,baseline
epoch,5,116,116,116.0,-0.16822896597943096,0.4357942118936656,0.9010204081632653,0.9877551020408163,9,107,0.0007312944957188198,0.00025,baseline
epoch,5,117,117,117.0,-0.17368218683246694,0.25367509078006356,0.9275510204081633,0.9897959183673469,10,107,0.0007312944957188198,0.00025,baseline
epoch,5,118,118,118.0,-0.17001082102051795,0.2932451883140875,0.9142857142857143,0.9938775510204082,11,107,0.0007312944957188198,0.000125,baseline
epoch,5,119,119,119.0,-0.17639961933091175,0.04652753971060928,0.9642857142857143,0.9836734693877551,12,107,0.0007312944957188198,0.000125,baseline
epoch,5,120,120,120.0,-0.17942091289896278,0.000893822008249711,0.9673469387755103,0.9938775510204082,13,107,0.0007312944957188198,0.000125,baseline
epoch,5,121,121,121.0,-0.18346042731687412,0.026061875722846205,0.9612244897959183,0.9938775510204082,14,107,0.0007312944957188198,0.000125,baseline
epoch,5,122,122,122.0,-0.18382804483875434,0.0010364624918723594,0.9683673469387755,0.9938775510204082,15,107,0.0007312944957188198,0.000125,baseline
epoch,5,123,123,123.0,-0.18486468851627197,-0.004465790427460962,0.9693877551020408,0.9938775510204082,0,123,-0.004465790427460962,0.000125,baseline
epoch,5,124,124,124.0,-0.18505411938335117,-0.010744378274800827,0.9683673469387755,0.9938775510204082,0,124,-0.010744378274800827,0.000125,baseline
epoch,5,125,125,125.0,-0.18594598167398002,-0.021448502491931525,0.9724489795918367,0.9938775510204082,0,125,-0.021448502491931525,0.000125,baseline
epoch,5,126,126,126.0,-0.18764919687949114,-0.011462717883440913,0.9714285714285714,0.9938775510204082,1,125,-0.021448502491931525,0.000125,baseline
epoch,5,127,127,127.0,-0.1867259412669064,-0.007020762015362175,0.9704081632653061,0.9938775510204082,2,125,-0.021448502491931525,0.000125,baseline
epoch,5,128,128,128.0,-0.18811253720820253,-0.015622849610387063,0.9714285714285714,0.9938775510204082,3,125,-0.021448502491931525,0.000125,baseline
epoch,5,129,129,129.0,-0.1886552366465178,-0.011883035971193898,0.9693877551020408,0.9938775510204082,4,125,-0.021448502491931525,0.000125,baseline
epoch,5,130,130,130.0,-0.1876222018201943,-0.010216085034973767,0.9704081632653061,0.9938775510204082,5,125,-0.021448502491931525,0.000125,baseline
epoch,5,131,131,131.0,-0.18866885341589737,-0.014202700099166559,0.9714285714285714,0.9928571428571429,6,125,-0.021448502491931525,0.000125,baseline
epoch,5,132,132,132.0,-0.18888576549455996,0.01991056982351809,0.9653061224489796,0.9928571428571429,7,125,-0.021448502491931525,0.000125,baseline
epoch,5,133,133,133.0,-0.1909602874389586,0.0046076098266912965,0.9683673469387755,0.9938775510204082,8,125,-0.021448502491931525,0.000125,baseline
epoch,5,134,134,134.0,-0.1920282875432179,-0.007912920202527728,0.9683673469387755,0.9938775510204082,9,125,-0.021448502491931525,0.000125,baseline
epoch,5,135,135,135.0,-0.19208544797137517,-0.008725374572131099,0.9673469387755103,0.9938775510204082,10,125,-0.021448502491931525,0.000125,baseline
epoch,5,136,136,136.0,-0.1921383496202658,-0.019316750399920406,0.9704081632653061,0.9938775510204082,11,125,-0.021448502491931525,6.25e-05,baseline
epoch,5,137,137,137.0,-0.19353177373328906,-0.007248346173033422,0.9683673469387755,0.9938775510204082,12,125,-0.021448502491931525,6.25e-05,baseline
epoch,5,138,138,138.0,-0.19395815370275246,0.003477933942055216,0.9663265306122449,0.9938775510204082,13,125,-0.021448502491931525,6.25e-05,baseline
epoch,5,139,139,139.0,-0.19496024629068812,-0.02044648759219111,0.9673469387755103,0.9938775510204082,14,125,-0.021448502491931525,6.25e-05,baseline
epoch,5,140,140,140.0,-0.19559149424316202,-0.029798216722449478,0.9704081632653061,0.9938775510204082,0,140,-0.029798216722449478,6.25e-05,baseline
epoch,5,141,141,141.0,-0.19612247165790983,-0.030074931164177098,0.9704081632653061,0.9938775510204082,0,141,-0.030074931164177098,6.25e-05,baseline
epoch,5,142,142,142.0,-0.19587211412842842,-0.022485570275053685,0.9693877551020408,0.9938775510204082,1,141,-0.030074931164177098,6.25e-05,baseline
epoch,5,143,143,143.0,-0.19641028203077773,-0.027913139304336237,0.9724489795918367,0.9938775510204082,2,141,-0.030074931164177098,6.25e-05,baseline
epoch,5,144,144,144.0,-0.19597801599609718,-0.01999073953044658,0.9673469387755103,0.9938775510204082,3,141,-0.030074931164177098,6.25e-05,baseline
epoch,5,145,145,145.0,-0.19552580304481887,-0.025179155505433374,0.9724489795918367,0.9938775510204082,4,141,-0.030074931164177098,6.25e-05,baseline
epoch,5,146,146,146.0,-0.19613179129161193,-0.0069054827398183395,0.9704081632653061,0.9938775510204082,5,141,-0.030074931164177098,6.25e-05,baseline
epoch,5,147,147,147.0,-0.19711441446982317,0.006642854943567393,0.9673469387755103,0.9928571428571429,6,141,-0.030074931164177098,6.25e-05,baseline
epoch,5,148,148,148.0,-0.19753019845035152,-0.010397250798283792,0.9683673469387755,0.9938775510204082,7,141,-0.030074931164177098,6.25e-05,baseline
epoch,5,149,149,149.0,-0.19829497742823365,-0.02258433979384753,0.9714285714285714,0.9938775510204082,8,141,-0.030074931164177098,6.25e-05,baseline
epoch,5,150,150,150.0,-0.19878454051295388,-0.026441171704506387,0.9693877551020408,0.9938775510204082,9,141,-0.030074931164177098,6.25e-05,baseline
epoch,5,151,151,151.0,-0.19970894444341922,-0.024803314890180315,0.9714285714285714,0.9938775510204082,10,141,-0.030074931164177098,6.25e-05,baseline
epoch,5,152,152,152.0,-0.198762462989059,-0.020761575747509392,0.9704081632653061,0.9938775510204082,11,141,-0.030074931164177098,3.125e-05,baseline
epoch,5,153,153,153.0,-0.19858959496812753,-0.02829273476892588,0.9714285714285714,0.9938775510204082,12,141,-0.030074931164177098,3.125e-05,baseline
epoch,5,154,154,154.0,-0.2000572770316462,-0.024248019286564417,0.9693877551020408,0.9938775510204082,13,141,-0.030074931164177098,3.125e-05,baseline
epoch,5,155,155,155.0,-0.1994323781001799,-0.02740673459306055,0.9704081632653061,0.9938775510204082,14,141,-0.030074931164177098,3.125e-05,baseline
epoch,5,156,156,156.0,-0.2004132547831511,-0.03093309110524703,0.9704081632653061,0.9938775510204082,0,156,-0.03093309110524703,3.125e-05,baseline
epoch,5,157,157,157.0,-0.19975359599363815,-0.028835769332185082,0.9714285714285714,0.9938775510204082,1,156,-0.03093309110524703,3.125e-05,baseline
epoch,5,158,158,158.0,-0.19943678969625797,-0.0328639023158015,0.9734693877551021,0.9938775510204082,0,158,-0.0328639023158015,3.125e-05,baseline
epoch,5,159,159,159.0,-0.20082069618343942,-0.0323867848941258,0.9724489795918367,0.9938775510204082,1,158,-0.0328639023158015,3.125e-05,baseline
epoch,5,160,160,160.0,-0.20118984436964477,-0.026880468884292914,0.9704081632653061,0.9938775510204082,2,158,-0.0328639023158015,3.125e-05,baseline
epoch,5,161,161,161.0,-0.20096054779740471,-0.02647674375650834,0.9704081632653061,0.9938775510204082,3,158,-0.0328639023158015,3.125e-05,baseline
epoch,5,162,162,162.0,-0.20101923974225178,-0.02729530261487377,0.9693877551020408,0.9938775510204082,4,158,-0.0328639023158015,3.125e-05,baseline
epoch,5,163,163,163.0,-0.2008837821291221,-0.02566036472515184,0.9693877551020408,0.9938775510204082,5,158,-0.0328639023158015,3.125e-05,baseline
epoch,5,164,164,164.0,-0.20073003465722603,-0.02916227506131542,0.9714285714285714,0.9938775510204082,6,158,-0.0328639023158015,3.125e-05,baseline
epoch,5,165,165,165.0,-0.2017284068559602,-0.031117253887410067,0.9724489795918367,0.9938775510204082,7,158,-0.0328639023158015,3.125e-05,baseline
epoch,5,166,166,166.0,-0.2017318220377212,-0.02732128196833085,0.9714285714285714,0.9938775510204082,8,158,-0.0328639023158015,3.125e-05,baseline
epoch,5,167,167,167.0,-0.20168060983651992,-0.027656152053755156,0.9683673469387755,0.9938775510204082,9,158,-0.0328639023158015,3.125e-05,baseline
epoch,5,168,168,168.0,-0.20177552776755547,-0.025612054552350726,0.9704081632653061,0.9938775510204082,10,158,-0.0328639023158015,3.125e-05,baseline
epoch,5,169,169,169.0,-0.2016958932223919,-0.022146836348942347,0.9714285714285714,0.9938775510204082,11,158,-0.0328639023158015,1.5625e-05,baseline
epoch,5,170,170,170.0,-0.20183653053394743,-0.026750166562138772,0.9704081632653061,0.9938775510204082,12,158,-0.0328639023158015,1.5625e-05,baseline
epoch,5,171,171,171.0,-0.20273916988012375,-0.029353827846293548,0.9693877551020408,0.9938775510204082,13,158,-0.0328639023158015,1.5625e-05,baseline
epoch,5,172,172,172.0,-0.20279714023738155,-0.030434240370380634,0.9693877551020408,0.9938775510204082,14,158,-0.0328639023158015,1.5625e-05,baseline
epoch,5,173,173,173.0,-0.2027934862717423,-0.03144760740046598,0.9714285714285714,0.9938775510204082,15,158,-0.0328639023158015,1.5625e-05,baseline
epoch,5,174,174,174.0,-0.2029503697150818,-0.021442375134448615,0.9683673469387755,0.9938775510204082,16,158,-0.0328639023158015,1.5625e-05,baseline
epoch,5,175,175,175.0,-0.20310661102339733,-0.02587625372166536,0.9693877551020408,0.9938775510204082,17,158,-0.0328639023158015,1.5625e-05,baseline
epoch,5,176,176,176.0,-0.20295603854907057,-0.0316698213012851,0.9704081632653061,0.9938775510204082,18,158,-0.0328639023158015,1.5625e-05,baseline
epoch,5,177,177,177.0,-0.2027694463608092,-0.03226256832784536,0.9714285714285714,0.9938775510204082,19,158,-0.0328639023158015,1.5625e-05,baseline
epoch,5,178,178,178.0,-0.20325355236328171,-0.03048455471895179,0.9693877551020408,0.9938775510204082,20,158,-0.0328639023158015,1.5625e-05,baseline
epoch,5,179,179,179.0,-0.20313464383669844,-0.03254012720925467,0.9744897959183674,0.9938775510204082,21,158,-0.0328639023158015,1.5625e-05,baseline
epoch,5,180,180,180.0,-0.2027615558382683,-0.031000507121183435,0.9704081632653061,0.9938775510204082,22,158,-0.0328639023158015,7.8125e-06,baseline
epoch,5,181,181,181.0,-0.20387691941275904,-0.031006715492326385,0.9714285714285714,0.9938775510204082,23,158,-0.0328639023158015,7.8125e-06,baseline
epoch,5,182,182,182.0,-0.2033676692000205,-0.031248227674133922,0.9714285714285714,0.9938775510204082,24,158,-0.0328639023158015,7.8125e-06,baseline
epoch,5,183,183,183.0,-0.20379923806127173,-0.02661057491691745,0.9693877551020408,0.9938775510204082,25,158,-0.0328639023158015,7.8125e-06,baseline
epoch,5,184,184,184.0,-0.20357946301139776,-0.0334064675837147,0.9724489795918367,0.9938775510204082,0,184,-0.0334064675837147,7.8125e-06,baseline
epoch,5,185,185,185.0,-0.20281890524785293,-0.03333773053422266,0.9724489795918367,0.9938775510204082,1,184,-0.0334064675837147,7.8125e-06,baseline
epoch,5,186,186,186.0,-0.20343101304690367,-0.03160572976482158,0.9714285714285714,0.9938775510204082,2,184,-0.0334064675837147,7.8125e-06,baseline
epoch,5,187,187,187.0,-0.20353372664446728,-0.030047044705371468,0.9704081632653061,0.9938775510204082,3,184,-0.0334064675837147,7.8125e-06,baseline
epoch,5,188,188,188.0,-0.2035921345083414,-0.03171969092622095,0.9704081632653061,0.9938775510204082,4,184,-0.0334064675837147,7.8125e-06,baseline
epoch,5,189,189,189.0,-0.20362620571660558,-0.029831898942285655,0.9714285714285714,0.9938775510204082,5,184,-0.0334064675837147,7.8125e-06,baseline
epoch,5,190,190,190.0,-0.20427161211621653,-0.029340258179878703,0.9714285714285714,0.9938775510204082,6,184,-0.0334064675837147,7.8125e-06,baseline
epoch,5,191,191,191.0,-0.2044332858490871,-0.030308281888767163,0.9714285714285714,0.9938775510204082,7,184,-0.0334064675837147,7.8125e-06,baseline
epoch,5,192,192,192.0,-0.20352327318308425,-0.03173422326846999,0.9714285714285714,0.9938775510204082,8,184,-0.0334064675837147,7.8125e-06,baseline
epoch,5,193,193,193.0,-0.20490915204214732,-0.02372520164567597,0.9683673469387755,0.9938775510204082,9,184,-0.0334064675837147,7.8125e-06,baseline
epoch,5,194,194,194.0,-0.2041145201479451,-0.03283247096197946,0.9714285714285714,0.9938775510204082,10,184,-0.0334064675837147,7.8125e-06,baseline
epoch,5,195,195,195.0,-0.20358689837119676,-0.029003960259106693,0.9704081632653061,0.9938775510204082,11,184,-0.0334064675837147,3.90625e-06,baseline
epoch,5,196,196,196.0,-0.2043718763220907,-0.02931241697194625,0.9704081632653061,0.9938775510204082,12,184,-0.0334064675837147,3.90625e-06,baseline
epoch,5,197,197,197.0,-0.20427831888685918,-0.030288446192838707,0.9714285714285714,0.9938775510204082,13,184,-0.0334064675837147,3.90625e-06,baseline
epoch,5,198,198,198.0,-0.20400319127432537,-0.03352445582954251,0.9724489795918367,0.9938775510204082,0,198,-0.03352445582954251,3.90625e-06,baseline
epoch,5,199,199,199.0,-0.20518720533558005,-0.03189887830189296,0.9714285714285714,0.9938775510204082,1,198,-0.03352445582954251,3.90625e-06,baseline
epoch,5,200,200,200.0,-0.20488145396463475,-0.02900715579791945,0.9704081632653061,0.9938775510204082,2,198,-0.03352445582954251,3.90625e-06,baseline
epoch,6,1,1,1.0,1.901283047294227,2.833322794583379,0.28775510204081634,0.41122448979591836,0,1,2.833322794583379,0.001,baseline
epoch,6,2,2,2.0,1.3589690608315863,2.3977623336169183,0.38877551020408163,0.6469387755102041,0,2,2.3977623336169183,0.001,baseline
epoch,6,3,3,3.0,1.1576719956208055,1.5182852268218994,0.6714285714285714,0.8846938775510204,0,3,1.5182852268218994,0.001,baseline
epoch,6,4,4,4.0,1.0237016135387207,1.449965211809898,0.7928571428571428,0.7428571428571429,0,4,1.449965211809898,0.001,baseline
epoch,6,5,5,5.0,0.928182833650139,1.2986916921576674,0.7693877551020408,0.9081632653061225,0,5,1.2986916921576674,0.001,baseline
epoch,6,6,6,6.0,0.8493691991493334,1.2145571947097777,0.6918367346938775,0.9357142857142857,0,6,1.2145571947097777,0.001,baseline
epoch,6,7,7,7.0,0.7975917306935093,1.0884933150544458,0.8377551020408164,0.9418367346938775,0,7,1.0884933150544458,0.001,baseline
epoch,6,8,8,8.0,0.7595351206270009,0.9209939980993466,0.8755102040816326,0.9551020408163265,0,8,0.9209939980993466,0.001,baseline
epoch,6,9,9,9.0,0.6986513620012262,2.576024861238441,0.37244897959183676,0.9530612244897959,1,8,0.9209939980993466,0.001,baseline
epoch,6,10,10,10.0,0.6512768014093463,0.8633895475037244,0.8989795918367347,0.9183673469387755,0,10,0.8633895475037244,0.001,baseline
epoch,6,11,11,11.0,0.6268439725787208,1.0771584277250328,0.8020408163265306,0.9571428571428572,1,10,0.8633895475037244,0.001,baseline
epoch,6,12,12,12.0,0.5777945967202776,1.3754731115029784,0.6520408163265307,0.9530612244897959,2,10,0.8633895475037244,0.001,baseline
epoch,6,13,13,13.0,0.5286702725568271,0.9472742309375685,0.8673469387755102,0.8673469387755102,3,10,0.8633895475037244,0.001,baseline
epoch,6,14,14,14.0,0.5149460575553808,0.8643044542293159,0.8397959183673469,0.9642857142857143,4,10,0.8633895475037244,0.001,baseline
epoch,6,15,15,15.0,0.49776922813231417,1.0582631101413649,0.7785714285714286,0.9714285714285714,5,10,0.8633895475037244,0.001,baseline
epoch,6,16,16,16.0,0.4360864335657749,0.8465615978046339,0.7969387755102041,0.9755102040816327,0,16,0.8465615978046339,0.001,baseline
epoch,6,17,17,17.0,0.43467380406298844,1.1587817975452968,0.7285714285714285,0.9734693877551021,1,16,0.8465615978046339,0.001,baseline
epoch,6,18,18,18.0,0.40499629809371784,1.2191780041675178,0.6989795918367347,0.9622448979591837,2,16,0.8465615978046339,0.001,baseline
epoch,6,19,19,19.0,0.3709277433321352,1.555481440193799,0.7489795918367347,0.7234693877551021,3,16,0.8465615978046339,0.001,baseline
epoch,6,20,20,20.0,0.3891960215946018,0.799601716411357,0.8591836734693877,0.9540816326530612,0,20,0.799601716411357,0.001,baseline
epoch,6,21,21,21.0,0.36012361013731015,1.5968730079884432,0.5867346938775511,0.9571428571428572,1,20,0.799601716411357,0.001,baseline
epoch,6,22,22,22.0,0.3611844167706915,0.686424401828221,0.8857142857142857,0.9346938775510204,0,22,0.686424401828221,0.001,baseline
epoch,6,23,23,23.0,0.3104374321354544,0.731513119230465,0.8091836734693878,0.9816326530612245,1,22,0.686424401828221,0.001,baseline
epoch,6,24,24,24.0,0.26976272987393973,0.4610137827542363,0.9591836734693877,0.9479591836734694,0,24,0.4610137827542363,0.001,baseline
epoch,6,25,25,25.0,0.23430000910720006,0.4649614786615177,0.936734693877551,0.9704081632653061,1,24,0.4610137827542363,0.001,baseline
epoch,6,26,26,26.0,0.21957374696712084,1.7967027980454113,0.6510204081632653,0.7887755102040817,2,24,0.4610137827542363,0.001,baseline
epoch,6,27,27,27.0,0.19380735127261028,0.7825639340342307,0.9102040816326531,0.8755102040816326,3,24,0.4610137827542363,0.001,baseline
epoch,6,28,28,28.0,0.17647874297477129,0.6477098221681556,0.860204081632653,0.9387755102040817,4,24,0.4610137827542363,0.001,baseline
epoch,6,29,29,29.0,0.19394783674148544,1.6210660588984587,0.8306122448979592,0.7255102040816327,5,24,0.4610137827542363,0.001,baseline
epoch,6,30,30,30.0,0.18030645965433947,1.2246892014328314,0.8183673469387756,0.8591836734693877,6,24,0.4610137827542363,0.001,baseline
epoch,6,31,31,31.0,0.14569817570183688,1.3034041180902598,0.7387755102040816,0.8081632653061225,7,24,0.4610137827542363,0.001,baseline
epoch,6,32,32,32.0,0.13511776802366918,0.6373960434174051,0.8561224489795919,0.9795918367346939,8,24,0.4610137827542363,0.001,baseline
epoch,6,33,33,33.0,0.10459654336077931,2.1141783072023976,0.47551020408163264,0.9683673469387755,9,24,0.4610137827542363,0.001,baseline
epoch,6,34,34,34.0,0.09535405542073624,0.3479156387095549,0.9428571428571428,0.9775510204081632,0,34,0.3479156387095549,0.001,baseline
epoch,6,35,35,35.0,0.08866350594774818,0.511859345192812,0.9275510204081633,0.9408163265306122,1,34,0.3479156387095549,0.001,baseline
epoch,6,36,36,36.0,0.10156668876359606,1.1300129934233063,0.9122448979591836,0.7836734693877551,2,34,0.3479156387095549,0.001,baseline
epoch,6,37,37,37.0,0.07251354446206565,2.408785882288096,0.6612244897959184,0.6683673469387755,3,34,0.3479156387095549,0.001,baseline
epoch,6,38,38,38.0,0.13360955985500814,2.0875391191365766,0.7520408163265306,0.6693877551020408,4,34,0.3479156387095549,0.001,baseline
epoch,6,39,39,39.0,0.12658257461300423,1.562519411164887,0.7285714285714285,0.9020408163265307,5,34,0.3479156387095549,0.001,baseline
epoch,6,40,40,40.0,0.07537869979704485,2.341667298881375,0.5051020408163265,0.9744897959183674,6,34,0.3479156387095549,0.001,baseline
epoch,6,41,41,41.0,0.03650595139677849,0.5870592341131093,0.923469387755102,0.9173469387755102,7,34,0.3479156387095549,0.001,baseline
epoch,6,42,42,42.0,0.05768156197755402,1.8713578949169236,0.5795918367346938,0.9795918367346939,8,34,0.3479156387095549,0.001,baseline
epoch,6,43,43,43.0,0.02022856528717602,0.28566267125460565,0.9204081632653062,0.9795918367346939,0,43,0.28566267125460565,0.001,baseline
epoch,6,44,44,44.0,-0.02028721437025606,0.2657167296020352,0.960204081632653,0.9795918367346939,0,44,0.2657167296020352,0.001,baseline
epoch,6,45,45,45.0,-0.03365391559815139,1.4117772248326517,0.639795918367347,0.9622448979591837,1,44,0.2657167296020352,0.001,baseline
epoch,6,46,46,46.0,-0.02847633980389635,0.8188497942321155,0.9489795918367347,0.7795918367346939,2,44,0.2657167296020352,0.001,baseline
epoch,6,47,47,47.0,-0.017045382581521835,0.40758599748416824,0.926530612244898,0.9561224489795919,3,44,0.2657167296020352,0.001,baseline
epoch,6,48,48,48.0,-0.03679416639933913,0.30853412735218905,0.9326530612244898,0.9755102040816327,4,44,0.2657167296020352,0.001,baseline
epoch,6,49,49,49.0,-0.03912729104035234,1.6969456857564498,0.7153061224489796,0.9285714285714286,5,44,0.2657167296020352,0.001,baseline
epoch,6,50,50,50.0,-0.043228611030422755,0.48970637345800594,0.9295918367346939,0.9091836734693878,6,44,0.2657167296020352,0.001,baseline
epoch,6,51,51,51.0,-0.029156027641432766,1.2953488831617395,0.6948979591836735,0.9785714285714285,7,44,0.2657167296020352,0.001,baseline
epoch,6,52,52,52.0,-0.0494494636650592,0.5104286604998063,0.936734693877551,0.9081632653061225,8,44,0.2657167296020352,0.001,baseline
epoch,6,53,53,53.0,-0.07240164535647149,0.40104568053265005,0.9469387755102041,0.9193877551020408,9,44,0.2657167296020352,0.001,baseline
epoch,6,54,54,54.0,-0.08714413222789277,1.253327040769616,0.7377551020408163,0.9795918367346939,10,44,0.2657167296020352,0.001,baseline
epoch,6,55,55,55.0,-0.0940652596816588,0.1691964808775454,0.9428571428571428,0.9887755102040816,0,55,0.1691964808775454,0.001,baseline
epoch,6,56,56,56.0,-0.07238266489966044,0.2268441329197008,0.95,0.9693877551020408,1,55,0.1691964808775454,0.001,baseline
epoch,6,57,57,57.0,-0.09677449754601966,2.724470428544648,0.8928571428571429,0.5153061224489796,2,55,0.1691964808775454,0.001,baseline
epoch,6,58,58,58.0,-0.1165127626356723,0.1393447742170217,0.9642857142857143,0.976530612244898,0,58,0.1393447742170217,0.001,baseline
epoch,6,59,59,59.0,-0.10287404809227028,1.0143578393118722,0.95,0.8224489795918367,1,58,0.1393447742170217,0.001,baseline
epoch,6,60,60,60.0,-0.1201446240233206,0.49575423829409543,0.8877551020408163,0.9540816326530612,2,58,0.1393447742170217,0.001,baseline
epoch,6,61,61,61.0,-0.14131859599387195,0.26173317310761435,0.9714285714285714,0.9510204081632653,3,58,0.1393447742170217,0.001,baseline
epoch,6,62,62,62.0,-0.14882332171799578,1.0638449182315748,0.9183673469387755,0.8040816326530612,4,58,0.1393447742170217,0.001,baseline
epoch,6,63,63,63.0,-0.15316832796180577,0.07693123403860598,0.9612244897959183,0.986734693877551,0,63,0.07693123403860598,0.001,baseline
epoch,6,64,64,64.0,-0.1659532195457521,0.19710761649268013,0.9612244897959183,0.9734693877551021,1,63,0.07693123403860598,0.001,baseline
epoch,6,65,65,65.0,-0.17114719568891593,-0.006712212124649359,0.9775510204081632,0.9918367346938776,0,65,-0.006712212124649359,0.001,baseline
epoch,6,66,66,66.0,-0.17695588646675398,0.033873740994200416,0.9693877551020408,0.9897959183673469,1,65,-0.006712212124649359,0.001,baseline
epoch,6,67,67,67.0,-0.17600958041686934,0.061691827676734146,0.9816326530612245,0.9704081632653061,2,65,-0.006712212124649359,0.001,baseline
epoch,6,68,68,68.0,-0.18196195400528328,0.2406419858640554,0.9173469387755102,0.9887755102040816,3,65,-0.006712212124649359,0.001,baseline
epoch,6,69,69,69.0,-0.18063603279174165,0.18647378439805945,0.9285714285714286,0.9846938775510204,4,65,-0.006712212124649359,0.001,baseline
epoch,6,70,70,70.0,-0.17334898694421225,1.3505413434943374,0.8030612244897959,0.860204081632653,5,65,-0.006712212124649359,0.001,baseline
epoch,6,71,71,71.0,0.47517154847516224,49.134333240742585,0.4275510204081633,0.3122448979591837,6,65,-0.006712212124649359,0.001,baseline
epoch,6,72,72,72.0,0.6182628359809229,5.2812595542596315,0.5326530612244897,0.7969387755102041,7,65,-0.006712212124649359,0.001,baseline
epoch,6,73,73,73.0,0.2474675481726127,2.2340411750637754,0.6316326530612245,0.9744897959183674,8,65,-0.006712212124649359,0.001,baseline
epoch,6,74,74,74.0,0.06650124494827317,3.1605070046016146,0.5183673469387755,0.8112244897959183,9,65,-0.006712212124649359,0.001,baseline
epoch,6,75,75,75.0,0.0027746398066597648,0.34291915358329306,0.923469387755102,0.9755102040816327,10,65,-0.006712212124649359,0.001,baseline
epoch,6,76,76,76.0,-0.08297600736413474,0.48988636099562355,0.960204081632653,0.889795918367347,11,65,-0.006712212124649359,0.0005,baseline
epoch,6,77,77,77.0,-0.13288234020521497,0.16597158154662775,0.9387755102040817,0.9816326530612245,12,65,-0.006712212124649359,0.0005,baseline
epoch,6,78,78,78.0,-0.16112006483818342,0.013429906903480997,0.9795918367346939,0.9806122448979592,13,65,-0.006712212124649359,0.0005,baseline
epoch,6,79,79,79.0,-0.16674130132176415,-0.013082386036308444,0.9775510204081632,0.986734693877551,0,79,-0.013082386036308444,0.0005,baseline
epoch,6,80,80,80.0,-0.17860778073368325,0.0005100191855917171,0.9816326530612245,0.9806122448979592,1,79,-0.013082386036308444,0.0005,baseline
epoch,6,81,81,81.0,-0.183458829681038,-0.014475931196796651,0.976530612244898,0.986734693877551,0,81,-0.014475931196796651,0.0005,baseline
epoch,6,82,82,82.0,-0.18794040605654147,-0.03744049534505727,0.9836734693877551,0.9877551020408163,0,82,-0.03744049534505727,0.0005,baseline
epoch,6,83,83,83.0,-0.19234453706380905,-0.03244691478962801,0.9806122448979592,0.9887755102040816,1,82,-0.03744049534505727,0.0005,baseline
epoch,6,84,84,84.0,-0.19408524633062751,-0.027795127703219045,0.9775510204081632,0.986734693877551,2,82,-0.03744049534505727,0.0005,baseline
epoch,6,85,85,85.0,-0.1946134055841931,-0.03935487319012077,0.9857142857142858,0.986734693877551,0,85,-0.03935487319012077,0.0005,baseline
epoch,6,86,86,86.0,-0.19832808966534374,-0.028457940841207698,0.976530612244898,0.9897959183673469,1,85,-0.03935487319012077,0.0005,baseline
epoch,6,87,87,87.0,-0.19986243644944252,-0.04606611217771258,0.9775510204081632,0.9908163265306122,0,87,-0.04606611217771258,0.0005,baseline
epoch,6,88,88,88.0,-0.20282241668594017,-0.031276271294574345,0.976530612244898,0.9897959183673469,1,87,-0.04606611217771258,0.0005,baseline
epoch,6,89,89,89.0,-0.20505621271308766,-0.05164772612707955,0.9836734693877551,0.9897959183673469,0,89,-0.05164772612707955,0.0005,baseline
epoch,6,90,90,90.0,-0.20290541600158193,-0.03801089233281661,0.9846938775510204,0.986734693877551,1,89,-0.05164772612707955,0.0005,baseline
epoch,6,91,91,91.0,-0.20706719458407596,-0.02851078072372748,0.9795918367346939,0.986734693877551,2,89,-0.05164772612707955,0.0005,baseline
epoch,6,92,92,92.0,-0.20821973112192046,-0.042081812936432504,0.9795918367346939,0.9908163265306122,3,89,-0.05164772612707955,0.0005,baseline
epoch,6,93,93,93.0,-0.19888158204971954,-0.03636815693913674,0.9775510204081632,0.9908163265306122,4,89,-0.05164772612707955,0.0005,baseline
epoch,6,94,94,94.0,-0.20699939974968962,-0.035658832958766394,0.9785714285714285,0.9877551020408163,5,89,-0.05164772612707955,0.0005,baseline
epoch,6,95,95,95.0,-0.21198878724192696,-0.04161250056052695,0.9795918367346939,0.986734693877551,6,89,-0.05164772612707955,0.0005,baseline
epoch,6,96,96,96.0,-0.21675583784134567,-0.051858273330999884,0.976530612244898,0.9887755102040816,0,96,-0.051858273330999884,0.0005,baseline
epoch,6,97,97,97.0,-0.21740829865462447,-0.040683556089595875,0.9795918367346939,0.986734693877551,1,96,-0.051858273330999884,0.0005,baseline
epoch,6,98,98,98.0,-0.21605416398735164,-0.02246597299770433,0.9795918367346939,0.986734693877551,2,96,-0.051858273330999884,0.0005,baseline
epoch,6,99,99,99.0,-0.21897369775392184,-0.06036790195776492,0.9775510204081632,0.9877551020408163,0,99,-0.06036790195776492,0.0005,baseline
epoch,6,100,100,100.0,-0.214934014933102,0.01318123145979278,0.9755102040816327,0.9836734693877551,1,99,-0.06036790195776492,0.0005,baseline
epoch,6,101,101,101.0,-0.21692687699207855,-0.05338735726414895,0.9775510204081632,0.9918367346938776,2,99,-0.06036790195776492,0.0005,baseline
epoch,6,102,102,102.0,-0.2183003235642586,-0.04722403214902294,0.9785714285714285,0.9836734693877551,3,99,-0.06036790195776492,0.0005,baseline
epoch,6,103,103,103.0,-0.22068579861774387,-0.01485608451220454,0.9714285714285714,0.9877551020408163,4,99,-0.06036790195776492,0.0005,baseline
epoch,6,104,104,104.0,-0.22248037855033367,-0.045481535853171835,0.9775510204081632,0.9887755102040816,5,99,-0.06036790195776492,0.0005,baseline
epoch,6,105,105,105.0,-0.2208671412745584,-0.03214974500695053,0.9795918367346939,0.986734693877551,6,99,-0.06036790195776492,0.0005,baseline
epoch,6,106,106,106.0,-0.21725816740078874,0.07545686303352823,0.9561224489795919,0.9857142857142858,7,99,-0.06036790195776492,0.0005,baseline
epoch,6,107,107,107.0,-0.22391026250188514,0.04769399166107178,0.9683673469387755,0.986734693877551,8,99,-0.06036790195776492,0.0005,baseline
epoch,6,108,108,108.0,-0.2240204264365129,0.03363346664273009,0.963265306122449,0.986734693877551,9,99,-0.06036790195776492,0.0005,baseline
epoch,6,109,109,109.0,-0.22386781084403562,-0.06024803823354293,0.9795918367346939,0.9877551020408163,10,99,-0.06036790195776492,0.0005,baseline
epoch,6,110,110,110.0,-0.22706574639942842,-0.04687809311613745,0.9795918367346939,0.9877551020408163,11,99,-0.06036790195776492,0.00025,baseline
epoch,6,111,111,111.0,-0.22894565223795157,-0.049430998977349726,0.9755102040816327,0.9908163265306122,12,99,-0.06036790195776492,0.00025,baseline
epoch,6,112,112,112.0,-0.23369015109429442,-0.0685618205946319,0.9795918367346939,0.9908163265306122,0,112,-0.0685618205946319,0.00025,baseline
epoch,6,113,113,113.0,-0.23316168133645063,-0.07492243270484769,0.9836734693877551,0.9908163265306122,0,113,-0.07492243270484769,0.00025,baseline
epoch,6,114,114,114.0,-0.23164187291060576,-0.07128759014363191,0.9816326530612245,0.9887755102040816,1,113,-0.07492243270484769,0.00025,baseline
epoch,6,115,115,115.0,-0.23320951999999406,-0.05655287090612918,0.9775510204081632,0.9908163265306122,2,113,-0.07492243270484769,0.00025,baseline
epoch,6,116,116,116.0,-0.23260629907691807,-0.06882527750365589,0.9836734693877551,0.9908163265306122,3,113,-0.07492243270484769,0.00025,baseline
epoch,6,117,117,117.0,-0.23466487979255732,-0.0738530173593638,0.9836734693877551,0.9887755102040816,4,113,-0.07492243270484769,0.00025,baseline
epoch,6,118,118,118.0,-0.23643077211311816,-0.061941288442027814,0.9755102040816327,0.9877551020408163,5,113,-0.07492243270484769,0.00025,baseline
epoch,6,119,119,119.0,-0.23549894037236963,-0.04473207824084224,0.9826530612244898,0.9908163265306122,6,113,-0.07492243270484769,0.00025,baseline
epoch,6,120,120,120.0,-0.23666513727195904,-0.06292372236446458,0.9826530612244898,0.9908163265306122,7,113,-0.07492243270484769,0.00025,baseline
epoch,6,121,121,121.0,-0.23866604997627094,-0.07798933447623739,0.9775510204081632,0.9908163265306122,0,121,-0.07798933447623739,0.00025,baseline
epoch,6,122,122,122.0,-0.2342492128904068,-0.06845869190838873,0.9795918367346939,0.9908163265306122,1,121,-0.07798933447623739,0.00025,baseline
epoch,6,123,123,123.0,-0.2356681658737019,-0.06102273269575469,0.9816326530612245,0.9897959183673469,2,121,-0.07798933447623739,0.00025,baseline
epoch,6,124,124,124.0,-0.23567151542338213,-0.054563013874754616,0.976530612244898,0.9908163265306122,3,121,-0.07798933447623739,0.00025,baseline
epoch,6,125,125,125.0,-0.2317716744143337,-0.04631922099055076,0.976530612244898,0.9908163265306122,4,121,-0.07798933447623739,0.00025,baseline
epoch,6,126,126,126.0,-0.23570332804788,-0.07197919329818414,0.9816326530612245,0.9877551020408163,5,121,-0.07798933447623739,0.00025,baseline
epoch,6,127,127,127.0,-0.23612199710021833,-0.07061739308493478,0.9836734693877551,0.9908163265306122,6,121,-0.07798933447623739,0.00025,baseline
epoch,6,128,128,128.0,-0.23641819626366886,-0.07136771873551973,0.9775510204081632,0.9877551020408163,7,121,-0.07798933447623739,0.00025,baseline
epoch,6,129,129,129.0,-0.23854342800117,-0.06771416858750946,0.9816326530612245,0.9908163265306122,8,121,-0.07798933447623739,0.00025,baseline
epoch,6,130,130,130.0,-0.23694568635007335,-0.03588792985799361,0.9806122448979592,0.9877551020408163,9,121,-0.07798933447623739,0.00025,baseline
epoch,6,131,131,131.0,-0.23781053464673269,-0.04280833954713782,0.9734693877551021,0.9877551020408163,10,121,-0.07798933447623739,0.00025,baseline
epoch,6,132,132,132.0,-0.23702524095560606,-0.06154480904948954,0.9795918367346939,0.9887755102040816,11,121,-0.07798933447623739,0.000125,baseline
epoch,6,133,133,133.0,-0.2405375044362903,-0.07713195499108762,0.9857142857142858,0.9897959183673469,12,121,-0.07798933447623739,0.000125,baseline
epoch,6,134,134,134.0,-0.24056978567871545,-0.07982629561910824,0.9846938775510204,0.9897959183673469,0,134,-0.07982629561910824,0.000125,baseline
epoch,6,135,135,135.0,-0.24136401087319645,-0.07942518701358717,0.9806122448979592,0.9887755102040816,1,134,-0.07982629561910824,0.000125,baseline
epoch,6,136,136,136.0,-0.24056937209919355,-0.07317682820923474,0.9816326530612245,0.9897959183673469,2,134,-0.07982629561910824,0.000125,baseline
epoch,6,137,137,137.0,-0.23810808572145722,-0.07041929643981311,0.9744897959183674,0.9887755102040816,3,134,-0.07982629561910824,0.000125,baseline
epoch,6,138,138,138.0,-0.2418430344077004,-0.05906758503038056,0.9775510204081632,0.9877551020408163,4,134,-0.07982629561910824,0.000125,baseline
epoch,6,139,139,139.0,-0.24218592184678528,-0.05196594656730185,0.9816326530612245,0.9908163265306122,5,134,-0.07982629561910824,0.000125,baseline
epoch,6,140,140,140.0,-0.24085194438665466,-0.07678518781856615,0.9846938775510204,0.9908163265306122,6,134,-0.07982629561910824,0.000125,baseline
epoch,6,141,141,141.0,-0.24149675821015978,-0.06708733402952856,0.9775510204081632,0.9877551020408163,7,134,-0.07982629561910824,0.000125,baseline
epoch,6,142,142,142.0,-0.2420765260145053,-0.08219697232149085,0.9826530612244898,0.9908163265306122,0,142,-0.08219697232149085,0.000125,baseline
epoch,6,143,143,143.0,-0.24166559539849472,-0.07279569178211445,0.9806122448979592,0.9908163265306122,1,142,-0.08219697232149085,0.000125,baseline
epoch,6,144,144,144.0,-0.24277497348551608,-0.07648874350956508,0.9785714285714285,0.9908163265306122,2,142,-0.08219697232149085,0.000125,baseline
epoch,6,145,145,145.0,-0.2431386493686758,-0.08312759934639444,0.9826530612244898,0.9908163265306122,0,145,-0.08312759934639444,0.000125,baseline
epoch,6,146,146,146.0,-0.24211654021377096,-0.08099303975397226,0.986734693877551,0.9877551020408163,1,145,-0.08312759934639444,0.000125,baseline
epoch,6,147,147,147.0,-0.24221454565322922,-0.07341699259621756,0.9795918367346939,0.9897959183673469,2,145,-0.08312759934639444,0.000125,baseline
epoch,6,148,148,148.0,-0.24148734743431957,-0.06344599188590536,0.9755102040816327,0.9897959183673469,3,145,-0.08312759934639444,0.000125,baseline
epoch,6,149,149,149.0,-0.2415735460399242,-0.07653184520954988,0.986734693877551,0.9887755102040816,4,145,-0.08312759934639444,0.000125,baseline
epoch,6,150,150,150.0,-0.24245623731272214,-0.059380100697887184,0.9755102040816327,0.9887755102040816,5,145,-0.08312759934639444,0.000125,baseline
epoch,6,151,151,151.0,-0.24325222580620412,-0.08022299931973827,0.9816326530612245,0.9877551020408163,6,145,-0.08312759934639444,0.000125,baseline
epoch,6,152,152,152.0,-0.24040147823503238,-0.07789653077417491,0.9816326530612245,0.9908163265306122,7,145,-0.08312759934639444,0.000125,baseline
epoch,6,153,153,153.0,-0.24200263001458516,-0.0637950848559944,0.9826530612244898,0.9897959183673469,8,145,-0.08312759934639444,0.000125,baseline
epoch,6,154,154,154.0,-0.24325317613194497,-0.07098316854360152,0.9806122448979592,0.9877551020408163,9,145,-0.08312759934639444,0.000125,baseline
epoch,6,155,155,155.0,-0.24329319654129622,-0.06975430955692213,0.976530612244898,0.9908163265306122,10,145,-0.08312759934639444,0.000125,baseline
epoch,6,156,156,156.0,-0.24451385522156618,-0.06992339017439862,0.9816326530612245,0.9908163265306122,11,145,-0.08312759934639444,6.25e-05,baseline
epoch,6,157,157,157.0,-0.24484319748990505,-0.0788859732297002,0.9806122448979592,0.9887755102040816,12,145,-0.08312759934639444,6.25e-05,baseline
epoch,6,158,158,158.0,-0.24496090844410554,-0.0802552505415313,0.9806122448979592,0.9908163265306122,13,145,-0.08312759934639444,6.25e-05,baseline
epoch,6,159,159,159.0,-0.2454150261869226,-0.07659186489728033,0.9806122448979592,0.9908163265306122,14,145,-0.08312759934639444,6.25e-05,baseline
epoch,6,160,160,160.0,-0.24499974132680066,-0.07548981053488595,0.9806122448979592,0.9897959183673469,15,145,-0.08312759934639444,6.25e-05,baseline
epoch,6,161,161,161.0,-0.24473009374947788,-0.07279667027142583,0.9785714285714285,0.9897959183673469,16,145,-0.08312759934639444,6.25e-05,baseline
epoch,6,162,162,162.0,-0.2443546104236326,-0.08120895551175487,0.9816326530612245,0.9908163265306122,17,145,-0.08312759934639444,6.25e-05,baseline
epoch,6,163,163,163.0,-0.2447048732525725,-0.08421476081925995,0.9826530612244898,0.9897959183673469,0,163,-0.08421476081925995,6.25e-05,baseline
epoch,6,164,164,164.0,-0.24544598997796033,-0.07723175846800512,0.9816326530612245,0.9908163265306122,1,163,-0.08421476081925995,6.25e-05,baseline
epoch,6,165,165,165.0,-0.24432731021777845,-0.08394319281286122,0.9836734693877551,0.9908163265306122,2,163,-0.08421476081925995,6.25e-05,baseline
epoch,6,166,166,166.0,-0.24335342262081033,-0.07999025753566197,0.9795918367346939,0.9897959183673469,3,163,-0.08421476081925995,6.25e-05,baseline
epoch,6,167,167,167.0,-0.24586533927820067,-0.0796283872760072,0.9816326530612245,0.9877551020408163,4,163,-0.08421476081925995,6.25e-05,baseline
epoch,6,168,168,168.0,-0.24466742960254798,-0.07630030281689702,0.9846938775510204,0.9897959183673469,5,163,-0.08421476081925995,6.25e-05,baseline
epoch,6,169,169,169.0,-0.24590867776062197,-0.07754739741889798,0.9806122448979592,0.9887755102040816,6,163,-0.08421476081925995,6.25e-05,baseline
epoch,6,170,170,170.0,-0.24596263615907274,-0.07482491269403574,0.9806122448979592,0.986734693877551,7,163,-0.08421476081925995,6.25e-05,baseline
epoch,6,171,171,171.0,-0.2448430046119534,-0.08231197230669916,0.9846938775510204,0.9877551020408163,8,163,-0.08421476081925995,6.25e-05,baseline
epoch,6,172,172,172.0,-0.24554730764570226,-0.07641200532718581,0.9816326530612245,0.9908163265306122,9,163,-0.08421476081925995,6.25e-05,baseline
epoch,6,173,173,173.0,-0.24645614362225712,-0.08829601784141697,0.9826530612244898,0.9877551020408163,0,173,-0.08829601784141697,6.25e-05,baseline
epoch,6,174,174,174.0,-0.24501722539652357,-0.07377984280488929,0.9826530612244898,0.9877551020408163,1,173,-0.08829601784141697,6.25e-05,baseline
epoch,6,175,175,175.0,-0.24472987767503016,-0.07194759699763084,0.9846938775510204,0.9887755102040816,2,173,-0.08829601784141697,6.25e-05,baseline
epoch,6,176,176,176.0,-0.24520263127579264,-0.08144725926068365,0.9836734693877551,0.9897959183673469,3,173,-0.08829601784141697,6.25e-05,baseline
epoch,6,177,177,177.0,-0.24506394453993613,-0.0792938451377713,0.9826530612244898,0.9877551020408163,4,173,-0.08829601784141697,6.25e-05,baseline
epoch,6,178,178,178.0,-0.24411938608118902,-0.07322428080500389,0.976530612244898,0.9877551020408163,5,173,-0.08829601784141697,6.25e-05,baseline
epoch,6,179,179,179.0,-0.24645979350872255,-0.0740224857719577,0.9816326530612245,0.9897959183673469,6,173,-0.08829601784141697,6.25e-05,baseline
epoch,6,180,180,180.0,-0.2449498102906045,-0.07977394522452841,0.9836734693877551,0.9877551020408163,7,173,-0.08829601784141697,6.25e-05,baseline
epoch,6,181,181,181.0,-0.24646236113557046,-0.07639836340534444,0.9826530612244898,0.9877551020408163,8,173,-0.08829601784141697,6.25e-05,baseline
epoch,6,182,182,182.0,-0.24524789068379854,-0.07689775788054175,0.9826530612244898,0.9908163265306122,9,173,-0.08829601784141697,6.25e-05,baseline
epoch,6,183,183,183.0,-0.2467753767236626,-0.08119136703257658,0.9836734693877551,0.9908163265306122,10,173,-0.08829601784141697,6.25e-05,baseline
epoch,6,184,184,184.0,-0.2458196272036637,-0.0707173624817206,0.9836734693877551,0.9877551020408163,11,173,-0.08829601784141697,3.125e-05,baseline
epoch,6,185,185,185.0,-0.24625537947079013,-0.07760165370240503,0.9775510204081632,0.9877551020408163,12,173,-0.08829601784141697,3.125e-05,baseline
epoch,6,186,186,186.0,-0.2467247692143223,-0.08420636215988471,0.9816326530612245,0.9877551020408163,13,173,-0.08829601784141697,3.125e-05,baseline
epoch,6,187,187,187.0,-0.24752572364534373,-0.08112049783979143,0.9816326530612245,0.9877551020408163,14,173,-0.08829601784141697,3.125e-05,baseline
epoch,6,188,188,188.0,-0.24674691772801882,-0.08180599212646485,0.9826530612244898,0.9908163265306122,15,173,-0.08829601784141697,3.125e-05,baseline
epoch,6,189,189,189.0,-0.24738277825198696,-0.08110524586268834,0.9806122448979592,0.9908163265306122,16,173,-0.08829601784141697,3.125e-05,baseline
epoch,6,190,190,190.0,-0.24689711942370748,-0.07150567697018993,0.9785714285714285,0.9887755102040816,17,173,-0.08829601784141697,3.125e-05,baseline
epoch,6,191,191,191.0,-0.2471286083388012,-0.08002908521768998,0.9806122448979592,0.9887755102040816,18,173,-0.08829601784141697,3.125e-05,baseline
epoch,6,192,192,192.0,-0.24870425560135886,-0.08106834158605458,0.9836734693877551,0.9908163265306122,19,173,-0.08829601784141697,3.125e-05,baseline
epoch,6,193,193,193.0,-0.24700766296503615,-0.07861504944003359,0.9795918367346939,0.9908163265306122,20,173,-0.08829601784141697,3.125e-05,baseline
epoch,6,194,194,194.0,-0.24778600909249654,-0.0791023638783669,0.9836734693877551,0.9897959183673469,21,173,-0.08829601784141697,3.125e-05,baseline
epoch,6,195,195,195.0,-0.24670349145203493,-0.07952052427797901,0.9795918367346939,0.9908163265306122,22,173,-0.08829601784141697,1.5625e-05,baseline
epoch,6,196,196,196.0,-0.24814491849145315,-0.08111080977381492,0.9806122448979592,0.9908163265306122,23,173,-0.08829601784141697,1.5625e-05,baseline
epoch,6,197,197,197.0,-0.24829579355524314,-0.08296871915155528,0.9806122448979592,0.9897959183673469,24,173,-0.08829601784141697,1.5625e-05,baseline
epoch,6,198,198,198.0,-0.24802057066051417,-0.08124268298246423,0.9816326530612245,0.9908163265306122,25,173,-0.08829601784141697,1.5625e-05,baseline
epoch,6,199,199,199.0,-0.24680032178500821,-0.08190234437280772,0.9826530612244898,0.9897959183673469,26,173,-0.08829601784141697,1.5625e-05,baseline
epoch,6,200,200,200.0,-0.24716264386951498,-0.080997718596945,0.9806122448979592,0.9908163265306122,27,173,-0.08829601784141697,1.5625e-05,baseline
epoch,7,1,1,1.0,1.9377115110089513,3.1006339754377095,0.3112244897959184,0.34591836734693876,0,1,3.1006339754377095,0.001,baseline
epoch,7,2,2,2.0,1.402955363305767,2.2001512984840237,0.47551020408163264,0.7357142857142858,0,2,2.2001512984840237,0.001,baseline
epoch,7,3,3,3.0,1.1223938045024384,2.9277899858902914,0.2540816326530612,0.7979591836734694,1,2,2.2001512984840237,0.001,baseline
epoch,7,4,4,4.0,0.9766235446540279,2.1235333102090017,0.46224489795918366,0.8336734693877551,0,4,2.1235333102090017,0.001,baseline
epoch,7,5,5,5.0,0.8853342178162564,2.1830689761103415,0.5561224489795918,0.8204081632653061,1,4,2.1235333102090017,0.001,baseline
epoch,7,6,6,6.0,0.8139763957268128,1.7972340082635685,0.5846938775510204,0.6938775510204082,0,6,1.7972340082635685,0.001,baseline
epoch,7,7,7,7.0,0.7554524263882662,1.8135722072757021,0.6030612244897959,0.8581632653061224,1,6,1.7972340082635685,0.001,baseline
epoch,7,8,8,8.0,0.707983700564251,0.9658949000494821,0.9,0.9112244897959184,0,8,0.9658949000494821,0.001,baseline
epoch,7,9,9,9.0,0.7014590275908636,0.8054937795716889,0.9122448979591836,0.9561224489795919,0,9,0.8054937795716889,0.001,baseline
epoch,7,10,10,10.0,0.6537838008966339,0.9137056649947654,0.8785714285714286,0.9387755102040817,1,9,0.8054937795716889,0.001,baseline
epoch,7,11,11,11.0,0.5931232840096744,1.458225799093441,0.6673469387755102,0.9142857142857143,2,9,0.8054937795716889,0.001,baseline
epoch,7,12,12,12.0,0.5487367753719529,3.19779437707395,0.413265306122449,0.7061224489795919,3,9,0.8054937795716889,0.001,baseline
epoch,7,13,13,13.0,0.5433201914057668,1.660963716798899,0.6673469387755102,0.8724489795918368,4,9,0.8054937795716889,0.001,baseline
epoch,7,14,14,14.0,0.5163451656014245,1.1200296119767792,0.713265306122449,0.9653061224489796,5,9,0.8054937795716889,0.001,baseline
epoch,7,15,15,15.0,0.47545968572988695,1.5709962567504572,0.6316326530612245,0.9724489795918367,6,9,0.8054937795716889,0.001,baseline
epoch,7,16,16,16.0,0.4425258177719759,1.1862335788960359,0.7714285714285715,0.9142857142857143,7,9,0.8054937795716889,0.001,baseline
epoch,7,17,17,17.0,0.40135688128461633,1.5009171787573368,0.7244897959183674,0.786734693877551,8,9,0.8054937795716889,0.001,baseline
epoch,7,18,18,18.0,0.38358428048405635,0.9507208931202791,0.9132653061224489,0.8153061224489796,9,9,0.8054937795716889,0.001,baseline
epoch,7,19,19,19.0,0.3597264081939857,0.7178504938981971,0.889795918367347,0.9459183673469388,0,19,0.7178504938981971,0.001,baseline
epoch,7,20,20,20.0,0.3305168919288101,0.7769878197689446,0.8459183673469388,0.9785714285714285,1,19,0.7178504938981971,0.001,baseline
epoch,7,21,21,21.0,0.3027328468623273,1.5151721501836972,0.689795918367347,0.9377551020408164,2,19,0.7178504938981971,0.001,baseline
epoch,7,22,22,22.0,0.3126148496572769,0.8979904612716363,0.7642857142857142,0.976530612244898,3,19,0.7178504938981971,0.001,baseline
epoch,7,23,23,23.0,0.33037062340907836,2.520091982277072,0.6714285714285714,0.6816326530612244,4,19,0.7178504938981971,0.001,baseline
epoch,7,24,24,24.0,0.33442847149121263,1.054225464743011,0.7346938775510204,0.9540816326530612,5,19,0.7178504938981971,0.001,baseline
epoch,7,25,25,25.0,0.2915771484862065,3.2196974569437455,0.24183673469387756,0.976530612244898,6,19,0.7178504938981971,0.001,baseline
epoch,7,26,26,26.0,0.2578872237982375,1.1584405266508764,0.7418367346938776,0.8336734693877551,7,19,0.7178504938981971,0.001,baseline
epoch,7,27,27,27.0,0.21416284264169017,0.5818950893927594,0.8989795918367347,0.9642857142857143,0,27,0.5818950893927594,0.001,baseline
epoch,7,28,28,28.0,0.1880750453691317,1.5641431871725588,0.576530612244898,0.9591836734693877,1,27,0.5818950893927594,0.001,baseline
epoch,7,29,29,29.0,0.1686516683301351,0.8645808390208654,0.7744897959183673,0.986734693877551,2,27,0.5818950893927594,0.001,baseline
epoch,7,30,30,30.0,0.15071572988951412,1.5269737511265034,0.6377551020408163,0.9244897959183673,3,27,0.5818950893927594,0.001,baseline
epoch,7,31,31,31.0,0.16324863352254412,0.4753797166201533,0.9081632653061225,0.9928571428571429,0,31,0.4753797166201533,0.001,baseline
epoch,7,32,32,32.0,0.1326711510248155,0.4448356081028374,0.9040816326530612,0.986734693877551,0,32,0.4448356081028374,0.001,baseline
epoch,7,33,33,33.0,0.11888251624872054,0.5310755612898846,0.8785714285714286,0.9734693877551021,1,32,0.4448356081028374,0.001,baseline
epoch,7,34,34,34.0,0.09729105435060652,0.9349774100342575,0.8040816326530612,0.9418367346938775,2,32,0.4448356081028374,0.001,baseline
epoch,7,35,35,35.0,0.10148325681199336,1.2722771245606093,0.7336734693877551,0.9897959183673469,3,32,0.4448356081028374,0.001,baseline
epoch,7,36,36,36.0,0.09636674777236487,5.3585380281720845,0.2642857142857143,0.5673469387755102,4,32,0.4448356081028374,0.001,baseline
epoch,7,37,37,37.0,0.11120316072674402,1.2340640126442424,0.823469387755102,0.8581632653061224,5,32,0.4448356081028374,0.001,baseline
epoch,7,38,38,38.0,0.07717040482531773,0.6635478567103951,0.8938775510204081,0.9153061224489796,6,32,0.4448356081028374,0.001,baseline
epoch,7,39,39,39.0,0.05378788667022269,0.8697238992671578,0.7775510204081633,0.9540816326530612,7,32,0.4448356081028374,0.001,baseline
epoch,7,40,40,40.0,0.03327329342650198,0.5808763516192533,0.8479591836734693,0.9918367346938776,8,32,0.4448356081028374,0.001,baseline
epoch,7,41,41,41.0,0.04794568633156485,3.2416271803330403,0.5683673469387756,0.7591836734693878,9,32,0.4448356081028374,0.001,baseline
epoch,7,42,42,42.0,0.04951900006314707,0.6526009919692058,0.9132653061224489,0.8969387755102041,10,32,0.4448356081028374,0.001,baseline
epoch,7,43,43,43.0,0.04888105362014459,1.2770860370324582,0.7836734693877551,0.9204081632653062,11,32,0.4448356081028374,0.0005,baseline
epoch,7,44,44,44.0,0.016888654390321445,0.3259231117306923,0.9244897959183673,0.976530612244898,0,44,0.3259231117306923,0.0005,baseline
epoch,7,45,45,45.0,-0.02578243938968179,0.18966545158503006,0.9551020408163265,0.9918367346938776,0,45,0.18966545158503006,0.0005,baseline
epoch,7,46,46,46.0,-0.03849758726827214,0.11106889393864845,0.9724489795918367,0.9918367346938776,0,46,0.11106889393864845,0.0005,baseline
epoch,7,47,47,47.0,-0.047316240278035555,0.10094837947767608,0.9622448979591837,0.9897959183673469,0,47,0.10094837947767608,0.0005,baseline
epoch,7,48,48,48.0,-0.05213597346862076,0.15698533033838077,0.9581632653061225,0.9775510204081632,1,47,0.10094837947767608,0.0005,baseline
epoch,7,49,49,49.0,-0.059399677613660676,0.07040371310954191,0.9704081632653061,0.9948979591836735,0,49,0.07040371310954191,0.0005,baseline
epoch,7,50,50,50.0,-0.06677766876396046,0.07050165497526831,0.9734693877551021,0.9938775510204082,1,49,0.07040371310954191,0.0005,baseline
epoch,7,51,51,51.0,-0.0704361115705005,0.06771518916499858,0.9724489795918367,0.9918367346938776,0,51,0.06771518916499858,0.0005,baseline
epoch,7,52,52,52.0,-0.07471456950239312,0.06702835146261721,0.9693877551020408,0.9928571428571429,0,52,0.06702835146261721,0.0005,baseline
epoch,7,53,53,53.0,-0.07979792612200494,0.0711725266612306,0.9693877551020408,0.9959183673469387,1,52,0.06702835146261721,0.0005,baseline
epoch,7,54,54,54.0,-0.08310564746652122,0.06314397539411272,0.9693877551020408,0.9908163265306122,0,54,0.06314397539411272,0.0005,baseline
epoch,7,55,55,55.0,-0.08692283576793886,0.06585870567633181,0.9704081632653061,0.9948979591836735,1,54,0.06314397539411272,0.0005,baseline
epoch,7,56,56,56.0,-0.09140704552413738,0.05331495270437124,0.9724489795918367,0.9948979591836735,0,56,0.05331495270437124,0.0005,baseline
epoch,7,57,57,57.0,-0.0985769062047107,0.026422966499717867,0.9775510204081632,0.9948979591836735,0,57,0.026422966499717867,0.0005,baseline
epoch,7,58,58,58.0,-0.10050467177236165,0.044252314859507036,0.9714285714285714,0.9928571428571429,1,57,0.026422966499717867,0.0005,baseline
epoch,7,59,59,59.0,-0.10484690929214119,0.10758651300352447,0.95,0.9959183673469387,2,57,0.026422966499717867,0.0005,baseline
epoch,7,60,60,60.0,-0.10706633134565266,0.043714193421967175,0.9744897959183674,0.9918367346938776,3,57,0.026422966499717867,0.0005,baseline
epoch,7,61,61,61.0,-0.10867585894766818,0.03963217832604233,0.9714285714285714,0.9928571428571429,4,57,0.026422966499717867,0.0005,baseline
epoch,7,62,62,62.0,-0.11295398658824526,0.09212184268601087,0.963265306122449,0.9877551020408163,5,57,0.026422966499717867,0.0005,baseline
epoch,7,63,63,63.0,-0.11696076253096101,0.08888335909162248,0.963265306122449,0.9897959183673469,6,57,0.026422966499717867,0.0005,baseline
epoch,7,64,64,64.0,-0.11978731128606904,0.20858356003858605,0.9408163265306122,0.9928571428571429,7,57,0.026422966499717867,0.0005,baseline
epoch,7,65,65,65.0,-0.12384127109360038,0.07059648888451713,0.9622448979591837,0.9908163265306122,8,57,0.026422966499717867,0.0005,baseline
epoch,7,66,66,66.0,-0.12313020600727069,0.1255212944381091,0.9591836734693877,0.9887755102040816,9,57,0.026422966499717867,0.0005,baseline
epoch,7,67,67,67.0,-0.13092332384316013,0.2874623099151923,0.9622448979591837,0.9214285714285714,10,57,0.026422966499717867,0.0005,baseline
epoch,7,68,68,68.0,-0.13449604421153863,0.09096382199501504,0.9581632653061225,0.9918367346938776,11,57,0.026422966499717867,0.00025,baseline
epoch,7,69,69,69.0,-0.13828224680396947,0.028999090681270677,0.9704081632653061,0.9938775510204082,12,57,0.026422966499717867,0.00025,baseline
epoch,7,70,70,70.0,-0.14329564559203978,0.023218077542830486,0.9673469387755103,0.9948979591836735,0,70,0.023218077542830486,0.00025,baseline
epoch,7,71,71,71.0,-0.14530221501458532,-0.0035976740778708946,0.9724489795918367,0.9938775510204082,0,71,-0.0035976740778708946,0.00025,baseline
epoch,7,72,72,72.0,-0.1460134198278402,0.017764866108797035,0.9704081632653061,0.9928571428571429,1,71,-0.0035976740778708946,0.00025,baseline
epoch,7,73,73,73.0,-0.14768299506073465,-0.00031878656270552654,0.976530612244898,0.9948979591836735,2,71,-0.0035976740778708946,0.00025,baseline
epoch,7,74,74,74.0,-0.14796792645011178,-0.009106147289276122,0.9734693877551021,0.9928571428571429,0,74,-0.009106147289276122,0.00025,baseline
epoch,7,75,75,75.0,-0.14801323919179368,0.012246252565967793,0.9653061224489796,0.9938775510204082,1,74,-0.009106147289276122,0.00025,baseline
epoch,7,76,76,76.0,-0.15293241283866796,0.03904843962922388,0.9591836734693877,0.9928571428571429,2,74,-0.009106147289276122,0.00025,baseline
epoch,7,77,77,77.0,-0.15269772359859712,-0.0011055870931975696,0.9714285714285714,0.9938775510204082,3,74,-0.009106147289276122,0.00025,baseline
epoch,7,78,78,78.0,-0.1552168135745289,-0.0009782744913685078,0.9704081632653061,0.9918367346938776,4,74,-0.009106147289276122,0.00025,baseline
epoch,7,79,79,79.0,-0.15627060360270453,-0.0013335592892705177,0.9734693877551021,0.9928571428571429,5,74,-0.009106147289276122,0.00025,baseline
epoch,7,80,80,80.0,-0.15693527831485737,0.011722659578128737,0.9714285714285714,0.9918367346938776,6,74,-0.009106147289276122,0.00025,baseline
epoch,7,81,81,81.0,-0.15835050963040392,-0.005303790131393744,0.9714285714285714,0.9938775510204082,7,74,-0.009106147289276122,0.00025,baseline
epoch,7,82,82,82.0,-0.16074299313074722,-0.007111862970858204,0.9724489795918367,0.9908163265306122,8,74,-0.009106147289276122,0.00025,baseline
epoch,7,83,83,83.0,-0.16053617743354773,-0.004225839644062276,0.9755102040816327,0.9948979591836735,9,74,-0.009106147289276122,0.00025,baseline
epoch,7,84,84,84.0,-0.1622871748638835,0.02265427282878331,0.963265306122449,0.9928571428571429,10,74,-0.009106147289276122,0.00025,baseline
epoch,7,85,85,85.0,-0.1619149177992551,-0.008673831151456248,0.9724489795918367,0.9948979591836735,11,74,-0.009106147289276122,0.000125,baseline
epoch,7,86,86,86.0,-0.16542821611155042,0.004733627912949543,0.9683673469387755,0.9918367346938776,12,74,-0.009106147289276122,0.000125,baseline
epoch,7,87,87,87.0,-0.16735278445926702,-0.013906630447932652,0.9714285714285714,0.9928571428571429,0,87,-0.013906630447932652,0.000125,baseline
epoch,7,88,88,88.0,-0.17017654622538705,0.001824786225143744,0.9693877551020408,0.9938775510204082,1,87,-0.013906630447932652,0.000125,baseline
epoch,7,89,89,89.0,-0.17030202106508951,-0.011965267998831613,0.976530612244898,0.9918367346938776,2,87,-0.013906630447932652,0.000125,baseline
epoch,7,90,90,90.0,-0.17109625021697794,-0.016280347230483074,0.9724489795918367,0.9938775510204082,0,90,-0.016280347230483074,0.000125,baseline
epoch,7,91,91,91.0,-0.17313516608784707,-0.008013985351640352,0.9693877551020408,0.9938775510204082,1,90,-0.016280347230483074,0.000125,baseline
epoch,7,92,92,92.0,-0.17287218284558228,-0.016376255969611966,0.9744897959183674,0.9938775510204082,0,92,-0.016376255969611966,0.000125,baseline
epoch,7,93,93,93.0,-0.17179510134355042,-0.006678773189077572,0.9724489795918367,0.9918367346938776,1,92,-0.016376255969611966,0.000125,baseline
epoch,7,94,94,94.0,-0.1735087720195899,-0.01170046548454129,0.9704081632653061,0.9928571428571429,2,92,-0.016376255969611966,0.000125,baseline
epoch,7,95,95,95.0,-0.17384120179635146,-0.026157103266034806,0.9734693877551021,0.9948979591836735,0,95,-0.026157103266034806,0.000125,baseline
epoch,7,96,96,96.0,-0.1750514063455233,-0.031131302580541493,0.9734693877551021,0.9938775510204082,0,96,-0.031131302580541493,0.000125,baseline
epoch,7,97,97,97.0,-0.17620929268943156,-0.025728625424054203,0.9775510204081632,0.9938775510204082,1,96,-0.031131302580541493,0.000125,baseline
epoch,7,98,98,98.0,-0.17592625994239083,0.021113173815668844,0.9663265306122449,0.9948979591836735,2,96,-0.031131302580541493,0.000125,baseline
epoch,7,99,99,99.0,-0.17663049022072547,-0.016129764002196643,0.9734693877551021,0.9938775510204082,3,96,-0.031131302580541493,0.000125,baseline
epoch,7,100,100,100.0,-0.1755589662582078,-0.0020589726311819895,0.9704081632653061,0.9918367346938776,4,96,-0.031131302580541493,0.000125,baseline
epoch,7,101,101,101.0,-0.1748180967185787,0.003618421846506547,0.9704081632653061,0.9938775510204082,5,96,-0.031131302580541493,0.000125,baseline
epoch,7,102,102,102.0,-0.17554485816147036,-0.0007090877513496243,0.9673469387755103,0.9938775510204082,6,96,-0.031131302580541493,0.000125,baseline
epoch,7,103,103,103.0,-0.17775820796896416,-0.030514617112218118,0.9744897959183674,0.9948979591836735,7,96,-0.031131302580541493,0.000125,baseline
epoch,7,104,104,104.0,-0.17910917573613214,-0.021502169297665966,0.9734693877551021,0.9938775510204082,8,96,-0.031131302580541493,0.000125,baseline
epoch,7,105,105,105.0,-0.18022837361227625,-0.02128014832126851,0.9744897959183674,0.9928571428571429,9,96,-0.031131302580541493,0.000125,baseline
epoch,7,106,106,106.0,-0.18236213739851034,-0.03061056307383946,0.9744897959183674,0.9938775510204082,10,96,-0.031131302580541493,0.000125,baseline
epoch,7,107,107,107.0,-0.1818573424350984,-0.02070732676253027,0.9744897959183674,0.9928571428571429,11,96,-0.031131302580541493,6.25e-05,baseline
epoch,7,108,108,108.0,-0.1833472569093519,-0.023028644493647984,0.9744897959183674,0.9938775510204082,12,96,-0.031131302580541493,6.25e-05,baseline
epoch,7,109,109,109.0,-0.18441062191533605,-0.029464873975637008,0.9775510204081632,0.9938775510204082,13,96,-0.031131302580541493,6.25e-05,baseline
epoch,7,110,110,110.0,-0.18525330812134708,-0.02939230373927525,0.9734693877551021,0.9928571428571429,14,96,-0.031131302580541493,6.25e-05,baseline
epoch,7,111,111,111.0,-0.18481050655474093,-0.02678360184844659,0.9775510204081632,0.9938775510204082,15,96,-0.031131302580541493,6.25e-05,baseline
epoch,7,112,112,112.0,-0.18558725991702055,-0.029962617280531904,0.9755102040816327,0.9938775510204082,16,96,-0.031131302580541493,6.25e-05,baseline
epoch,7,113,113,113.0,-0.1841378781841773,-0.022451169393500503,0.9714285714285714,0.9928571428571429,17,96,-0.031131302580541493,6.25e-05,baseline
epoch,7,114,114,114.0,-0.18573400868336928,-0.022007169285599065,0.9744897959183674,0.9918367346938776,18,96,-0.031131302580541493,6.25e-05,baseline
epoch,7,115,115,115.0,-0.18659284604338508,-0.03770231811367736,0.976530612244898,0.9948979591836735,0,115,-0.03770231811367736,6.25e-05,baseline
epoch,7,116,116,116.0,-0.18600205485009808,-0.037314551947068196,0.9744897959183674,0.9938775510204082,1,115,-0.03770231811367736,6.25e-05,baseline
epoch,7,117,117,117.0,-0.18632277721525822,-0.030108490282175493,0.9755102040816327,0.9938775510204082,2,115,-0.03770231811367736,6.25e-05,baseline
epoch,7,118,118,118.0,-0.18733852401573642,-0.026651149379963778,0.9755102040816327,0.9928571428571429,3,115,-0.03770231811367736,6.25e-05,baseline
epoch,7,119,119,119.0,-0.1863527089753117,-0.025847721586422043,0.976530612244898,0.9918367346938776,4,115,-0.03770231811367736,6.25e-05,baseline
epoch,7,120,120,120.0,-0.18803748040934748,-0.037873852739528736,0.9744897959183674,0.9938775510204082,0,120,-0.037873852739528736,6.25e-05,baseline
epoch,7,121,121,121.0,-0.18888244845650412,-0.015934530326298307,0.9693877551020408,0.9908163265306122,1,120,-0.037873852739528736,6.25e-05,baseline
epoch,7,122,122,122.0,-0.18757673620081775,-0.03718523419633204,0.9744897959183674,0.9938775510204082,2,120,-0.037873852739528736,6.25e-05,baseline
epoch,7,123,123,123.0,-0.18888210495353597,-0.04519385999562789,0.976530612244898,0.9938775510204082,0,123,-0.04519385999562789,6.25e-05,baseline
epoch,7,124,124,124.0,-0.19030331536381676,-0.0389058594800988,0.9755102040816327,0.9938775510204082,1,123,-0.04519385999562789,6.25e-05,baseline
epoch,7,125,125,125.0,-0.19012276339701417,-0.03389379540268256,0.9734693877551021,0.9938775510204082,2,123,-0.04519385999562789,6.25e-05,baseline
epoch,7,126,126,126.0,-0.18880882223000686,-0.02091974214631684,0.9744897959183674,0.9938775510204082,3,123,-0.04519385999562789,6.25e-05,baseline
epoch,7,127,127,127.0,-0.189536625932259,-0.0496657843492469,0.9775510204081632,0.9928571428571429,0,127,-0.0496657843492469,6.25e-05,baseline
epoch,7,128,128,128.0,-0.1911970539526506,-0.009043264875606616,0.9653061224489796,0.9928571428571429,1,127,-0.0496657843492469,6.25e-05,baseline
epoch,7,129,129,129.0,-0.1903604655027146,-0.0451374778942186,0.9775510204081632,0.9938775510204082,2,127,-0.0496657843492469,6.25e-05,baseline
epoch,7,130,130,130.0,-0.19008679987826557,-0.04701496022088187,0.976530612244898,0.9938775510204082,3,127,-0.0496657843492469,6.25e-05,baseline
epoch,7,131,131,131.0,-0.19221463619871207,-0.020185649394989014,0.9714285714285714,0.9928571428571429,4,127,-0.0496657843492469,6.25e-05,baseline
epoch,7,132,132,132.0,-0.19062101140816196,-0.046959053496925196,0.9785714285714285,0.9938775510204082,5,127,-0.0496657843492469,6.25e-05,baseline
epoch,7,133,133,133.0,-0.1916556316328,-0.026394660132271902,0.9704081632653061,0.9918367346938776,6,127,-0.0496657843492469,6.25e-05,baseline
epoch,7,134,134,134.0,-0.19105212072308145,-0.023789651296576675,0.9704081632653061,0.9928571428571429,7,127,-0.0496657843492469,6.25e-05,baseline
epoch,7,135,135,135.0,-0.19189660864538752,-0.034796096354114764,0.9693877551020408,0.9938775510204082,8,127,-0.0496657843492469,6.25e-05,baseline
epoch,7,136,136,136.0,-0.19295017992025498,-0.035802661399452054,0.976530612244898,0.9938775510204082,9,127,-0.0496657843492469,6.25e-05,baseline
epoch,7,137,137,137.0,-0.193082883664853,-0.020929777622222902,0.9714285714285714,0.9928571428571429,10,127,-0.0496657843492469,6.25e-05,baseline
epoch,7,138,138,138.0,-0.19417815584693185,-0.036028915522049884,0.9734693877551021,0.9918367346938776,11,127,-0.0496657843492469,3.125e-05,baseline
epoch,7,139,139,139.0,-0.1941246956556396,-0.04000626315875929,0.9755102040816327,0.9928571428571429,12,127,-0.0496657843492469,3.125e-05,baseline
epoch,7,140,140,140.0,-0.19542269395004133,-0.030060566931354758,0.9724489795918367,0.9938775510204082,13,127,-0.0496657843492469,3.125e-05,baseline
epoch,7,141,141,141.0,-0.19461964063186568,-0.03924884966441563,0.9744897959183674,0.9938775510204082,14,127,-0.0496657843492469,3.125e-05,baseline
epoch,7,142,142,142.0,-0.19539083541961685,-0.03341362695304715,0.9734693877551021,0.9938775510204082,15,127,-0.0496657843492469,3.125e-05,baseline
epoch,7,143,143,143.0,-0.19507178569838513,-0.03847166445790505,0.9755102040816327,0.9938775510204082,16,127,-0.0496657843492469,3.125e-05,baseline
epoch,7,144,144,144.0,-0.19517285234472725,-0.03838774282105115,0.9755102040816327,0.9938775510204082,17,127,-0.0496657843492469,3.125e-05,baseline
epoch,7,145,145,145.0,-0.19569601619328858,-0.030295420179561692,0.9724489795918367,0.9938775510204082,18,127,-0.0496657843492469,3.125e-05,baseline
epoch,7,146,146,146.0,-0.19631223275542137,-0.03884658107952196,0.9734693877551021,0.9928571428571429,19,127,-0.0496657843492469,3.125e-05,baseline
epoch,7,147,147,147.0,-0.19564485257687436,-0.04013107236550779,0.9775510204081632,0.9938775510204082,20,127,-0.0496657843492469,3.125e-05,baseline
epoch,7,148,148,148.0,-0.1964357453907352,-0.0403718605333445,0.976530612244898,0.9938775510204082,21,127,-0.0496657843492469,3.125e-05,baseline
epoch,7,149,149,149.0,-0.1957118869193119,-0.04218618310227686,0.9755102040816327,0.9938775510204082,22,127,-0.0496657843492469,1.5625e-05,baseline
epoch,7,150,150,150.0,-0.19703295476833574,-0.03928982943904643,0.9744897959183674,0.9938775510204082,23,127,-0.0496657843492469,1.5625e-05,baseline
epoch,7,151,151,151.0,-0.19747845711333029,-0.03420870060823401,0.9744897959183674,0.9938775510204082,24,127,-0.0496657843492469,1.5625e-05,baseline
epoch,7,152,152,152.0,-0.1980255853167837,-0.047826954053372756,0.9755102040816327,0.9938775510204082,25,127,-0.0496657843492469,1.5625e-05,baseline
epoch,7,153,153,153.0,-0.19752838072177703,-0.044495315941012636,0.9755102040816327,0.9938775510204082,26,127,-0.0496657843492469,1.5625e-05,baseline
epoch,7,154,154,154.0,-0.1973831695604373,-0.027666845370312127,0.9704081632653061,0.9938775510204082,27,127,-0.0496657843492469,1.5625e-05,baseline
epoch,7,155,155,155.0,-0.19683731807751603,-0.03913141343058372,0.9744897959183674,0.9938775510204082,28,127,-0.0496657843492469,1.5625e-05,baseline
epoch,7,156,156,156.0,-0.19791070463952054,-0.043276252308670354,0.9755102040816327,0.9938775510204082,29,127,-0.0496657843492469,1.5625e-05,baseline
epoch,7,157,157,157.0,-0.19720984144522538,-0.043079104228895534,0.9755102040816327,0.9938775510204082,30,127,-0.0496657843492469,1.5625e-05,baseline
epoch,8,1,1,1.0,2.014464769348791,4.052787529692358,0.25204081632653064,0.36122448979591837,0,1,4.052787529692358,0.001,baseline
epoch,8,2,2,2.0,1.3762642165857146,2.6730965195869913,0.3653061224489796,0.773469387755102,0,2,2.6730965195869913,0.001,baseline
epoch,8,3,3,3.0,1.093655888832139,1.6985269356747064,0.786734693877551,0.6122448979591837,0,3,1.6985269356747064,0.001,baseline
epoch,8,4,4,4.0,0.9632857438858001,1.651656061289262,0.5193877551020408,0.9408163265306122,0,4,1.651656061289262,0.001,baseline
epoch,8,5,5,5.0,0.8715912143835861,1.2728747299739294,0.7887755102040817,0.8489795918367347,0,5,1.2728747299739294,0.001,baseline
epoch,8,6,6,6.0,0.8188311760832268,0.8883274080801983,0.8918367346938776,0.9693877551020408,0,6,0.8883274080801983,0.001,baseline
epoch,8,7,7,7.0,0.7425140751881546,1.0261526969014383,0.7612244897959184,0.9704081632653061,1,6,0.8883274080801983,0.001,baseline
epoch,8,8,8,8.0,0.7326146559647082,1.1005548808039451,0.8418367346938775,0.8714285714285714,2,6,0.8883274080801983,0.001,baseline
epoch,8,9,9,9.0,0.6605770659154477,0.8910602282504646,0.8857142857142857,0.9469387755102041,3,6,0.8883274080801983,0.001,baseline
epoch,8,10,10,10.0,0.6320292444954854,2.0777728285108292,0.7020408163265306,0.6020408163265306,4,6,0.8883274080801983,0.001,baseline
epoch,8,11,11,11.0,0.619836713429978,2.423050965095053,0.4530612244897959,0.9591836734693877,5,6,0.8883274080801983,0.001,baseline
epoch,8,12,12,12.0,0.5815520746836988,0.851636452577552,0.8969387755102041,0.9551020408163265,0,12,0.851636452577552,0.001,baseline
epoch,8,13,13,13.0,0.5270569830432732,1.271128141636751,0.8142857142857143,0.8979591836734694,1,12,0.851636452577552,0.001,baseline
epoch,8,14,14,14.0,0.49884454822272395,1.2992599915484992,0.7785714285714286,0.8081632653061225,2,12,0.851636452577552,0.001,baseline
epoch,8,15,15,15.0,0.48748302502335034,0.8763662681287648,0.886734693877551,0.8887755102040816,3,12,0.851636452577552,0.001,baseline
epoch,8,16,16,16.0,0.45515166434618254,1.193494193407954,0.6785714285714286,0.95,4,12,0.851636452577552,0.001,baseline
epoch,8,17,17,17.0,0.4143439822043535,1.3969241930513965,0.6387755102040816,0.9663265306122449,5,12,0.851636452577552,0.001,baseline
epoch,8,18,18,18.0,0.3958814971537098,0.5328235691907455,0.9387755102040817,0.9846938775510204,0,18,0.5328235691907455,0.001,baseline
epoch,8,19,19,19.0,0.37034458890024563,1.6082185696582405,0.6408163265306123,0.9653061224489796,1,18,0.5328235691907455,0.001,baseline
epoch,8,20,20,20.0,0.4087131017318663,0.738925660872946,0.8724489795918368,0.9724489795918367,2,18,0.5328235691907455,0.001,baseline
epoch,8,21,21,21.0,0.3730881902426329,1.5394937077347113,0.6193877551020408,0.936734693877551,3,18,0.5328235691907455,0.001,baseline
epoch,8,22,22,22.0,0.3390154208420977,0.824837156704494,0.8,0.9734693877551021,4,18,0.5328235691907455,0.001,baseline
epoch,8,23,23,23.0,0.294810915048081,2.2446844227459968,0.4928571428571429,0.9663265306122449,5,18,0.5328235691907455,0.001,baseline
epoch,8,24,24,24.0,0.2711691096562044,1.3483774175449295,0.7142857142857143,0.9755102040816327,6,18,0.5328235691907455,0.001,baseline
epoch,8,25,25,25.0,0.2715002284656384,0.6331649408048513,0.8989795918367347,0.9428571428571428,7,18,0.5328235691907455,0.001,baseline
epoch,8,26,26,26.0,0.26615266865680604,0.9424833721044112,0.813265306122449,0.960204081632653,8,18,0.5328235691907455,0.001,baseline
epoch,8,27,27,27.0,0.24034355932407164,0.7750740338344964,0.8285714285714286,0.9653061224489796,9,18,0.5328235691907455,0.001,baseline
epoch,8,28,28,28.0,0.20436989049502363,0.6047660462710323,0.8653061224489796,0.9836734693877551,10,18,0.5328235691907455,0.001,baseline
epoch,8,29,29,29.0,0.21106194253474383,1.3909181799207415,0.7214285714285714,0.8806122448979592,11,18,0.5328235691907455,0.0005,baseline
epoch,8,30,30,30.0,0.16461283644324548,0.2864025513736569,0.9612244897959183,0.9877551020408163,0,30,0.2864025513736569,0.0005,baseline
epoch,8,31,31,31.0,0.13461750444401516,0.2816562347266139,0.9551020408163265,0.9918367346938776,0,31,0.2816562347266139,0.0005,baseline
epoch,8,32,32,32.0,0.11912399003771157,0.3061105731798678,0.9418367346938775,0.9928571428571429,1,31,0.2816562347266139,0.0005,baseline
epoch,8,33,33,33.0,0.10847586907819294,0.21672992535999844,0.9734693877551021,0.9887755102040816,0,33,0.21672992535999844,0.0005,baseline
epoch,8,34,34,34.0,0.1005953469972932,0.2666512782476386,0.9540816326530612,0.9918367346938776,1,33,0.21672992535999844,0.0005,baseline
epoch,8,35,35,35.0,0.09215668193897017,0.19547121305854953,0.9744897959183674,0.9928571428571429,0,35,0.19547121305854953,0.0005,baseline
epoch,8,36,36,36.0,0.08401039714589183,0.2808558738961512,0.95,0.9908163265306122,1,35,0.19547121305854953,0.0005,baseline
epoch,8,37,37,37.0,0.07751311064984143,0.21082983965776406,0.9653061224489796,0.9897959183673469,2,35,0.19547121305854953,0.0005,baseline
epoch,8,38,38,38.0,0.07518365178580669,0.29688602710256773,0.9459183673469388,0.9714285714285714,3,35,0.19547121305854953,0.0005,baseline
epoch,8,39,39,39.0,0.06580260094631923,0.3017509385031097,0.9438775510204082,0.9897959183673469,4,35,0.19547121305854953,0.0005,baseline
epoch,8,40,40,40.0,0.056749828867576214,0.1768790692699199,0.9744897959183674,0.9918367346938776,0,40,0.1768790692699199,0.0005,baseline
epoch,8,41,41,41.0,0.04844281914528836,0.20826122663458999,0.9561224489795919,0.9908163265306122,1,40,0.1768790692699199,0.0005,baseline
epoch,8,42,42,42.0,0.043406204561169226,0.1409205040153192,0.976530612244898,0.9918367346938776,0,42,0.1409205040153192,0.0005,baseline
epoch,8,43,43,43.0,0.03662956010576897,0.16393962538972193,0.9683673469387755,0.9918367346938776,1,42,0.1409205040153192,0.0005,baseline
epoch,8,44,44,44.0,0.03427072339695978,0.3229660051209586,0.9275510204081633,0.9928571428571429,2,42,0.1409205040153192,0.0005,baseline
epoch,8,45,45,45.0,0.02690971993572013,0.1643790062592954,0.9683673469387755,0.9928571428571429,3,42,0.1409205040153192,0.0005,baseline
epoch,8,46,46,46.0,0.025306963092581854,0.6079928977148873,0.8785714285714286,0.939795918367347,4,42,0.1409205040153192,0.0005,baseline
epoch,8,47,47,47.0,0.016552515609515213,0.1731800743511745,0.9673469387755103,0.9887755102040816,5,42,0.1409205040153192,0.0005,baseline
epoch,8,48,48,48.0,0.009931096321959296,0.21013592432956307,0.9612244897959183,0.9918367346938776,6,42,0.1409205040153192,0.0005,baseline
epoch,8,49,49,49.0,0.007803801131321534,0.38314797343039997,0.9214285714285714,0.9836734693877551,7,42,0.1409205040153192,0.0005,baseline
epoch,8,50,50,50.0,0.007261271191812268,0.24697762192512046,0.9561224489795919,0.9826530612244898,8,42,0.1409205040153192,0.0005,baseline
epoch,8,51,51,51.0,-0.0001271499798417213,0.5432695354734148,0.8704081632653061,0.9704081632653061,9,42,0.1409205040153192,0.0005,baseline
epoch,8,52,52,52.0,-0.007268175284879565,0.155573498959444,0.9591836734693877,0.9928571428571429,10,42,0.1409205040153192,0.0005,baseline
epoch,8,53,53,53.0,-0.0017164173603544926,1.0869259036317163,0.7357142857142858,0.9897959183673469,11,42,0.1409205040153192,0.00025,baseline
epoch,8,54,54,54.0,-0.0006852853164244234,0.2445797754793751,0.939795918367347,0.9928571428571429,12,42,0.1409205040153192,0.00025,baseline
epoch,8,55,55,55.0,-0.011339912862651073,0.4694287733155854,0.8785714285714286,0.9897959183673469,13,42,0.1409205040153192,0.00025,baseline
epoch,8,56,56,56.0,-0.02108261826333035,0.2289245442468293,0.9428571428571428,0.9897959183673469,14,42,0.1409205040153192,0.00025,baseline
epoch,8,57,57,57.0,-0.02864205161446327,0.10718001516497865,0.9714285714285714,0.9928571428571429,0,57,0.10718001516497865,0.00025,baseline
epoch,8,58,58,58.0,-0.03734420414964561,0.08509640961277241,0.976530612244898,0.9938775510204082,0,58,0.08509640961277241,0.00025,baseline
epoch,8,59,59,59.0,-0.040402931748176864,0.07057809197172826,0.9755102040816327,0.9918367346938776,0,59,0.07057809197172826,0.00025,baseline
epoch,8,60,60,60.0,-0.044779253687873194,0.06911688751103927,0.9744897959183674,0.9928571428571429,0,60,0.06911688751103927,0.00025,baseline
epoch,8,61,61,61.0,-0.0481060900410544,0.08858524974511595,0.9693877551020408,0.9938775510204082,1,60,0.06911688751103927,0.00025,baseline
epoch,8,62,62,62.0,-0.050062573236147885,0.06158684370469074,0.9785714285714285,0.9928571428571429,0,62,0.06158684370469074,0.00025,baseline
epoch,8,63,63,63.0,-0.05346454011772943,0.06459305043123206,0.9795918367346939,0.9928571428571429,1,62,0.06158684370469074,0.00025,baseline
epoch,8,64,64,64.0,-0.05584888061293543,0.06625404625522847,0.9724489795918367,0.9928571428571429,2,62,0.06158684370469074,0.00025,baseline
epoch,8,65,65,65.0,-0.05715379864738472,0.05917034927679568,0.9775510204081632,0.9938775510204082,0,65,0.05917034927679568,0.00025,baseline
epoch,8,66,66,66.0,-0.0616499221483217,0.07434217832526382,0.9704081632653061,0.9928571428571429,1,65,0.05917034927679568,0.00025,baseline
epoch,8,67,67,67.0,-0.06201075484730737,0.09996583607732033,0.9642857142857143,0.9928571428571429,2,65,0.05917034927679568,0.00025,baseline
epoch,8,68,68,68.0,-0.06507123831709023,0.044144925292657344,0.9755102040816327,0.9938775510204082,0,68,0.044144925292657344,0.00025,baseline
epoch,8,69,69,69.0,-0.06589166520199566,0.06161800768910622,0.9755102040816327,0.9918367346938776,1,68,0.044144925292657344,0.00025,baseline
epoch,8,70,70,70.0,-0.07012764273917224,0.08486066691729487,0.9683673469387755,0.9928571428571429,2,68,0.044144925292657344,0.00025,baseline
epoch,8,71,71,71.0,-0.07198780288004657,0.08386023068914608,0.9714285714285714,0.9897959183673469,3,68,0.044144925292657344,0.00025,baseline
epoch,8,72,72,72.0,-0.07384014026137246,0.037737807205745155,0.9734693877551021,0.9928571428571429,0,72,0.037737807205745155,0.00025,baseline
epoch,8,73,73,73.0,-0.07620822177844101,0.05135336652094004,0.9724489795918367,0.9938775510204082,1,72,0.037737807205745155,0.00025,baseline
epoch,8,74,74,74.0,-0.07840489020021262,0.0657535195350647,0.9755102040816327,0.9908163265306122,2,72,0.037737807205745155,0.00025,baseline
epoch,8,75,75,75.0,-0.07742398313652872,0.17637870263080208,0.9459183673469388,0.9928571428571429,3,72,0.037737807205745155,0.00025,baseline
epoch,8,76,76,76.0,-0.0779119615535327,0.08675648655210222,0.9724489795918367,0.9887755102040816,4,72,0.037737807205745155,0.00025,baseline
epoch,8,77,77,77.0,-0.08324192748980576,0.05941006845357467,0.976530612244898,0.9928571428571429,5,72,0.037737807205745155,0.00025,baseline
epoch,8,78,78,78.0,-0.08653622439494538,0.0480238566593248,0.9775510204081632,0.9918367346938776,6,72,0.037737807205745155,0.00025,baseline
epoch,8,79,79,79.0,-0.09030187921455858,0.09803115956637325,0.9581632653061225,0.9938775510204082,7,72,0.037737807205745155,0.00025,baseline
epoch,8,80,80,80.0,-0.09102872132767939,0.03743298029413029,0.9775510204081632,0.9928571428571429,0,80,0.03743298029413029,0.00025,baseline
epoch,8,81,81,81.0,-0.0909148615397764,0.16823950470710286,0.9489795918367347,0.9938775510204082,1,80,0.03743298029413029,0.00025,baseline
epoch,8,82,82,82.0,-0.09595257147339926,0.1233057681395083,0.9540816326530612,0.9938775510204082,2,80,0.03743298029413029,0.00025,baseline
epoch,8,83,83,83.0,-0.10028484631120489,0.08595521839297547,0.9642857142857143,0.9938775510204082,3,80,0.03743298029413029,0.00025,baseline
epoch,8,84,84,84.0,-0.10003229850889835,0.049397458835523954,0.9693877551020408,0.9938775510204082,4,80,0.03743298029413029,0.00025,baseline
epoch,8,85,85,85.0,-0.10328693518964945,0.03963793370188499,0.9693877551020408,0.9938775510204082,5,80,0.03743298029413029,0.00025,baseline
epoch,8,86,86,86.0,-0.1040599863668019,0.03732345201531235,0.976530612244898,0.9938775510204082,0,86,0.03732345201531235,0.00025,baseline
epoch,8,87,87,87.0,-0.10520520304026229,0.07878812186572016,0.9673469387755103,0.9877551020408163,1,86,0.03732345201531235,0.00025,baseline
epoch,8,88,88,88.0,-0.10864203979581807,0.09895238243803686,0.9591836734693877,0.9918367346938776,2,86,0.03732345201531235,0.00025,baseline
epoch,8,89,89,89.0,-0.11053243879156531,0.060173779847670576,0.9683673469387755,0.9938775510204082,3,86,0.03732345201531235,0.00025,baseline
epoch,8,90,90,90.0,-0.1133564550494271,0.06262890392420244,0.9714285714285714,0.986734693877551,4,86,0.03732345201531235,0.00025,baseline
epoch,8,91,91,91.0,-0.11499425887574458,0.15357170348264734,0.9510204081632653,0.9918367346938776,5,86,0.03732345201531235,0.00025,baseline
epoch,8,92,92,92.0,-0.11748927734236674,0.03635394743510655,0.9744897959183674,0.9918367346938776,0,92,0.03635394743510655,0.00025,baseline
epoch,8,93,93,93.0,-0.11846950915057033,0.0661509353287366,0.9693877551020408,0.9928571428571429,1,92,0.03635394743510655,0.00025,baseline
epoch,8,94,94,94.0,-0.11947642612262449,-0.0005324872172608667,0.9775510204081632,0.9938775510204082,0,94,-0.0005324872172608667,0.00025,baseline
epoch,8,95,95,95.0,-0.12183559233126771,0.17072446443596664,0.9418367346938775,0.9918367346938776,1,94,-0.0005324872172608667,0.00025,baseline
epoch,8,96,96,96.0,-0.1205738659898643,0.8127306098840674,0.7479591836734694,0.9918367346938776,2,94,-0.0005324872172608667,0.00025,baseline
epoch,8,97,97,97.0,-0.11556587235067911,1.6636612979733214,0.613265306122449,0.9622448979591837,3,94,-0.0005324872172608667,0.00025,baseline
epoch,8,98,98,98.0,-0.10786861784002755,1.3766796374807553,0.75,0.976530612244898,4,94,-0.0005324872172608667,0.00025,baseline
epoch,8,99,99,99.0,-0.10425191186178205,1.269521089475982,0.7204081632653061,0.9826530612244898,5,94,-0.0005324872172608667,0.00025,baseline
epoch,8,100,100,100.0,-0.10874577635277036,0.7236108504996008,0.8581632653061224,0.9744897959183674,6,94,-0.0005324872172608667,0.00025,baseline
epoch,8,101,101,101.0,-0.09084570700106752,0.6865238136174727,0.85,0.9693877551020408,7,94,-0.0005324872172608667,0.00025,baseline
epoch,8,102,102,102.0,-0.07609619073897021,1.5014940135333004,0.7571428571428571,0.9540816326530612,8,94,-0.0005324872172608667,0.00025,baseline
epoch,8,103,103,103.0,-0.07735216039193907,1.3895764526055783,0.7285714285714285,0.986734693877551,9,94,-0.0005324872172608667,0.00025,baseline
epoch,8,104,104,104.0,-0.10232413801401702,1.9211948414238131,0.5265306122448979,0.9897959183673469,10,94,-0.0005324872172608667,0.00025,baseline
epoch,8,105,105,105.0,-0.11344310960925515,1.7253279238331074,0.6183673469387755,0.9887755102040816,11,94,-0.0005324872172608667,0.000125,baseline
epoch,8,106,106,106.0,-0.13290095043133668,0.48111158171478585,0.8367346938775511,0.9908163265306122,12,94,-0.0005324872172608667,0.000125,baseline
epoch,8,107,107,107.0,-0.14115425752546254,0.006632471571163256,0.9714285714285714,0.9928571428571429,13,94,-0.0005324872172608667,0.000125,baseline
epoch,8,108,108,108.0,-0.14292366493710215,-0.01937346093508662,0.9795918367346939,0.9918367346938776,0,108,-0.01937346093508662,0.000125,baseline
epoch,8,109,109,109.0,-0.14489527163880594,-0.0022895504017265474,0.9755102040816327,0.9928571428571429,1,108,-0.01937346093508662,0.000125,baseline
epoch,8,110,110,110.0,-0.1463491777233985,-0.01734106273067241,0.9795918367346939,0.9918367346938776,2,108,-0.01937346093508662,0.000125,baseline
epoch,8,111,111,111.0,-0.14769473005242198,-0.011210746667823013,0.976530612244898,0.9928571428571429,3,108,-0.01937346093508662,0.000125,baseline
epoch,8,112,112,112.0,-0.14893483037968092,-0.017183255176154936,0.9785714285714285,0.9928571428571429,4,108,-0.01937346093508662,0.000125,baseline
epoch,8,113,113,113.0,-0.15007871827748018,-0.01727295578742514,0.9795918367346939,0.9928571428571429,5,108,-0.01937346093508662,0.000125,baseline
epoch,8,114,114,114.0,-0.1513462502574044,-0.00830580117751141,0.9755102040816327,0.9918367346938776,6,108,-0.01937346093508662,0.000125,baseline
epoch,8,115,115,115.0,-0.1522827125301887,-0.021531504757550297,0.976530612244898,0.9928571428571429,0,115,-0.021531504757550297,0.000125,baseline
epoch,8,116,116,116.0,-0.15304641034435082,-0.017396814969121193,0.9775510204081632,0.9938775510204082,1,115,-0.021531504757550297,0.000125,baseline
epoch,8,117,117,117.0,-0.15340526013866265,-0.025641838385134327,0.9806122448979592,0.9928571428571429,0,117,-0.025641838385134327,0.000125,baseline
epoch,8,118,118,118.0,-0.15452634155811157,-0.009378837079417949,0.9755102040816327,0.9928571428571429,1,117,-0.025641838385134327,0.000125,baseline
epoch,8,119,119,119.0,-0.15477820418097757,0.0017398189525214994,0.9755102040816327,0.9928571428571429,2,117,-0.025641838385134327,0.000125,baseline
epoch,8,120,120,120.0,-0.15635278209115439,-0.018086068484247948,0.9785714285714285,0.9928571428571429,3,117,-0.025641838385134327,0.000125,baseline
epoch,8,121,121,121.0,-0.1568481485617173,-0.024592248760924047,0.9795918367346939,0.9928571428571429,4,117,-0.025641838385134327,0.000125,baseline
epoch,8,122,122,122.0,-0.15768602761355313,-0.021652867356125188,0.9785714285714285,0.9928571428571429,5,117,-0.025641838385134327,0.000125,baseline
epoch,8,123,123,123.0,-0.1594214973337682,-0.013048757825578962,0.976530612244898,0.9928571428571429,6,117,-0.025641838385134327,0.000125,baseline
epoch,8,124,124,124.0,-0.15969581063361163,-0.01975472776257262,0.976530612244898,0.9928571428571429,7,117,-0.025641838385134327,0.000125,baseline
epoch,8,125,125,125.0,-0.16044770782400566,-0.020761344870742486,0.976530612244898,0.9928571428571429,8,117,-0.025641838385134327,0.000125,baseline
epoch,8,126,126,126.0,-0.1597375999432175,-0.008663081392949941,0.9744897959183674,0.9918367346938776,9,117,-0.025641838385134327,0.000125,baseline
epoch,8,127,127,127.0,-0.16044399711523163,-0.03599739123363884,0.9785714285714285,0.9938775510204082,0,127,-0.03599739123363884,0.000125,baseline
epoch,8,128,128,128.0,-0.16119006662738944,-0.014946021352495465,0.976530612244898,0.9928571428571429,1,127,-0.03599739123363884,0.000125,baseline
epoch,8,129,129,129.0,-0.16219415849757754,-0.0071324988287322375,0.9755102040816327,0.9938775510204082,2,127,-0.03599739123363884,0.000125,baseline
epoch,8,130,130,130.0,-0.16494015830286432,-0.005651692954861388,0.9724489795918367,0.9928571428571429,3,127,-0.03599739123363884,0.000125,baseline
epoch,8,131,131,131.0,-0.1634200830259898,-0.03188857278045343,0.9806122448979592,0.9928571428571429,4,127,-0.03599739123363884,0.000125,baseline
epoch,8,132,132,132.0,-0.16530095660284663,-0.03170461776305218,0.976530612244898,0.9938775510204082,5,127,-0.03599739123363884,0.000125,baseline
epoch,8,133,133,133.0,-0.1653001880743165,0.002181433414926334,0.9704081632653061,0.9928571428571429,6,127,-0.03599739123363884,0.000125,baseline
epoch,8,134,134,134.0,-0.1670986594778768,0.021561909208492356,0.9673469387755103,0.9938775510204082,7,127,-0.03599739123363884,0.000125,baseline
epoch,8,135,135,135.0,-0.16893314188907535,-0.01165104812505294,0.9704081632653061,0.9928571428571429,8,127,-0.03599739123363884,0.000125,baseline
epoch,8,136,136,136.0,-0.16880300412747906,-0.032897668468708896,0.9755102040816327,0.9938775510204082,9,127,-0.03599739123363884,0.000125,baseline
epoch,8,137,137,137.0,-0.16884621712964207,-0.0318455272791337,0.976530612244898,0.9938775510204082,10,127,-0.03599739123363884,0.000125,baseline
epoch,8,138,138,138.0,-0.1699265775568517,-0.02811371355640645,0.9775510204081632,0.9928571428571429,11,127,-0.03599739123363884,6.25e-05,baseline
epoch,8,139,139,139.0,-0.17215805399527467,-0.041232759611947195,0.9785714285714285,0.9938775510204082,0,139,-0.041232759611947195,6.25e-05,baseline
epoch,8,140,140,140.0,-0.1724637852747667,-0.03438791352875379,0.976530612244898,0.9938775510204082,1,139,-0.041232759611947195,6.25e-05,baseline
epoch,8,141,141,141.0,-0.17324030350615957,-0.022698839829892528,0.976530612244898,0.9938775510204082,2,139,-0.041232759611947195,6.25e-05,baseline
epoch,8,142,142,142.0,-0.17363251254069062,-0.029406253415711073,0.976530612244898,0.9938775510204082,3,139,-0.041232759611947195,6.25e-05,baseline
epoch,8,143,143,143.0,-0.1733555765147107,-0.03263419136709096,0.9775510204081632,0.9928571428571429,4,139,-0.041232759611947195,6.25e-05,baseline
epoch,8,144,144,144.0,-0.1741038142599782,-0.031149872225158068,0.9755102040816327,0.9938775510204082,5,139,-0.041232759611947195,6.25e-05,baseline
epoch,8,145,145,145.0,-0.17511849225602427,-0.033894114591637436,0.9775510204081632,0.9938775510204082,6,139,-0.041232759611947195,6.25e-05,baseline
epoch,8,146,146,146.0,-0.17483418053577335,-0.03680685101723184,0.9795918367346939,0.9938775510204082,7,139,-0.041232759611947195,6.25e-05,baseline
epoch,8,147,147,147.0,-0.1751193855342144,-0.038385072046396684,0.976530612244898,0.9938775510204082,8,139,-0.041232759611947195,6.25e-05,baseline
epoch,8,148,148,148.0,-0.17510469539416335,-0.03436852669229313,0.9785714285714285,0.9938775510204082,9,139,-0.041232759611947195,6.25e-05,baseline
epoch,8,149,149,149.0,-0.17643859949004784,-0.03272828715188163,0.9775510204081632,0.9938775510204082,10,139,-0.041232759611947195,6.25e-05,baseline
epoch,8,150,150,150.0,-0.17746580742961662,-0.03321653044953638,0.976530612244898,0.9938775510204082,11,139,-0.041232759611947195,3.125e-05,baseline
epoch,8,151,151,151.0,-0.17709561704493396,-0.040104485287958264,0.9755102040816327,0.9938775510204082,12,139,-0.041232759611947195,3.125e-05,baseline
epoch,8,152,152,152.0,-0.17814217786379805,-0.043148985444283,0.9785714285714285,0.9938775510204082,0,152,-0.043148985444283,3.125e-05,baseline
epoch,8,153,153,153.0,-0.1783087653573127,-0.04402050047504659,0.9775510204081632,0.9938775510204082,0,153,-0.04402050047504659,3.125e-05,baseline
epoch,8,154,154,154.0,-0.177529307198354,-0.03558143377304077,0.9785714285714285,0.9938775510204082,1,153,-0.04402050047504659,3.125e-05,baseline
epoch,8,155,155,155.0,-0.17802426057646054,-0.0187884943825858,0.9734693877551021,0.9938775510204082,2,153,-0.04402050047504659,3.125e-05,baseline
epoch,8,156,156,156.0,-0.17848195959038585,-0.03850021775887937,0.9785714285714285,0.9938775510204082,3,153,-0.04402050047504659,3.125e-05,baseline
epoch,8,157,157,157.0,-0.17869269452129127,-0.0442901290192896,0.9785714285714285,0.9938775510204082,0,157,-0.0442901290192896,3.125e-05,baseline
epoch,8,158,158,158.0,-0.1793489841567362,-0.04354267509616151,0.9806122448979592,0.9938775510204082,1,157,-0.0442901290192896,3.125e-05,baseline
epoch,8,159,159,159.0,-0.17821619989192522,-0.03887104136603219,0.976530612244898,0.9938775510204082,2,157,-0.0442901290192896,3.125e-05,baseline
epoch,8,160,160,160.0,-0.17940854648769328,-0.040563621569652944,0.976530612244898,0.9938775510204082,3,157,-0.0442901290192896,3.125e-05,baseline
epoch,8,161,161,161.0,-0.179573883988397,-0.037005765827334655,0.976530612244898,0.9938775510204082,4,157,-0.0442901290192896,3.125e-05,baseline
epoch,8,162,162,162.0,-0.1796018582320676,-0.04152747684595536,0.9785714285714285,0.9938775510204082,5,157,-0.0442901290192896,3.125e-05,baseline
epoch,8,163,163,163.0,-0.18026450425538637,-0.04378986991181665,0.9775510204081632,0.9938775510204082,6,157,-0.0442901290192896,3.125e-05,baseline
epoch,8,164,164,164.0,-0.18008126021649182,-0.04425451585224697,0.9795918367346939,0.9938775510204082,7,157,-0.0442901290192896,3.125e-05,baseline
epoch,8,165,165,165.0,-0.18053047978476192,-0.043524037331950906,0.9775510204081632,0.9938775510204082,8,157,-0.0442901290192896,3.125e-05,baseline
epoch,8,166,166,166.0,-0.18049788828159133,-0.04146245426061202,0.9775510204081632,0.9938775510204082,9,157,-0.0442901290192896,3.125e-05,baseline
epoch,8,167,167,167.0,-0.18029366864369034,-0.04626808774714567,0.9785714285714285,0.9938775510204082,0,167,-0.04626808774714567,3.125e-05,baseline
epoch,8,168,168,168.0,-0.18093705195572085,-0.04661411144295517,0.9775510204081632,0.9938775510204082,0,168,-0.04661411144295517,3.125e-05,baseline
epoch,8,169,169,169.0,-0.18105016099298574,-0.04762294511405789,0.9785714285714285,0.9938775510204082,0,169,-0.04762294511405789,3.125e-05,baseline
epoch,8,170,170,170.0,-0.1808867957423973,-0.04010201838551736,0.976530612244898,0.9938775510204082,1,169,-0.04762294511405789,3.125e-05,baseline
epoch,8,171,171,171.0,-0.18122193299469835,-0.04891802875363097,0.9795918367346939,0.9938775510204082,0,171,-0.04891802875363097,3.125e-05,baseline
epoch,8,172,172,172.0,-0.18125383663956796,-0.04352730974859121,0.976530612244898,0.9938775510204082,1,171,-0.04891802875363097,3.125e-05,baseline
epoch,8,173,173,173.0,-0.1816319366641137,-0.043085952437653834,0.9755102040816327,0.9938775510204082,2,171,-0.04891802875363097,3.125e-05,baseline
epoch,8,174,174,174.0,-0.1816203354327988,-0.04467130899429321,0.9755102040816327,0.9938775510204082,3,171,-0.04891802875363097,3.125e-05,baseline
epoch,8,175,175,175.0,-0.18243067665168286,-0.03318502173131826,0.9744897959183674,0.9938775510204082,4,171,-0.04891802875363097,3.125e-05,baseline
epoch,8,176,176,176.0,-0.18129126318141559,-0.041011708853196126,0.9755102040816327,0.9938775510204082,5,171,-0.04891802875363097,3.125e-05,baseline
epoch,8,177,177,177.0,-0.18234831667043824,-0.03852389685961665,0.976530612244898,0.9938775510204082,6,171,-0.04891802875363097,3.125e-05,baseline
epoch,8,178,178,178.0,-0.18324119729333319,-0.04031129102317654,0.9744897959183674,0.9938775510204082,7,171,-0.04891802875363097,3.125e-05,baseline
epoch,8,179,179,179.0,-0.1825105023700687,-0.04198313464923781,0.9785714285714285,0.9938775510204082,8,171,-0.04891802875363097,3.125e-05,baseline
epoch,8,180,180,180.0,-0.18325611379709136,-0.04511382604131893,0.9775510204081632,0.9938775510204082,9,171,-0.04891802875363097,3.125e-05,baseline
epoch,8,181,181,181.0,-0.1827002108036193,-0.04077630189000344,0.976530612244898,0.9938775510204082,10,171,-0.04891802875363097,3.125e-05,baseline
epoch,8,182,182,182.0,-0.18365470844342832,-0.05061188401008139,0.9806122448979592,0.9938775510204082,0,182,-0.05061188401008139,3.125e-05,baseline
epoch,8,183,183,183.0,-0.18348646364854962,-0.04825848000390189,0.9795918367346939,0.9938775510204082,1,182,-0.05061188401008139,3.125e-05,baseline
epoch,8,184,184,184.0,-0.18411410110598322,-0.046631917174981566,0.9806122448979592,0.9938775510204082,2,182,-0.05061188401008139,3.125e-05,baseline
epoch,8,185,185,185.0,-0.18395006522703705,-0.05056476593017578,0.9785714285714285,0.9938775510204082,3,182,-0.05061188401008139,3.125e-05,baseline
epoch,8,186,186,186.0,-0.1841248334732679,-0.04208525954460611,0.9785714285714285,0.9938775510204082,4,182,-0.05061188401008139,3.125e-05,baseline
epoch,8,187,187,187.0,-0.18418376237549747,-0.0447151602530966,0.9795918367346939,0.9938775510204082,5,182,-0.05061188401008139,3.125e-05,baseline
epoch,8,188,188,188.0,-0.18513484939978486,-0.0420966768751339,0.9755102040816327,0.9938775510204082,6,182,-0.05061188401008139,3.125e-05,baseline
epoch,8,189,189,189.0,-0.1842861749056776,-0.04241315856271861,0.9744897959183674,0.9938775510204082,7,182,-0.05061188401008139,3.125e-05,baseline
epoch,8,190,190,190.0,-0.1852999556661261,-0.037610681202946875,0.976530612244898,0.9938775510204082,8,182,-0.05061188401008139,3.125e-05,baseline
epoch,8,191,191,191.0,-0.18597252625854072,-0.03695293762245957,0.9744897959183674,0.9938775510204082,9,182,-0.05061188401008139,3.125e-05,baseline
epoch,8,192,192,192.0,-0.1854962267598044,-0.03630792024184246,0.9755102040816327,0.9938775510204082,10,182,-0.05061188401008139,3.125e-05,baseline
epoch,8,193,193,193.0,-0.1850223820713616,-0.0461684951976854,0.9775510204081632,0.9938775510204082,11,182,-0.05061188401008139,1.5625e-05,baseline
epoch,8,194,194,194.0,-0.1863102231011084,-0.05388558081218175,0.9806122448979592,0.9938775510204082,0,194,-0.05388558081218175,1.5625e-05,baseline
epoch,8,195,195,195.0,-0.1865549072912448,-0.046840919280538754,0.9775510204081632,0.9938775510204082,1,194,-0.05388558081218175,1.5625e-05,baseline
epoch,8,196,196,196.0,-0.18621539113713967,-0.04532243451293634,0.9775510204081632,0.9938775510204082,2,194,-0.05388558081218175,1.5625e-05,baseline
epoch,8,197,197,197.0,-0.18642254242249237,-0.04452012680014786,0.976530612244898,0.9938775510204082,3,194,-0.05388558081218175,1.5625e-05,baseline
epoch,8,198,198,198.0,-0.18616378264724295,-0.04591623787977257,0.976530612244898,0.9938775510204082,4,194,-0.05388558081218175,1.5625e-05,baseline
epoch,8,199,199,199.0,-0.18645588729427834,-0.051550445751268034,0.9795918367346939,0.9938775510204082,5,194,-0.05388558081218175,1.5625e-05,baseline
epoch,8,200,200,200.0,-0.18655513328965279,-0.045578472711602036,0.9785714285714285,0.9938775510204082,6,194,-0.05388558081218175,1.5625e-05,baseline
epoch,9,1,1,1.0,2.0130407862570725,2.519686418650102,0.3673469387755102,0.5918367346938775,0,1,2.519686418650102,0.001,baseline
epoch,9,2,2,2.0,1.4620983834407912,2.624842506525468,0.3653061224489796,0.42551020408163265,1,1,2.519686418650102,0.001,baseline
epoch,9,3,3,3.0,1.1710300898527588,1.2191112323683135,0.7438775510204082,0.9377551020408164,0,3,1.2191112323683135,0.001,baseline
epoch,9,4,4,4.0,1.0141767713948096,1.8766801430254567,0.5755102040816327,0.6948979591836735,1,3,1.2191112323683135,0.001,baseline
epoch,9,5,5,5.0,0.9034416390634289,2.166787338256836,0.7377551020408163,0.4204081632653061,2,3,1.2191112323683135,0.001,baseline
epoch,9,6,6,6.0,0.8357988815750846,2.03039632135508,0.7091836734693877,0.6336734693877552,3,3,1.2191112323683135,0.001,baseline
epoch,9,7,7,7.0,0.7801588386510317,1.2755410350098901,0.6857142857142857,0.9561224489795919,4,3,1.2191112323683135,0.001,baseline
epoch,9,8,8,8.0,0.7133560493603668,2.8067802390273737,0.560204081632653,0.45714285714285713,5,3,1.2191112323683135,0.001,baseline
epoch,9,9,9,9.0,0.7390447308873497,0.8026400882370618,0.9010204081632653,0.9744897959183674,0,9,0.8026400882370618,0.001,baseline
epoch,9,10,10,10.0,0.6611885389463407,1.5621844578762443,0.6265306122448979,0.9673469387755103,1,9,0.8026400882370618,0.001,baseline
epoch,9,11,11,11.0,0.6137724469460555,1.148928360549771,0.7653061224489796,0.9806122448979592,2,9,0.8026400882370618,0.001,baseline
epoch,9,12,12,12.0,0.563334312210044,0.7837739375172829,0.8969387755102041,0.9795918367346939,0,12,0.7837739375172829,0.001,baseline
epoch,9,13,13,13.0,0.5185191313506877,0.7970543987896977,0.8744897959183674,0.9724489795918367,1,12,0.7837739375172829,0.001,baseline
epoch,9,14,14,14.0,0.4945641761232811,1.5582060288409798,0.6224489795918368,0.9755102040816327,2,12,0.7837739375172829,0.001,baseline
epoch,9,15,15,15.0,0.4612468009827938,1.1132472748659095,0.7428571428571429,0.9846938775510204,3,12,0.7837739375172829,0.001,baseline
epoch,9,16,16,16.0,0.4296107385630992,1.1411053754845444,0.7765306122448979,0.9,4,12,0.7837739375172829,0.001,baseline
epoch,9,17,17,17.0,0.40698332334197945,0.9038994842646073,0.826530612244898,0.976530612244898,5,12,0.7837739375172829,0.001,baseline
epoch,9,18,18,18.0,0.4046182513115233,0.619627384263642,0.9346938775510204,0.9438775510204082,0,18,0.619627384263642,0.001,baseline
epoch,9,19,19,19.0,0.3754655736763947,0.7497362745051481,0.9020408163265307,0.9214285714285714,1,18,0.619627384263642,0.001,baseline
epoch,9,20,20,20.0,0.35820378845631773,1.508018668817014,0.6408163265306123,0.9285714285714286,2,18,0.619627384263642,0.001,baseline
epoch,9,21,21,21.0,0.3560276410187594,1.171482712395337,0.7418367346938776,0.9612244897959183,3,18,0.619627384263642,0.001,baseline
epoch,9,22,22,22.0,0.30288839769436465,0.5194466474104901,0.9316326530612244,0.9734693877551021,0,22,0.5194466474104901,0.001,baseline
epoch,9,23,23,23.0,0.27568463008542593,0.6945221947163952,0.8357142857142857,0.9918367346938776,1,22,0.5194466474104901,0.001,baseline
epoch,9,24,24,24.0,0.3178179191008773,0.7527980857965898,0.8469387755102041,0.9795918367346939,2,22,0.5194466474104901,0.001,baseline
epoch,9,25,25,25.0,0.27243672723789625,1.958643828606119,0.6285714285714286,0.7183673469387755,3,22,0.5194466474104901,0.001,baseline
epoch,9,26,26,26.0,0.2563624505611922,0.6275980457967641,0.8846938775510204,0.9479591836734694,4,22,0.5194466474104901,0.001,baseline
epoch,9,27,27,27.0,0.218153178691864,0.6005939984808163,0.8836734693877552,0.9734693877551021,5,22,0.5194466474104901,0.001,baseline
epoch,9,28,28,28.0,0.17625372000685507,0.5805620920901395,0.9020408163265307,0.9540816326530612,6,22,0.5194466474104901,0.001,baseline
epoch,9,29,29,29.0,0.15984061113782266,0.70823891600784,0.8622448979591837,0.9704081632653061,7,22,0.5194466474104901,0.001,baseline
epoch,9,30,30,30.0,0.1391351426341804,0.590543053831373,0.9132653061224489,0.9061224489795918,8,22,0.5194466474104901,0.001,baseline
epoch,9,31,31,31.0,0.11548017234797375,0.3164799051625388,0.9428571428571428,0.9938775510204082,0,31,0.3164799051625388,0.001,baseline
epoch,9,32,32,32.0,0.11665608946222572,0.6231979263072112,0.8959183673469387,0.926530612244898,1,31,0.3164799051625388,0.001,baseline
epoch,9,33,33,33.0,0.10795995285610865,2.5044434566887057,0.5285714285714286,0.7602040816326531,2,31,0.3164799051625388,0.001,baseline
epoch,9,34,34,34.0,0.10423228634755385,0.3176694502635878,0.9469387755102041,0.9846938775510204,3,31,0.3164799051625388,0.001,baseline
epoch,9,35,35,35.0,0.10361086110659591,0.44864651402648614,0.9204081632653062,0.9704081632653061,4,31,0.3164799051625388,0.001,baseline
epoch,9,36,36,36.0,0.10049747379612753,0.9269895667932472,0.8540816326530613,0.9051020408163265,5,31,0.3164799051625388,0.001,baseline
epoch,9,37,37,37.0,0.07069458708212739,0.7323703571241729,0.8357142857142857,0.9612244897959183,6,31,0.3164799051625388,0.001,baseline
epoch,9,38,38,38.0,0.06862434017280758,1.8723134936118613,0.5204081632653061,0.9795918367346939,7,31,0.3164799051625388,0.001,baseline
epoch,9,39,39,39.0,0.16574713487303658,1.8887206924204925,0.7397959183673469,0.7591836734693878,8,31,0.3164799051625388,0.001,baseline
epoch,9,40,40,40.0,0.15468353422718223,2.173200219991256,0.6591836734693878,0.7989795918367347,9,31,0.3164799051625388,0.001,baseline
epoch,9,41,41,41.0,0.1218928966264072,0.9507836470798571,0.8489795918367347,0.9244897959183673,10,31,0.3164799051625388,0.001,baseline
epoch,9,42,42,42.0,0.07172708339661939,1.3369231477075694,0.6561224489795918,0.9734693877551021,11,31,0.3164799051625388,0.0005,baseline
epoch,9,43,43,43.0,0.018313478705101287,0.5804347539434628,0.813265306122449,0.9877551020408163,12,31,0.3164799051625388,0.0005,baseline
epoch,9,44,44,44.0,-0.016416754189258455,0.20064885908243607,0.9459183673469388,0.9908163265306122,0,44,0.20064885908243607,0.0005,baseline
epoch,9,45,45,45.0,-0.030503950883711443,0.12709537866164228,0.963265306122449,0.9887755102040816,0,45,0.12709537866164228,0.0005,baseline
epoch,9,46,46,46.0,-0.039238297963653815,0.09091872974317901,0.9714285714285714,0.9938775510204082,0,46,0.09091872974317901,0.0005,baseline
epoch,9,47,47,47.0,-0.04566672362151258,0.0741743017216118,0.9714285714285714,0.9918367346938776,0,47,0.0741743017216118,0.0005,baseline
epoch,9,48,48,48.0,-0.04940601005252219,0.0720956413113341,0.9724489795918367,0.9928571428571429,0,48,0.0720956413113341,0.0005,baseline
epoch,9,49,49,49.0,-0.055189173725700966,0.06754695760960482,0.9693877551020408,0.9938775510204082,0,49,0.06754695760960482,0.0005,baseline
epoch,9,50,50,50.0,-0.06136898445279411,0.07419710402586022,0.9714285714285714,0.9908163265306122,1,49,0.06754695760960482,0.0005,baseline
epoch,9,51,51,51.0,-0.06891241197810109,0.07399183463077155,0.9673469387755103,0.9938775510204082,2,49,0.06754695760960482,0.0005,baseline
epoch,9,52,52,52.0,-0.07185178349770613,0.0496367267199925,0.9744897959183674,0.9928571428571429,0,52,0.0496367267199925,0.0005,baseline
epoch,9,53,53,53.0,-0.07745832631001068,0.04478945902415684,0.9734693877551021,0.9928571428571429,0,53,0.04478945902415684,0.0005,baseline
epoch,9,54,54,54.0,-0.08104685682563664,0.05292334824192281,0.976530612244898,0.9908163265306122,1,53,0.04478945902415684,0.0005,baseline
epoch,9,55,55,55.0,-0.08308961619152112,0.052815368954016235,0.9744897959183674,0.9908163265306122,2,53,0.04478945902415684,0.0005,baseline
epoch,9,56,56,56.0,-0.08863249704226532,0.07285434129286786,0.9744897959183674,0.9897959183673469,3,53,0.04478945902415684,0.0005,baseline
epoch,9,57,57,57.0,-0.08973118684143284,0.04773203645433698,0.9755102040816327,0.9918367346938776,4,53,0.04478945902415684,0.0005,baseline
epoch,9,58,58,58.0,-0.09174354978674401,1.4257705931760827,0.9255102040816326,0.6969387755102041,5,53,0.04478945902415684,0.0005,baseline
epoch,9,59,59,59.0,-0.08859199675159629,0.11029907416324226,0.9622448979591837,0.9897959183673469,6,53,0.04478945902415684,0.0005,baseline
epoch,9,60,60,60.0,-0.09891739247159402,0.0589535937017324,0.9693877551020408,0.9918367346938776,7,53,0.04478945902415684,0.0005,baseline
epoch,9,61,61,61.0,-0.10762878555321231,0.04137263492662079,0.9683673469387755,0.9918367346938776,0,61,0.04137263492662079,0.0005,baseline
epoch,9,62,62,62.0,-0.11220545027180517,0.04345988327143144,0.9714285714285714,0.9938775510204082,1,61,0.04137263492662079,0.0005,baseline
epoch,9,63,63,63.0,-0.11591022165608236,0.031065377167293004,0.9744897959183674,0.9918367346938776,0,63,0.031065377167293004,0.0005,baseline
epoch,9,64,64,64.0,-0.12098467033413506,0.035022199640468675,0.9663265306122449,0.9938775510204082,1,63,0.031065377167293004,0.0005,baseline
epoch,9,65,65,65.0,-0.11899989380656273,0.05913476700685462,0.9704081632653061,0.9897959183673469,2,63,0.031065377167293004,0.0005,baseline
epoch,9,66,66,66.0,-0.1264249315300806,0.012630106235037044,0.9734693877551021,0.9908163265306122,0,66,0.012630106235037044,0.0005,baseline
epoch,9,67,67,67.0,-0.13032653078482515,0.02511784860066005,0.9714285714285714,0.9948979591836735,1,66,0.012630106235037044,0.0005,baseline
epoch,9,68,68,68.0,-0.13265554410566227,0.1377797280039106,0.9540816326530612,0.9897959183673469,2,66,0.012630106235037044,0.0005,baseline
epoch,9,69,69,69.0,-0.09187035407182267,0.4095959996690556,0.9193877551020408,0.9857142857142858,3,66,0.012630106235037044,0.0005,baseline
epoch,9,70,70,70.0,-0.10461318267621594,0.7906150265615813,0.889795918367347,0.9163265306122449,4,66,0.012630106235037044,0.0005,baseline
epoch,9,71,71,71.0,-0.10676200001427297,1.6811094770626145,0.6520408163265307,0.9877551020408163,5,66,0.012630106235037044,0.0005,baseline
epoch,9,72,72,72.0,-0.11914725444898908,0.6953300884791783,0.9428571428571428,0.8540816326530613,6,66,0.012630106235037044,0.0005,baseline
epoch,9,73,73,73.0,-0.1142766937780916,0.3620376338764113,0.9071428571428571,0.9836734693877551,7,66,0.012630106235037044,0.0005,baseline
epoch,9,74,74,74.0,-0.11950243907515436,1.3929383540640072,0.686734693877551,0.9285714285714286,8,66,0.012630106235037044,0.0005,baseline
epoch,9,75,75,75.0,-0.12673636013689518,0.2686130827786971,0.9173469387755102,0.9908163265306122,9,66,0.012630106235037044,0.0005,baseline
epoch,9,76,76,76.0,-0.1356281831145165,0.12705918258550217,0.9642857142857143,0.9816326530612245,10,66,0.012630106235037044,0.0005,baseline
epoch,9,77,77,77.0,-0.1379837334095153,0.22678302210204454,0.9561224489795919,0.9673469387755103,11,66,0.012630106235037044,0.00025,baseline
epoch,9,78,78,78.0,-0.14783350172033105,0.02933656439489248,0.9642857142857143,0.9928571428571429,12,66,0.012630106235037044,0.00025,baseline
epoch,9,79,79,79.0,-0.16010534221475775,-0.006408023834228516,0.9734693877551021,0.9918367346938776,0,79,-0.006408023834228516,0.00025,baseline
epoch,9,80,80,80.0,-0.16581444099804232,-0.025856167442944587,0.9755102040816327,0.9918367346938776,0,80,-0.025856167442944587,0.00025,baseline
epoch,9,81,81,81.0,-0.1686224794972296,-0.02682547982858152,0.9744897959183674,0.9908163265306122,0,81,-0.02682547982858152,0.00025,baseline
epoch,9,82,82,82.0,-0.1692551343993829,-0.03057872032632633,0.976530612244898,0.9918367346938776,0,82,-0.03057872032632633,0.00025,baseline
epoch,9,83,83,83.0,-0.17127548430621076,-0.021365315816840348,0.9724489795918367,0.9928571428571429,1,82,-0.03057872032632633,0.00025,baseline
epoch,9,84,84,84.0,-0.17365830954053915,-0.02254695478750735,0.9734693877551021,0.9918367346938776,2,82,-0.03057872032632633,0.00025,baseline
epoch,9,85,85,85.0,-0.1733964906893176,-0.029470855362561284,0.9734693877551021,0.9908163265306122,3,82,-0.03057872032632633,0.00025,baseline
epoch,9,86,86,86.0,-0.17605537821494036,-0.03797713128887877,0.9755102040816327,0.9918367346938776,0,86,-0.03797713128887877,0.00025,baseline
epoch,9,87,87,87.0,-0.1750926125159181,-0.027333713794241148,0.9744897959183674,0.9928571428571429,1,86,-0.03797713128887877,0.00025,baseline
epoch,9,88,88,88.0,-0.1778957737234932,-0.033325800847034064,0.9744897959183674,0.9928571428571429,2,86,-0.03797713128887877,0.00025,baseline
epoch,9,89,89,89.0,-0.17975607967961188,-0.019794033011611627,0.9724489795918367,0.9918367346938776,3,86,-0.03797713128887877,0.00025,baseline
epoch,9,90,90,90.0,-0.1806033614707066,-0.03219741290929366,0.9755102040816327,0.9928571428571429,4,86,-0.03797713128887877,0.00025,baseline
epoch,9,91,91,91.0,-0.1801136213985478,-0.029797639165605818,0.9734693877551021,0.9908163265306122,5,86,-0.03797713128887877,0.00025,baseline
epoch,9,92,92,92.0,-0.18264308416563352,-0.03791225637708392,0.9744897959183674,0.9918367346938776,6,86,-0.03797713128887877,0.00025,baseline
epoch,9,93,93,93.0,-0.17980400272725916,-0.010446185238507329,0.9734693877551021,0.9908163265306122,7,86,-0.03797713128887877,0.00025,baseline
epoch,9,94,94,94.0,-0.18410004890001588,-0.020021446627013537,0.9724489795918367,0.9908163265306122,8,86,-0.03797713128887877,0.00025,baseline
epoch,9,95,95,95.0,-0.1841839858168114,-0.030419493208126147,0.9734693877551021,0.9918367346938776,9,86,-0.03797713128887877,0.00025,baseline
epoch,9,96,96,96.0,-0.18447193415099195,-0.04145757251856278,0.9734693877551021,0.9928571428571429,0,96,-0.04145757251856278,0.00025,baseline
epoch,9,97,97,97.0,-0.18619761074892224,-0.046080405128245454,0.9724489795918367,0.9908163265306122,0,97,-0.046080405128245454,0.00025,baseline
epoch,9,98,98,98.0,-0.18915891982196423,-0.0214572972180892,0.9734693877551021,0.9918367346938776,1,97,-0.046080405128245454,0.00025,baseline
epoch,9,99,99,99.0,-0.19058788942974117,-0.03680547962383348,0.9734693877551021,0.9928571428571429,2,97,-0.046080405128245454,0.00025,baseline
epoch,9,100,100,100.0,-0.19066587190949516,-0.03964404548917498,0.9744897959183674,0.9918367346938776,3,97,-0.046080405128245454,0.00025,baseline
epoch,9,101,101,101.0,-0.19374648957257373,-0.03033608660405996,0.976530612244898,0.9908163265306122,4,97,-0.046080405128245454,0.00025,baseline
epoch,9,102,102,102.0,-0.19217165966686603,-0.021720269748142788,0.9724489795918367,0.9928571428571429,5,97,-0.046080405128245454,0.00025,baseline
epoch,9,103,103,103.0,-0.1918990709443136,0.02804199457168579,0.9714285714285714,0.9908163265306122,6,97,-0.046080405128245454,0.00025,baseline
epoch,9,104,104,104.0,-0.1938091960942051,-0.030709560306704773,0.9744897959183674,0.9918367346938776,7,97,-0.046080405128245454,0.00025,baseline
epoch,9,105,105,105.0,-0.1971001015620285,-0.02968364224141958,0.9734693877551021,0.9938775510204082,8,97,-0.046080405128245454,0.00025,baseline
epoch,9,106,106,106.0,-0.19723112578289745,-0.01075995868566085,0.9663265306122449,0.9908163265306122,9,97,-0.046080405128245454,0.00025,baseline
epoch,9,107,107,107.0,-0.1982152107665439,-0.045203562415376,0.976530612244898,0.9918367346938776,10,97,-0.046080405128245454,0.00025,baseline
epoch,9,108,108,108.0,-0.19618315825788676,-0.05211722534530017,0.9816326530612245,0.9908163265306122,0,108,-0.05211722534530017,0.00025,baseline
epoch,9,109,109,109.0,-0.19666799510219368,-0.030830667456802057,0.9734693877551021,0.9908163265306122,1,108,-0.05211722534530017,0.00025,baseline
epoch,9,110,110,110.0,-0.19938044004956598,-0.01972163721006744,0.9744897959183674,0.9897959183673469,2,108,-0.05211722534530017,0.00025,baseline
epoch,9,111,111,111.0,-0.20009311421777182,-0.05732719119714231,0.9816326530612245,0.9928571428571429,0,111,-0.05732719119714231,0.00025,baseline
epoch,9,112,112,112.0,-0.1995320242807741,-0.020528476578848702,0.9744897959183674,0.9938775510204082,1,111,-0.05732719119714231,0.00025,baseline
epoch,9,113,113,113.0,-0.20178776437586005,0.06869294789372658,0.9622448979591837,0.9908163265306122,2,111,-0.05732719119714231,0.00025,baseline
epoch,9,114,114,114.0,-0.20397502397005357,-0.007026372150498994,0.9663265306122449,0.9928571428571429,3,111,-0.05732719119714231,0.00025,baseline
epoch,9,115,115,115.0,-0.20212012992085426,-0.009100210909940759,0.9653061224489796,0.9918367346938776,4,111,-0.05732719119714231,0.00025,baseline
epoch,9,116,116,116.0,-0.2040197712895332,-0.021138284644302056,0.9734693877551021,0.9918367346938776,5,111,-0.05732719119714231,0.00025,baseline
epoch,9,117,117,117.0,-0.2061869352903746,-0.011790970393589565,0.9724489795918367,0.9897959183673469,6,111,-0.05732719119714231,0.00025,baseline
epoch,9,118,118,118.0,-0.2077068064867902,-0.020612431788931088,0.9683673469387755,0.9928571428571429,7,111,-0.05732719119714231,0.00025,baseline
epoch,9,119,119,119.0,-0.20838963114813472,-0.048689986491689874,0.9744897959183674,0.9928571428571429,8,111,-0.05732719119714231,0.00025,baseline
epoch,9,120,120,120.0,-0.20881163038929831,-0.011679060848391785,0.963265306122449,0.9928571428571429,9,111,-0.05732719119714231,0.00025,baseline
epoch,9,121,121,121.0,-0.20883130710629083,-0.018332250264226174,0.9734693877551021,0.9938775510204082,10,111,-0.05732719119714231,0.00025,baseline
epoch,9,122,122,122.0,-0.21044201955610203,-0.03090003874837136,0.9704081632653061,0.9928571428571429,11,111,-0.05732719119714231,0.000125,baseline
epoch,9,123,123,123.0,-0.21237389066002585,-0.010860840885006651,0.9612244897959183,0.9948979591836735,12,111,-0.05732719119714231,0.000125,baseline
epoch,9,124,124,124.0,-0.21198698686506215,-0.05668228305115992,0.9755102040816327,0.9908163265306122,13,111,-0.05732719119714231,0.000125,baseline
epoch,9,125,125,125.0,-0.2126228032487162,-0.05434978154240822,0.9744897959183674,0.9918367346938776,14,111,-0.05732719119714231,0.000125,baseline
epoch,9,126,126,126.0,-0.21463671725422173,-0.02093318287207156,0.9693877551020408,0.9918367346938776,15,111,-0.05732719119714231,0.000125,baseline
epoch,9,127,127,127.0,-0.21462073151984912,-0.04793983722219662,0.9724489795918367,0.9918367346938776,16,111,-0.05732719119714231,0.000125,baseline
epoch,9,128,128,128.0,-0.2166526767523223,-0.062010715688977924,0.9775510204081632,0.9918367346938776,0,128,-0.062010715688977924,0.000125,baseline
epoch,9,129,129,129.0,-0.2164422870291144,-0.06430678440600025,0.9795918367346939,0.9908163265306122,0,129,-0.06430678440600025,0.000125,baseline
epoch,9,130,130,130.0,-0.21647348448984227,-0.05571432235289593,0.976530612244898,0.9918367346938776,1,129,-0.06430678440600025,0.000125,baseline
epoch,9,131,131,131.0,-0.21761159597305282,-0.025230788698001785,0.9683673469387755,0.9928571428571429,2,129,-0.06430678440600025,0.000125,baseline
epoch,9,132,132,132.0,-0.21799096096767467,-0.05868100876710853,0.976530612244898,0.9918367346938776,3,129,-0.06430678440600025,0.000125,baseline
epoch,9,133,133,133.0,-0.21772833456179705,-0.05854984156939448,0.976530612244898,0.9918367346938776,4,129,-0.06430678440600025,0.000125,baseline
epoch,9,134,134,134.0,-0.2179569209316047,-0.036306712578754036,0.976530612244898,0.9938775510204082,5,129,-0.06430678440600025,0.000125,baseline
epoch,9,135,135,135.0,-0.21947828790627655,-0.0424640560636715,0.9693877551020408,0.9908163265306122,6,129,-0.06430678440600025,0.000125,baseline
epoch,9,136,136,136.0,-0.21788852584983037,-0.048171885159550884,0.9785714285714285,0.9908163265306122,7,129,-0.06430678440600025,0.000125,baseline
epoch,9,137,137,137.0,-0.21783431776941006,-0.03542548588344029,0.9724489795918367,0.9928571428571429,8,129,-0.06430678440600025,0.000125,baseline
epoch,9,138,138,138.0,-0.21938451506631246,-0.06567247570777426,0.9785714285714285,0.9928571428571429,0,138,-0.06567247570777426,0.000125,baseline
epoch,9,139,139,139.0,-0.22028491165835232,-0.0453387197183103,0.9724489795918367,0.9918367346938776,1,138,-0.06567247570777426,0.000125,baseline
epoch,9,140,140,140.0,-0.2208875666721605,-0.05216027181975696,0.9755102040816327,0.9928571428571429,2,138,-0.06567247570777426,0.000125,baseline
epoch,9,141,141,141.0,-0.22113955465351842,-0.03085791018544411,0.9673469387755103,0.9928571428571429,3,138,-0.06567247570777426,0.000125,baseline
epoch,9,142,142,142.0,-0.22040827123332193,-0.029666973133476413,0.9693877551020408,0.9918367346938776,4,138,-0.06567247570777426,0.000125,baseline
epoch,9,143,143,143.0,-0.21802819998929157,-0.05798807776704126,0.9755102040816327,0.9918367346938776,5,138,-0.06567247570777426,0.000125,baseline
epoch,9,144,144,144.0,-0.21707927888455258,0.033036961117569284,0.9551020408163265,0.9918367346938776,6,138,-0.06567247570777426,0.000125,baseline
epoch,9,145,145,145.0,-0.2189383724127897,0.05620742233432069,0.9571428571428572,0.9918367346938776,7,138,-0.06567247570777426,0.000125,baseline
epoch,9,146,146,146.0,-0.2204906628738263,0.04654718613138004,0.9530612244897959,0.9908163265306122,8,138,-0.06567247570777426,0.000125,baseline
epoch,9,147,147,147.0,-0.2213968192593435,0.004390578367272202,0.9663265306122449,0.9918367346938776,9,138,-0.06567247570777426,0.000125,baseline
epoch,9,148,148,148.0,-0.2229531364129196,-0.06645072820235272,0.9775510204081632,0.9918367346938776,0,148,-0.06645072820235272,0.000125,baseline
epoch,9,149,149,149.0,-0.22314850089498878,-0.05512499809265137,0.976530612244898,0.9928571428571429,1,148,-0.06645072820235272,0.000125,baseline
epoch,9,150,150,150.0,-0.22209660658675634,-0.05440381522081336,0.9816326530612245,0.9908163265306122,2,148,-0.06645072820235272,0.000125,baseline
epoch,9,151,151,151.0,-0.22443618362843687,0.02792078329592335,0.9642857142857143,0.9908163265306122,3,148,-0.06645072820235272,0.000125,baseline
epoch,9,152,152,152.0,-0.22568865359377446,-0.04023262189359081,0.9785714285714285,0.9908163265306122,4,148,-0.06645072820235272,0.000125,baseline
epoch,9,153,153,153.0,-0.22495504212208983,-0.05549786699061491,0.9795918367346939,0.9918367346938776,5,148,-0.06645072820235272,0.000125,baseline
epoch,9,154,154,154.0,-0.22523697982404278,-0.05348437051383816,0.976530612244898,0.9908163265306122,6,148,-0.06645072820235272,0.000125,baseline
epoch,9,155,155,155.0,-0.2252795011931469,-0.035829118076635864,0.9744897959183674,0.9918367346938776,7,148,-0.06645072820235272,0.000125,baseline
epoch,9,156,156,156.0,-0.22471158180587503,-0.053277172361101424,0.9744897959183674,0.9928571428571429,8,148,-0.06645072820235272,0.000125,baseline
epoch,9,157,157,157.0,-0.2246109861519047,-0.037498083163280876,0.9785714285714285,0.9908163265306122,9,148,-0.06645072820235272,0.000125,baseline
epoch,9,158,158,158.0,-0.22537307482330743,0.0025038140160696847,0.9683673469387755,0.9918367346938776,10,148,-0.06645072820235272,0.000125,baseline
epoch,9,159,159,159.0,-0.22444613437730518,-0.057101039983788314,0.9744897959183674,0.9918367346938776,11,148,-0.06645072820235272,6.25e-05,baseline
epoch,9,160,160,160.0,-0.2272819202085072,-0.0610771047825716,0.976530612244898,0.9928571428571429,12,148,-0.06645072820235272,6.25e-05,baseline
epoch,9,161,161,161.0,-0.22792991590938236,-0.055553978559922196,0.976530612244898,0.9928571428571429,13,148,-0.06645072820235272,6.25e-05,baseline
epoch,9,162,162,162.0,-0.2287963688434449,-0.05338119536030049,0.9734693877551021,0.9918367346938776,14,148,-0.06645072820235272,6.25e-05,baseline
epoch,9,163,163,163.0,-0.22984652572803282,-0.0482241830047296,0.9714285714285714,0.9908163265306122,15,148,-0.06645072820235272,6.25e-05,baseline
epoch,9,164,164,164.0,-0.2285753491584809,-0.06741073277531838,0.9795918367346939,0.9918367346938776,0,164,-0.06741073277531838,6.25e-05,baseline
epoch,9,165,165,165.0,-0.22892729163291628,-0.05314387764249529,0.9775510204081632,0.9928571428571429,1,164,-0.06741073277531838,6.25e-05,baseline
epoch,9,166,166,166.0,-0.2280132384538894,-0.05210098879677909,0.9724489795918367,0.9918367346938776,2,164,-0.06741073277531838,6.25e-05,baseline
epoch,9,167,167,167.0,-0.22924475199842598,-0.05548269383761348,0.976530612244898,0.9918367346938776,3,164,-0.06741073277531838,6.25e-05,baseline
epoch,9,168,168,168.0,-0.2302007315351235,-0.0657511864389692,0.9775510204081632,0.9928571428571429,4,164,-0.06741073277531838,6.25e-05,baseline
epoch,9,169,169,169.0,-0.23021637833276734,-0.0497010883019895,0.9704081632653061,0.9928571428571429,5,164,-0.06741073277531838,6.25e-05,baseline
epoch,9,170,170,170.0,-0.229060758061258,-0.060392885792012116,0.9795918367346939,0.9908163265306122,6,164,-0.06741073277531838,6.25e-05,baseline
epoch,9,171,171,171.0,-0.23085765618225892,-0.06260773892305335,0.9755102040816327,0.9928571428571429,7,164,-0.06741073277531838,6.25e-05,baseline
epoch,9,172,172,172.0,-0.2310567507948403,-0.046857420765623756,0.9724489795918367,0.9918367346938776,8,164,-0.06741073277531838,6.25e-05,baseline
epoch,9,173,173,173.0,-0.22993581287707446,-0.054495710256148355,0.9775510204081632,0.9908163265306122,9,164,-0.06741073277531838,6.25e-05,baseline
epoch,9,174,174,174.0,-0.22950117166731526,-0.05816726587256607,0.9724489795918367,0.9928571428571429,10,164,-0.06741073277531838,6.25e-05,baseline
epoch,9,175,175,175.0,-0.2299728700405974,-0.04740605354309082,0.9744897959183674,0.9928571428571429,11,164,-0.06741073277531838,3.125e-05,baseline
epoch,9,176,176,176.0,-0.2310220647881053,-0.05583240888556656,0.9724489795918367,0.9928571428571429,12,164,-0.06741073277531838,3.125e-05,baseline
epoch,9,177,177,177.0,-0.2310786728839465,-0.05162738610287102,0.9724489795918367,0.9928571428571429,13,164,-0.06741073277531838,3.125e-05,baseline
epoch,9,178,178,178.0,-0.23179419924703876,-0.05881133906695307,0.9734693877551021,0.9918367346938776,14,164,-0.06741073277531838,3.125e-05,baseline
epoch,9,179,179,179.0,-0.23207881197379,-0.061240995660120125,0.976530612244898,0.9918367346938776,15,164,-0.06741073277531838,3.125e-05,baseline
epoch,9,180,180,180.0,-0.23199086401143526,-0.06818455944255906,0.9734693877551021,0.9928571428571429,0,180,-0.06818455944255906,3.125e-05,baseline
epoch,9,181,181,181.0,-0.23226411788285814,-0.061209959886511976,0.9724489795918367,0.9918367346938776,1,180,-0.06818455944255906,3.125e-05,baseline
epoch,9,182,182,182.0,-0.23196089754796248,-0.060155583887684105,0.976530612244898,0.9918367346938776,2,180,-0.06818455944255906,3.125e-05,baseline
epoch,9,183,183,183.0,-0.2324967145067435,-0.06823582430275119,0.9755102040816327,0.9928571428571429,0,183,-0.06823582430275119,3.125e-05,baseline
epoch,9,184,184,184.0,-0.23288935812549766,-0.059935799180244914,0.9734693877551021,0.9928571428571429,1,183,-0.06823582430275119,3.125e-05,baseline
epoch,9,185,185,185.0,-0.23259076966206801,-0.06173497657386624,0.9775510204081632,0.9918367346938776,2,183,-0.06823582430275119,3.125e-05,baseline
epoch,9,186,186,186.0,-0.23245775736145394,-0.048903731180697074,0.9714285714285714,0.9928571428571429,3,183,-0.06823582430275119,3.125e-05,baseline
epoch,9,187,187,187.0,-0.23300078745638386,-0.06305888769577961,0.9755102040816327,0.9928571428571429,4,183,-0.06823582430275119,3.125e-05,baseline
epoch,9,188,188,188.0,-0.23302286583264345,-0.06442870728823603,0.9744897959183674,0.9928571428571429,5,183,-0.06823582430275119,3.125e-05,baseline
epoch,9,189,189,189.0,-0.23271899867471807,-0.060105158601488386,0.9744897959183674,0.9928571428571429,6,183,-0.06823582430275119,3.125e-05,baseline
epoch,9,190,190,190.0,-0.23289461551087626,-0.05521842192630379,0.9724489795918367,0.9928571428571429,7,183,-0.06823582430275119,3.125e-05,baseline
epoch,9,191,191,191.0,-0.2323130417284123,-0.07159022044162361,0.9806122448979592,0.9928571428571429,0,191,-0.07159022044162361,3.125e-05,baseline
epoch,9,192,192,192.0,-0.2330567700383125,-0.06506780167015232,0.9775510204081632,0.9928571428571429,1,191,-0.07159022044162361,3.125e-05,baseline
epoch,9,193,193,193.0,-0.23349562095548573,-0.04905888645016417,0.9744897959183674,0.9918367346938776,2,191,-0.07159022044162361,3.125e-05,baseline
epoch,9,194,194,194.0,-0.2324734092732859,-0.06394574179941294,0.9775510204081632,0.9928571428571429,3,191,-0.07159022044162361,3.125e-05,baseline
epoch,9,195,195,195.0,-0.23238534398902058,-0.057018836906978065,0.976530612244898,0.9918367346938776,4,191,-0.07159022044162361,3.125e-05,baseline
epoch,9,196,196,196.0,-0.2332867073452631,-0.05106114003123069,0.9744897959183674,0.9918367346938776,5,191,-0.07159022044162361,3.125e-05,baseline
epoch,9,197,197,197.0,-0.23294352109147287,-0.04644037509451107,0.9724489795918367,0.9928571428571429,6,191,-0.07159022044162361,3.125e-05,baseline
epoch,9,198,198,198.0,-0.2327281032689867,-0.04890357474891507,0.9744897959183674,0.9918367346938776,7,191,-0.07159022044162361,3.125e-05,baseline
epoch,9,199,199,199.0,-0.2335813690863542,-0.060203535216195245,0.976530612244898,0.9928571428571429,8,191,-0.07159022044162361,3.125e-05,baseline
epoch,9,200,200,200.0,-0.2334466879165696,-0.05757328004253154,0.9755102040816327,0.9928571428571429,9,191,-0.07159022044162361,3.125e-05,baseline
