source,seed,epoch,step,real_epoch,tr_loss,vl_loss,vl_tumour,vl_plane,patience_counter,best_epoch,best_val_loss,learning_rate,experiment
epoch,0,1,1,1.0,1.5526302904368907,2.4571103329561192,0.5918367346938775,0.5061224489795918,0,1,2.4571103329561192,0.001,filtered_r2
epoch,0,2,2,2.0,0.8962719668651901,1.070495935848781,0.8030612244897959,0.9714285714285714,0,2,1.070495935848781,0.001,filtered_r2
epoch,0,3,3,3.0,0.6890981137526428,2.1252801564275003,0.5795918367346938,0.7306122448979592,1,2,1.070495935848781,0.001,filtered_r2
epoch,0,4,4,4.0,0.5752109449877487,2.0979170487851513,0.4816326530612245,0.9673469387755103,2,2,1.070495935848781,0.001,filtered_r2
epoch,0,5,5,5.0,0.4948664053139688,1.6704413993018015,0.6336734693877552,0.9418367346938775,3,2,1.070495935848781,0.001,filtered_r2
epoch,0,6,6,6.0,0.4119187098725878,1.4079542203825348,0.7244897959183674,0.8561224489795919,4,2,1.070495935848781,0.001,filtered_r2
epoch,0,7,7,7.0,0.32054562338385734,0.7968797012251251,0.8857142857142857,0.9173469387755102,0,7,0.7968797012251251,0.001,filtered_r2
epoch,0,8,8,8.0,0.2683669157284914,1.170948085492971,0.7081632653061225,0.9214285714285714,1,7,0.7968797012251251,0.001,filtered_r2
epoch,0,9,9,9.0,0.24749524551784816,1.8184991748965516,0.8214285714285714,0.6918367346938775,2,7,0.7968797012251251,0.001,filtered_r2
epoch,0,10,10,10.0,0.19107255740523305,0.7943185864662637,0.7928571428571428,0.95,0,10,0.7943185864662637,0.001,filtered_r2
epoch,0,11,11,11.0,0.11539459089374347,0.8869920280514931,0.8510204081632653,0.8724489795918368,1,10,0.7943185864662637,0.001,filtered_r2
epoch,0,12,12,12.0,0.09377416156978068,0.5184752189383215,0.8714285714285714,0.9816326530612245,0,12,0.5184752189383215,0.001,filtered_r2
epoch,0,13,13,13.0,0.030646911020838278,1.1901645563086685,0.7551020408163265,0.9489795918367347,1,12,0.5184752189383215,0.001,filtered_r2
epoch,0,14,14,14.0,0.024501846836369485,0.8301500082015991,0.7846938775510204,0.9683673469387755,2,12,0.5184752189383215,0.001,filtered_r2
epoch,0,15,15,15.0,-0.009203529319646304,0.38028508619386325,0.8989795918367347,0.9918367346938776,0,15,0.38028508619386325,0.001,filtered_r2
epoch,0,16,16,16.0,-0.04369026259009609,0.27964108452504993,0.9459183673469388,0.9622448979591837,0,16,0.27964108452504993,0.001,filtered_r2
epoch,0,17,17,17.0,-0.06385305820417224,1.804880969378413,0.6857142857142857,0.8704081632653061,1,16,0.27964108452504993,0.001,filtered_r2
epoch,0,18,18,18.0,-0.09485255595299882,3.8707046752073326,0.7173469387755103,0.5469387755102041,2,16,0.27964108452504993,0.001,filtered_r2
epoch,0,19,19,19.0,-0.0759357932464771,2.310117959003059,0.6255102040816326,0.9551020408163265,3,16,0.27964108452504993,0.001,filtered_r2
epoch,0,20,20,20.0,-0.08866950127763305,0.8522421814957444,0.8255102040816327,0.9897959183673469,4,16,0.27964108452504993,0.001,filtered_r2
epoch,0,21,21,21.0,-0.13369919532306138,0.12470769055035649,0.9469387755102041,0.9887755102040816,0,21,0.12470769055035649,0.001,filtered_r2
epoch,0,22,22,22.0,-0.1609708522442377,0.08207433491337056,0.9591836734693877,0.9836734693877551,0,22,0.08207433491337056,0.001,filtered_r2
epoch,0,23,23,23.0,-0.14596453758659397,3.1964469792891523,0.5163265306122449,0.8765306122448979,1,22,0.08207433491337056,0.001,filtered_r2
epoch,0,24,24,24.0,-0.15483222810944489,2.6501361632833675,0.5744897959183674,0.9438775510204082,2,22,0.08207433491337056,0.001,filtered_r2
epoch,0,25,25,25.0,-0.17196779429199469,0.9820469963307283,0.7959183673469388,0.9704081632653061,3,22,0.08207433491337056,0.001,filtered_r2
epoch,0,26,26,26.0,-0.20045273962123838,0.3812736243617778,0.8959183673469387,0.9816326530612245,4,22,0.08207433491337056,0.001,filtered_r2
epoch,0,27,27,27.0,-0.2095675613499606,0.5373104727998071,0.8785714285714286,0.9877551020408163,5,22,0.08207433491337056,0.001,filtered_r2
epoch,0,28,28,28.0,-0.21498886002094503,0.6298350231988089,0.8591836734693877,0.9663265306122449,6,22,0.08207433491337056,0.001,filtered_r2
epoch,0,29,29,29.0,-0.12588605080327106,1.5583409075834314,0.7244897959183674,0.9081632653061225,7,22,0.08207433491337056,0.001,filtered_r2
epoch,0,30,30,30.0,-0.12876591732524942,1.2808606454304285,0.7316326530612245,0.9795918367346939,8,22,0.08207433491337056,0.001,filtered_r2
epoch,0,31,31,31.0,-0.19308781928211877,0.4976135691817926,0.8755102040816326,0.9795918367346939,9,22,0.08207433491337056,0.001,filtered_r2
epoch,0,32,32,32.0,-0.21344037987520093,0.10079496782653186,0.9438775510204082,0.9836734693877551,10,22,0.08207433491337056,0.001,filtered_r2
epoch,0,33,33,33.0,-0.22701316574484606,0.23866403978698109,0.9071428571428571,0.9918367346938776,11,22,0.08207433491337056,0.0005,filtered_r2
epoch,0,34,34,34.0,-0.24050612367204788,-0.09646233441878338,0.9857142857142858,0.9918367346938776,0,34,-0.09646233441878338,0.0005,filtered_r2
epoch,0,35,35,35.0,-0.24415373010819041,-0.09443734616649394,0.9857142857142858,0.9918367346938776,1,34,-0.09646233441878338,0.0005,filtered_r2
epoch,0,36,36,36.0,-0.24474805560444546,-0.0822889366928412,0.976530612244898,0.9928571428571429,2,34,-0.09646233441878338,0.0005,filtered_r2
epoch,0,37,37,37.0,-0.2455933467445062,-0.1089932276278126,0.9826530612244898,0.9938775510204082,0,37,-0.1089932276278126,0.0005,filtered_r2
epoch,0,38,38,38.0,-0.24402105356048903,-0.07445144604663459,0.9795918367346939,0.9928571428571429,1,37,-0.1089932276278126,0.0005,filtered_r2
epoch,0,39,39,39.0,-0.24687734977615308,-0.06594660574076128,0.9795918367346939,0.9928571428571429,2,37,-0.1089932276278126,0.0005,filtered_r2
epoch,0,40,40,40.0,-0.24482324014156664,-0.04619425413559894,0.9795918367346939,0.9918367346938776,3,37,-0.1089932276278126,0.0005,filtered_r2
epoch,0,41,41,41.0,-0.24497811979338904,-0.09122126686329744,0.9785714285714285,0.9928571428571429,4,37,-0.1089932276278126,0.0005,filtered_r2
epoch,0,42,42,42.0,-0.24669493123049774,-0.07200212527294549,0.9846938775510204,0.9908163265306122,5,37,-0.1089932276278126,0.0005,filtered_r2
epoch,0,43,43,43.0,-0.24465857471847868,-0.09403432777949743,0.9846938775510204,0.9908163265306122,6,37,-0.1089932276278126,0.0005,filtered_r2
epoch,0,44,44,44.0,-0.2477602942330099,-0.07931180973442234,0.9795918367346939,0.9938775510204082,7,37,-0.1089932276278126,0.0005,filtered_r2
epoch,0,45,45,45.0,-0.248513543609283,-0.0920440741947719,0.9816326530612245,0.9928571428571429,8,37,-0.1089932276278126,0.0005,filtered_r2
epoch,0,46,46,46.0,-0.24637724743106465,-0.04013747147151402,0.9693877551020408,0.9897959183673469,9,37,-0.1089932276278126,0.0005,filtered_r2
epoch,0,47,47,47.0,-0.22967641288210777,1.5801011995393404,0.7479591836734694,0.9510204081632653,10,37,-0.1089932276278126,0.0005,filtered_r2
epoch,0,48,48,48.0,-0.15939460010823545,3.170468384878976,0.5591836734693878,0.9795918367346939,11,37,-0.1089932276278126,0.00025,filtered_r2
epoch,0,49,49,49.0,-0.22986419212376372,-0.0364054164107965,0.9714285714285714,0.9928571428571429,12,37,-0.1089932276278126,0.00025,filtered_r2
epoch,0,50,50,50.0,-0.24678780905943692,-0.0810977400565634,0.9775510204081632,0.9897959183673469,13,37,-0.1089932276278126,0.00025,filtered_r2
epoch,0,51,51,51.0,-0.24980893725029818,-0.08297810554504395,0.9806122448979592,0.9938775510204082,14,37,-0.1089932276278126,0.00025,filtered_r2
epoch,0,52,52,52.0,-0.2507440829924045,-0.08628899369921003,0.9755102040816327,0.9938775510204082,15,37,-0.1089932276278126,0.00025,filtered_r2
epoch,0,53,53,53.0,-0.25159466464908403,-0.08187961043143759,0.9795918367346939,0.9918367346938776,16,37,-0.1089932276278126,0.00025,filtered_r2
epoch,0,54,54,54.0,-0.2514086043935564,-0.1131637733809802,0.9836734693877551,0.9938775510204082,0,54,-0.1131637733809802,0.00025,filtered_r2
epoch,0,55,55,55.0,-0.2510336606538014,-0.11245440025718845,0.9877551020408163,0.9948979591836735,1,54,-0.1131637733809802,0.00025,filtered_r2
epoch,0,56,56,56.0,-0.25247596777803805,-0.1112638166972569,0.9846938775510204,0.9928571428571429,2,54,-0.1131637733809802,0.00025,filtered_r2
epoch,0,57,57,57.0,-0.25148853970088797,-0.08862543106079102,0.9795918367346939,0.9938775510204082,3,54,-0.1131637733809802,0.00025,filtered_r2
epoch,0,58,58,58.0,-0.25273379286072295,-0.10498644478467047,0.9826530612244898,0.9948979591836735,4,54,-0.1131637733809802,0.00025,filtered_r2
epoch,0,59,59,59.0,-0.2525825906259032,-0.1039917702577552,0.9826530612244898,0.9918367346938776,5,54,-0.1131637733809802,0.00025,filtered_r2
epoch,0,60,60,60.0,-0.25211855269118444,-0.1069448471069336,0.9826530612244898,0.9928571428571429,6,54,-0.1131637733809802,0.00025,filtered_r2
epoch,0,61,61,61.0,-0.25228919367557856,-0.05754559769922373,0.9734693877551021,0.9938775510204082,7,54,-0.1131637733809802,0.00025,filtered_r2
epoch,0,62,62,62.0,-0.25173661193661206,-0.08293085292894013,0.9795918367346939,0.9938775510204082,8,54,-0.1131637733809802,0.00025,filtered_r2
epoch,0,63,63,63.0,-0.2528922004570306,-0.09463424779930893,0.9795918367346939,0.9928571428571429,9,54,-0.1131637733809802,0.00025,filtered_r2
epoch,0,64,64,64.0,-0.2513300163390374,-0.05518586489619041,0.9775510204081632,0.9918367346938776,10,54,-0.1131637733809802,0.00025,filtered_r2
epoch,0,65,65,65.0,-0.25158472338744076,-0.09804725744286362,0.9785714285714285,0.9948979591836735,11,54,-0.1131637733809802,0.000125,filtered_r2
epoch,0,66,66,66.0,-0.2537003652083133,-0.08746476562655701,0.9785714285714285,0.9948979591836735,12,54,-0.1131637733809802,0.000125,filtered_r2
epoch,0,67,67,67.0,-0.2548001973664479,-0.10102709556112484,0.9816326530612245,0.9938775510204082,13,54,-0.1131637733809802,0.000125,filtered_r2
epoch,0,68,68,68.0,-0.25462060904134143,-0.11030614911293497,0.9816326530612245,0.9948979591836735,14,54,-0.1131637733809802,0.000125,filtered_r2
epoch,0,69,69,69.0,-0.2542471605137551,-0.12146080951301419,0.9846938775510204,0.9938775510204082,0,69,-0.12146080951301419,0.000125,filtered_r2
epoch,0,70,70,70.0,-0.25436048984945014,-0.12090514825314892,0.9836734693877551,0.9938775510204082,1,69,-0.12146080951301419,0.000125,filtered_r2
epoch,0,71,71,71.0,-0.2548078008285235,-0.0854748365830402,0.9816326530612245,0.9938775510204082,2,69,-0.12146080951301419,0.000125,filtered_r2
epoch,0,72,72,72.0,-0.2543311156125955,-0.09689029236229099,0.9795918367346939,0.9928571428571429,3,69,-0.12146080951301419,0.000125,filtered_r2
epoch,0,73,73,73.0,-0.25389292878801284,-0.11987382830405721,0.9857142857142858,0.9948979591836735,4,69,-0.12146080951301419,0.000125,filtered_r2
epoch,0,74,74,74.0,-0.25488073141608947,-0.09193016606934216,0.9826530612244898,0.9938775510204082,5,69,-0.12146080951301419,0.000125,filtered_r2
epoch,0,75,75,75.0,-0.25463032096337396,-0.11603004056580213,0.9826530612244898,0.9938775510204082,6,69,-0.12146080951301419,0.000125,filtered_r2
epoch,0,76,76,76.0,-0.2546865796778478,-0.08534344021154909,0.9795918367346939,0.9928571428571429,7,69,-0.12146080951301419,0.000125,filtered_r2
epoch,0,77,77,77.0,-0.2546256251365755,-0.10666164865299146,0.9816326530612245,0.9928571428571429,8,69,-0.12146080951301419,0.000125,filtered_r2
epoch,0,78,78,78.0,-0.2543123461673515,-0.09334659041190634,0.9795918367346939,0.9938775510204082,9,69,-0.12146080951301419,0.000125,filtered_r2
epoch,0,79,79,79.0,-0.2557310966385117,-0.10820484939886599,0.9816326530612245,0.9938775510204082,10,69,-0.12146080951301419,0.000125,filtered_r2
epoch,0,80,80,80.0,-0.2552069321574781,-0.08500970577707095,0.9795918367346939,0.9918367346938776,11,69,-0.12146080951301419,6.25e-05,filtered_r2
epoch,0,81,81,81.0,-0.2553284013100884,-0.10864712024221615,0.9836734693877551,0.9938775510204082,12,69,-0.12146080951301419,6.25e-05,filtered_r2
epoch,0,82,82,82.0,-0.2558342723655812,-0.10107219462492029,0.9806122448979592,0.9938775510204082,13,69,-0.12146080951301419,6.25e-05,filtered_r2
epoch,0,83,83,83.0,-0.25607856625469844,-0.10452510288783483,0.9826530612244898,0.9948979591836735,14,69,-0.12146080951301419,6.25e-05,filtered_r2
epoch,0,84,84,84.0,-0.2562399460130507,-0.09249283878170714,0.9816326530612245,0.9938775510204082,15,69,-0.12146080951301419,6.25e-05,filtered_r2
epoch,0,85,85,85.0,-0.25596909902865944,-0.11861047501466712,0.9836734693877551,0.9938775510204082,16,69,-0.12146080951301419,6.25e-05,filtered_r2
epoch,0,86,86,86.0,-0.2559472076183928,-0.09207065348722497,0.9816326530612245,0.9938775510204082,17,69,-0.12146080951301419,6.25e-05,filtered_r2
epoch,0,87,87,87.0,-0.25605362810266236,-0.10212237883587273,0.9826530612244898,0.9938775510204082,18,69,-0.12146080951301419,6.25e-05,filtered_r2
epoch,0,88,88,88.0,-0.25607293661600095,-0.11060734768303074,0.9826530612244898,0.9938775510204082,19,69,-0.12146080951301419,6.25e-05,filtered_r2
epoch,0,89,89,89.0,-0.2559079463154225,-0.11298784917714644,0.9826530612244898,0.9948979591836735,20,69,-0.12146080951301419,6.25e-05,filtered_r2
epoch,0,90,90,90.0,-0.2559108643341176,-0.11602262282858089,0.9816326530612245,0.9938775510204082,21,69,-0.12146080951301419,6.25e-05,filtered_r2
epoch,0,91,91,91.0,-0.2560822379669087,-0.09996132510049002,0.9816326530612245,0.9938775510204082,22,69,-0.12146080951301419,3.125e-05,filtered_r2
epoch,0,92,92,92.0,-0.25680738779696355,-0.11150354073972119,0.9826530612244898,0.9948979591836735,23,69,-0.12146080951301419,3.125e-05,filtered_r2
epoch,0,93,93,93.0,-0.256786224686929,-0.10304287890998684,0.9806122448979592,0.9938775510204082,24,69,-0.12146080951301419,3.125e-05,filtered_r2
epoch,0,94,94,94.0,-0.25646476464540086,-0.11020837365364541,0.9826530612244898,0.9938775510204082,25,69,-0.12146080951301419,3.125e-05,filtered_r2
epoch,0,95,95,95.0,-0.2565632402844703,-0.11365853280437235,0.9857142857142858,0.9938775510204082,26,69,-0.12146080951301419,3.125e-05,filtered_r2
epoch,0,96,96,96.0,-0.2569316394968425,-0.11248913151877267,0.9836734693877551,0.9938775510204082,27,69,-0.12146080951301419,3.125e-05,filtered_r2
epoch,0,97,97,97.0,-0.25659330405331854,-0.09507509299686977,0.9795918367346939,0.9928571428571429,28,69,-0.12146080951301419,3.125e-05,filtered_r2
epoch,0,98,98,98.0,-0.25687760145976585,-0.11086980566686513,0.9816326530612245,0.9948979591836735,29,69,-0.12146080951301419,3.125e-05,filtered_r2
epoch,0,99,99,99.0,-0.2567680593409342,-0.10423262946459712,0.9836734693877551,0.9948979591836735,30,69,-0.12146080951301419,3.125e-05,filtered_r2
epoch,1,1,1,1.0,1.4106212564275813,1.6175000122615268,0.7826530612244897,0.6948979591836735,0,1,1.6175000122615268,0.001,filtered_r2
epoch,1,2,2,2.0,0.8581479555634531,1.810492195401873,0.6683673469387755,0.8040816326530612,1,1,1.6175000122615268,0.001,filtered_r2
epoch,1,3,3,3.0,0.6753986376800515,1.0152529667834846,0.8448979591836735,0.9714285714285714,0,3,1.0152529667834846,0.001,filtered_r2
epoch,1,4,4,4.0,0.5771539197706919,1.7636500524014842,0.6153061224489796,0.9377551020408164,1,3,1.0152529667834846,0.001,filtered_r2
epoch,1,5,5,5.0,0.47528406666324896,1.0813124325810646,0.7857142857142857,0.9928571428571429,2,3,1.0152529667834846,0.001,filtered_r2
epoch,1,6,6,6.0,0.37923223308964515,1.8757926357035735,0.573469387755102,0.9163265306122449,3,3,1.0152529667834846,0.001,filtered_r2
epoch,1,7,7,7.0,0.35243572336019635,0.8924012091695046,0.7846938775510204,0.9928571428571429,0,7,0.8924012091695046,0.001,filtered_r2
epoch,1,8,8,8.0,0.27562854952321025,0.7052707477491729,0.8571428571428571,0.95,0,8,0.7052707477491729,0.001,filtered_r2
epoch,1,9,9,9.0,0.2066484585617456,0.945340455794821,0.7826530612244897,0.960204081632653,1,8,0.7052707477491729,0.001,filtered_r2
epoch,1,10,10,10.0,0.18687347569895585,1.4254598919226198,0.736734693877551,0.9408163265306122,2,8,0.7052707477491729,0.001,filtered_r2
epoch,1,11,11,11.0,0.12603378007180285,0.5989066958427429,0.8785714285714286,0.9357142857142857,0,11,0.5989066958427429,0.001,filtered_r2
epoch,1,12,12,12.0,0.05934033788325385,1.7921815745684566,0.6326530612244898,0.9244897959183673,1,11,0.5989066958427429,0.001,filtered_r2
epoch,1,13,13,13.0,0.023905299601764973,0.6236060040337699,0.9122448979591836,0.8785714285714286,2,11,0.5989066958427429,0.001,filtered_r2
epoch,1,14,14,14.0,-0.008481265453614679,1.6649404987996939,0.6510204081632653,0.9795918367346939,3,11,0.5989066958427429,0.001,filtered_r2
epoch,1,15,15,15.0,0.007569218989812775,0.65775169304439,0.8397959183673469,0.9408163265306122,4,11,0.5989066958427429,0.001,filtered_r2
epoch,1,16,16,16.0,-0.05059611684280475,1.4272337884319073,0.7714285714285715,0.863265306122449,5,11,0.5989066958427429,0.001,filtered_r2
epoch,1,17,17,17.0,-0.07191509307561339,2.1532850479593084,0.6377551020408163,0.8448979591836735,6,11,0.5989066958427429,0.001,filtered_r2
epoch,1,18,18,18.0,-0.10399248814283671,1.0028233250793146,0.8306122448979592,0.923469387755102,7,11,0.5989066958427429,0.001,filtered_r2
epoch,1,19,19,19.0,-0.11124964276242263,0.6350032765038159,0.8693877551020408,0.9846938775510204,8,11,0.5989066958427429,0.001,filtered_r2
epoch,1,20,20,20.0,-0.12166736725644951,1.368997776265047,0.7061224489795919,0.9846938775510204,9,11,0.5989066958427429,0.001,filtered_r2
epoch,1,21,21,21.0,-0.09364482363007108,0.4564687514791683,0.9051020408163265,0.9581632653061225,0,21,0.4564687514791683,0.001,filtered_r2
epoch,1,22,22,22.0,-0.1278088303429064,0.7244412120507688,0.826530612244898,0.9928571428571429,1,21,0.4564687514791683,0.001,filtered_r2
epoch,1,23,23,23.0,-0.1803217773399932,0.24757663108864608,0.9540816326530612,0.9622448979591837,0,23,0.24757663108864608,0.001,filtered_r2
epoch,1,24,24,24.0,-0.18797186037037997,2.708305024127571,0.5316326530612245,0.9530612244897959,1,23,0.24757663108864608,0.001,filtered_r2
epoch,1,25,25,25.0,-0.1942205828064762,0.7575101920536587,0.8051020408163265,0.9908163265306122,2,23,0.24757663108864608,0.001,filtered_r2
epoch,1,26,26,26.0,-0.1938775377089893,0.6459161636780719,0.8540816326530613,0.9836734693877551,3,23,0.24757663108864608,0.001,filtered_r2
epoch,1,27,27,27.0,-0.11800758823695877,1.4309644489872213,0.7969387755102041,0.8918367346938776,4,23,0.24757663108864608,0.001,filtered_r2
epoch,1,28,28,28.0,-0.14894017682396918,1.5271929585203832,0.75,0.9714285714285714,5,23,0.24757663108864608,0.001,filtered_r2
epoch,1,29,29,29.0,-0.19789750987529617,0.14914483440165616,0.9346938775510204,0.9938775510204082,0,29,0.14914483440165616,0.001,filtered_r2
epoch,1,30,30,30.0,-0.22744876742884756,0.04677299820646948,0.9551020408163265,0.9877551020408163,0,30,0.04677299820646948,0.001,filtered_r2
epoch,1,31,31,31.0,-0.23189961887637345,0.03836877005440848,0.9551020408163265,0.9918367346938776,0,31,0.03836877005440848,0.001,filtered_r2
epoch,1,32,32,32.0,-0.23238127853211557,0.17970293881941815,0.9357142857142857,0.9918367346938776,1,31,0.03836877005440848,0.001,filtered_r2
epoch,1,33,33,33.0,-0.22097093209532978,1.2721927370343888,0.763265306122449,0.9295918367346939,2,31,0.03836877005440848,0.001,filtered_r2
epoch,1,34,34,34.0,-0.10793242281993624,0.9445683990206037,0.8775510204081632,0.9153061224489796,3,31,0.03836877005440848,0.001,filtered_r2
epoch,1,35,35,35.0,-0.11604469011015679,0.46757212415033456,0.9081632653061225,0.9622448979591837,4,31,0.03836877005440848,0.001,filtered_r2
epoch,1,36,36,36.0,-0.20692130353661575,0.2693131870152999,0.9204081632653062,0.9897959183673469,5,31,0.03836877005440848,0.001,filtered_r2
epoch,1,37,37,37.0,-0.22800631670274224,0.2900240679176486,0.9061224489795918,0.9938775510204082,6,31,0.03836877005440848,0.001,filtered_r2
epoch,1,38,38,38.0,-0.23680652271459426,-0.04527788308202004,0.9714285714285714,0.9948979591836735,0,38,-0.04527788308202004,0.001,filtered_r2
epoch,1,39,39,39.0,-0.2428991980513714,-0.07126893315996442,0.9734693877551021,0.9959183673469387,0,39,-0.07126893315996442,0.001,filtered_r2
epoch,1,40,40,40.0,-0.24346232436856063,-0.0336176079146716,0.9693877551020408,0.9918367346938776,1,39,-0.07126893315996442,0.001,filtered_r2
epoch,1,41,41,41.0,-0.24543430638584618,-0.006189240728105817,0.9663265306122449,0.9918367346938776,2,39,-0.07126893315996442,0.001,filtered_r2
epoch,1,42,42,42.0,-0.2442642604605533,0.06474197592054094,0.9510204081632653,0.9928571428571429,3,39,-0.07126893315996442,0.001,filtered_r2
epoch,1,43,43,43.0,-0.24439976912460348,0.27494917207834674,0.9153061224489796,0.9918367346938776,4,39,-0.07126893315996442,0.001,filtered_r2
epoch,1,44,44,44.0,-0.16559502411973973,14.572858238220215,0.23877551020408164,0.5183673469387755,5,39,-0.07126893315996442,0.001,filtered_r2
epoch,1,45,45,45.0,-0.1400884963487236,1.9099313482946279,0.7357142857142858,0.8877551020408163,6,39,-0.07126893315996442,0.001,filtered_r2
epoch,1,46,46,46.0,-0.21134937063472625,0.1849182177563103,0.9387755102040817,0.9836734693877551,7,39,-0.07126893315996442,0.001,filtered_r2
epoch,1,47,47,47.0,-0.22604420888100415,0.03047181440859425,0.9571428571428572,0.9908163265306122,8,39,-0.07126893315996442,0.001,filtered_r2
epoch,1,48,48,48.0,-0.24290889579838623,-0.041604532027731136,0.9704081632653061,0.9938775510204082,9,39,-0.07126893315996442,0.001,filtered_r2
epoch,1,49,49,49.0,-0.24456143201806296,-0.043927896266080894,0.9683673469387755,0.9928571428571429,10,39,-0.07126893315996442,0.001,filtered_r2
epoch,1,50,50,50.0,-0.2463461478771536,-0.05938567288067876,0.9795918367346939,0.9928571428571429,11,39,-0.07126893315996442,0.0005,filtered_r2
epoch,1,51,51,51.0,-0.25069295363416466,-0.093332839012146,0.9806122448979592,0.9928571428571429,0,51,-0.093332839012146,0.0005,filtered_r2
epoch,1,52,52,52.0,-0.25170580075299875,-0.07634059361049107,0.9734693877551021,0.9938775510204082,1,51,-0.093332839012146,0.0005,filtered_r2
epoch,1,53,53,53.0,-0.25157449909504626,-0.08641432012830462,0.976530612244898,0.9928571428571429,2,51,-0.093332839012146,0.0005,filtered_r2
epoch,1,54,54,54.0,-0.2520745968136872,-0.09042500233163639,0.9755102040816327,0.9938775510204082,3,51,-0.093332839012146,0.0005,filtered_r2
epoch,1,55,55,55.0,-0.2511284555364775,-0.05774494823144407,0.976530612244898,0.9938775510204082,4,51,-0.093332839012146,0.0005,filtered_r2
epoch,1,56,56,56.0,-0.2524543288744049,-0.08364500415568449,0.9775510204081632,0.9948979591836735,5,51,-0.093332839012146,0.0005,filtered_r2
epoch,1,57,57,57.0,-0.252855172788989,-0.08755225210773701,0.9806122448979592,0.9938775510204082,6,51,-0.093332839012146,0.0005,filtered_r2
epoch,1,58,58,58.0,-0.2532328472284941,-0.06963218815472662,0.9724489795918367,0.9948979591836735,7,51,-0.093332839012146,0.0005,filtered_r2
epoch,1,59,59,59.0,-0.25206537538205076,-0.08727899765481754,0.9795918367346939,0.9938775510204082,8,51,-0.093332839012146,0.0005,filtered_r2
epoch,1,60,60,60.0,-0.25155128161622653,-0.046769761066047515,0.9714285714285714,0.9948979591836735,9,51,-0.093332839012146,0.0005,filtered_r2
epoch,1,61,61,61.0,-0.2528420088414308,-0.08876536379055101,0.9826530612244898,0.9948979591836735,10,51,-0.093332839012146,0.0005,filtered_r2
epoch,1,62,62,62.0,-0.25151707639421494,0.01924552479568793,0.9591836734693877,0.9908163265306122,11,51,-0.093332839012146,0.00025,filtered_r2
epoch,1,63,63,63.0,-0.25382469691442683,-0.0747311037413928,0.9734693877551021,0.9948979591836735,12,51,-0.093332839012146,0.00025,filtered_r2
epoch,1,64,64,64.0,-0.2553600234612453,-0.05589892912884148,0.9704081632653061,0.9948979591836735,13,51,-0.093332839012146,0.00025,filtered_r2
epoch,1,65,65,65.0,-0.25563339340745933,-0.0737348746280281,0.9734693877551021,0.9948979591836735,14,51,-0.093332839012146,0.00025,filtered_r2
epoch,1,66,66,66.0,-0.25462341115535225,-0.08022295942111891,0.9755102040816327,0.9948979591836735,15,51,-0.093332839012146,0.00025,filtered_r2
epoch,1,67,67,67.0,-0.2550809443744863,-0.0913743763553853,0.9755102040816327,0.9948979591836735,16,51,-0.093332839012146,0.00025,filtered_r2
epoch,1,68,68,68.0,-0.25567932787392345,-0.05605717386518206,0.9693877551020408,0.9948979591836735,17,51,-0.093332839012146,0.00025,filtered_r2
epoch,1,69,69,69.0,-0.2548401086505036,-0.07583009710117262,0.9744897959183674,0.9938775510204082,18,51,-0.093332839012146,0.00025,filtered_r2
epoch,1,70,70,70.0,-0.2550094008167457,-0.05820438375278395,0.9714285714285714,0.9948979591836735,19,51,-0.093332839012146,0.00025,filtered_r2
epoch,1,71,71,71.0,-0.25546035218384927,-0.07522672877019765,0.9714285714285714,0.9948979591836735,20,51,-0.093332839012146,0.00025,filtered_r2
epoch,1,72,72,72.0,-0.25398442565716495,-0.053447417337067274,0.9704081632653061,0.9948979591836735,21,51,-0.093332839012146,0.00025,filtered_r2
epoch,1,73,73,73.0,-0.24915532713420613,-0.04071300759607432,0.9724489795918367,0.9948979591836735,22,51,-0.093332839012146,0.000125,filtered_r2
epoch,1,74,74,74.0,-0.2550338554876276,-0.07467046513849375,0.9744897959183674,0.9938775510204082,23,51,-0.093332839012146,0.000125,filtered_r2
epoch,1,75,75,75.0,-0.25632178978214537,-0.07775307139571833,0.9734693877551021,0.9938775510204082,24,51,-0.093332839012146,0.000125,filtered_r2
epoch,1,76,76,76.0,-0.2563538190780731,-0.07704256797323422,0.9734693877551021,0.9948979591836735,25,51,-0.093332839012146,0.000125,filtered_r2
epoch,1,77,77,77.0,-0.25630029301132723,-0.07707214939350984,0.9734693877551021,0.9948979591836735,26,51,-0.093332839012146,0.000125,filtered_r2
epoch,1,78,78,78.0,-0.2570682782489564,-0.035132992510892906,0.9683673469387755,0.9948979591836735,27,51,-0.093332839012146,0.000125,filtered_r2
epoch,1,79,79,79.0,-0.25575837639910787,-0.07879164413529999,0.9744897959183674,0.9948979591836735,28,51,-0.093332839012146,0.000125,filtered_r2
epoch,1,80,80,80.0,-0.25640654337799235,-0.08033228845012431,0.9795918367346939,0.9948979591836735,29,51,-0.093332839012146,0.000125,filtered_r2
epoch,1,81,81,81.0,-0.2565490439955959,-0.08573535753756154,0.9755102040816327,0.9948979591836735,30,51,-0.093332839012146,0.000125,filtered_r2
epoch,2,1,1,1.0,1.4869077986240526,2.3202060631343295,0.563265306122449,0.5877551020408164,0,1,2.3202060631343295,0.001,filtered_r2
epoch,2,2,2,2.0,0.8398869930393396,1.1361232120163587,0.7642857142857142,0.9438775510204082,0,2,1.1361232120163587,0.001,filtered_r2
epoch,2,3,3,3.0,0.6841555841121445,2.26432903056242,0.47959183673469385,0.8367346938775511,1,2,1.1361232120163587,0.001,filtered_r2
epoch,2,4,4,4.0,0.5607498938292221,1.0581532288570794,0.7724489795918368,0.9806122448979592,0,4,1.0581532288570794,0.001,filtered_r2
epoch,2,5,5,5.0,0.46399845477266427,1.4674479523483588,0.6265306122448979,0.9826530612244898,1,4,1.0581532288570794,0.001,filtered_r2
epoch,2,6,6,6.0,0.38215471731527645,0.9677575870436065,0.8336734693877551,0.8826530612244898,0,6,0.9677575870436065,0.001,filtered_r2
epoch,2,7,7,7.0,0.33868029233593266,2.4046253544943674,0.5112244897959184,0.8877551020408163,1,6,0.9677575870436065,0.001,filtered_r2
epoch,2,8,8,8.0,0.2723967784655348,0.5214939866747175,0.9316326530612244,0.9551020408163265,0,8,0.5214939866747175,0.001,filtered_r2
epoch,2,9,9,9.0,0.19585979684017685,1.0175651525964542,0.7591836734693878,0.9214285714285714,1,8,0.5214939866747175,0.001,filtered_r2
epoch,2,10,10,10.0,0.15222808289952275,1.509946938923427,0.6112244897959184,0.9561224489795919,2,8,0.5214939866747175,0.001,filtered_r2
epoch,2,11,11,11.0,0.1210793884460732,1.5034594292543373,0.7071428571428572,0.8326530612244898,3,8,0.5214939866747175,0.001,filtered_r2
epoch,2,12,12,12.0,0.06726735896399114,1.5188939697888433,0.6204081632653061,0.9346938775510204,4,8,0.5214939866747175,0.001,filtered_r2
epoch,2,13,13,13.0,0.051742652275139994,2.7373837091484847,0.4816326530612245,0.9734693877551021,5,8,0.5214939866747175,0.001,filtered_r2
epoch,2,14,14,14.0,-0.009589987643647897,0.8017780895135841,0.7857142857142857,0.9887755102040816,6,8,0.5214939866747175,0.001,filtered_r2
epoch,2,15,15,15.0,-0.04152593904519728,0.7626271712536714,0.860204081632653,0.9316326530612244,7,8,0.5214939866747175,0.001,filtered_r2
epoch,2,16,16,16.0,-0.033808302246240686,0.24891720426325895,0.9448979591836735,0.9693877551020408,0,16,0.24891720426325895,0.001,filtered_r2
epoch,2,17,17,17.0,-0.065247429419023,0.5975480867891896,0.8693877551020408,0.9795918367346939,1,16,0.24891720426325895,0.001,filtered_r2
epoch,2,18,18,18.0,-0.08468507544654154,1.8008422929413466,0.7234693877551021,0.8908163265306123,2,16,0.24891720426325895,0.001,filtered_r2
epoch,2,19,19,19.0,-0.12620731590786932,0.4307646894941525,0.9091836734693878,0.9816326530612245,3,16,0.24891720426325895,0.001,filtered_r2
epoch,2,20,20,20.0,-0.14962043360784447,0.49380606875127675,0.8336734693877551,0.9897959183673469,4,16,0.24891720426325895,0.001,filtered_r2
epoch,2,21,21,21.0,-0.09042804408845659,2.291685894557408,0.6326530612244898,0.8775510204081632,5,16,0.24891720426325895,0.001,filtered_r2
epoch,2,22,22,22.0,-0.10208196623665548,0.3401753695643678,0.8959183673469387,0.976530612244898,6,16,0.24891720426325895,0.001,filtered_r2
epoch,2,23,23,23.0,-0.15992274876061074,1.0572821495484332,0.7857142857142857,0.9857142857142858,7,16,0.24891720426325895,0.001,filtered_r2
epoch,2,24,24,24.0,-0.16881463991715603,1.7524547323888662,0.746938775510204,0.9959183673469387,8,16,0.24891720426325895,0.001,filtered_r2
epoch,2,25,25,25.0,-0.18493206569882012,1.3837518473060764,0.8357142857142857,0.7938775510204081,9,16,0.24891720426325895,0.001,filtered_r2
epoch,2,26,26,26.0,-0.20573229531626816,0.2524379774015777,0.9418367346938775,0.9816326530612245,10,16,0.24891720426325895,0.001,filtered_r2
epoch,2,27,27,27.0,-0.21769861335618035,0.3110173575732173,0.9,0.9928571428571429,11,16,0.24891720426325895,0.0005,filtered_r2
epoch,2,28,28,28.0,-0.2297603394222009,-0.11804138081414359,0.9826530612244898,0.9928571428571429,0,28,-0.11804138081414359,0.0005,filtered_r2
epoch,2,29,29,29.0,-0.23699682811832234,-0.11248744507225192,0.9857142857142858,0.9928571428571429,1,28,-0.11804138081414359,0.0005,filtered_r2
epoch,2,30,30,30.0,-0.2374889302573748,-0.12734092328013205,0.986734693877551,0.9959183673469387,0,30,-0.12734092328013205,0.0005,filtered_r2
epoch,2,31,31,31.0,-0.2400861715206016,-0.10318891466880331,0.9846938775510204,0.9938775510204082,1,30,-0.12734092328013205,0.0005,filtered_r2
epoch,2,32,32,32.0,-0.24092064367844754,-0.1119059319398841,0.9857142857142858,0.9948979591836735,2,30,-0.12734092328013205,0.0005,filtered_r2
epoch,2,33,33,33.0,-0.24011258173517627,-0.07725301032163659,0.9785714285714285,0.9938775510204082,3,30,-0.12734092328013205,0.0005,filtered_r2
epoch,2,34,34,34.0,-0.2400726791474504,-0.10391864581983917,0.9826530612244898,0.9948979591836735,4,30,-0.12734092328013205,0.0005,filtered_r2
epoch,2,35,35,35.0,-0.24274945412149643,0.25516502565267135,0.9163265306122449,0.9938775510204082,5,30,-0.12734092328013205,0.0005,filtered_r2
epoch,2,36,36,36.0,-0.2452398175430743,-0.11136843087721844,0.9816326530612245,0.9938775510204082,6,30,-0.12734092328013205,0.0005,filtered_r2
epoch,2,37,37,37.0,-0.24285637269675436,0.06224062053524718,0.9591836734693877,0.986734693877551,7,30,-0.12734092328013205,0.0005,filtered_r2
epoch,2,38,38,38.0,-0.0881615686527939,0.4476376455657336,0.9244897959183673,0.9571428571428572,8,30,-0.12734092328013205,0.0005,filtered_r2
epoch,2,39,39,39.0,-0.2135163316721119,0.31252649608923466,0.9102040816326531,0.9948979591836735,9,30,-0.12734092328013205,0.0005,filtered_r2
epoch,2,40,40,40.0,-0.23622436712321784,0.041771977288382396,0.9561224489795919,0.9938775510204082,10,30,-0.12734092328013205,0.0005,filtered_r2
epoch,2,41,41,41.0,-0.24423633064930106,-0.05968963516001799,0.9704081632653061,0.9948979591836735,11,30,-0.12734092328013205,0.00025,filtered_r2
epoch,2,42,42,42.0,-0.24899269079097616,-0.09509979121539057,0.9816326530612245,0.9938775510204082,12,30,-0.12734092328013205,0.00025,filtered_r2
epoch,2,43,43,43.0,-0.24981580915971438,-0.11336980936478595,0.9846938775510204,0.9938775510204082,13,30,-0.12734092328013205,0.00025,filtered_r2
epoch,2,44,44,44.0,-0.2503089369439091,-0.10316430014006946,0.9826530612244898,0.9938775510204082,14,30,-0.12734092328013205,0.00025,filtered_r2
epoch,2,45,45,45.0,-0.2505166593918412,-0.11550887020266785,0.9846938775510204,0.9938775510204082,15,30,-0.12734092328013205,0.00025,filtered_r2
epoch,2,46,46,46.0,-0.2509850128802468,-0.11395046370370047,0.9816326530612245,0.9948979591836735,16,30,-0.12734092328013205,0.00025,filtered_r2
epoch,2,47,47,47.0,-0.24987654971909445,-0.11902808753811583,0.986734693877551,0.9948979591836735,17,30,-0.12734092328013205,0.00025,filtered_r2
epoch,2,48,48,48.0,-0.25046824307980187,-0.10180933913406061,0.9826530612244898,0.9938775510204082,18,30,-0.12734092328013205,0.00025,filtered_r2
epoch,2,49,49,49.0,-0.25234915166962835,-0.11223432725789595,0.9857142857142858,0.9938775510204082,19,30,-0.12734092328013205,0.00025,filtered_r2
epoch,2,50,50,50.0,-0.25091972923640576,-0.11367105902457723,0.9857142857142858,0.9948979591836735,20,30,-0.12734092328013205,0.00025,filtered_r2
epoch,2,51,51,51.0,-0.2515918487253014,-0.10205629796397929,0.9806122448979592,0.9938775510204082,21,30,-0.12734092328013205,0.00025,filtered_r2
epoch,2,52,52,52.0,-0.25168666740113593,-0.09247690950121198,0.9795918367346939,0.9938775510204082,22,30,-0.12734092328013205,0.000125,filtered_r2
epoch,2,53,53,53.0,-0.2537181065212647,-0.10811049646260787,0.9795918367346939,0.9938775510204082,23,30,-0.12734092328013205,0.000125,filtered_r2
epoch,2,54,54,54.0,-0.25376256549883625,-0.10674665071526353,0.9836734693877551,0.9938775510204082,24,30,-0.12734092328013205,0.000125,filtered_r2
epoch,2,55,55,55.0,-0.2542252301787161,-0.10768503850820113,0.9846938775510204,0.9938775510204082,25,30,-0.12734092328013205,0.000125,filtered_r2
epoch,2,56,56,56.0,-0.25416109638100015,-0.11496065928011524,0.9857142857142858,0.9938775510204082,26,30,-0.12734092328013205,0.000125,filtered_r2
epoch,2,57,57,57.0,-0.25339327920864163,-0.08304532401415766,0.9744897959183674,0.9948979591836735,27,30,-0.12734092328013205,0.000125,filtered_r2
epoch,2,58,58,58.0,-0.2538884261067003,-0.1181822917899307,0.9846938775510204,0.9948979591836735,28,30,-0.12734092328013205,0.000125,filtered_r2
epoch,2,59,59,59.0,-0.2536387675560561,-0.11311261507929588,0.9857142857142858,0.9948979591836735,29,30,-0.12734092328013205,0.000125,filtered_r2
epoch,2,60,60,60.0,-0.25428965128577763,-0.11062348132230798,0.9846938775510204,0.9948979591836735,30,30,-0.12734092328013205,0.000125,filtered_r2
epoch,3,1,1,1.0,1.3906484152681458,2.229480606195878,0.4846938775510204,0.676530612244898,0,1,2.229480606195878,0.001,filtered_r2
epoch,3,2,2,2.0,0.8303153111874135,0.8828022978743728,0.8887755102040816,0.9683673469387755,0,2,0.8828022978743728,0.001,filtered_r2
epoch,3,3,3,3.0,0.6695881214787461,0.7792626865056096,0.9163265306122449,0.9755102040816327,0,3,0.7792626865056096,0.001,filtered_r2
epoch,3,4,4,4.0,0.5457214346807205,0.8787034701327888,0.8326530612244898,0.9744897959183674,1,3,0.7792626865056096,0.001,filtered_r2
epoch,3,5,5,5.0,0.47640143733592294,1.2080657161011987,0.753061224489796,0.8571428571428571,2,3,0.7792626865056096,0.001,filtered_r2
epoch,3,6,6,6.0,0.3886838577424676,1.7092202833720616,0.6061224489795919,0.7693877551020408,3,3,0.7792626865056096,0.001,filtered_r2
epoch,3,7,7,7.0,0.32236632210783267,1.0861191676587474,0.7163265306122449,0.9642857142857143,4,3,0.7792626865056096,0.001,filtered_r2
epoch,3,8,8,8.0,0.26112177343628723,0.9180808164635483,0.7969387755102041,0.9469387755102041,5,3,0.7792626865056096,0.001,filtered_r2
epoch,3,9,9,9.0,0.20996897086514166,0.9328995359187223,0.7408163265306122,0.9775510204081632,6,3,0.7792626865056096,0.001,filtered_r2
epoch,3,10,10,10.0,0.1777556423442441,0.4546429237540887,0.8744897959183674,0.9887755102040816,0,10,0.4546429237540887,0.001,filtered_r2
epoch,3,11,11,11.0,0.11849076014967608,0.5616304677359912,0.8571428571428571,0.9785714285714285,1,10,0.4546429237540887,0.001,filtered_r2
epoch,3,12,12,12.0,0.06468237891710636,0.2939380373273577,0.9489795918367347,0.9775510204081632,0,12,0.2939380373273577,0.001,filtered_r2
epoch,3,13,13,13.0,0.03390493593307776,3.575884532928467,0.6255102040816326,0.5744897959183674,1,12,0.2939380373273577,0.001,filtered_r2
epoch,3,14,14,14.0,0.01485467938038292,0.2968079858896684,0.9540816326530612,0.9571428571428572,2,12,0.2939380373273577,0.001,filtered_r2
epoch,3,15,15,15.0,-0.02183935725379345,1.2529614030098428,0.7112244897959183,0.9173469387755102,3,12,0.2939380373273577,0.001,filtered_r2
epoch,3,16,16,16.0,-0.024439271247035602,1.9358011868535256,0.6489795918367347,0.9326530612244898,4,12,0.2939380373273577,0.001,filtered_r2
epoch,3,17,17,17.0,-0.06805848984875552,0.6394198702306163,0.9030612244897959,0.9204081632653062,5,12,0.2939380373273577,0.001,filtered_r2
epoch,3,18,18,18.0,-0.09738442507853201,0.3528945093252221,0.8959183673469387,0.9846938775510204,6,12,0.2939380373273577,0.001,filtered_r2
epoch,3,19,19,19.0,-0.11742789581144103,0.828851793250259,0.8071428571428572,0.9877551020408163,7,12,0.2939380373273577,0.001,filtered_r2
epoch,3,20,20,20.0,-0.11693738351801863,3.2909224179326273,0.45918367346938777,0.8448979591836735,8,12,0.2939380373273577,0.001,filtered_r2
epoch,3,21,21,21.0,-0.12687589717321782,0.8754089703365248,0.8051020408163265,0.960204081632653,9,12,0.2939380373273577,0.001,filtered_r2
epoch,3,22,22,22.0,-0.16422464698335676,1.2649207810966336,0.7857142857142857,0.9183673469387755,10,12,0.2939380373273577,0.001,filtered_r2
epoch,3,23,23,23.0,-0.18210404222547955,0.413459705819889,0.9040816326530612,0.9846938775510204,11,12,0.2939380373273577,0.0005,filtered_r2
epoch,3,24,24,24.0,-0.2090545602258037,-0.07210472189650244,0.9755102040816327,0.9959183673469387,0,24,-0.07210472189650244,0.0005,filtered_r2
epoch,3,25,25,25.0,-0.21723948902175208,-0.1069415452528973,0.976530612244898,0.996938775510204,0,25,-0.1069415452528973,0.0005,filtered_r2
epoch,3,26,26,26.0,-0.22211853463690798,-0.07224169628960746,0.9785714285714285,0.9918367346938776,1,25,-0.1069415452528973,0.0005,filtered_r2
epoch,3,27,27,27.0,-0.22551629191624864,-0.10436306924236063,0.9816326530612245,0.9938775510204082,2,25,-0.1069415452528973,0.0005,filtered_r2
epoch,3,28,28,28.0,-0.22806503959184907,-0.0764269376287655,0.9734693877551021,0.9959183673469387,3,25,-0.1069415452528973,0.0005,filtered_r2
epoch,3,29,29,29.0,-0.23071251536097442,-0.044083588950488035,0.9775510204081632,0.9918367346938776,4,25,-0.1069415452528973,0.0005,filtered_r2
epoch,3,30,30,30.0,-0.23302406310896015,0.02536576134817941,0.9561224489795919,0.9897959183673469,5,25,-0.1069415452528973,0.0005,filtered_r2
epoch,3,31,31,31.0,-0.23265493780522364,-0.004956712528150909,0.9673469387755103,0.9877551020408163,6,25,-0.1069415452528973,0.0005,filtered_r2
epoch,3,32,32,32.0,-0.22586069186714045,4.0871613327337775,0.3408163265306122,0.9908163265306122,7,25,-0.1069415452528973,0.0005,filtered_r2
epoch,3,33,33,33.0,-0.20809662879504717,0.34717457489091524,0.9193877551020408,0.9653061224489796,8,25,-0.1069415452528973,0.0005,filtered_r2
epoch,3,34,34,34.0,-0.18898118631047342,3.0102568373388174,0.5826530612244898,0.9795918367346939,9,25,-0.1069415452528973,0.0005,filtered_r2
epoch,3,35,35,35.0,-0.19397221355630248,1.4857815328909427,0.676530612244898,0.9887755102040816,10,25,-0.1069415452528973,0.0005,filtered_r2
epoch,3,36,36,36.0,-0.23061208876987432,-0.004012725304584114,0.9622448979591837,0.9928571428571429,11,25,-0.1069415452528973,0.00025,filtered_r2
epoch,3,37,37,37.0,-0.24381557744412719,-0.10871478343496517,0.9795918367346939,0.9948979591836735,0,37,-0.10871478343496517,0.00025,filtered_r2
epoch,3,38,38,38.0,-0.24513894806528774,-0.12943164572423818,0.9816326530612245,0.9948979591836735,0,38,-0.12943164572423818,0.00025,filtered_r2
epoch,3,39,39,39.0,-0.24706425192337325,-0.12303487476037474,0.9785714285714285,0.9948979591836735,1,38,-0.12943164572423818,0.00025,filtered_r2
epoch,3,40,40,40.0,-0.24762464333178874,-0.1255804071621019,0.9816326530612245,0.9959183673469387,2,38,-0.12943164572423818,0.00025,filtered_r2
epoch,3,41,41,41.0,-0.24701951426321542,-0.10814839771815708,0.9806122448979592,0.9948979591836735,3,38,-0.12943164572423818,0.00025,filtered_r2
epoch,3,42,42,42.0,-0.24818377165047184,-0.117368154136502,0.9816326530612245,0.9938775510204082,4,38,-0.12943164572423818,0.00025,filtered_r2
epoch,3,43,43,43.0,-0.2488509086467519,-0.12931651144611592,0.9816326530612245,0.9959183673469387,5,38,-0.12943164572423818,0.00025,filtered_r2
epoch,3,44,44,44.0,-0.24926428621629948,-0.12497917486696827,0.9795918367346939,0.9959183673469387,6,38,-0.12943164572423818,0.00025,filtered_r2
epoch,3,45,45,45.0,-0.24875027525692806,-0.09631833154328015,0.9775510204081632,0.9948979591836735,7,38,-0.12943164572423818,0.00025,filtered_r2
epoch,3,46,46,46.0,-0.24881118384679343,-0.11062607667884049,0.9795918367346939,0.9948979591836735,8,38,-0.12943164572423818,0.00025,filtered_r2
epoch,3,47,47,47.0,-0.24933104327930666,-0.06150561449479083,0.9775510204081632,0.986734693877551,9,38,-0.12943164572423818,0.00025,filtered_r2
epoch,3,48,48,48.0,-0.24984847240069533,-0.13309212947378354,0.9806122448979592,0.9948979591836735,0,48,-0.13309212947378354,0.00025,filtered_r2
epoch,3,49,49,49.0,-0.2503813525696068,-0.12339661705250643,0.9775510204081632,0.9948979591836735,1,48,-0.13309212947378354,0.00025,filtered_r2
epoch,3,50,50,50.0,-0.24956411093708236,-0.12919936520712716,0.9826530612244898,0.9938775510204082,2,48,-0.13309212947378354,0.00025,filtered_r2
epoch,3,51,51,51.0,-0.245714611689899,-0.05067422000729308,0.9693877551020408,0.9959183673469387,3,48,-0.13309212947378354,0.00025,filtered_r2
epoch,3,52,52,52.0,-0.2509968715260876,-0.0850851550394175,0.9795918367346939,0.9908163265306122,4,48,-0.13309212947378354,0.00025,filtered_r2
epoch,3,53,53,53.0,-0.2505614930420879,-0.12688598730126205,0.9816326530612245,0.9959183673469387,5,48,-0.13309212947378354,0.00025,filtered_r2
epoch,3,54,54,54.0,-0.2512367160423942,-0.11158232494276397,0.9795918367346939,0.9948979591836735,6,48,-0.13309212947378354,0.00025,filtered_r2
epoch,3,55,55,55.0,-0.2503810322316005,-0.03019676500437211,0.9795918367346939,0.9877551020408163,7,48,-0.13309212947378354,0.00025,filtered_r2
epoch,3,56,56,56.0,-0.2477428771714132,-0.03116429241336122,0.9683673469387755,0.9928571428571429,8,48,-0.13309212947378354,0.00025,filtered_r2
epoch,3,57,57,57.0,-0.25133639460998614,-0.05282587664467948,0.9704081632653061,0.9959183673469387,9,48,-0.13309212947378354,0.00025,filtered_r2
epoch,3,58,58,58.0,-0.2512006102722798,-0.09108217297768106,0.9755102040816327,0.9948979591836735,10,48,-0.13309212947378354,0.00025,filtered_r2
epoch,3,59,59,59.0,-0.25140499237295416,-0.09091094659299266,0.9795918367346939,0.9948979591836735,11,48,-0.13309212947378354,0.000125,filtered_r2
epoch,3,60,60,60.0,-0.25374679752226853,-0.10828858735610028,0.9795918367346939,0.9938775510204082,12,48,-0.13309212947378354,0.000125,filtered_r2
epoch,3,61,61,61.0,-0.25545558436883237,-0.12168565331673135,0.9806122448979592,0.9948979591836735,13,48,-0.13309212947378354,0.000125,filtered_r2
epoch,3,62,62,62.0,-0.2550578018406372,-0.1393912967370481,0.9836734693877551,0.9959183673469387,0,62,-0.1393912967370481,0.000125,filtered_r2
epoch,3,63,63,63.0,-0.25507753529143745,-0.08922820188561265,0.9724489795918367,0.9948979591836735,1,62,-0.1393912967370481,0.000125,filtered_r2
epoch,3,64,64,64.0,-0.25525297124079027,-0.1273660265669531,0.9826530612244898,0.9948979591836735,2,62,-0.1393912967370481,0.000125,filtered_r2
epoch,3,65,65,65.0,-0.25513017290634077,-0.12115785151111837,0.9806122448979592,0.9938775510204082,3,62,-0.1393912967370481,0.000125,filtered_r2
epoch,3,66,66,66.0,-0.2548970848121899,-0.12185803773451824,0.9846938775510204,0.9938775510204082,4,62,-0.1393912967370481,0.000125,filtered_r2
epoch,3,67,67,67.0,-0.25404887888846883,-0.11804549888688691,0.9806122448979592,0.9948979591836735,5,62,-0.1393912967370481,0.000125,filtered_r2
epoch,3,68,68,68.0,-0.254074379797402,-0.11628423223690111,0.9795918367346939,0.9948979591836735,6,62,-0.1393912967370481,0.000125,filtered_r2
epoch,3,69,69,69.0,-0.2546911726096715,-0.12508243735955685,0.9826530612244898,0.9938775510204082,7,62,-0.1393912967370481,0.000125,filtered_r2
epoch,3,70,70,70.0,-0.2545901645819578,-0.12130575861249651,0.9836734693877551,0.9928571428571429,8,62,-0.1393912967370481,0.000125,filtered_r2
epoch,3,71,71,71.0,-0.2546702375174056,-0.12436891769876285,0.9826530612244898,0.9948979591836735,9,62,-0.1393912967370481,0.000125,filtered_r2
epoch,3,72,72,72.0,-0.2549104996836495,-0.1087672978031392,0.9795918367346939,0.9948979591836735,10,62,-0.1393912967370481,0.000125,filtered_r2
epoch,3,73,73,73.0,-0.25402304706679235,-0.11850186562051579,0.9836734693877551,0.9948979591836735,11,62,-0.1393912967370481,6.25e-05,filtered_r2
epoch,3,74,74,74.0,-0.25587131346075603,-0.12502305750944176,0.9826530612244898,0.9948979591836735,12,62,-0.1393912967370481,6.25e-05,filtered_r2
epoch,3,75,75,75.0,-0.25632591568627094,-0.12628794884195133,0.9857142857142858,0.9948979591836735,13,62,-0.1393912967370481,6.25e-05,filtered_r2
epoch,3,76,76,76.0,-0.25646479002129136,-0.11098185656022053,0.9785714285714285,0.9948979591836735,14,62,-0.1393912967370481,6.25e-05,filtered_r2
epoch,3,77,77,77.0,-0.2558830332262091,-0.12399011631401217,0.9846938775510204,0.9948979591836735,15,62,-0.1393912967370481,6.25e-05,filtered_r2
epoch,3,78,78,78.0,-0.25644118146851835,-0.11643265850689946,0.9826530612244898,0.9948979591836735,16,62,-0.1393912967370481,6.25e-05,filtered_r2
epoch,3,79,79,79.0,-0.2562305097298891,-0.11741149133565475,0.9816326530612245,0.9948979591836735,17,62,-0.1393912967370481,6.25e-05,filtered_r2
epoch,3,80,80,80.0,-0.2560449749066108,-0.11454260738528504,0.9795918367346939,0.9948979591836735,18,62,-0.1393912967370481,6.25e-05,filtered_r2
epoch,3,81,81,81.0,-0.2562926669735793,-0.11278038852068843,0.9775510204081632,0.9948979591836735,19,62,-0.1393912967370481,6.25e-05,filtered_r2
epoch,3,82,82,82.0,-0.2563605655342349,-0.11742393873175797,0.9816326530612245,0.9948979591836735,20,62,-0.1393912967370481,6.25e-05,filtered_r2
epoch,3,83,83,83.0,-0.2561646109946379,-0.1223882582722878,0.9826530612244898,0.9938775510204082,21,62,-0.1393912967370481,6.25e-05,filtered_r2
epoch,3,84,84,84.0,-0.25573663618323195,-0.12242821965898787,0.9826530612244898,0.9948979591836735,22,62,-0.1393912967370481,3.125e-05,filtered_r2
epoch,3,85,85,85.0,-0.2571851081183049,-0.12439219611031668,0.9836734693877551,0.9948979591836735,23,62,-0.1393912967370481,3.125e-05,filtered_r2
epoch,3,86,86,86.0,-0.2571361677828216,-0.13021155084882463,0.9806122448979592,0.9948979591836735,24,62,-0.1393912967370481,3.125e-05,filtered_r2
epoch,3,87,87,87.0,-0.2571963243836525,-0.12612122029674297,0.9806122448979592,0.9948979591836735,25,62,-0.1393912967370481,3.125e-05,filtered_r2
epoch,3,88,88,88.0,-0.25722034488157036,-0.12275122720368055,0.9816326530612245,0.9948979591836735,26,62,-0.1393912967370481,3.125e-05,filtered_r2
epoch,3,89,89,89.0,-0.25727877960909135,-0.12278787505869963,0.9806122448979592,0.9948979591836735,27,62,-0.1393912967370481,3.125e-05,filtered_r2
epoch,3,90,90,90.0,-0.25737979718537524,-0.12862874196500193,0.9785714285714285,0.9938775510204082,28,62,-0.1393912967370481,3.125e-05,filtered_r2
epoch,3,91,91,91.0,-0.2568522419705487,-0.1331960814339774,0.9857142857142858,0.9938775510204082,29,62,-0.1393912967370481,3.125e-05,filtered_r2
epoch,3,92,92,92.0,-0.257113617729925,-0.12835090646938402,0.9826530612244898,0.9948979591836735,30,62,-0.1393912967370481,3.125e-05,filtered_r2
epoch,4,1,1,1.0,1.4731504263528623,2.3302798903718287,0.5571428571428572,0.513265306122449,0,1,2.3302798903718287,0.001,filtered_r2
epoch,4,2,2,2.0,0.8537892120413924,2.14768791685299,0.7561224489795918,0.6510204081632653,0,2,2.14768791685299,0.001,filtered_r2
epoch,4,3,3,3.0,0.6807979788834477,1.0579426638934077,0.863265306122449,0.9132653061224489,0,3,1.0579426638934077,0.001,filtered_r2
epoch,4,4,4,4.0,0.5634935086205501,0.7068338163044988,0.9020408163265307,0.9897959183673469,0,4,0.7068338163044988,0.001,filtered_r2
epoch,4,5,5,5.0,0.47359617616680155,0.8738392399281871,0.8591836734693877,0.9244897959183673,1,4,0.7068338163044988,0.001,filtered_r2
epoch,4,6,6,6.0,0.3977921918525896,1.4673369689863556,0.6479591836734694,0.9785714285714285,2,4,0.7068338163044988,0.001,filtered_r2
epoch,4,7,7,7.0,0.3259080978882775,1.3454368630234077,0.6857142857142857,0.960204081632653,3,4,0.7068338163044988,0.001,filtered_r2
epoch,4,8,8,8.0,0.2760708423373231,0.9459757834064717,0.7806122448979592,0.9928571428571429,4,4,0.7068338163044988,0.001,filtered_r2
epoch,4,9,9,9.0,0.20624542145886293,1.022078996288533,0.7775510204081633,0.9693877551020408,5,4,0.7068338163044988,0.001,filtered_r2
epoch,4,10,10,10.0,0.13600794353114992,0.6816412229927219,0.923469387755102,0.8938775510204081,0,10,0.6816412229927219,0.001,filtered_r2
epoch,4,11,11,11.0,0.12893525511243792,1.4863780576355603,0.7214285714285714,0.8377551020408164,1,10,0.6816412229927219,0.001,filtered_r2
epoch,4,12,12,12.0,0.08115795888669783,2.1956769962700045,0.8244897959183674,0.5265306122448979,2,10,0.6816412229927219,0.001,filtered_r2
epoch,4,13,13,13.0,0.03339714293651063,0.8844733943744582,0.736734693877551,0.9785714285714285,3,10,0.6816412229927219,0.001,filtered_r2
epoch,4,14,14,14.0,0.004970613359396194,0.42150318330647996,0.9163265306122449,0.9489795918367347,0,14,0.42150318330647996,0.001,filtered_r2
epoch,4,15,15,15.0,-0.022663737790453074,0.5049680150285059,0.8612244897959184,0.9877551020408163,1,14,0.42150318330647996,0.001,filtered_r2
epoch,4,16,16,16.0,-0.02848154024650656,0.6840650181381069,0.8795918367346939,0.936734693877551,2,14,0.42150318330647996,0.001,filtered_r2
epoch,4,17,17,17.0,-0.06861488628498764,0.31846640815540234,0.9275510204081633,0.9775510204081632,0,17,0.31846640815540234,0.001,filtered_r2
epoch,4,18,18,18.0,-0.10687216477175653,0.9646129523004804,0.8714285714285714,0.8418367346938775,1,17,0.31846640815540234,0.001,filtered_r2
epoch,4,19,19,19.0,-0.11167057787742425,0.7122544867651803,0.826530612244898,0.9959183673469387,2,17,0.31846640815540234,0.001,filtered_r2
epoch,4,20,20,20.0,-0.12165161218523526,0.9650649112098071,0.7193877551020408,0.9959183673469387,3,17,0.31846640815540234,0.001,filtered_r2
epoch,4,21,21,21.0,-0.15683270632994567,0.6082366734134907,0.8642857142857143,0.9836734693877551,4,17,0.31846640815540234,0.001,filtered_r2
epoch,4,22,22,22.0,-0.15499830155529848,0.9827563305290378,0.763265306122449,0.9897959183673469,5,17,0.31846640815540234,0.001,filtered_r2
epoch,4,23,23,23.0,-0.15738767830734876,2.144426558942211,0.5275510204081633,0.9826530612244898,6,17,0.31846640815540234,0.001,filtered_r2
epoch,4,24,24,24.0,-0.09432723388610653,2.0942147809631972,0.6642857142857143,0.9142857142857143,7,17,0.31846640815540234,0.001,filtered_r2
epoch,4,25,25,25.0,-0.15300792662645868,1.023514072262511,0.786734693877551,0.9755102040816327,8,17,0.31846640815540234,0.001,filtered_r2
epoch,4,26,26,26.0,-0.2042531670270385,0.0554582303884078,0.963265306122449,0.9918367346938776,0,26,0.0554582303884078,0.001,filtered_r2
epoch,4,27,27,27.0,-0.21270867045572,0.020105026206191704,0.963265306122449,0.9948979591836735,0,27,0.020105026206191704,0.001,filtered_r2
epoch,4,28,28,28.0,-0.20663588221649892,0.12121268048578379,0.9438775510204082,0.9948979591836735,1,27,0.020105026206191704,0.001,filtered_r2
epoch,4,29,29,29.0,-0.21023551653173808,1.2951679584931355,0.9306122448979591,0.789795918367347,2,27,0.020105026206191704,0.001,filtered_r2
epoch,4,30,30,30.0,-0.20529773009564323,0.03169820795253832,0.9612244897959183,0.9928571428571429,3,27,0.020105026206191704,0.001,filtered_r2
epoch,4,31,31,31.0,-0.15482992436470497,1.549433303365902,0.7744897959183673,0.9051020408163265,4,27,0.020105026206191704,0.001,filtered_r2
epoch,4,32,32,32.0,-0.16405689088464095,0.0794185346486617,0.9612244897959183,0.9826530612244898,5,27,0.020105026206191704,0.001,filtered_r2
epoch,4,33,33,33.0,-0.21718894311767437,0.5114209817380321,0.8816326530612245,0.9918367346938776,6,27,0.020105026206191704,0.001,filtered_r2
epoch,4,34,34,34.0,-0.22307914138918616,0.8084638790208466,0.8295918367346938,0.9918367346938776,7,27,0.020105026206191704,0.001,filtered_r2
epoch,4,35,35,35.0,-0.22202534734037482,0.043804809511924274,0.9612244897959183,0.996938775510204,8,27,0.020105026206191704,0.001,filtered_r2
epoch,4,36,36,36.0,-0.2311870459394341,0.6946209051171127,0.810204081632653,0.9897959183673469,9,27,0.020105026206191704,0.001,filtered_r2
epoch,4,37,37,37.0,-0.20741401989744535,1.7038846429513426,0.7428571428571429,0.9316326530612244,10,27,0.020105026206191704,0.001,filtered_r2
epoch,4,38,38,38.0,-0.12895739308104837,3.4869261877877373,0.5020408163265306,0.8316326530612245,11,27,0.020105026206191704,0.0005,filtered_r2
epoch,4,39,39,39.0,-0.21919023080995,-0.07367603778839112,0.9734693877551021,0.9959183673469387,0,39,-0.07367603778839112,0.0005,filtered_r2
epoch,4,40,40,40.0,-0.2418671359047446,-0.10580108457682084,0.9785714285714285,0.9938775510204082,0,40,-0.10580108457682084,0.0005,filtered_r2
epoch,4,41,41,41.0,-0.2424181483388121,-0.12050969016795256,0.9816326530612245,0.9959183673469387,0,41,-0.12050969016795256,0.0005,filtered_r2
epoch,4,42,42,42.0,-0.24678818841073755,-0.12576472710589973,0.9826530612244898,0.9959183673469387,0,42,-0.12576472710589973,0.0005,filtered_r2
epoch,4,43,43,43.0,-0.24590221497001682,-0.12332721048471879,0.986734693877551,0.9959183673469387,1,42,-0.12576472710589973,0.0005,filtered_r2
epoch,4,44,44,44.0,-0.24634589721414205,-0.11839578249016587,0.9816326530612245,0.996938775510204,2,42,-0.12576472710589973,0.0005,filtered_r2
epoch,4,45,45,45.0,-0.24769710616116486,-0.10332998450921506,0.9816326530612245,0.9959183673469387,3,42,-0.12576472710589973,0.0005,filtered_r2
epoch,4,46,46,46.0,-0.24850177636186896,-0.10130636205478591,0.9806122448979592,0.996938775510204,4,42,-0.12576472710589973,0.0005,filtered_r2
epoch,4,47,47,47.0,-0.24808995044367077,-0.08249498630056576,0.9704081632653061,0.9959183673469387,5,42,-0.12576472710589973,0.0005,filtered_r2
epoch,4,48,48,48.0,-0.24853185054892035,-0.08013572790184799,0.9806122448979592,0.9948979591836735,6,42,-0.12576472710589973,0.0005,filtered_r2
epoch,4,49,49,49.0,-0.245419655522418,-0.1100631655478964,0.9806122448979592,0.9959183673469387,7,42,-0.12576472710589973,0.0005,filtered_r2
epoch,4,50,50,50.0,-0.24714495542969828,-0.09048039280638402,0.9744897959183674,0.9938775510204082,8,42,-0.12576472710589973,0.0005,filtered_r2
epoch,4,51,51,51.0,-0.2467057110792282,-0.042706200541282185,0.9704081632653061,0.9948979591836735,9,42,-0.12576472710589973,0.0005,filtered_r2
epoch,4,52,52,52.0,-0.24876112791133198,-0.12031444870695776,0.9816326530612245,0.9959183673469387,10,42,-0.12576472710589973,0.0005,filtered_r2
epoch,4,53,53,53.0,-0.24749704759740815,-0.09042484662970718,0.9795918367346939,0.9948979591836735,11,42,-0.12576472710589973,0.00025,filtered_r2
epoch,4,54,54,54.0,-0.25023672877785624,-0.10740838926665637,0.9795918367346939,0.9948979591836735,12,42,-0.12576472710589973,0.00025,filtered_r2
epoch,4,55,55,55.0,-0.2516563099050508,-0.10533622332981654,0.9785714285714285,0.9948979591836735,13,42,-0.12576472710589973,0.00025,filtered_r2
epoch,4,56,56,56.0,-0.2518757429525043,-0.12859015854037537,0.9857142857142858,0.9948979591836735,0,56,-0.12859015854037537,0.00025,filtered_r2
epoch,4,57,57,57.0,-0.25147123155212625,-0.06319723031958756,0.9724489795918367,0.9938775510204082,1,56,-0.12859015854037537,0.00025,filtered_r2
epoch,4,58,58,58.0,-0.25209996872126345,-0.09386590743551448,0.9724489795918367,0.9948979591836735,2,56,-0.12859015854037537,0.00025,filtered_r2
epoch,4,59,59,59.0,-0.25293233892400724,-0.09169642633321334,0.9775510204081632,0.9938775510204082,3,56,-0.12859015854037537,0.00025,filtered_r2
epoch,4,60,60,60.0,-0.2522479410000365,-0.09906555779126226,0.9775510204081632,0.9948979591836735,4,56,-0.12859015854037537,0.00025,filtered_r2
epoch,4,61,61,61.0,-0.25271038841081145,-0.11002530127155538,0.9816326530612245,0.9959183673469387,5,56,-0.12859015854037537,0.00025,filtered_r2
epoch,4,62,62,62.0,-0.25245627387814595,-0.07816493267915686,0.9795918367346939,0.9918367346938776,6,56,-0.12859015854037537,0.00025,filtered_r2
epoch,4,63,63,63.0,-0.2514120020322352,-0.08815368340939891,0.9744897959183674,0.9938775510204082,7,56,-0.12859015854037537,0.00025,filtered_r2
epoch,4,64,64,64.0,-0.2526916630907451,-0.11062125575785735,0.9785714285714285,0.9959183673469387,8,56,-0.12859015854037537,0.00025,filtered_r2
epoch,4,65,65,65.0,-0.2526735851254726,-0.10284209154090103,0.9795918367346939,0.9948979591836735,9,56,-0.12859015854037537,0.00025,filtered_r2
epoch,4,66,66,66.0,-0.25253391198037767,-0.0704321880729831,0.9673469387755103,0.9938775510204082,10,56,-0.12859015854037537,0.00025,filtered_r2
epoch,4,67,67,67.0,-0.24960618910303886,-0.08371459902549276,0.9785714285714285,0.9938775510204082,11,56,-0.12859015854037537,0.000125,filtered_r2
epoch,4,68,68,68.0,-0.25328614722544923,-0.10590220519474575,0.9816326530612245,0.9948979591836735,12,56,-0.12859015854037537,0.000125,filtered_r2
epoch,4,69,69,69.0,-0.2540372766104321,-0.09878520965576172,0.9785714285714285,0.9948979591836735,13,56,-0.12859015854037537,0.000125,filtered_r2
epoch,4,70,70,70.0,-0.25501958576694395,-0.11100437592486946,0.9816326530612245,0.9948979591836735,14,56,-0.12859015854037537,0.000125,filtered_r2
epoch,4,71,71,71.0,-0.2553358729358035,-0.09604859644052934,0.9785714285714285,0.9948979591836735,15,56,-0.12859015854037537,0.000125,filtered_r2
epoch,4,72,72,72.0,-0.25512702335655985,-0.09366686003548759,0.9816326530612245,0.9938775510204082,16,56,-0.12859015854037537,0.000125,filtered_r2
epoch,4,73,73,73.0,-0.2548667834596102,-0.08982867951295814,0.9755102040816327,0.9959183673469387,17,56,-0.12859015854037537,0.000125,filtered_r2
epoch,4,74,74,74.0,-0.2548486612300188,-0.10912049449219996,0.9816326530612245,0.9948979591836735,18,56,-0.12859015854037537,0.000125,filtered_r2
epoch,4,75,75,75.0,-0.25367456758060575,-0.11168145452226912,0.9806122448979592,0.9948979591836735,19,56,-0.12859015854037537,0.000125,filtered_r2
epoch,4,76,76,76.0,-0.25482913436923044,-0.1040529051605536,0.9806122448979592,0.9948979591836735,20,56,-0.12859015854037537,0.000125,filtered_r2
epoch,4,77,77,77.0,-0.2545459573457427,-0.11108369827270508,0.9806122448979592,0.9959183673469387,21,56,-0.12859015854037537,0.000125,filtered_r2
epoch,4,78,78,78.0,-0.2534818362487034,-0.03956102984292167,0.9673469387755103,0.9948979591836735,22,56,-0.12859015854037537,6.25e-05,filtered_r2
epoch,4,79,79,79.0,-0.2553549392737485,-0.10178266155476473,0.9806122448979592,0.9948979591836735,23,56,-0.12859015854037537,6.25e-05,filtered_r2
epoch,4,80,80,80.0,-0.25590895359391613,-0.10595326910213548,0.9816326530612245,0.9948979591836735,24,56,-0.12859015854037537,6.25e-05,filtered_r2
epoch,4,81,81,81.0,-0.2556815286889033,-0.10006378816098584,0.9806122448979592,0.9948979591836735,25,56,-0.12859015854037537,6.25e-05,filtered_r2
epoch,4,82,82,82.0,-0.25555560278899475,-0.09405090711554702,0.9785714285714285,0.9948979591836735,26,56,-0.12859015854037537,6.25e-05,filtered_r2
epoch,4,83,83,83.0,-0.2556510164851102,-0.10979615814831792,0.9826530612244898,0.9948979591836735,27,56,-0.12859015854037537,6.25e-05,filtered_r2
epoch,4,84,84,84.0,-0.2554227348002881,-0.10464767436591946,0.9795918367346939,0.9948979591836735,28,56,-0.12859015854037537,6.25e-05,filtered_r2
epoch,4,85,85,85.0,-0.2558046856773884,-0.09427821879484216,0.9806122448979592,0.9959183673469387,29,56,-0.12859015854037537,6.25e-05,filtered_r2
epoch,4,86,86,86.0,-0.25580546690348394,-0.09948868362271056,0.9806122448979592,0.9959183673469387,30,56,-0.12859015854037537,6.25e-05,filtered_r2
epoch,5,1,1,1.0,1.4810680288735583,3.1104487740263647,0.5357142857142857,0.47244897959183674,0,1,3.1104487740263647,0.001,filtered_r2
epoch,5,2,2,2.0,0.9019624079529523,1.11232688572942,0.746938775510204,0.9612244897959183,0,2,1.11232688572942,0.001,filtered_r2
epoch,5,3,3,3.0,0.7233808483783866,1.0659866488709742,0.8530612244897959,0.8418367346938775,0,3,1.0659866488709742,0.001,filtered_r2
epoch,5,4,4,4.0,0.5790367726511603,0.7657153241488398,0.8877551020408163,0.9755102040816327,0,4,0.7657153241488398,0.001,filtered_r2
epoch,5,5,5,5.0,0.48000804910793365,0.9670242110077216,0.7816326530612245,0.95,1,4,0.7657153241488398,0.001,filtered_r2
epoch,5,6,6,6.0,0.3981119914690746,0.7028897239237416,0.8877551020408163,0.9785714285714285,0,6,0.7028897239237416,0.001,filtered_r2
epoch,5,7,7,7.0,0.3169336259052014,1.219043288912092,0.8857142857142857,0.7183673469387755,1,6,0.7028897239237416,0.001,filtered_r2
epoch,5,8,8,8.0,0.27255392952044644,0.9793299154359467,0.9030612244897959,0.7887755102040817,2,6,0.7028897239237416,0.001,filtered_r2
epoch,5,9,9,9.0,0.22558312221104945,1.1074343369931592,0.7275510204081632,0.8908163265306123,3,6,0.7028897239237416,0.001,filtered_r2
epoch,5,10,10,10.0,0.15461318015286968,0.5504467212423987,0.8836734693877552,0.9877551020408163,0,10,0.5504467212423987,0.001,filtered_r2
epoch,5,11,11,11.0,0.12266725185211734,1.1660199729763732,0.7663265306122449,0.9530612244897959,1,10,0.5504467212423987,0.001,filtered_r2
epoch,5,12,12,12.0,0.08071578623847082,1.278397213196268,0.7826530612244897,0.886734693877551,2,10,0.5504467212423987,0.001,filtered_r2
epoch,5,13,13,13.0,0.02812041961871955,0.5825821056657908,0.8857142857142857,0.9459183673469388,3,10,0.5504467212423987,0.001,filtered_r2
epoch,5,14,14,14.0,0.012278100979512518,1.2198339034099968,0.8275510204081633,0.813265306122449,4,10,0.5504467212423987,0.001,filtered_r2
epoch,5,15,15,15.0,-0.008300623968178376,0.40831288950783867,0.8989795918367347,0.9826530612244898,0,15,0.40831288950783867,0.001,filtered_r2
epoch,5,16,16,16.0,-0.03986206550726155,0.5697544496886584,0.8816326530612245,0.9408163265306122,1,15,0.40831288950783867,0.001,filtered_r2
epoch,5,17,17,17.0,-0.05428035865554943,0.3327634806535682,0.9163265306122449,0.9795918367346939,0,17,0.3327634806535682,0.001,filtered_r2
epoch,5,18,18,18.0,-0.10174431512471988,1.2499636046740474,0.7520408163265306,0.9775510204081632,1,17,0.3327634806535682,0.001,filtered_r2
epoch,5,19,19,19.0,-0.13475874427250534,1.3611406598772322,0.689795918367347,0.9285714285714286,2,17,0.3327634806535682,0.001,filtered_r2
epoch,5,20,20,20.0,-0.14101264445121484,1.0193312752003572,0.8112244897959183,0.9377551020408164,3,17,0.3327634806535682,0.001,filtered_r2
epoch,5,21,21,21.0,-0.14154890479657473,0.1601243298880908,0.9387755102040817,0.986734693877551,0,21,0.1601243298880908,0.001,filtered_r2
epoch,5,22,22,22.0,-0.14348176945254168,4.4876805675273035,0.686734693877551,0.43673469387755104,1,21,0.1601243298880908,0.001,filtered_r2
epoch,5,23,23,23.0,-0.06508414065973522,0.8629371888783514,0.813265306122449,0.9724489795918367,2,21,0.1601243298880908,0.001,filtered_r2
epoch,5,24,24,24.0,-0.1471856767107872,0.10830982315297029,0.9510204081632653,0.9918367346938776,0,24,0.10830982315297029,0.001,filtered_r2
epoch,5,25,25,25.0,-0.18253593261157733,0.043193422531595034,0.9642857142857143,0.9928571428571429,0,25,0.043193422531595034,0.001,filtered_r2
epoch,5,26,26,26.0,-0.2101267567347395,0.04715643366988825,0.9663265306122449,0.9908163265306122,1,25,0.043193422531595034,0.001,filtered_r2
epoch,5,27,27,27.0,-0.2178753718955544,-0.05891625248655981,0.9755102040816327,0.9948979591836735,0,27,-0.05891625248655981,0.001,filtered_r2
epoch,5,28,28,28.0,-0.22007572464807965,0.3282461993548335,0.9836734693877551,0.9081632653061225,1,27,-0.05891625248655981,0.001,filtered_r2
epoch,5,29,29,29.0,-0.2075975704269643,0.3116666959256542,0.9183673469387755,0.9846938775510204,2,27,-0.05891625248655981,0.001,filtered_r2
epoch,5,30,30,30.0,-0.1736434364687572,4.700758147726254,0.5846938775510204,0.6530612244897959,3,27,-0.05891625248655981,0.001,filtered_r2
epoch,5,31,31,31.0,-0.09268154604357744,2.152809970232905,0.6714285714285714,0.976530612244898,4,27,-0.05891625248655981,0.001,filtered_r2
epoch,5,32,32,32.0,-0.19542951706654482,0.4146050642947761,0.8969387755102041,0.9908163265306122,5,27,-0.05891625248655981,0.001,filtered_r2
epoch,5,33,33,33.0,-0.217342944805428,-0.008273572824439223,0.9704081632653061,0.9908163265306122,6,27,-0.05891625248655981,0.001,filtered_r2
epoch,5,34,34,34.0,-0.22829789262420414,-0.047812014209980866,0.9724489795918367,0.9938775510204082,7,27,-0.05891625248655981,0.001,filtered_r2
epoch,5,35,35,35.0,-0.23663752657142018,0.12206698729067432,0.9530612244897959,0.9908163265306122,8,27,-0.05891625248655981,0.001,filtered_r2
epoch,5,36,36,36.0,-0.2391437135391135,0.03983776958621278,0.9795918367346939,0.9775510204081632,9,27,-0.05891625248655981,0.001,filtered_r2
epoch,5,37,37,37.0,-0.21460896989573602,1.1128658761783523,0.7377551020408163,0.9734693877551021,10,27,-0.05891625248655981,0.001,filtered_r2
epoch,5,38,38,38.0,-0.17792312536081004,0.5859561204910279,0.9061224489795918,0.9428571428571428,11,27,-0.05891625248655981,0.0005,filtered_r2
epoch,5,39,39,39.0,-0.21033264439621505,-0.03892603699041872,0.9755102040816327,0.9918367346938776,12,27,-0.05891625248655981,0.0005,filtered_r2
epoch,5,40,40,40.0,-0.23685181544409364,-0.062027888881916904,0.9704081632653061,0.9938775510204082,0,40,-0.062027888881916904,0.0005,filtered_r2
epoch,5,41,41,41.0,-0.24599658401081295,-0.121776084024079,0.986734693877551,0.9938775510204082,0,41,-0.121776084024079,0.0005,filtered_r2
epoch,5,42,42,42.0,-0.2480768159244928,-0.1088380867121171,0.9846938775510204,0.9948979591836735,1,41,-0.121776084024079,0.0005,filtered_r2
epoch,5,43,43,43.0,-0.2477680069383811,-0.1334683014422047,0.986734693877551,0.9938775510204082,0,43,-0.1334683014422047,0.0005,filtered_r2
epoch,5,44,44,44.0,-0.2472715140223886,-0.13669924541395537,0.9918367346938776,0.9938775510204082,0,44,-0.13669924541395537,0.0005,filtered_r2
epoch,5,45,45,45.0,-0.24768556856642945,-0.10940499792293626,0.9846938775510204,0.9938775510204082,1,44,-0.13669924541395537,0.0005,filtered_r2
epoch,5,46,46,46.0,-0.24566481201788548,-0.13049699773593826,0.9897959183673469,0.9938775510204082,2,44,-0.13669924541395537,0.0005,filtered_r2
epoch,5,47,47,47.0,-0.24769532748342848,-0.09832843712397984,0.9836734693877551,0.9938775510204082,3,44,-0.13669924541395537,0.0005,filtered_r2
epoch,5,48,48,48.0,-0.2493083830265182,-0.10595430549310178,0.986734693877551,0.9948979591836735,4,44,-0.13669924541395537,0.0005,filtered_r2
epoch,5,49,49,49.0,-0.24912000662528427,-0.08122497772683902,0.9816326530612245,0.9938775510204082,5,44,-0.13669924541395537,0.0005,filtered_r2
epoch,5,50,50,50.0,-0.24824705432099298,-0.13171888127618905,0.9877551020408163,0.9928571428571429,6,44,-0.13669924541395537,0.0005,filtered_r2
epoch,5,51,51,51.0,-0.24734054006220893,-0.1005175342365187,0.9826530612244898,0.9948979591836735,7,44,-0.13669924541395537,0.0005,filtered_r2
epoch,5,52,52,52.0,-0.24820361137042282,-0.002801221730757733,0.9673469387755103,0.9948979591836735,8,44,-0.13669924541395537,0.0005,filtered_r2
epoch,5,53,53,53.0,-0.24968767101784856,-0.11096203473149514,0.986734693877551,0.9948979591836735,9,44,-0.13669924541395537,0.0005,filtered_r2
epoch,5,54,54,54.0,-0.23680968991792478,0.591286471911839,0.8887755102040816,0.9897959183673469,10,44,-0.13669924541395537,0.0005,filtered_r2
epoch,5,55,55,55.0,-0.16927077754927614,5.917413695977658,0.5346938775510204,0.6153061224489796,11,44,-0.13669924541395537,0.00025,filtered_r2
epoch,5,56,56,56.0,-0.22638126627710842,-0.081857553306891,0.9836734693877551,0.9928571428571429,12,44,-0.13669924541395537,0.00025,filtered_r2
epoch,5,57,57,57.0,-0.24794701269635105,-0.13746385282399703,0.9877551020408163,0.9948979591836735,0,57,-0.13746385282399703,0.00025,filtered_r2
epoch,5,58,58,58.0,-0.2506727041257586,-0.12415636607578823,0.9836734693877551,0.9948979591836735,1,57,-0.13746385282399703,0.00025,filtered_r2
epoch,5,59,59,59.0,-0.25113912148067963,-0.1303811584200178,0.9857142857142858,0.9948979591836735,2,57,-0.13746385282399703,0.00025,filtered_r2
epoch,5,60,60,60.0,-0.2514499682951572,-0.14106631230334846,0.9897959183673469,0.9948979591836735,0,60,-0.14106631230334846,0.00025,filtered_r2
epoch,5,61,61,61.0,-0.2519189742170133,-0.09098776165319948,0.9816326530612245,0.9948979591836735,1,60,-0.14106631230334846,0.00025,filtered_r2
epoch,5,62,62,62.0,-0.25123438914802426,-0.1364646293679062,0.986734693877551,0.9948979591836735,2,60,-0.14106631230334846,0.00025,filtered_r2
epoch,5,63,63,63.0,-0.2532537926172146,-0.13891841781382658,0.986734693877551,0.9948979591836735,3,60,-0.14106631230334846,0.00025,filtered_r2
epoch,5,64,64,64.0,-0.2520049041827914,-0.14140251218056193,0.9846938775510204,0.9938775510204082,0,64,-0.14140251218056193,0.00025,filtered_r2
epoch,5,65,65,65.0,-0.252053573523244,-0.14099511370366932,0.9877551020408163,0.9938775510204082,1,64,-0.14140251218056193,0.00025,filtered_r2
epoch,5,66,66,66.0,-0.2531499172356235,-0.1256127678618139,0.986734693877551,0.9938775510204082,2,64,-0.14140251218056193,0.00025,filtered_r2
epoch,5,67,67,67.0,-0.2527982484052506,-0.12428199855648742,0.986734693877551,0.9948979591836735,3,64,-0.14140251218056193,0.00025,filtered_r2
epoch,5,68,68,68.0,-0.2537527543864655,-0.12065616043246523,0.986734693877551,0.9938775510204082,4,64,-0.14140251218056193,0.00025,filtered_r2
epoch,5,69,69,69.0,-0.25228062732107687,-0.11594554842734824,0.9846938775510204,0.9938775510204082,5,64,-0.14140251218056193,0.00025,filtered_r2
epoch,5,70,70,70.0,-0.2538045905302174,-0.12831182917770073,0.9846938775510204,0.9948979591836735,6,64,-0.14140251218056193,0.00025,filtered_r2
epoch,5,71,71,71.0,-0.2534035420257773,-0.13518042467078384,0.9887755102040816,0.9938775510204082,7,64,-0.14140251218056193,0.00025,filtered_r2
epoch,5,72,72,72.0,-0.25269876670517377,-0.13000133816076784,0.9846938775510204,0.9948979591836735,8,64,-0.14140251218056193,0.00025,filtered_r2
epoch,5,73,73,73.0,-0.24842238179232728,-0.05688587840722532,0.9816326530612245,0.9908163265306122,9,64,-0.14140251218056193,0.00025,filtered_r2
epoch,5,74,74,74.0,-0.25265399878178807,-0.11410676605847417,0.9826530612244898,0.9938775510204082,10,64,-0.14140251218056193,0.00025,filtered_r2
epoch,5,75,75,75.0,-0.2531644824054174,-0.12105000456985163,0.9846938775510204,0.9948979591836735,11,64,-0.14140251218056193,0.000125,filtered_r2
epoch,5,76,76,76.0,-0.2546353187267447,-0.13291092989396075,0.9857142857142858,0.9938775510204082,12,64,-0.14140251218056193,0.000125,filtered_r2
epoch,5,77,77,77.0,-0.2550182282524621,-0.1349615510629148,0.9877551020408163,0.9948979591836735,13,64,-0.14140251218056193,0.000125,filtered_r2
epoch,5,78,78,78.0,-0.2560466183912034,-0.12074874858466947,0.9846938775510204,0.9948979591836735,14,64,-0.14140251218056193,0.000125,filtered_r2
epoch,5,79,79,79.0,-0.2554711077350342,-0.13728661147915588,0.9857142857142858,0.9948979591836735,15,64,-0.14140251218056193,0.000125,filtered_r2
epoch,5,80,80,80.0,-0.2552688524957506,-0.13366675279578383,0.9857142857142858,0.9948979591836735,16,64,-0.14140251218056193,0.000125,filtered_r2
epoch,5,81,81,81.0,-0.25578633142971663,-0.14094494556894108,0.9877551020408163,0.9928571428571429,17,64,-0.14140251218056193,0.000125,filtered_r2
epoch,5,82,82,82.0,-0.25485501843845665,-0.13511602975884263,0.9897959183673469,0.9938775510204082,18,64,-0.14140251218056193,0.000125,filtered_r2
epoch,5,83,83,83.0,-0.25556568470507696,-0.12324257091600067,0.9857142857142858,0.9948979591836735,19,64,-0.14140251218056193,0.000125,filtered_r2
epoch,5,84,84,84.0,-0.255082081924001,-0.12119696480887276,0.9877551020408163,0.9948979591836735,20,64,-0.14140251218056193,0.000125,filtered_r2
epoch,5,85,85,85.0,-0.2551458703730661,-0.126270342846306,0.9877551020408163,0.9938775510204082,21,64,-0.14140251218056193,0.000125,filtered_r2
epoch,5,86,86,86.0,-0.2550073886425529,-0.11428826731078479,0.9846938775510204,0.9938775510204082,22,64,-0.14140251218056193,6.25e-05,filtered_r2
epoch,5,87,87,87.0,-0.2562125997081386,-0.13220637477174096,0.9897959183673469,0.9938775510204082,23,64,-0.14140251218056193,6.25e-05,filtered_r2
epoch,5,88,88,88.0,-0.2559492705095813,-0.1401803853560467,0.9887755102040816,0.9938775510204082,24,64,-0.14140251218056193,6.25e-05,filtered_r2
epoch,5,89,89,89.0,-0.25693443176660796,-0.13413204076338786,0.9897959183673469,0.9938775510204082,25,64,-0.14140251218056193,6.25e-05,filtered_r2
epoch,5,90,90,90.0,-0.2568887188826284,-0.13334345282340537,0.9887755102040816,0.9948979591836735,26,64,-0.14140251218056193,6.25e-05,filtered_r2
epoch,5,91,91,91.0,-0.2565291269130946,-0.13758413256431112,0.9887755102040816,0.9938775510204082,27,64,-0.14140251218056193,6.25e-05,filtered_r2
epoch,5,92,92,92.0,-0.25650324522666273,-0.1329833463746674,0.9877551020408163,0.9938775510204082,28,64,-0.14140251218056193,6.25e-05,filtered_r2
epoch,5,93,93,93.0,-0.25626771207241195,-0.13290881137458646,0.9877551020408163,0.9938775510204082,29,64,-0.14140251218056193,6.25e-05,filtered_r2
epoch,5,94,94,94.0,-0.25647228862302174,-0.13986204643638767,0.9897959183673469,0.9938775510204082,30,64,-0.14140251218056193,6.25e-05,filtered_r2
epoch,6,1,1,1.0,1.4014147441450486,1.3412961959838867,0.6683673469387755,0.9510204081632653,0,1,1.3412961959838867,0.001,filtered_r2
epoch,6,2,2,2.0,0.8449202678556306,1.1001149912269748,0.7887755102040817,0.9520408163265306,0,2,1.1001149912269748,0.001,filtered_r2
epoch,6,3,3,3.0,0.6757088286347246,0.8781142076667474,0.8775510204081632,0.9285714285714286,0,3,0.8781142076667474,0.001,filtered_r2
epoch,6,4,4,4.0,0.565459103931447,1.1056111652023939,0.7938775510204081,0.8663265306122448,1,3,0.8781142076667474,0.001,filtered_r2
epoch,6,5,5,5.0,0.4771295269689791,1.3067007371357509,0.6326530612244898,0.9734693877551021,2,3,0.8781142076667474,0.001,filtered_r2
epoch,6,6,6,6.0,0.3970264999588899,1.4093776187118219,0.6632653061224489,0.9857142857142858,3,3,0.8781142076667474,0.001,filtered_r2
epoch,6,7,7,7.0,0.3252853663697478,0.7402905532291957,0.8673469387755102,0.9275510204081633,0,7,0.7402905532291957,0.001,filtered_r2
epoch,6,8,8,8.0,0.2634860815304794,1.013032645595317,0.7673469387755102,0.9704081632653061,1,7,0.7402905532291957,0.001,filtered_r2
epoch,6,9,9,9.0,0.2117930301205563,1.1776193492266596,0.7397959183673469,0.9724489795918367,2,7,0.7402905532291957,0.001,filtered_r2
epoch,6,10,10,10.0,0.1591622222607359,0.654328258426822,0.8316326530612245,0.9846938775510204,0,10,0.654328258426822,0.001,filtered_r2
epoch,6,11,11,11.0,0.12417901616281554,1.403954199382237,0.773469387755102,0.8489795918367347,1,10,0.654328258426822,0.001,filtered_r2
epoch,6,12,12,12.0,0.09869597432632157,1.4657723475475701,0.6806122448979591,0.9438775510204082,2,10,0.654328258426822,0.001,filtered_r2
epoch,6,13,13,13.0,0.05524621439077501,0.42123444956176137,0.9336734693877551,0.9683673469387755,0,13,0.42123444956176137,0.001,filtered_r2
epoch,6,14,14,14.0,0.011570870284961825,1.7684630977864169,0.6306122448979592,0.9663265306122449,1,13,0.42123444956176137,0.001,filtered_r2
epoch,6,15,15,15.0,-0.02727108612887046,0.7641203654055693,0.7744897959183673,0.9785714285714285,2,13,0.42123444956176137,0.001,filtered_r2
epoch,6,16,16,16.0,-0.06521047914831708,0.8504444222061002,0.773469387755102,0.9846938775510204,3,13,0.42123444956176137,0.001,filtered_r2
epoch,6,17,17,17.0,-0.08124606465681114,1.622061436516898,0.610204081632653,0.9887755102040816,4,13,0.42123444956176137,0.001,filtered_r2
epoch,6,18,18,18.0,-0.08682228846142304,1.7207585797017935,0.6836734693877551,0.9755102040816327,5,13,0.42123444956176137,0.001,filtered_r2
epoch,6,19,19,19.0,-0.10054179285996712,1.4776524602150432,0.6928571428571428,0.9163265306122449,6,13,0.42123444956176137,0.001,filtered_r2
epoch,6,20,20,20.0,-0.12540714313589452,3.0194976407654432,0.4887755102040816,0.9836734693877551,7,13,0.42123444956176137,0.001,filtered_r2
epoch,6,21,21,21.0,-0.1463763147183817,0.8534285905409832,0.746938775510204,0.9918367346938776,8,13,0.42123444956176137,0.001,filtered_r2
epoch,6,22,22,22.0,-0.16234862673967895,0.7426868360869738,0.8612244897959184,0.9255102040816326,9,13,0.42123444956176137,0.001,filtered_r2
epoch,6,23,23,23.0,-0.15829904059609623,1.956590208715322,0.5918367346938775,0.976530612244898,10,13,0.42123444956176137,0.001,filtered_r2
epoch,6,24,24,24.0,-0.14430005829710635,0.5513387568142949,0.8877551020408163,0.9826530612244898,11,13,0.42123444956176137,0.0005,filtered_r2
epoch,6,25,25,25.0,-0.19987432428654409,-0.0775077722510513,0.976530612244898,0.9938775510204082,0,25,-0.0775077722510513,0.0005,filtered_r2
epoch,6,26,26,26.0,-0.22100921556557931,-0.08749711513519287,0.9806122448979592,0.9938775510204082,0,26,-0.08749711513519287,0.0005,filtered_r2
epoch,6,27,27,27.0,-0.2249195812776063,-0.053488048728631464,0.9734693877551021,0.9897959183673469,1,26,-0.08749711513519287,0.0005,filtered_r2
epoch,6,28,28,28.0,-0.22839973812587483,-0.0990779606663451,0.9785714285714285,0.9948979591836735,0,28,-0.0990779606663451,0.0005,filtered_r2
epoch,6,29,29,29.0,-0.23002546163004622,-0.10074893820042513,0.9795918367346939,0.9938775510204082,0,29,-0.10074893820042513,0.0005,filtered_r2
epoch,6,30,30,30.0,-0.2320108872340725,-0.07149110132334184,0.9816326530612245,0.9908163265306122,1,29,-0.10074893820042513,0.0005,filtered_r2
epoch,6,31,31,31.0,-0.23088394670261042,-0.0982255964863057,0.9816326530612245,0.9928571428571429,2,29,-0.10074893820042513,0.0005,filtered_r2
epoch,6,32,32,32.0,-0.23723625173226437,-0.04026533486891766,0.9755102040816327,0.9887755102040816,3,29,-0.10074893820042513,0.0005,filtered_r2
epoch,6,33,33,33.0,-0.23668977172095748,-0.07818463237918154,0.9785714285714285,0.9928571428571429,4,29,-0.10074893820042513,0.0005,filtered_r2
epoch,6,34,34,34.0,-0.2386089392052053,0.007860209503952338,0.9673469387755103,0.9908163265306122,5,29,-0.10074893820042513,0.0005,filtered_r2
epoch,6,35,35,35.0,-0.23649928360733932,0.1025917403551997,0.9581632653061225,0.9816326530612245,6,29,-0.10074893820042513,0.0005,filtered_r2
epoch,6,36,36,36.0,-0.23673133422933934,0.6979585618388896,0.8448979591836735,0.9806122448979592,7,29,-0.10074893820042513,0.0005,filtered_r2
epoch,6,37,37,37.0,-0.18047966277387145,2.778923089163644,0.8377551020408164,0.6755102040816326,8,29,-0.10074893820042513,0.0005,filtered_r2
epoch,6,38,38,38.0,-0.16575358833694792,0.14839972184628855,0.9489795918367347,0.9897959183673469,9,29,-0.10074893820042513,0.0005,filtered_r2
epoch,6,39,39,39.0,-0.21799251481538476,0.32724404189051415,0.8846938775510204,0.9938775510204082,10,29,-0.10074893820042513,0.0005,filtered_r2
epoch,6,40,40,40.0,-0.2348734461116763,-0.06253784967928516,0.9714285714285714,0.9928571428571429,11,29,-0.10074893820042513,0.00025,filtered_r2
epoch,6,41,41,41.0,-0.24663438301654123,-0.08282650441539531,0.9755102040816327,0.9918367346938776,12,29,-0.10074893820042513,0.00025,filtered_r2
epoch,6,42,42,42.0,-0.2483113953174639,-0.08495604408030608,0.9775510204081632,0.9938775510204082,13,29,-0.10074893820042513,0.00025,filtered_r2
epoch,6,43,43,43.0,-0.24896520428383423,-0.09818971984240474,0.9775510204081632,0.9918367346938776,14,29,-0.10074893820042513,0.00025,filtered_r2
epoch,6,44,44,44.0,-0.24906944630269168,-0.10580391689222686,0.9785714285714285,0.9928571428571429,0,44,-0.10580391689222686,0.00025,filtered_r2
epoch,6,45,45,45.0,-0.2494637745095301,-0.10845010329265983,0.9816326530612245,0.9918367346938776,0,45,-0.10845010329265983,0.00025,filtered_r2
epoch,6,46,46,46.0,-0.25097671459880905,-0.08044465415331782,0.9785714285714285,0.9928571428571429,1,45,-0.10845010329265983,0.00025,filtered_r2
epoch,6,47,47,47.0,-0.24929239946793355,-0.10377696728219792,0.9826530612244898,0.9948979591836735,2,45,-0.10845010329265983,0.00025,filtered_r2
epoch,6,48,48,48.0,-0.25026722795454726,-0.10234634341025839,0.9836734693877551,0.9938775510204082,3,45,-0.10845010329265983,0.00025,filtered_r2
epoch,6,49,49,49.0,-0.2501381951342667,-0.10387557088112345,0.9836734693877551,0.9918367346938776,4,45,-0.10845010329265983,0.00025,filtered_r2
epoch,6,50,50,50.0,-0.25053655054188695,-0.11035441865726393,0.9846938775510204,0.9918367346938776,0,50,-0.11035441865726393,0.00025,filtered_r2
epoch,6,51,51,51.0,-0.2514424517094167,-0.0757214015843917,0.976530612244898,0.9928571428571429,1,50,-0.11035441865726393,0.00025,filtered_r2
epoch,6,52,52,52.0,-0.25068847405030426,-0.10054066911035654,0.9795918367346939,0.9928571428571429,2,50,-0.11035441865726393,0.00025,filtered_r2
epoch,6,53,53,53.0,-0.2511928274223121,-0.04379729446099729,0.9724489795918367,0.9908163265306122,3,50,-0.11035441865726393,0.00025,filtered_r2
epoch,6,54,54,54.0,-0.24985701125740206,-0.046402411071621644,0.9734693877551021,0.9928571428571429,4,50,-0.11035441865726393,0.00025,filtered_r2
epoch,6,55,55,55.0,-0.2500963536998013,-0.10043346881866455,0.9806122448979592,0.9928571428571429,5,50,-0.11035441865726393,0.00025,filtered_r2
epoch,6,56,56,56.0,-0.25051378593314033,-0.02117684033452248,0.9683673469387755,0.9928571428571429,6,50,-0.11035441865726393,0.00025,filtered_r2
epoch,6,57,57,57.0,-0.24861148475452732,0.0066241595209861285,0.9663265306122449,0.9918367346938776,7,50,-0.11035441865726393,0.00025,filtered_r2
epoch,6,58,58,58.0,-0.25191582588471856,-0.06781595726402438,0.9704081632653061,0.9928571428571429,8,50,-0.11035441865726393,0.00025,filtered_r2
epoch,6,59,59,59.0,-0.2511364115129799,-0.08047748147224894,0.9755102040816327,0.9928571428571429,9,50,-0.11035441865726393,0.00025,filtered_r2
epoch,6,60,60,60.0,-0.2512597416975702,-0.02379845551082066,0.9775510204081632,0.9908163265306122,10,50,-0.11035441865726393,0.00025,filtered_r2
epoch,6,61,61,61.0,-0.2531819746380893,-0.01902718787290612,0.9785714285714285,0.986734693877551,11,50,-0.11035441865726393,0.000125,filtered_r2
epoch,6,62,62,62.0,-0.25306767734870433,-0.07318042395066242,0.976530612244898,0.9938775510204082,12,50,-0.11035441865726393,0.000125,filtered_r2
epoch,6,63,63,63.0,-0.25501396365926815,-0.09552182907960853,0.9816326530612245,0.9938775510204082,13,50,-0.11035441865726393,0.000125,filtered_r2
epoch,6,64,64,64.0,-0.2550178213164032,-0.07419700865842858,0.9795918367346939,0.9928571428571429,14,50,-0.11035441865726393,0.000125,filtered_r2
epoch,6,65,65,65.0,-0.2548823748832894,-0.09344283853258406,0.9775510204081632,0.9938775510204082,15,50,-0.11035441865726393,0.000125,filtered_r2
epoch,6,66,66,66.0,-0.25465106174484575,-0.06410212662755227,0.9775510204081632,0.9918367346938776,16,50,-0.11035441865726393,0.000125,filtered_r2
epoch,6,67,67,67.0,-0.2540122004824266,-0.09172570316158996,0.9816326530612245,0.9938775510204082,17,50,-0.11035441865726393,0.000125,filtered_r2
epoch,6,68,68,68.0,-0.25397483492718514,-0.08561575218122833,0.9785714285714285,0.9928571428571429,18,50,-0.11035441865726393,0.000125,filtered_r2
epoch,6,69,69,69.0,-0.2547518858451832,-0.09504022209011778,0.9826530612244898,0.9938775510204082,19,50,-0.11035441865726393,0.000125,filtered_r2
epoch,6,70,70,70.0,-0.25413943090138297,-0.06937961335084876,0.9775510204081632,0.9918367346938776,20,50,-0.11035441865726393,0.000125,filtered_r2
epoch,6,71,71,71.0,-0.25452549804707536,-0.08068493969586431,0.9795918367346939,0.9928571428571429,21,50,-0.11035441865726393,0.000125,filtered_r2
epoch,6,72,72,72.0,-0.25480204564960834,-0.0668468494804538,0.9744897959183674,0.9938775510204082,22,50,-0.11035441865726393,6.25e-05,filtered_r2
epoch,6,73,73,73.0,-0.25562367520667667,-0.08617355969487404,0.9806122448979592,0.9938775510204082,23,50,-0.11035441865726393,6.25e-05,filtered_r2
epoch,6,74,74,74.0,-0.2560327363529044,-0.086218625185441,0.976530612244898,0.9938775510204082,24,50,-0.11035441865726393,6.25e-05,filtered_r2
epoch,6,75,75,75.0,-0.25619632033519785,-0.07810233028567568,0.9806122448979592,0.9928571428571429,25,50,-0.11035441865726393,6.25e-05,filtered_r2
epoch,6,76,76,76.0,-0.25617477580413617,-0.08494230581789601,0.9806122448979592,0.9928571428571429,26,50,-0.11035441865726393,6.25e-05,filtered_r2
epoch,6,77,77,77.0,-0.25627256431139905,-0.10253161848807821,0.9816326530612245,0.9938775510204082,27,50,-0.11035441865726393,6.25e-05,filtered_r2
epoch,6,78,78,78.0,-0.2563410178022549,-0.09982665947505406,0.9816326530612245,0.9928571428571429,28,50,-0.11035441865726393,6.25e-05,filtered_r2
epoch,6,79,79,79.0,-0.2564944208694471,-0.09021809928271235,0.9795918367346939,0.9928571428571429,29,50,-0.11035441865726393,6.25e-05,filtered_r2
epoch,6,80,80,80.0,-0.2562033099929202,-0.07706231633011176,0.9795918367346939,0.9928571428571429,30,50,-0.11035441865726393,6.25e-05,filtered_r2
epoch,7,1,1,1.0,1.3586769656568705,1.7889386011629689,0.636734693877551,0.7571428571428571,0,1,1.7889386011629689,0.001,filtered_r2
epoch,7,2,2,2.0,0.8242602825060439,1.4921923452494095,0.8663265306122448,0.6010204081632653,0,2,1.4921923452494095,0.001,filtered_r2
epoch,7,3,3,3.0,0.6721179915615446,1.2663501685979415,0.7020408163265306,0.9091836734693878,0,3,1.2663501685979415,0.001,filtered_r2
epoch,7,4,4,4.0,0.5574467323561747,1.239975298180872,0.6969387755102041,0.9520408163265306,0,4,1.239975298180872,0.001,filtered_r2
epoch,7,5,5,5.0,0.4648135658478577,1.892830465277847,0.5795918367346938,0.9306122448979591,1,4,1.239975298180872,0.001,filtered_r2
epoch,7,6,6,6.0,0.3953665061319817,1.222380010935725,0.6744897959183673,0.9785714285714285,0,6,1.222380010935725,0.001,filtered_r2
epoch,7,7,7,7.0,0.3091322177260688,1.9479834410609032,0.5153061224489796,0.9714285714285714,1,6,1.222380010935725,0.001,filtered_r2
epoch,7,8,8,8.0,0.2614104128158715,1.0319728491257647,0.7806122448979592,0.9448979591836735,0,8,1.0319728491257647,0.001,filtered_r2
epoch,7,9,9,9.0,0.20932960788536462,1.1263853199627936,0.7520408163265306,0.9275510204081633,1,8,1.0319728491257647,0.001,filtered_r2
epoch,7,10,10,10.0,0.16480571562046556,0.9014023403732144,0.8765306122448979,0.8397959183673469,0,10,0.9014023403732144,0.001,filtered_r2
epoch,7,11,11,11.0,0.12786622605032985,1.498102601693601,0.6816326530612244,0.9142857142857143,1,10,0.9014023403732144,0.001,filtered_r2
epoch,7,12,12,12.0,0.06780004816149914,1.305270493760401,0.7153061224489796,0.9387755102040817,2,10,0.9014023403732144,0.001,filtered_r2
epoch,7,13,13,13.0,0.03210526370849142,0.6392975310890042,0.8336734693877551,0.9908163265306122,0,13,0.6392975310890042,0.001,filtered_r2
epoch,7,14,14,14.0,-0.011887555676157773,0.6946309914394301,0.7918367346938775,0.9785714285714285,1,13,0.6392975310890042,0.001,filtered_r2
epoch,7,15,15,15.0,-0.004169945122724655,2.252248329045821,0.5306122448979592,0.9785714285714285,2,13,0.6392975310890042,0.001,filtered_r2
epoch,7,16,16,16.0,-0.04293875308853563,1.1106891028735102,0.7938775510204081,0.9438775510204082,3,13,0.6392975310890042,0.001,filtered_r2
epoch,7,17,17,17.0,-0.07026145442220189,0.4438979791135204,0.926530612244898,0.9510204081632653,0,17,0.4438979791135204,0.001,filtered_r2
epoch,7,18,18,18.0,-0.08094115246131882,1.9020849578234613,0.5908163265306122,0.9816326530612245,1,17,0.4438979791135204,0.001,filtered_r2
epoch,7,19,19,19.0,-0.10555370121124641,0.8473855748468516,0.810204081632653,0.9846938775510204,2,17,0.4438979791135204,0.001,filtered_r2
epoch,7,20,20,20.0,-0.14549084350810232,0.5577564594696979,0.8857142857142857,0.976530612244898,3,17,0.4438979791135204,0.001,filtered_r2
epoch,7,21,21,21.0,-0.16454923013782308,0.5515560286385672,0.8928571428571429,0.9928571428571429,4,17,0.4438979791135204,0.001,filtered_r2
epoch,7,22,22,22.0,-0.15693216216713754,0.24799616993690024,0.9377551020408164,0.9755102040816327,0,22,0.24799616993690024,0.001,filtered_r2
epoch,7,23,23,23.0,-0.1434658326280336,2.030858851452263,0.7755102040816326,0.726530612244898,1,22,0.24799616993690024,0.001,filtered_r2
epoch,7,24,24,24.0,-0.08962689664922513,3.572744589435811,0.43673469387755104,0.9755102040816327,2,22,0.24799616993690024,0.001,filtered_r2
epoch,7,25,25,25.0,-0.15363952285317453,0.29147256929047255,0.9071428571428571,0.9857142857142858,3,22,0.24799616993690024,0.001,filtered_r2
epoch,7,26,26,26.0,-0.20303669198803975,0.19341692632558394,0.9275510204081633,0.9918367346938776,0,26,0.19341692632558394,0.001,filtered_r2
epoch,7,27,27,27.0,-0.2174348506629728,0.005007068478331274,0.963265306122449,0.9948979591836735,0,27,0.005007068478331274,0.001,filtered_r2
epoch,7,28,28,28.0,-0.22357079137126454,0.295689150265285,0.9132653061224489,0.9948979591836735,1,27,0.005007068478331274,0.001,filtered_r2
epoch,7,29,29,29.0,-0.22944837109424088,0.040532316480364115,0.9591836734693877,0.9928571428571429,2,27,0.005007068478331274,0.001,filtered_r2
epoch,7,30,30,30.0,-0.23036803218620597,0.05331020793136285,0.9673469387755103,0.9877551020408163,3,27,0.005007068478331274,0.001,filtered_r2
epoch,7,31,31,31.0,-0.14213779927830603,4.55951221427139,0.8061224489795918,0.47551020408163264,4,27,0.005007068478331274,0.001,filtered_r2
epoch,7,32,32,32.0,-0.05258349485984515,4.850936897433534,0.4387755102040816,0.9683673469387755,5,27,0.005007068478331274,0.001,filtered_r2
epoch,7,33,33,33.0,-0.1807818590359817,0.30102853434426446,0.9357142857142857,0.9755102040816327,6,27,0.005007068478331274,0.001,filtered_r2
epoch,7,34,34,34.0,-0.22298800399152469,0.8508743417506315,0.7887755102040817,0.9938775510204082,7,27,0.005007068478331274,0.001,filtered_r2
epoch,7,35,35,35.0,-0.23268592806366117,0.005892116196301519,0.9612244897959183,0.9959183673469387,8,27,0.005007068478331274,0.001,filtered_r2
epoch,7,36,36,36.0,-0.2358163415185557,0.1668267619853117,0.9295918367346939,0.9948979591836735,9,27,0.005007068478331274,0.001,filtered_r2
epoch,7,37,37,37.0,-0.23498021604926447,0.3150537461650615,0.9142857142857143,0.9877551020408163,10,27,0.005007068478331274,0.001,filtered_r2
epoch,7,38,38,38.0,-0.23782092407628402,0.07572065810767972,0.9551020408163265,0.9918367346938776,11,27,0.005007068478331274,0.0005,filtered_r2
epoch,7,39,39,39.0,-0.2437379534821278,-0.05836420351145219,0.9734693877551021,0.9938775510204082,0,39,-0.05836420351145219,0.0005,filtered_r2
epoch,7,40,40,40.0,-0.24907492939083856,-0.06643471523207062,0.9734693877551021,0.9948979591836735,0,40,-0.06643471523207062,0.0005,filtered_r2
epoch,7,41,41,41.0,-0.24864689610531074,-0.07060308067166075,0.9744897959183674,0.9948979591836735,0,41,-0.07060308067166075,0.0005,filtered_r2
epoch,7,42,42,42.0,-0.24799851370094328,-0.06625954666916205,0.9744897959183674,0.9948979591836735,1,41,-0.07060308067166075,0.0005,filtered_r2
epoch,7,43,43,43.0,-0.2482470624259724,-0.03887607467417814,0.9683673469387755,0.9938775510204082,2,41,-0.07060308067166075,0.0005,filtered_r2
epoch,7,44,44,44.0,-0.25024997179244535,-0.04958974439270642,0.9714285714285714,0.9938775510204082,3,41,-0.07060308067166075,0.0005,filtered_r2
epoch,7,45,45,45.0,-0.24863222341409466,-0.03566396236419678,0.9693877551020408,0.9948979591836735,4,41,-0.07060308067166075,0.0005,filtered_r2
epoch,7,46,46,46.0,-0.24924972963847952,-0.007082012234901895,0.9673469387755103,0.9959183673469387,5,41,-0.07060308067166075,0.0005,filtered_r2
epoch,7,47,47,47.0,-0.2485914791259955,0.34949287151803776,0.9020408163265307,0.9857142857142858,6,41,-0.07060308067166075,0.0005,filtered_r2
epoch,7,48,48,48.0,-0.24926741338172737,-0.04536903488392732,0.9704081632653061,0.9938775510204082,7,41,-0.07060308067166075,0.0005,filtered_r2
epoch,7,49,49,49.0,-0.2501962548760447,-0.010739353238319864,0.9693877551020408,0.9918367346938776,8,41,-0.07060308067166075,0.0005,filtered_r2
epoch,7,50,50,50.0,-0.24718141759280252,0.1818104057895894,0.9448979591836735,0.9908163265306122,9,41,-0.07060308067166075,0.0005,filtered_r2
epoch,7,51,51,51.0,-0.24574792724258182,0.06219774995531355,0.9540816326530612,0.9948979591836735,10,41,-0.07060308067166075,0.0005,filtered_r2
epoch,7,52,52,52.0,-0.1727962310229998,1.979737781991764,0.746938775510204,0.9693877551020408,11,41,-0.07060308067166075,0.00025,filtered_r2
epoch,7,53,53,53.0,-0.1952344913819388,0.00023533422119763434,0.9663265306122449,0.9938775510204082,12,41,-0.07060308067166075,0.00025,filtered_r2
epoch,7,54,54,54.0,-0.24421407609769266,0.00902669332465347,0.963265306122449,0.9938775510204082,13,41,-0.07060308067166075,0.00025,filtered_r2
epoch,7,55,55,55.0,-0.24967903730157587,-0.056430948023893396,0.9744897959183674,0.9938775510204082,14,41,-0.07060308067166075,0.00025,filtered_r2
epoch,7,56,56,56.0,-0.25143406917793537,-0.027934758030638402,0.9724489795918367,0.9938775510204082,15,41,-0.07060308067166075,0.00025,filtered_r2
epoch,7,57,57,57.0,-0.2515137066533623,-0.04465703574978575,0.9724489795918367,0.9938775510204082,16,41,-0.07060308067166075,0.00025,filtered_r2
epoch,7,58,58,58.0,-0.25215642779917696,-0.020768745091496683,0.9673469387755103,0.9938775510204082,17,41,-0.07060308067166075,0.00025,filtered_r2
epoch,7,59,59,59.0,-0.253414843636906,-0.030641989318691953,0.9663265306122449,0.9938775510204082,18,41,-0.07060308067166075,0.00025,filtered_r2
epoch,7,60,60,60.0,-0.2533454219488629,-0.05229167938232422,0.9724489795918367,0.9938775510204082,19,41,-0.07060308067166075,0.00025,filtered_r2
epoch,7,61,61,61.0,-0.2535471760534426,-0.029455181043975206,0.9724489795918367,0.9938775510204082,20,41,-0.07060308067166075,0.00025,filtered_r2
epoch,7,62,62,62.0,-0.25324198865389597,-0.03403381912075743,0.9683673469387755,0.9938775510204082,21,41,-0.07060308067166075,0.00025,filtered_r2
epoch,7,63,63,63.0,-0.25346940661923756,-0.024369100161961147,0.9642857142857143,0.9928571428571429,22,41,-0.07060308067166075,0.000125,filtered_r2
epoch,7,64,64,64.0,-0.2549262299181457,-0.056038523206905444,0.976530612244898,0.9938775510204082,23,41,-0.07060308067166075,0.000125,filtered_r2
epoch,7,65,65,65.0,-0.2552477286235563,-0.05860891731417909,0.9744897959183674,0.9938775510204082,24,41,-0.07060308067166075,0.000125,filtered_r2
epoch,7,66,66,66.0,-0.25494355267674157,-0.048645945957728795,0.9724489795918367,0.9938775510204082,25,41,-0.07060308067166075,0.000125,filtered_r2
epoch,7,67,67,67.0,-0.25488677152155576,-0.049673249283615425,0.9693877551020408,0.9938775510204082,26,41,-0.07060308067166075,0.000125,filtered_r2
epoch,7,68,68,68.0,-0.2552913002972009,-0.060877277413193064,0.976530612244898,0.9938775510204082,27,41,-0.07060308067166075,0.000125,filtered_r2
epoch,7,69,69,69.0,-0.25419962741836777,-0.05346393244607108,0.9714285714285714,0.9938775510204082,28,41,-0.07060308067166075,0.000125,filtered_r2
epoch,7,70,70,70.0,-0.25500612040459325,-0.054347776880069656,0.9755102040816327,0.9938775510204082,29,41,-0.07060308067166075,0.000125,filtered_r2
epoch,7,71,71,71.0,-0.2551910690952398,-0.06088715670060138,0.9744897959183674,0.9938775510204082,30,41,-0.07060308067166075,0.000125,filtered_r2
epoch,8,1,1,1.0,1.4184454785758287,2.3943149479068055,0.5908163265306122,0.4479591836734694,0,1,2.3943149479068055,0.001,filtered_r2
epoch,8,2,2,2.0,0.855664559797883,1.2836822933080245,0.7765306122448979,0.8163265306122449,0,2,1.2836822933080245,0.001,filtered_r2
epoch,8,3,3,3.0,0.668243726662724,0.8070889730842746,0.8765306122448979,0.9693877551020408,0,3,0.8070889730842746,0.001,filtered_r2
epoch,8,4,4,4.0,0.5478294880145974,1.4277981582953005,0.6673469387755102,0.8561224489795919,1,3,0.8070889730842746,0.001,filtered_r2
epoch,8,5,5,5.0,0.478395688619007,1.3197819593001385,0.6571428571428571,0.9693877551020408,2,3,0.8070889730842746,0.001,filtered_r2
epoch,8,6,6,6.0,0.38993248474782294,1.4315759415529212,0.6489795918367347,0.8591836734693877,3,3,0.8070889730842746,0.001,filtered_r2
epoch,8,7,7,7.0,0.32861861164798745,0.7883967540702042,0.8163265306122449,0.9836734693877551,0,7,0.7883967540702042,0.001,filtered_r2
epoch,8,8,8,8.0,0.25149681682415526,0.41817005824069586,0.9489795918367347,0.9714285714285714,0,8,0.41817005824069586,0.001,filtered_r2
epoch,8,9,9,9.0,0.2096976780286154,0.850027584056465,0.7428571428571429,0.9857142857142858,1,8,0.41817005824069586,0.001,filtered_r2
epoch,8,10,10,10.0,0.1550127374628455,1.5048032167006513,0.6581632653061225,0.9316326530612244,2,8,0.41817005824069586,0.001,filtered_r2
epoch,8,11,11,11.0,0.13178766977345244,2.4964863446294046,0.4897959183673469,0.8081632653061225,3,8,0.41817005824069586,0.001,filtered_r2
epoch,8,12,12,12.0,0.07685330102281596,0.36865043177896617,0.9173469387755102,0.9693877551020408,0,12,0.36865043177896617,0.001,filtered_r2
epoch,8,13,13,13.0,0.035043666757227976,0.5664819508182759,0.8489795918367347,0.9826530612244898,1,12,0.36865043177896617,0.001,filtered_r2
epoch,8,14,14,14.0,-0.002064597877984427,0.3236018363310366,0.9275510204081633,0.9744897959183674,0,14,0.3236018363310366,0.001,filtered_r2
epoch,8,15,15,15.0,-0.015193863550914701,0.3711046588664152,0.9020408163265307,0.9918367346938776,1,14,0.3236018363310366,0.001,filtered_r2
epoch,8,16,16,16.0,-0.06506786845257027,1.17226441782348,0.8693877551020408,0.7663265306122449,2,14,0.3236018363310366,0.001,filtered_r2
epoch,8,17,17,17.0,-0.06899166503730375,1.2674054291783547,0.6938775510204082,0.9836734693877551,3,14,0.3236018363310366,0.001,filtered_r2
epoch,8,18,18,18.0,-0.06257914103674131,1.3754937395757558,0.8581632653061224,0.789795918367347,4,14,0.3236018363310366,0.001,filtered_r2
epoch,8,19,19,19.0,-0.09973742864832504,0.24630537689948567,0.9204081632653062,0.9928571428571429,0,19,0.24630537689948567,0.001,filtered_r2
epoch,8,20,20,20.0,-0.14204260766906227,0.32527685214062124,0.8887755102040816,0.9918367346938776,1,19,0.24630537689948567,0.001,filtered_r2
epoch,8,21,21,21.0,-0.1525588578060552,0.49299043100707385,0.8387755102040816,0.9918367346938776,2,19,0.24630537689948567,0.001,filtered_r2
epoch,8,22,22,22.0,-0.16271811212364912,0.9012552723592642,0.8112244897959183,0.9785714285714285,3,19,0.24630537689948567,0.001,filtered_r2
epoch,8,23,23,23.0,-0.16855133336384165,4.679546054528684,0.3142857142857143,0.8163265306122449,4,19,0.24630537689948567,0.001,filtered_r2
epoch,8,24,24,24.0,-0.15014831869185474,1.302830084975885,0.8183673469387756,0.8979591836734694,5,19,0.24630537689948567,0.001,filtered_r2
epoch,8,25,25,25.0,-0.17799840800992456,3.9218551402189292,0.5540816326530612,0.8489795918367347,6,19,0.24630537689948567,0.001,filtered_r2
epoch,8,26,26,26.0,-0.18717914804064015,0.5302677237257666,0.8591836734693877,0.9918367346938776,7,19,0.24630537689948567,0.001,filtered_r2
epoch,8,27,27,27.0,-0.1951900203338614,0.8178274013558212,0.8469387755102041,0.9744897959183674,8,19,0.24630537689948567,0.001,filtered_r2
epoch,8,28,28,28.0,-0.18749613662067988,0.2867450125363408,0.923469387755102,0.9826530612244898,9,19,0.24630537689948567,0.001,filtered_r2
epoch,8,29,29,29.0,-0.20679820884863767,0.10236364821998441,0.9673469387755103,0.9744897959183674,0,29,0.10236364821998441,0.001,filtered_r2
epoch,8,30,30,30.0,-0.1869478374589175,1.9084978682654246,0.6877551020408164,0.9581632653061225,1,29,0.10236364821998441,0.001,filtered_r2
epoch,8,31,31,31.0,-0.1791295428856281,1.17051160919423,0.7969387755102041,0.9520408163265306,2,29,0.10236364821998441,0.001,filtered_r2
epoch,8,32,32,32.0,-0.19576794604779263,0.3399041278021676,0.8989795918367347,0.9908163265306122,3,29,0.10236364821998441,0.001,filtered_r2
epoch,8,33,33,33.0,-0.1880461826490041,0.8724977459226336,0.8285714285714286,0.986734693877551,4,29,0.10236364821998441,0.001,filtered_r2
epoch,8,34,34,34.0,-0.2052438351827632,1.6996992369087376,0.7540816326530613,0.9795918367346939,5,29,0.10236364821998441,0.001,filtered_r2
epoch,8,35,35,35.0,-0.22582985817742549,0.9464569091796875,0.8122448979591836,0.9806122448979592,6,29,0.10236364821998441,0.001,filtered_r2
epoch,8,36,36,36.0,-0.24031250851475047,0.12187544812961501,0.9489795918367347,0.9948979591836735,7,29,0.10236364821998441,0.001,filtered_r2
epoch,8,37,37,37.0,-0.24064072711773157,-5.8328862092932876e-05,0.9663265306122449,0.9938775510204082,0,37,-5.8328862092932876e-05,0.001,filtered_r2
epoch,8,38,38,38.0,-0.24240213809988748,-0.08769246753381223,0.976530612244898,0.9938775510204082,0,38,-0.08769246753381223,0.001,filtered_r2
epoch,8,39,39,39.0,-0.2454030804568698,-0.061866994293368595,0.9693877551020408,0.9948979591836735,1,38,-0.08769246753381223,0.001,filtered_r2
epoch,8,40,40,40.0,-0.24449333158080627,-0.0011506430956782128,0.9693877551020408,0.9897959183673469,2,38,-0.08769246753381223,0.001,filtered_r2
epoch,8,41,41,41.0,-0.0650972121305218,5.509762121706593,0.5020408163265306,0.6010204081632653,3,38,-0.08769246753381223,0.001,filtered_r2
epoch,8,42,42,42.0,-0.1278080857457522,0.8322124953172645,0.8061224489795918,0.9897959183673469,4,38,-0.08769246753381223,0.001,filtered_r2
epoch,8,43,43,43.0,-0.19706304564850302,0.5691150976687062,0.8683673469387755,0.976530612244898,5,38,-0.08769246753381223,0.001,filtered_r2
epoch,8,44,44,44.0,-0.22729697747866406,-0.021554444274123834,0.9622448979591837,0.9938775510204082,6,38,-0.08769246753381223,0.001,filtered_r2
epoch,8,45,45,45.0,-0.24216557131726366,-0.07335812461619474,0.9795918367346939,0.9938775510204082,7,38,-0.08769246753381223,0.001,filtered_r2
epoch,8,46,46,46.0,-0.24391560623031475,-0.0585689943663928,0.9755102040816327,0.9938775510204082,8,38,-0.08769246753381223,0.001,filtered_r2
epoch,8,47,47,47.0,-0.24522031932799643,-0.08028559636096565,0.9775510204081632,0.9938775510204082,9,38,-0.08769246753381223,0.001,filtered_r2
epoch,8,48,48,48.0,-0.24611987313133377,-0.06899665715743085,0.9785714285714285,0.9938775510204082,10,38,-0.08769246753381223,0.001,filtered_r2
epoch,8,49,49,49.0,-0.24735784160175997,-0.07598544626819845,0.9816326530612245,0.9938775510204082,11,38,-0.08769246753381223,0.0005,filtered_r2
epoch,8,50,50,50.0,-0.24977830467190726,-0.06693940503256661,0.9755102040816327,0.9938775510204082,12,38,-0.08769246753381223,0.0005,filtered_r2
epoch,8,51,51,51.0,-0.2514311413671729,-0.0899230820792062,0.9826530612244898,0.9928571428571429,0,51,-0.0899230820792062,0.0005,filtered_r2
epoch,8,52,52,52.0,-0.2516784383424837,-0.09382005516363649,0.9826530612244898,0.9928571428571429,0,52,-0.09382005516363649,0.0005,filtered_r2
epoch,8,53,53,53.0,-0.2521860850319975,-0.07434684500402333,0.9744897959183674,0.9928571428571429,1,52,-0.09382005516363649,0.0005,filtered_r2
epoch,8,54,54,54.0,-0.25118822163731286,-0.07168980666569301,0.9785714285714285,0.9938775510204082,2,52,-0.09382005516363649,0.0005,filtered_r2
epoch,8,55,55,55.0,-0.25279336609435493,-0.08330968058839136,0.9806122448979592,0.9928571428571429,3,52,-0.09382005516363649,0.0005,filtered_r2
epoch,8,56,56,56.0,-0.25166535652306465,-0.08650945741303114,0.9795918367346939,0.9928571428571429,4,52,-0.09382005516363649,0.0005,filtered_r2
epoch,8,57,57,57.0,-0.2516378270212679,-0.07836399662251375,0.9826530612244898,0.9928571428571429,5,52,-0.09382005516363649,0.0005,filtered_r2
epoch,8,58,58,58.0,-0.25274536856277574,-0.08679292445280114,0.9836734693877551,0.9928571428571429,6,52,-0.09382005516363649,0.0005,filtered_r2
epoch,8,59,59,59.0,-0.25166925068739243,-0.0029813158268831214,0.9663265306122449,0.9928571428571429,7,52,-0.09382005516363649,0.0005,filtered_r2
epoch,8,60,60,60.0,-0.2528149329575916,-0.07363159899808923,0.9775510204081632,0.9928571428571429,8,52,-0.09382005516363649,0.0005,filtered_r2
epoch,8,61,61,61.0,-0.252482214230019,-0.057886079379490446,0.9775510204081632,0.9928571428571429,9,52,-0.09382005516363649,0.0005,filtered_r2
epoch,8,62,62,62.0,-0.25285436813498086,-0.028041699467873087,0.9683673469387755,0.9928571428571429,10,52,-0.09382005516363649,0.0005,filtered_r2
epoch,8,63,63,63.0,-0.19459994436875702,1.7227242231369018,0.7826530612244897,0.9224489795918367,11,52,-0.09382005516363649,0.00025,filtered_r2
epoch,8,64,64,64.0,-0.19885160992922643,-0.0748144801782102,0.9806122448979592,0.9928571428571429,12,52,-0.09382005516363649,0.00025,filtered_r2
epoch,8,65,65,65.0,-0.2485033494061898,-0.08826898604023213,0.9806122448979592,0.9928571428571429,13,52,-0.09382005516363649,0.00025,filtered_r2
epoch,8,66,66,66.0,-0.2525022565918481,-0.09115401871350347,0.9806122448979592,0.9928571428571429,14,52,-0.09382005516363649,0.00025,filtered_r2
epoch,8,67,67,67.0,-0.2534941302676016,-0.08465475549503249,0.9775510204081632,0.9928571428571429,15,52,-0.09382005516363649,0.00025,filtered_r2
epoch,8,68,68,68.0,-0.25478486940677775,-0.08633714744022915,0.9806122448979592,0.9938775510204082,16,52,-0.09382005516363649,0.00025,filtered_r2
epoch,8,69,69,69.0,-0.2553392071956304,-0.07909453255789621,0.9755102040816327,0.9928571428571429,17,52,-0.09382005516363649,0.00025,filtered_r2
epoch,8,70,70,70.0,-0.2553937434802293,-0.055956012375500734,0.9714285714285714,0.9928571428571429,18,52,-0.09382005516363649,0.00025,filtered_r2
epoch,8,71,71,71.0,-0.25583062437695875,-0.08600279019803417,0.9785714285714285,0.9928571428571429,19,52,-0.09382005516363649,0.00025,filtered_r2
epoch,8,72,72,72.0,-0.25542815012663284,-0.08427320061897745,0.9795918367346939,0.9928571428571429,20,52,-0.09382005516363649,0.00025,filtered_r2
epoch,8,73,73,73.0,-0.2553388648559096,-0.08232350300769417,0.9785714285714285,0.9928571428571429,21,52,-0.09382005516363649,0.00025,filtered_r2
epoch,8,74,74,74.0,-0.2563497462389523,-0.08261516288835175,0.9806122448979592,0.9928571428571429,22,52,-0.09382005516363649,0.000125,filtered_r2
epoch,8,75,75,75.0,-0.2569428836252309,-0.08892719940263398,0.9795918367346939,0.9928571428571429,23,52,-0.09382005516363649,0.000125,filtered_r2
epoch,8,76,76,76.0,-0.2567694036022094,-0.08649602374252008,0.9785714285714285,0.9928571428571429,24,52,-0.09382005516363649,0.000125,filtered_r2
epoch,8,77,77,77.0,-0.25691126597877284,-0.08671715308208855,0.9806122448979592,0.9928571428571429,25,52,-0.09382005516363649,0.000125,filtered_r2
epoch,8,78,78,78.0,-0.25730567573979257,-0.09199035946203737,0.9806122448979592,0.9928571428571429,26,52,-0.09382005516363649,0.000125,filtered_r2
epoch,8,79,79,79.0,-0.25665546199271516,-0.07924291406358991,0.976530612244898,0.9928571428571429,27,52,-0.09382005516363649,0.000125,filtered_r2
epoch,8,80,80,80.0,-0.2567976812492629,-0.08599583275464116,0.976530612244898,0.9928571428571429,28,52,-0.09382005516363649,0.000125,filtered_r2
epoch,8,81,81,81.0,-0.2568186736155572,-0.09646885395050049,0.9816326530612245,0.9928571428571429,0,81,-0.09646885395050049,0.000125,filtered_r2
epoch,8,82,82,82.0,-0.2568756414461595,-0.07712392758349983,0.9744897959183674,0.9928571428571429,1,81,-0.09646885395050049,0.000125,filtered_r2
epoch,8,83,83,83.0,-0.2568556929003368,-0.08528766194168402,0.9775510204081632,0.9928571428571429,2,81,-0.09646885395050049,0.000125,filtered_r2
epoch,8,84,84,84.0,-0.2570407573217409,-0.08032594700248874,0.976530612244898,0.9928571428571429,3,81,-0.09646885395050049,0.000125,filtered_r2
epoch,8,85,85,85.0,-0.2572746521048411,-0.09096389303402025,0.9785714285714285,0.9928571428571429,4,81,-0.09646885395050049,0.000125,filtered_r2
epoch,8,86,86,86.0,-0.25659988157457675,-0.08507042174436608,0.9795918367346939,0.9928571428571429,5,81,-0.09646885395050049,0.000125,filtered_r2
epoch,8,87,87,87.0,-0.2559175470809669,-0.0852934521071765,0.9795918367346939,0.9918367346938776,6,81,-0.09646885395050049,0.000125,filtered_r2
epoch,8,88,88,88.0,-0.25685982550063635,-0.06757175338511565,0.9755102040816327,0.9928571428571429,7,81,-0.09646885395050049,0.000125,filtered_r2
epoch,8,89,89,89.0,-0.25707702884390227,-0.08628320158744344,0.9785714285714285,0.9928571428571429,8,81,-0.09646885395050049,0.000125,filtered_r2
epoch,8,90,90,90.0,-0.2574048863578754,-0.055062083322174694,0.9714285714285714,0.9928571428571429,9,81,-0.09646885395050049,0.000125,filtered_r2
epoch,8,91,91,91.0,-0.2568710579759427,-0.06650679014167007,0.9744897959183674,0.9928571428571429,10,81,-0.09646885395050049,0.000125,filtered_r2
epoch,8,92,92,92.0,-0.2572473469509618,-0.07259170230554075,0.9744897959183674,0.9928571428571429,11,81,-0.09646885395050049,6.25e-05,filtered_r2
epoch,8,93,93,93.0,-0.258032815777111,-0.09014293320324956,0.9816326530612245,0.9928571428571429,12,81,-0.09646885395050049,6.25e-05,filtered_r2
epoch,8,94,94,94.0,-0.2580129404717783,-0.08675768618680993,0.976530612244898,0.9928571428571429,13,81,-0.09646885395050049,6.25e-05,filtered_r2
epoch,8,95,95,95.0,-0.25793409836267917,-0.09331629616873605,0.9785714285714285,0.9928571428571429,14,81,-0.09646885395050049,6.25e-05,filtered_r2
epoch,8,96,96,96.0,-0.2578563612788211,-0.09086930849114243,0.9806122448979592,0.9928571428571429,15,81,-0.09646885395050049,6.25e-05,filtered_r2
epoch,8,97,97,97.0,-0.2576771424259846,-0.08183493954794747,0.9785714285714285,0.9928571428571429,16,81,-0.09646885395050049,6.25e-05,filtered_r2
epoch,8,98,98,98.0,-0.25826670212477126,-0.08464125808404417,0.9785714285714285,0.9928571428571429,17,81,-0.09646885395050049,6.25e-05,filtered_r2
epoch,8,99,99,99.0,-0.25792733874027396,-0.08395224833975033,0.976530612244898,0.9928571428571429,18,81,-0.09646885395050049,6.25e-05,filtered_r2
epoch,8,100,100,100.0,-0.25806768103316535,-0.07307340320275754,0.9744897959183674,0.9928571428571429,19,81,-0.09646885395050049,6.25e-05,filtered_r2
epoch,8,101,101,101.0,-0.25795760967309184,-0.08386971901874153,0.9795918367346939,0.9928571428571429,20,81,-0.09646885395050049,6.25e-05,filtered_r2
epoch,8,102,102,102.0,-0.2579252700747225,-0.07351999185523209,0.9744897959183674,0.9928571428571429,21,81,-0.09646885395050049,6.25e-05,filtered_r2
epoch,8,103,103,103.0,-0.2579540016006234,-0.06444277082170759,0.9775510204081632,0.9928571428571429,22,81,-0.09646885395050049,3.125e-05,filtered_r2
epoch,8,104,104,104.0,-0.25845916437483546,-0.08059008802686418,0.976530612244898,0.9928571428571429,23,81,-0.09646885395050049,3.125e-05,filtered_r2
epoch,8,105,105,105.0,-0.2585470310654486,-0.08413224658187554,0.9755102040816327,0.9928571428571429,24,81,-0.09646885395050049,3.125e-05,filtered_r2
epoch,8,106,106,106.0,-0.2582414121714075,-0.07074382305145263,0.9755102040816327,0.9928571428571429,25,81,-0.09646885395050049,3.125e-05,filtered_r2
epoch,8,107,107,107.0,-0.2585879953706929,-0.07786512326221076,0.9744897959183674,0.9928571428571429,26,81,-0.09646885395050049,3.125e-05,filtered_r2
epoch,8,108,108,108.0,-0.25846874691287247,-0.08430929816499048,0.9806122448979592,0.9928571428571429,27,81,-0.09646885395050049,3.125e-05,filtered_r2
epoch,8,109,109,109.0,-0.2585866725197818,-0.08160691553232621,0.976530612244898,0.9928571428571429,28,81,-0.09646885395050049,3.125e-05,filtered_r2
epoch,8,110,110,110.0,-0.25820023597139014,-0.08305502035179917,0.9785714285714285,0.9928571428571429,29,81,-0.09646885395050049,3.125e-05,filtered_r2
epoch,8,111,111,111.0,-0.2583598103542734,-0.08124308002238372,0.976530612244898,0.9928571428571429,30,81,-0.09646885395050049,3.125e-05,filtered_r2
epoch,9,1,1,1.0,1.462778612897387,1.7757778313695167,0.6673469387755102,0.7591836734693878,0,1,1.7757778313695167,0.001,filtered_r2
epoch,9,2,2,2.0,0.8739362579411935,1.3492085914222562,0.8051020408163265,0.8030612244897959,0,2,1.3492085914222562,0.001,filtered_r2
epoch,9,3,3,3.0,0.670851452377749,0.8748877423150199,0.8816326530612245,0.9469387755102041,0,3,0.8748877423150199,0.001,filtered_r2
epoch,9,4,4,4.0,0.5567275463647734,1.073299543711604,0.7622448979591837,0.8938775510204081,1,3,0.8748877423150199,0.001,filtered_r2
epoch,9,5,5,5.0,0.46930676860436427,1.7002702245906907,0.5938775510204082,0.8948979591836734,2,3,0.8748877423150199,0.001,filtered_r2
epoch,9,6,6,6.0,0.3882503916422758,1.4076699753196873,0.6051020408163266,0.9551020408163265,3,3,0.8748877423150199,0.001,filtered_r2
epoch,9,7,7,7.0,0.31725636382022265,1.152740428885635,0.75,0.9857142857142858,4,3,0.8748877423150199,0.001,filtered_r2
epoch,9,8,8,8.0,0.2751009275553558,2.301388319171205,0.5714285714285714,0.7581632653061224,5,3,0.8748877423150199,0.001,filtered_r2
epoch,9,9,9,9.0,0.23012942874922082,0.9151392907512431,0.7714285714285715,0.9683673469387755,6,3,0.8748877423150199,0.001,filtered_r2
epoch,9,10,10,10.0,0.15541754613856307,1.282229129635558,0.7112244897959183,0.9520408163265306,7,3,0.8748877423150199,0.001,filtered_r2
epoch,9,11,11,11.0,0.11006432743854484,1.5414739667152872,0.5581632653061225,0.9826530612244898,8,3,0.8748877423150199,0.001,filtered_r2
epoch,9,12,12,12.0,0.06939873507184957,1.8591004055373523,0.7663265306122449,0.7816326530612245,9,3,0.8748877423150199,0.001,filtered_r2
epoch,9,13,13,13.0,0.03214490937184828,1.3133586134229387,0.9306122448979591,0.7040816326530612,10,3,0.8748877423150199,0.001,filtered_r2
epoch,9,14,14,14.0,0.0004107767581800556,0.6190443386836928,0.85,0.9785714285714285,0,14,0.6190443386836928,0.001,filtered_r2
epoch,9,15,15,15.0,-0.047485351805997236,0.7388155560104215,0.8224489795918367,0.9428571428571428,1,14,0.6190443386836928,0.001,filtered_r2
epoch,9,16,16,16.0,-0.04763663891699629,1.019709351598,0.8163265306122449,0.9561224489795919,2,14,0.6190443386836928,0.001,filtered_r2
epoch,9,17,17,17.0,-0.038974053472897945,2.1742047767249906,0.7948979591836735,0.6408163265306123,3,14,0.6190443386836928,0.001,filtered_r2
epoch,9,18,18,18.0,-0.10336548679592243,0.30002333023110217,0.9204081632653062,0.9897959183673469,0,18,0.30002333023110217,0.001,filtered_r2
epoch,9,19,19,19.0,-0.12532568819710002,1.782912926771203,0.6612244897959184,0.9908163265306122,1,18,0.30002333023110217,0.001,filtered_r2
epoch,9,20,20,20.0,-0.12786859364352354,1.4606445108141217,0.7275510204081632,0.9642857142857143,2,18,0.30002333023110217,0.001,filtered_r2
epoch,9,21,21,21.0,-0.1306606721244959,2.0275942383980263,0.6918367346938775,0.810204081632653,3,18,0.30002333023110217,0.001,filtered_r2
epoch,9,22,22,22.0,-0.13632066403946377,0.6993319421398396,0.8295918367346938,0.9816326530612245,4,18,0.30002333023110217,0.001,filtered_r2
epoch,9,23,23,23.0,-0.15547445758216263,0.35056425381679923,0.9051020408163265,0.9897959183673469,5,18,0.30002333023110217,0.001,filtered_r2
epoch,9,24,24,24.0,-0.140717377685617,0.2743221813318681,0.9214285714285714,0.9775510204081632,0,24,0.2743221813318681,0.001,filtered_r2
epoch,9,25,25,25.0,-0.17977088338472352,0.6775715132148898,0.8428571428571429,0.9683673469387755,1,24,0.2743221813318681,0.001,filtered_r2
epoch,9,26,26,26.0,-0.2025836191860552,0.23526696282990125,0.9142857142857143,0.9836734693877551,0,26,0.23526696282990125,0.001,filtered_r2
epoch,9,27,27,27.0,-0.21279828975247264,0.7189363576927964,0.8244897959183674,0.986734693877551,1,26,0.23526696282990125,0.001,filtered_r2
epoch,9,28,28,28.0,-0.2109456786547244,1.7399975844791957,0.6989795918367347,0.9663265306122449,2,26,0.23526696282990125,0.001,filtered_r2
epoch,9,29,29,29.0,-0.15501025549552166,2.959717980209662,0.6530612244897959,0.7765306122448979,3,26,0.23526696282990125,0.001,filtered_r2
epoch,9,30,30,30.0,-0.08034122339796318,0.777466006181678,0.8316326530612245,0.9826530612244898,4,26,0.23526696282990125,0.001,filtered_r2
epoch,9,31,31,31.0,-0.19456484646848662,0.06591195087043607,0.9551020408163265,0.9877551020408163,0,31,0.06591195087043607,0.001,filtered_r2
epoch,9,32,32,32.0,-0.22448963763451554,0.8722480214371973,0.8153061224489796,0.9918367346938776,1,31,0.06591195087043607,0.001,filtered_r2
epoch,9,33,33,33.0,-0.23248534298931017,-0.0017211456688082949,0.960204081632653,0.9938775510204082,0,33,-0.0017211456688082949,0.001,filtered_r2
epoch,9,34,34,34.0,-0.2335478347245966,0.004399420777145697,0.9673469387755103,0.9918367346938776,1,33,-0.0017211456688082949,0.001,filtered_r2
epoch,9,35,35,35.0,-0.23436531670628535,0.21621089662824358,0.9275510204081633,0.9928571428571429,2,33,-0.0017211456688082949,0.001,filtered_r2
epoch,9,36,36,36.0,-0.2345622667843307,0.10661202790785809,0.9612244897959183,0.9816326530612245,3,33,-0.0017211456688082949,0.001,filtered_r2
epoch,9,37,37,37.0,-0.17973002343543737,2.041104336174167,0.7193877551020408,0.9408163265306122,4,33,-0.0017211456688082949,0.001,filtered_r2
epoch,9,38,38,38.0,-0.15020050279315653,1.6571485169079838,0.7071428571428572,0.963265306122449,5,33,-0.0017211456688082949,0.001,filtered_r2
epoch,9,39,39,39.0,-0.20785425376850347,-0.0458864367738062,0.9734693877551021,0.9928571428571429,0,39,-0.0458864367738062,0.001,filtered_r2
epoch,9,40,40,40.0,-0.2270787484554706,0.21305867895788075,0.936734693877551,0.9897959183673469,1,39,-0.0458864367738062,0.001,filtered_r2
epoch,9,41,41,41.0,-0.23713049460403557,-0.07317654308007689,0.9744897959183674,0.9959183673469387,0,41,-0.07317654308007689,0.001,filtered_r2
epoch,9,42,42,42.0,-0.24322349570532878,-0.08723491503267872,0.9795918367346939,0.9959183673469387,0,42,-0.08723491503267872,0.001,filtered_r2
epoch,9,43,43,43.0,-0.24595964848908244,-0.07397713612536995,0.9785714285714285,0.9959183673469387,1,42,-0.08723491503267872,0.001,filtered_r2
epoch,9,44,44,44.0,-0.2437734953474296,-0.09218360404579007,0.9806122448979592,0.9928571428571429,0,44,-0.09218360404579007,0.001,filtered_r2
epoch,9,45,45,45.0,-0.23558201447568414,0.15820474186722114,0.9469387755102041,0.9959183673469387,1,44,-0.09218360404579007,0.001,filtered_r2
epoch,9,46,46,46.0,-0.1320226674946745,15.362804237677127,0.3673469387755102,0.42448979591836733,2,44,-0.09218360404579007,0.001,filtered_r2
epoch,9,47,47,47.0,0.052240984464895286,0.5389466548452572,0.863265306122449,0.9785714285714285,3,44,-0.09218360404579007,0.001,filtered_r2
epoch,9,48,48,48.0,-0.1935506787250019,0.2569969211305891,0.9112244897959184,0.9938775510204082,4,44,-0.09218360404579007,0.001,filtered_r2
epoch,9,49,49,49.0,-0.22316271524092599,0.03533184966262506,0.9561224489795919,0.9908163265306122,5,44,-0.09218360404579007,0.001,filtered_r2
epoch,9,50,50,50.0,-0.23655038692876762,-0.03353601085896395,0.9704081632653061,0.9959183673469387,6,44,-0.09218360404579007,0.001,filtered_r2
epoch,9,51,51,51.0,-0.24241153140578703,-0.08272481840483996,0.9744897959183674,0.9959183673469387,7,44,-0.09218360404579007,0.001,filtered_r2
epoch,9,52,52,52.0,-0.24531929865849064,-0.06057849514241121,0.9775510204081632,0.9948979591836735,8,44,-0.09218360404579007,0.001,filtered_r2
epoch,9,53,53,53.0,-0.24619779045532422,-0.09167337855514215,0.9806122448979592,0.9938775510204082,9,44,-0.09218360404579007,0.001,filtered_r2
epoch,9,54,54,54.0,-0.24303946265125193,0.20743840130007996,0.9255102040816326,0.9959183673469387,10,44,-0.09218360404579007,0.001,filtered_r2
epoch,9,55,55,55.0,-0.24374390319794165,-0.03223295114478286,0.9734693877551021,0.9928571428571429,11,44,-0.09218360404579007,0.0005,filtered_r2
epoch,9,56,56,56.0,-0.2484327252940113,-0.07988100830389529,0.9755102040816327,0.996938775510204,12,44,-0.09218360404579007,0.0005,filtered_r2
epoch,9,57,57,57.0,-0.2518880049167307,-0.08597861066156504,0.9785714285714285,0.9959183673469387,13,44,-0.09218360404579007,0.0005,filtered_r2
epoch,9,58,58,58.0,-0.25194178785566756,-0.09631509586256377,0.9826530612244898,0.9959183673469387,0,58,-0.09631509586256377,0.0005,filtered_r2
epoch,9,59,59,59.0,-0.25224194286305807,-0.08983083209212946,0.976530612244898,0.9948979591836735,1,58,-0.09631509586256377,0.0005,filtered_r2
epoch,9,60,60,60.0,-0.25259528921545854,-0.08259104903863401,0.9785714285714285,0.9948979591836735,2,58,-0.09631509586256377,0.0005,filtered_r2
epoch,9,61,61,61.0,-0.2519562224239798,-0.08131821642116624,0.9785714285714285,0.9948979591836735,3,58,-0.09631509586256377,0.0005,filtered_r2
epoch,9,62,62,62.0,-0.2510621838330318,-0.07984991949431751,0.9775510204081632,0.996938775510204,4,58,-0.09631509586256377,0.0005,filtered_r2
epoch,9,63,63,63.0,-0.25223711427808815,-0.061889450890677315,0.9755102040816327,0.9938775510204082,5,58,-0.09631509586256377,0.0005,filtered_r2
epoch,9,64,64,64.0,-0.25195186137109515,-0.08233844017495914,0.9806122448979592,0.9959183673469387,6,58,-0.09631509586256377,0.0005,filtered_r2
epoch,9,65,65,65.0,-0.25253519569780447,-0.08613298523182772,0.9785714285714285,0.9959183673469387,7,58,-0.09631509586256377,0.0005,filtered_r2
epoch,9,66,66,66.0,-0.2513579226180211,-0.05721041280396131,0.9744897959183674,0.9959183673469387,8,58,-0.09631509586256377,0.0005,filtered_r2
epoch,9,67,67,67.0,-0.25175261088770057,-0.07512236906557666,0.9775510204081632,0.9948979591836735,9,58,-0.09631509586256377,0.0005,filtered_r2
epoch,9,68,68,68.0,-0.2494409295466957,-0.07539862418661313,0.9785714285714285,0.9959183673469387,10,58,-0.09631509586256377,0.0005,filtered_r2
epoch,9,69,69,69.0,-0.25130896624650556,-0.0595703733210661,0.976530612244898,0.9959183673469387,11,58,-0.09631509586256377,0.00025,filtered_r2
epoch,9,70,70,70.0,-0.2540299090797852,-0.0959620577948434,0.9775510204081632,0.996938775510204,12,58,-0.09631509586256377,0.00025,filtered_r2
epoch,9,71,71,71.0,-0.2554425730244704,-0.10478297642299107,0.9836734693877551,0.996938775510204,0,71,-0.10478297642299107,0.00025,filtered_r2
epoch,9,72,72,72.0,-0.25513355042171226,-0.09701738746798769,0.9795918367346939,0.9959183673469387,1,71,-0.10478297642299107,0.00025,filtered_r2
epoch,9,73,73,73.0,-0.254996551728506,-0.09953165978801494,0.9806122448979592,0.996938775510204,2,71,-0.10478297642299107,0.00025,filtered_r2
epoch,9,74,74,74.0,-0.25356101445355844,-0.09553328971473538,0.9785714285714285,0.996938775510204,3,71,-0.10478297642299107,0.00025,filtered_r2
epoch,9,75,75,75.0,-0.25481784126311235,-0.08890950923063318,0.9775510204081632,0.9948979591836735,4,71,-0.10478297642299107,0.00025,filtered_r2
epoch,9,76,76,76.0,-0.25469049457422593,-0.10179716275662792,0.9826530612244898,0.9948979591836735,5,71,-0.10478297642299107,0.00025,filtered_r2
epoch,9,77,77,77.0,-0.252926558960552,-0.07571139189661766,0.9744897959183674,0.9959183673469387,6,71,-0.10478297642299107,0.00025,filtered_r2
epoch,9,78,78,78.0,-0.2541876997758461,-0.10134869448992671,0.9795918367346939,0.996938775510204,7,71,-0.10478297642299107,0.00025,filtered_r2
epoch,9,79,79,79.0,-0.25408195183094157,-0.0845387332293452,0.9785714285714285,0.996938775510204,8,71,-0.10478297642299107,0.00025,filtered_r2
epoch,9,80,80,80.0,-0.25467962934492905,-0.08227692477557123,0.9775510204081632,0.9959183673469387,9,71,-0.10478297642299107,0.00025,filtered_r2
epoch,9,81,81,81.0,-0.2537296972505755,-0.08941670729189503,0.9816326530612245,0.9948979591836735,10,71,-0.10478297642299107,0.00025,filtered_r2
epoch,9,82,82,82.0,-0.2528684605374989,-0.03422653967020463,0.9673469387755103,0.9928571428571429,11,71,-0.10478297642299107,0.000125,filtered_r2
epoch,9,83,83,83.0,-0.25566264533913097,-0.10315668096347731,0.9795918367346939,0.9959183673469387,12,71,-0.10478297642299107,0.000125,filtered_r2
epoch,9,84,84,84.0,-0.25601603696462466,-0.09171499427484006,0.9785714285714285,0.996938775510204,13,71,-0.10478297642299107,0.000125,filtered_r2
epoch,9,85,85,85.0,-0.25636907624961824,-0.10531759554026078,0.9795918367346939,0.996938775510204,0,85,-0.10531759554026078,0.000125,filtered_r2
epoch,9,86,86,86.0,-0.2563377368857153,-0.08936230260498669,0.9775510204081632,0.996938775510204,1,85,-0.10531759554026078,0.000125,filtered_r2
epoch,9,87,87,87.0,-0.25691395244898935,-0.0972101372115466,0.9785714285714285,0.996938775510204,2,85,-0.10531759554026078,0.000125,filtered_r2
epoch,9,88,88,88.0,-0.25604127510525515,-0.10558332958999946,0.9806122448979592,0.996938775510204,0,88,-0.10558332958999946,0.000125,filtered_r2
epoch,9,89,89,89.0,-0.2566524016324932,-0.09668281662220858,0.9826530612244898,0.996938775510204,1,88,-0.10558332958999946,0.000125,filtered_r2
epoch,9,90,90,90.0,-0.2565299817797113,-0.08503568075141128,0.9785714285714285,0.996938775510204,2,88,-0.10558332958999946,0.000125,filtered_r2
epoch,9,91,91,91.0,-0.25600584225714434,-0.10802298273359026,0.9836734693877551,0.996938775510204,0,91,-0.10802298273359026,0.000125,filtered_r2
epoch,9,92,92,92.0,-0.256053745363974,-0.11150507245744978,0.9836734693877551,0.996938775510204,0,92,-0.11150507245744978,0.000125,filtered_r2
epoch,9,93,93,93.0,-0.2563561372065426,-0.08201670111442098,0.9755102040816327,0.996938775510204,1,92,-0.11150507245744978,0.000125,filtered_r2
epoch,9,94,94,94.0,-0.2556493612082943,-0.08534508335347078,0.9755102040816327,0.9959183673469387,2,92,-0.11150507245744978,0.000125,filtered_r2
epoch,9,95,95,95.0,-0.25587745792218053,-0.09678878200297453,0.9785714285714285,0.9959183673469387,3,92,-0.11150507245744978,0.000125,filtered_r2
epoch,9,96,96,96.0,-0.2562413481049194,-0.0963186215381233,0.9785714285714285,0.9959183673469387,4,92,-0.11150507245744978,0.000125,filtered_r2
epoch,9,97,97,97.0,-0.2559487299631106,-0.10136825211194096,0.9795918367346939,0.9959183673469387,5,92,-0.11150507245744978,0.000125,filtered_r2
epoch,9,98,98,98.0,-0.25597200763792555,-0.10095133732776253,0.9795918367346939,0.9959183673469387,6,92,-0.11150507245744978,0.000125,filtered_r2
epoch,9,99,99,99.0,-0.2559334154131811,-0.08758077962057931,0.9785714285714285,0.9948979591836735,7,92,-0.11150507245744978,0.000125,filtered_r2
epoch,9,100,100,100.0,-0.2551590771587451,-0.05254214247878717,0.9734693877551021,0.9948979591836735,8,92,-0.11150507245744978,0.000125,filtered_r2
epoch,9,101,101,101.0,-0.2527225008677351,-0.07236519930314045,0.9755102040816327,0.9959183673469387,9,92,-0.11150507245744978,0.000125,filtered_r2
epoch,9,102,102,102.0,-0.25106955802506736,-0.04899994840427321,0.9704081632653061,0.9959183673469387,10,92,-0.11150507245744978,0.000125,filtered_r2
epoch,9,103,103,103.0,-0.2546864053512197,-0.05859425457156434,0.9724489795918367,0.9959183673469387,11,92,-0.11150507245744978,6.25e-05,filtered_r2
epoch,9,104,104,104.0,-0.2566443274380829,-0.10032604421888079,0.976530612244898,0.996938775510204,12,92,-0.11150507245744978,6.25e-05,filtered_r2
epoch,9,105,105,105.0,-0.25764923665138806,-0.09655403604312819,0.9755102040816327,0.996938775510204,13,92,-0.11150507245744978,6.25e-05,filtered_r2
epoch,9,106,106,106.0,-0.25691732756417385,-0.11385267705333477,0.9826530612244898,0.996938775510204,0,106,-0.11385267705333477,6.25e-05,filtered_r2
epoch,9,107,107,107.0,-0.2572699638438496,-0.11459562194590665,0.9836734693877551,0.996938775510204,0,107,-0.11459562194590665,6.25e-05,filtered_r2
epoch,9,108,108,108.0,-0.25739154246586005,-0.09385278906141009,0.9755102040816327,0.996938775510204,1,107,-0.11459562194590665,6.25e-05,filtered_r2
epoch,9,109,109,109.0,-0.2569494160473225,-0.09871444994089555,0.9775510204081632,0.996938775510204,2,107,-0.11459562194590665,6.25e-05,filtered_r2
epoch,9,110,110,110.0,-0.257588019341813,-0.10195652124833088,0.9785714285714285,0.996938775510204,3,107,-0.11459562194590665,6.25e-05,filtered_r2
epoch,9,111,111,111.0,-0.25745960363049114,-0.10107014714455118,0.9785714285714285,0.996938775510204,4,107,-0.11459562194590665,6.25e-05,filtered_r2
epoch,9,112,112,112.0,-0.2574902233904918,-0.10252058165413992,0.9775510204081632,0.996938775510204,5,107,-0.11459562194590665,6.25e-05,filtered_r2
epoch,9,113,113,113.0,-0.2573481365094771,-0.11095792614683812,0.9816326530612245,0.996938775510204,6,107,-0.11459562194590665,6.25e-05,filtered_r2
epoch,9,114,114,114.0,-0.25721876936749183,-0.10359996046338762,0.9795918367346939,0.996938775510204,7,107,-0.11459562194590665,6.25e-05,filtered_r2
epoch,9,115,115,115.0,-0.2573232859120899,-0.11397215152273373,0.9836734693877551,0.996938775510204,8,107,-0.11459562194590665,6.25e-05,filtered_r2
epoch,9,116,116,116.0,-0.2571298991204143,-0.09329105542630566,0.9775510204081632,0.996938775510204,9,107,-0.11459562194590665,6.25e-05,filtered_r2
epoch,9,117,117,117.0,-0.25741333185078485,-0.09873127937316895,0.9806122448979592,0.996938775510204,10,107,-0.11459562194590665,6.25e-05,filtered_r2
epoch,9,118,118,118.0,-0.25749509959656397,-0.10179486226062386,0.976530612244898,0.996938775510204,11,107,-0.11459562194590665,3.125e-05,filtered_r2
epoch,9,119,119,119.0,-0.25775144778155085,-0.11023254443188103,0.9826530612244898,0.9959183673469387,12,107,-0.11459562194590665,3.125e-05,filtered_r2
epoch,9,120,120,120.0,-0.25778965463713444,-0.105677216393607,0.9785714285714285,0.996938775510204,13,107,-0.11459562194590665,3.125e-05,filtered_r2
epoch,9,121,121,121.0,-0.2577960580404764,-0.10386791521189165,0.9795918367346939,0.996938775510204,14,107,-0.11459562194590665,3.125e-05,filtered_r2
epoch,9,122,122,122.0,-0.2578547771901614,-0.11097454781434973,0.9826530612244898,0.996938775510204,15,107,-0.11459562194590665,3.125e-05,filtered_r2
epoch,9,123,123,123.0,-0.25789188606453106,-0.10229699222408996,0.9785714285714285,0.996938775510204,16,107,-0.11459562194590665,3.125e-05,filtered_r2
epoch,9,124,124,124.0,-0.25773503973771367,-0.10440860962381168,0.9816326530612245,0.996938775510204,17,107,-0.11459562194590665,3.125e-05,filtered_r2
epoch,9,125,125,125.0,-0.2577810864911888,-0.10907131993040746,0.9816326530612245,0.996938775510204,18,107,-0.11459562194590665,3.125e-05,filtered_r2
epoch,9,126,126,126.0,-0.25787023994294417,-0.10558457909798136,0.9846938775510204,0.9959183673469387,19,107,-0.11459562194590665,3.125e-05,filtered_r2
epoch,9,127,127,127.0,-0.25758632908835855,-0.09721006909195258,0.9785714285714285,0.996938775510204,20,107,-0.11459562194590665,3.125e-05,filtered_r2
epoch,9,128,128,128.0,-0.257526447900294,-0.11006023640535316,0.9816326530612245,0.996938775510204,21,107,-0.11459562194590665,3.125e-05,filtered_r2
epoch,9,129,129,129.0,-0.2578116695178922,-0.11541700655100297,0.9836734693877551,0.996938775510204,0,129,-0.11541700655100297,3.125e-05,filtered_r2
epoch,9,130,130,130.0,-0.2577715426344269,-0.10337157249450683,0.9795918367346939,0.996938775510204,1,129,-0.11541700655100297,3.125e-05,filtered_r2
epoch,9,131,131,131.0,-0.25790717348191144,-0.10474331330279915,0.9806122448979592,0.996938775510204,2,129,-0.11541700655100297,3.125e-05,filtered_r2
epoch,9,132,132,132.0,-0.2580329600492232,-0.10961035125109614,0.9826530612244898,0.996938775510204,3,129,-0.11541700655100297,3.125e-05,filtered_r2
epoch,9,133,133,133.0,-0.2574445611191519,-0.11075817419558155,0.9846938775510204,0.996938775510204,4,129,-0.11541700655100297,3.125e-05,filtered_r2
epoch,9,134,134,134.0,-0.2581575876914415,-0.10280911289915746,0.976530612244898,0.996938775510204,5,129,-0.11541700655100297,3.125e-05,filtered_r2
epoch,9,135,135,135.0,-0.2577396765338251,-0.09911930463751968,0.9806122448979592,0.996938775510204,6,129,-0.11541700655100297,3.125e-05,filtered_r2
epoch,9,136,136,136.0,-0.2576608498172298,-0.10329345926946523,0.9795918367346939,0.996938775510204,7,129,-0.11541700655100297,3.125e-05,filtered_r2
epoch,9,137,137,137.0,-0.2577094987908779,-0.08293829402145074,0.9775510204081632,0.996938775510204,8,129,-0.11541700655100297,3.125e-05,filtered_r2
epoch,9,138,138,138.0,-0.25797090483087476,-0.10890840851530736,0.9836734693877551,0.996938775510204,9,129,-0.11541700655100297,3.125e-05,filtered_r2
epoch,9,139,139,139.0,-0.25765526694739427,-0.1013803885907543,0.9755102040816327,0.996938775510204,10,129,-0.11541700655100297,3.125e-05,filtered_r2
epoch,9,140,140,140.0,-0.25751566184238406,-0.10965419350838175,0.9826530612244898,0.996938775510204,11,129,-0.11541700655100297,1.5625e-05,filtered_r2
epoch,9,141,141,141.0,-0.257941517671274,-0.10945974515408886,0.9816326530612245,0.996938775510204,12,129,-0.11541700655100297,1.5625e-05,filtered_r2
epoch,9,142,142,142.0,-0.2580186511776626,-0.09820613082574338,0.9775510204081632,0.996938775510204,13,129,-0.11541700655100297,1.5625e-05,filtered_r2
epoch,9,143,143,143.0,-0.25790834687769776,-0.10396245061134805,0.9826530612244898,0.996938775510204,14,129,-0.11541700655100297,1.5625e-05,filtered_r2
epoch,9,144,144,144.0,-0.25799000998923616,-0.10655548815824548,0.9836734693877551,0.996938775510204,15,129,-0.11541700655100297,1.5625e-05,filtered_r2
epoch,9,145,145,145.0,-0.25820929916460866,-0.1055540571407396,0.9816326530612245,0.996938775510204,16,129,-0.11541700655100297,1.5625e-05,filtered_r2
epoch,9,146,146,146.0,-0.25806035583625214,-0.11172715985045141,0.9795918367346939,0.996938775510204,17,129,-0.11541700655100297,1.5625e-05,filtered_r2
epoch,9,147,147,147.0,-0.2581933244936731,-0.10703158183973663,0.9816326530612245,0.996938775510204,18,129,-0.11541700655100297,1.5625e-05,filtered_r2
epoch,9,148,148,148.0,-0.2579490991142424,-0.10909150376611826,0.9806122448979592,0.996938775510204,19,129,-0.11541700655100297,1.5625e-05,filtered_r2
epoch,9,149,149,149.0,-0.25828226443313806,-0.11075837904093216,0.9816326530612245,0.996938775510204,20,129,-0.11541700655100297,1.5625e-05,filtered_r2
epoch,9,150,150,150.0,-0.2583806690405853,-0.11193280463316002,0.9826530612244898,0.996938775510204,21,129,-0.11541700655100297,1.5625e-05,filtered_r2
epoch,9,151,151,151.0,-0.2582596436442945,-0.1003063980413943,0.976530612244898,0.996938775510204,22,129,-0.11541700655100297,7.8125e-06,filtered_r2
epoch,9,152,152,152.0,-0.2582552304656087,-0.10519783594170395,0.9806122448979592,0.996938775510204,23,129,-0.11541700655100297,7.8125e-06,filtered_r2
epoch,9,153,153,153.0,-0.25817797312348306,-0.10620525613123057,0.9795918367346939,0.996938775510204,24,129,-0.11541700655100297,7.8125e-06,filtered_r2
epoch,9,154,154,154.0,-0.25838249027815996,-0.1061454388560081,0.9795918367346939,0.996938775510204,25,129,-0.11541700655100297,7.8125e-06,filtered_r2
epoch,9,155,155,155.0,-0.25852947780193375,-0.1092800286351418,0.9826530612244898,0.996938775510204,26,129,-0.11541700655100297,7.8125e-06,filtered_r2
epoch,9,156,156,156.0,-0.25841758221274813,-0.10311947112180748,0.9775510204081632,0.996938775510204,27,129,-0.11541700655100297,7.8125e-06,filtered_r2
epoch,9,157,157,157.0,-0.2587235593955789,-0.09970972927249208,0.9785714285714285,0.996938775510204,28,129,-0.11541700655100297,7.8125e-06,filtered_r2
epoch,9,158,158,158.0,-0.25828714623964666,-0.10316846078755904,0.9816326530612245,0.996938775510204,29,129,-0.11541700655100297,7.8125e-06,filtered_r2
epoch,9,159,159,159.0,-0.2583584138976265,-0.10003603137269312,0.9785714285714285,0.996938775510204,30,129,-0.11541700655100297,7.8125e-06,filtered_r2
