source,seed,epoch,step,real_epoch,tr_loss,vl_loss,vl_tumour,vl_plane,patience_counter,best_epoch,best_val_loss,learning_rate,experiment
epoch,0,1,1,1.0,1.775394688505397,3.723090314865112,0.25510204081632654,0.6336734693877552,0,1,3.723090314865112,0.001,filtered_r1
epoch,0,2,2,2.0,1.0899676942197616,2.6210523663734904,0.6244897959183674,0.386734693877551,0,2,2.6210523663734904,0.001,filtered_r1
epoch,0,3,3,3.0,0.8671128237945515,1.2290323841328523,0.7275510204081632,0.9673469387755103,0,3,1.2290323841328523,0.001,filtered_r1
epoch,0,4,4,4.0,0.727345746671726,1.0277647923450082,0.8357142857142857,0.9510204081632653,0,4,1.0277647923450082,0.001,filtered_r1
epoch,0,5,5,5.0,0.6668428473996402,0.9197250784659873,0.8877551020408163,0.8969387755102041,0,5,0.9197250784659873,0.001,filtered_r1
epoch,0,6,6,6.0,0.5961760912653645,0.8751899227804067,0.8173469387755102,0.976530612244898,0,6,0.8751899227804067,0.001,filtered_r1
epoch,0,7,7,7.0,0.4938065758413799,0.9970600682861951,0.7408163265306122,0.9877551020408163,1,6,0.8751899227804067,0.001,filtered_r1
epoch,0,8,8,8.0,0.45017589199180447,2.837625370220262,0.48775510204081635,0.6663265306122449,2,6,0.8751899227804067,0.001,filtered_r1
epoch,0,9,9,9.0,0.3998827915190568,0.44208893897582074,0.9642857142857143,0.986734693877551,0,9,0.44208893897582074,0.001,filtered_r1
epoch,0,10,10,10.0,0.354166832205062,1.050132326690518,0.7795918367346939,0.986734693877551,1,9,0.44208893897582074,0.001,filtered_r1
epoch,0,11,11,11.0,0.30321043016853194,1.020250856633089,0.789795918367347,0.95,2,9,0.44208893897582074,0.001,filtered_r1
epoch,0,12,12,12.0,0.2559193723914951,1.6218126399176462,0.6275510204081632,0.8326530612244898,3,9,0.44208893897582074,0.001,filtered_r1
epoch,0,13,13,13.0,0.2120215750205966,1.3711192442446338,0.9214285714285714,0.6571428571428571,4,9,0.44208893897582074,0.001,filtered_r1
epoch,0,14,14,14.0,0.19366382324203166,0.8869147276391789,0.7724489795918368,0.9561224489795919,5,9,0.44208893897582074,0.001,filtered_r1
epoch,0,15,15,15.0,0.155030195544213,1.1326056665303756,0.6836734693877551,0.9693877551020408,6,9,0.44208893897582074,0.001,filtered_r1
epoch,0,16,16,16.0,0.1566149370539367,3.0181282598145156,0.4887755102040816,0.7091836734693877,7,9,0.44208893897582074,0.001,filtered_r1
epoch,0,17,17,17.0,0.13912708073164515,1.920199322213932,0.6459183673469387,0.8663265306122448,8,9,0.44208893897582074,0.001,filtered_r1
epoch,0,18,18,18.0,0.09771898062836296,1.3162615795524752,0.6234693877551021,0.9734693877551021,9,9,0.44208893897582074,0.001,filtered_r1
epoch,0,19,19,19.0,0.04393108335885469,0.5717843308740732,0.8724489795918368,0.9785714285714285,10,9,0.44208893897582074,0.001,filtered_r1
epoch,0,20,20,20.0,0.011164743657876187,0.27126619621199005,0.9377551020408164,0.9775510204081632,0,20,0.27126619621199005,0.001,filtered_r1
epoch,0,21,21,21.0,-0.01509672119246252,0.6671957772605274,0.9163265306122449,0.8989795918367347,1,20,0.27126619621199005,0.001,filtered_r1
epoch,0,22,22,22.0,-0.005416821470273607,1.3463818053809964,0.7040816326530612,0.9755102040816327,2,20,0.27126619621199005,0.001,filtered_r1
epoch,0,23,23,23.0,-0.002684779806782103,2.0099051319822974,0.6622448979591836,0.7438775510204082,3,20,0.27126619621199005,0.001,filtered_r1
epoch,0,24,24,24.0,-0.02666976932931693,1.0019911128647474,0.8163265306122449,0.9183673469387755,4,20,0.27126619621199005,0.001,filtered_r1
epoch,0,25,25,25.0,-0.053631059727341925,0.19289264922239344,0.9448979591836735,0.9877551020408163,0,25,0.19289264922239344,0.001,filtered_r1
epoch,0,26,26,26.0,-0.04512839865478883,2.041899065095551,0.8,0.6959183673469388,1,25,0.19289264922239344,0.001,filtered_r1
epoch,0,27,27,27.0,-0.09916635183004482,0.34001181612209397,0.9,0.9928571428571429,2,25,0.19289264922239344,0.001,filtered_r1
epoch,0,28,28,28.0,-0.10395461448040866,0.6765559534637295,0.8959183673469387,0.9551020408163265,3,25,0.19289264922239344,0.001,filtered_r1
epoch,0,29,29,29.0,-0.12951734906913906,0.5161194368284576,0.9153061224489796,0.9408163265306122,4,25,0.19289264922239344,0.001,filtered_r1
epoch,0,30,30,30.0,-0.1488919101192147,1.612279900726007,0.6979591836734694,0.9571428571428572,5,25,0.19289264922239344,0.001,filtered_r1
epoch,0,31,31,31.0,-0.16185290365396604,0.16243267521566274,0.9673469387755103,0.9540816326530612,0,31,0.16243267521566274,0.001,filtered_r1
epoch,0,32,32,32.0,-0.17125441186059023,0.09496055427862674,0.9653061224489796,0.9775510204081632,0,32,0.09496055427862674,0.001,filtered_r1
epoch,0,33,33,33.0,-0.12533883211345387,9.444105093819754,0.3336734693877551,0.5948979591836735,1,32,0.09496055427862674,0.001,filtered_r1
epoch,0,34,34,34.0,-0.05696567374903453,3.688295333239497,0.4061224489795918,0.9316326530612244,2,32,0.09496055427862674,0.001,filtered_r1
epoch,0,35,35,35.0,-0.09394039419960337,0.9221728779831712,0.8346938775510204,0.9795918367346939,3,32,0.09496055427862674,0.001,filtered_r1
epoch,0,36,36,36.0,-0.14829124072655406,1.531102153719688,0.6908163265306122,0.9744897959183674,4,32,0.09496055427862674,0.001,filtered_r1
epoch,0,37,37,37.0,-0.18756987715221998,0.14811815047750668,0.9551020408163265,0.9816326530612245,5,32,0.09496055427862674,0.001,filtered_r1
epoch,0,38,38,38.0,-0.20162424782001048,-0.0076988684887788735,0.9724489795918367,0.9948979591836735,0,38,-0.0076988684887788735,0.001,filtered_r1
epoch,0,39,39,39.0,-0.2110234944321489,0.33211957824473476,0.9826530612244898,0.8918367346938776,1,38,-0.0076988684887788735,0.001,filtered_r1
epoch,0,40,40,40.0,-0.2186718548475154,0.15686738296430938,0.9418367346938775,0.9918367346938776,2,38,-0.0076988684887788735,0.001,filtered_r1
epoch,0,41,41,41.0,-0.22274797589357906,0.020664700196713816,0.9775510204081632,0.9785714285714285,3,38,-0.0076988684887788735,0.001,filtered_r1
epoch,0,42,42,42.0,-0.21599345181781598,1.9405241455350604,0.686734693877551,0.9826530612244898,4,38,-0.0076988684887788735,0.001,filtered_r1
epoch,0,43,43,43.0,-0.07295758254518306,19.922703435469646,0.23469387755102042,0.6469387755102041,5,38,-0.0076988684887788735,0.001,filtered_r1
epoch,0,44,44,44.0,-0.01825445763262845,1.1689174296904583,0.813265306122449,0.9,6,38,-0.0076988684887788735,0.001,filtered_r1
epoch,0,45,45,45.0,-0.164949898469789,0.057831724322572046,0.9704081632653061,0.9846938775510204,7,38,-0.0076988684887788735,0.001,filtered_r1
epoch,0,46,46,46.0,-0.2147946210271166,0.059501104452172104,0.9653061224489796,0.9887755102040816,8,38,-0.0076988684887788735,0.001,filtered_r1
epoch,0,47,47,47.0,-0.2239819850047177,0.29697275696968545,0.9153061224489796,0.9918367346938776,9,38,-0.0076988684887788735,0.001,filtered_r1
epoch,0,48,48,48.0,-0.23105443771243692,-0.07361653726928089,0.9755102040816327,0.9918367346938776,0,48,-0.07361653726928089,0.001,filtered_r1
epoch,0,49,49,49.0,-0.2287618908836687,-0.05272442126760678,0.9816326530612245,0.9928571428571429,1,48,-0.07361653726928089,0.001,filtered_r1
epoch,0,50,50,50.0,-0.23317752017576587,-0.04756776897274718,0.9775510204081632,0.9897959183673469,2,48,-0.07361653726928089,0.001,filtered_r1
epoch,0,51,51,51.0,-0.23822993429693048,-0.06864967394848259,0.9816326530612245,0.9928571428571429,3,48,-0.07361653726928089,0.001,filtered_r1
epoch,0,52,52,52.0,-0.23858503910069892,-0.0639583631437652,0.9775510204081632,0.9918367346938776,4,48,-0.07361653726928089,0.001,filtered_r1
epoch,0,53,53,53.0,-0.23733643404851976,-0.018907496880511847,0.9755102040816327,0.9877551020408163,5,48,-0.07361653726928089,0.001,filtered_r1
epoch,0,54,54,54.0,-0.2336917841537292,0.13087040550854742,0.9377551020408164,0.9928571428571429,6,48,-0.07361653726928089,0.001,filtered_r1
epoch,0,55,55,55.0,-0.19915837198292943,1.444272882597787,0.8142857142857143,0.8765306122448979,7,48,-0.07361653726928089,0.001,filtered_r1
epoch,0,56,56,56.0,-0.04925885635562988,1.7899491144686328,0.75,0.9571428571428572,8,48,-0.07361653726928089,0.001,filtered_r1
epoch,0,57,57,57.0,-0.11817844883723526,1.2852915097256097,0.7612244897959184,0.986734693877551,9,48,-0.07361653726928089,0.001,filtered_r1
epoch,0,58,58,58.0,-0.19207286572272378,0.03894586222512381,0.9683673469387755,0.9857142857142858,10,48,-0.07361653726928089,0.001,filtered_r1
epoch,0,59,59,59.0,-0.2239574007267201,0.1800361205120476,0.9357142857142857,0.9928571428571429,11,48,-0.07361653726928089,0.0005,filtered_r1
epoch,0,60,60,60.0,-0.2373129308791903,-0.06866950258916737,0.9775510204081632,0.9928571428571429,12,48,-0.07361653726928089,0.0005,filtered_r1
epoch,0,61,61,61.0,-0.24406806006520324,-0.08385965726813492,0.9744897959183674,0.9938775510204082,0,61,-0.08385965726813492,0.0005,filtered_r1
epoch,0,62,62,62.0,-0.24466160214385604,-0.09588490456950907,0.9806122448979592,0.9938775510204082,0,62,-0.09588490456950907,0.0005,filtered_r1
epoch,0,63,63,63.0,-0.24600094040036471,-0.0846301117721869,0.976530612244898,0.9928571428571429,1,62,-0.09588490456950907,0.0005,filtered_r1
epoch,0,64,64,64.0,-0.24566182560451022,-0.09547055448804583,0.9806122448979592,0.9938775510204082,2,62,-0.09588490456950907,0.0005,filtered_r1
epoch,0,65,65,65.0,-0.24526614835464677,-0.09216135180726344,0.9795918367346939,0.9928571428571429,3,62,-0.09588490456950907,0.0005,filtered_r1
epoch,0,66,66,66.0,-0.24489295206663017,-0.09912523104220021,0.9806122448979592,0.9938775510204082,0,66,-0.09912523104220021,0.0005,filtered_r1
epoch,0,67,67,67.0,-0.24502517061778972,-0.0711601802280971,0.9785714285714285,0.9908163265306122,1,66,-0.09912523104220021,0.0005,filtered_r1
epoch,0,68,68,68.0,-0.24775899013929675,-0.08893526914168377,0.9785714285714285,0.9938775510204082,2,66,-0.09912523104220021,0.0005,filtered_r1
epoch,0,69,69,69.0,-0.24519104928901073,-0.05908135394660794,0.9714285714285714,0.9938775510204082,3,66,-0.09912523104220021,0.0005,filtered_r1
epoch,0,70,70,70.0,-0.24786884136433715,-0.09354206056010966,0.9795918367346939,0.9918367346938776,4,66,-0.09912523104220021,0.0005,filtered_r1
epoch,0,71,71,71.0,-0.24562299768328397,-0.036795137366470027,0.9724489795918367,0.9928571428571429,5,66,-0.09912523104220021,0.0005,filtered_r1
epoch,0,72,72,72.0,-0.2472018080303142,-0.06903185601137123,0.9785714285714285,0.9928571428571429,6,66,-0.09912523104220021,0.0005,filtered_r1
epoch,0,73,73,73.0,-0.24504597042021403,-0.04733047047439887,0.9734693877551021,0.9928571428571429,7,66,-0.09912523104220021,0.0005,filtered_r1
epoch,0,74,74,74.0,-0.24833069018650963,-0.09747174029447594,0.9816326530612245,0.9928571428571429,8,66,-0.09912523104220021,0.0005,filtered_r1
epoch,0,75,75,75.0,-0.24708853831791197,-0.08598870501226308,0.9795918367346939,0.9928571428571429,9,66,-0.09912523104220021,0.0005,filtered_r1
epoch,0,76,76,76.0,-0.24688307715717683,-0.09407587246019013,0.9816326530612245,0.9928571428571429,10,66,-0.09912523104220021,0.0005,filtered_r1
epoch,0,77,77,77.0,-0.2465896249033893,-0.07519873502303143,0.9775510204081632,0.9928571428571429,11,66,-0.09912523104220021,0.00025,filtered_r1
epoch,0,78,78,78.0,-0.25109758793198406,-0.08644427912575858,0.9785714285714285,0.9928571428571429,12,66,-0.09912523104220021,0.00025,filtered_r1
epoch,0,79,79,79.0,-0.25176636871293734,-0.09158974764298419,0.9806122448979592,0.9928571428571429,13,66,-0.09912523104220021,0.00025,filtered_r1
epoch,0,80,80,80.0,-0.2521641689216988,-0.08278095673541633,0.9795918367346939,0.9928571428571429,14,66,-0.09912523104220021,0.00025,filtered_r1
epoch,0,81,81,81.0,-0.2511466431228129,-0.09886349317978839,0.9826530612244898,0.9938775510204082,15,66,-0.09912523104220021,0.00025,filtered_r1
epoch,0,82,82,82.0,-0.25047912694517177,-0.10082470446216817,0.9806122448979592,0.9938775510204082,0,82,-0.10082470446216817,0.00025,filtered_r1
epoch,0,83,83,83.0,-0.2512393739620664,-0.09215471063341413,0.9795918367346939,0.9928571428571429,1,82,-0.10082470446216817,0.00025,filtered_r1
epoch,0,84,84,84.0,-0.251221974140614,-0.08217299471096116,0.9795918367346939,0.9928571428571429,2,82,-0.10082470446216817,0.00025,filtered_r1
epoch,0,85,85,85.0,-0.25106190355377095,-0.09408866580651731,0.9816326530612245,0.9948979591836735,3,82,-0.10082470446216817,0.00025,filtered_r1
epoch,0,86,86,86.0,-0.25154779398922916,-0.08689660101520771,0.9775510204081632,0.9928571428571429,4,82,-0.10082470446216817,0.00025,filtered_r1
epoch,0,87,87,87.0,-0.2501129474739459,-0.09589333436927017,0.9816326530612245,0.9928571428571429,5,82,-0.10082470446216817,0.00025,filtered_r1
epoch,0,88,88,88.0,-0.2515827791830436,-0.0758710053502297,0.976530612244898,0.9928571428571429,6,82,-0.10082470446216817,0.00025,filtered_r1
epoch,0,89,89,89.0,-0.25159470525266253,-0.08627643974459902,0.976530612244898,0.9938775510204082,7,82,-0.10082470446216817,0.00025,filtered_r1
epoch,0,90,90,90.0,-0.2510933877660965,-0.08884715644680724,0.9816326530612245,0.9928571428571429,8,82,-0.10082470446216817,0.00025,filtered_r1
epoch,0,91,91,91.0,-0.25026704350006995,-0.0976710134623002,0.9826530612244898,0.9938775510204082,9,82,-0.10082470446216817,0.00025,filtered_r1
epoch,0,92,92,92.0,-0.25067830699928445,-0.09486333253432293,0.9785714285714285,0.9928571428571429,10,82,-0.10082470446216817,0.00025,filtered_r1
epoch,0,93,93,93.0,-0.25194125637053577,-0.06608463890698492,0.9785714285714285,0.9928571428571429,11,82,-0.10082470446216817,0.000125,filtered_r1
epoch,0,94,94,94.0,-0.25333750902713564,-0.09805560890509157,0.9806122448979592,0.9928571428571429,12,82,-0.10082470446216817,0.000125,filtered_r1
epoch,0,95,95,95.0,-0.2539558544842914,-0.09363838993773169,0.9795918367346939,0.9928571428571429,13,82,-0.10082470446216817,0.000125,filtered_r1
epoch,0,96,96,96.0,-0.25361375436964656,-0.08676913757713474,0.9795918367346939,0.9928571428571429,14,82,-0.10082470446216817,0.000125,filtered_r1
epoch,0,97,97,97.0,-0.253951159461866,-0.09784474372863769,0.9816326530612245,0.9928571428571429,15,82,-0.10082470446216817,0.000125,filtered_r1
epoch,0,98,98,98.0,-0.25297209727347464,-0.10136590247251549,0.9826530612244898,0.9938775510204082,0,98,-0.10136590247251549,0.000125,filtered_r1
epoch,0,99,99,99.0,-0.25341334139494476,-0.09394878805900106,0.9806122448979592,0.9938775510204082,1,98,-0.10136590247251549,0.000125,filtered_r1
epoch,0,100,100,100.0,-0.2539009131251061,-0.09916408694520289,0.9816326530612245,0.9928571428571429,2,98,-0.10136590247251549,0.000125,filtered_r1
epoch,0,101,101,101.0,-0.2534526649302804,-0.09168050678408876,0.9795918367346939,0.9928571428571429,3,98,-0.10136590247251549,0.000125,filtered_r1
epoch,0,102,102,102.0,-0.2538259018024855,-0.10483331096415617,0.9806122448979592,0.9928571428571429,0,102,-0.10483331096415617,0.000125,filtered_r1
epoch,0,103,103,103.0,-0.2529319789103362,-0.093640001452699,0.9785714285714285,0.9938775510204082,1,102,-0.10483331096415617,0.000125,filtered_r1
epoch,0,104,104,104.0,-0.2539238394848931,-0.08233915980981321,0.9775510204081632,0.9928571428571429,2,102,-0.10483331096415617,0.000125,filtered_r1
epoch,0,105,105,105.0,-0.2532927717775093,-0.1041182566662224,0.9826530612244898,0.9928571428571429,3,102,-0.10483331096415617,0.000125,filtered_r1
epoch,0,106,106,106.0,-0.25266245030512663,-0.08330887580404477,0.9785714285714285,0.9928571428571429,4,102,-0.10483331096415617,0.000125,filtered_r1
epoch,0,107,107,107.0,-0.25357375811080307,-0.09284191131591797,0.9785714285714285,0.9938775510204082,5,102,-0.10483331096415617,0.000125,filtered_r1
epoch,0,108,108,108.0,-0.25398847516211825,-0.07051373549870082,0.9775510204081632,0.9918367346938776,6,102,-0.10483331096415617,0.000125,filtered_r1
epoch,0,109,109,109.0,-0.2537138199622232,-0.0803159558043188,0.9744897959183674,0.9928571428571429,7,102,-0.10483331096415617,0.000125,filtered_r1
epoch,0,110,110,110.0,-0.25354845955108873,-0.10243156686121103,0.9816326530612245,0.9928571428571429,8,102,-0.10483331096415617,0.000125,filtered_r1
epoch,0,111,111,111.0,-0.25366831109894983,-0.0883043318378682,0.9795918367346939,0.9928571428571429,9,102,-0.10483331096415617,0.000125,filtered_r1
epoch,0,112,112,112.0,-0.2526671768479384,-0.09262313696802879,0.9826530612244898,0.9928571428571429,10,102,-0.10483331096415617,0.000125,filtered_r1
epoch,0,113,113,113.0,-0.25243205914322053,-0.07930110230737802,0.9775510204081632,0.9928571428571429,11,102,-0.10483331096415617,6.25e-05,filtered_r1
epoch,0,114,114,114.0,-0.25468300406736943,-0.09762584579234221,0.9816326530612245,0.9928571428571429,12,102,-0.10483331096415617,6.25e-05,filtered_r1
epoch,0,115,115,115.0,-0.25480048779839554,-0.09163317680358887,0.9795918367346939,0.9928571428571429,13,102,-0.10483331096415617,6.25e-05,filtered_r1
epoch,0,116,116,116.0,-0.2548252306252894,-0.07824330086610755,0.9785714285714285,0.9928571428571429,14,102,-0.10483331096415617,6.25e-05,filtered_r1
epoch,0,117,117,117.0,-0.25490858324321897,-0.08805478349023936,0.9795918367346939,0.9928571428571429,15,102,-0.10483331096415617,6.25e-05,filtered_r1
epoch,0,118,118,118.0,-0.2546478639772357,-0.09256673491730982,0.9816326530612245,0.9928571428571429,16,102,-0.10483331096415617,6.25e-05,filtered_r1
epoch,0,119,119,119.0,-0.2542574644034633,-0.09843244844553423,0.9806122448979592,0.9928571428571429,17,102,-0.10483331096415617,6.25e-05,filtered_r1
epoch,0,120,120,120.0,-0.2551763126160738,-0.10258344679462666,0.9816326530612245,0.9928571428571429,18,102,-0.10483331096415617,6.25e-05,filtered_r1
epoch,0,121,121,121.0,-0.2547223699455417,-0.09565921413655183,0.9816326530612245,0.9928571428571429,19,102,-0.10483331096415617,6.25e-05,filtered_r1
epoch,0,122,122,122.0,-0.25517566432424743,-0.09342014692267593,0.9816326530612245,0.9928571428571429,20,102,-0.10483331096415617,6.25e-05,filtered_r1
epoch,0,123,123,123.0,-0.25507121829081814,-0.09144408751507195,0.9795918367346939,0.9928571428571429,21,102,-0.10483331096415617,6.25e-05,filtered_r1
epoch,0,124,124,124.0,-0.2552009119913895,-0.08612773467083366,0.9806122448979592,0.9928571428571429,22,102,-0.10483331096415617,3.125e-05,filtered_r1
epoch,0,125,125,125.0,-0.2550360478437115,-0.09847119681689204,0.9795918367346939,0.9928571428571429,23,102,-0.10483331096415617,3.125e-05,filtered_r1
epoch,0,126,126,126.0,-0.25541801954257287,-0.09549701749062052,0.9795918367346939,0.9928571428571429,24,102,-0.10483331096415617,3.125e-05,filtered_r1
epoch,0,127,127,127.0,-0.2556087591406761,-0.09916399303747683,0.9806122448979592,0.9928571428571429,25,102,-0.10483331096415617,3.125e-05,filtered_r1
epoch,0,128,128,128.0,-0.2553235334101126,-0.09956062715880724,0.9785714285714285,0.9928571428571429,26,102,-0.10483331096415617,3.125e-05,filtered_r1
epoch,0,129,129,129.0,-0.25553613249085677,-0.10272399746641821,0.9806122448979592,0.9928571428571429,27,102,-0.10483331096415617,3.125e-05,filtered_r1
epoch,0,130,130,130.0,-0.25565609093747027,-0.10239398041549994,0.9806122448979592,0.9928571428571429,28,102,-0.10483331096415617,3.125e-05,filtered_r1
epoch,0,131,131,131.0,-0.25491325737831544,-0.09811865845505072,0.9795918367346939,0.9938775510204082,29,102,-0.10483331096415617,3.125e-05,filtered_r1
epoch,0,132,132,132.0,-0.2557344086539242,-0.10343169776760802,0.9816326530612245,0.9928571428571429,30,102,-0.10483331096415617,3.125e-05,filtered_r1
epoch,1,1,1,1.0,1.6752726801189572,2.0559926480663067,0.5438775510204081,0.6265306122448979,0,1,2.0559926480663067,0.001,filtered_r1
epoch,1,2,2,2.0,1.121699866223649,1.6161173927540682,0.7244897959183674,0.710204081632653,0,2,1.6161173927540682,0.001,filtered_r1
epoch,1,3,3,3.0,0.8834986825775029,1.429447203752946,0.7602040816326531,0.8755102040816326,0,3,1.429447203752946,0.001,filtered_r1
epoch,1,4,4,4.0,0.7525507229001102,2.4176891142008254,0.513265306122449,0.7061224489795919,1,3,1.429447203752946,0.001,filtered_r1
epoch,1,5,5,5.0,0.6591617009394071,1.4724007796268075,0.6469387755102041,0.9428571428571428,2,3,1.429447203752946,0.001,filtered_r1
epoch,1,6,6,6.0,0.5628828695563907,1.072679869009524,0.8428571428571429,0.8387755102040816,0,6,1.072679869009524,0.001,filtered_r1
epoch,1,7,7,7.0,0.5140989140602766,1.6608993102093133,0.6204081632653061,0.9775510204081632,1,6,1.072679869009524,0.001,filtered_r1
epoch,1,8,8,8.0,0.4525628002107657,3.3118163459155023,0.4061224489795918,0.9755102040816327,2,6,1.072679869009524,0.001,filtered_r1
epoch,1,9,9,9.0,0.37888949021825563,1.4083539320498097,0.5826530612244898,0.9785714285714285,3,6,1.072679869009524,0.001,filtered_r1
epoch,1,10,10,10.0,0.35288822872769654,1.7913463427095997,0.7295918367346939,0.6826530612244898,4,6,1.072679869009524,0.001,filtered_r1
epoch,1,11,11,11.0,0.30964009835132406,3.5400178646554754,0.5459183673469388,0.6520408163265307,5,6,1.072679869009524,0.001,filtered_r1
epoch,1,12,12,12.0,0.2808831810843008,1.663914586573231,0.5510204081632653,0.9591836734693877,6,6,1.072679869009524,0.001,filtered_r1
epoch,1,13,13,13.0,0.21299940382844473,0.6321240644065701,0.826530612244898,0.9877551020408163,0,13,0.6321240644065701,0.001,filtered_r1
epoch,1,14,14,14.0,0.17284442820551177,0.7336436724176212,0.8510204081632653,0.9734693877551021,1,13,0.6321240644065701,0.001,filtered_r1
epoch,1,15,15,15.0,0.14619543143310063,1.1288464565666354,0.7816326530612245,0.9755102040816327,2,13,0.6321240644065701,0.001,filtered_r1
epoch,1,16,16,16.0,0.11739127193858717,1.2898617287071383,0.9214285714285714,0.7051020408163265,3,13,0.6321240644065701,0.001,filtered_r1
epoch,1,17,17,17.0,0.09757242584791283,3.297240574505864,0.5836734693877551,0.6377551020408163,4,13,0.6321240644065701,0.001,filtered_r1
epoch,1,18,18,18.0,0.10821083411269983,1.3161991557296442,0.7153061224489796,0.8948979591836734,5,13,0.6321240644065701,0.001,filtered_r1
epoch,1,19,19,19.0,0.04180998781622403,1.47520486384022,0.6632653061224489,0.9826530612244898,6,13,0.6321240644065701,0.001,filtered_r1
epoch,1,20,20,20.0,0.03169088654771373,0.8297221363807211,0.8112244897959183,0.9877551020408163,7,13,0.6321240644065701,0.001,filtered_r1
epoch,1,21,21,21.0,-0.0017832434832156922,0.9542440482548304,0.8316326530612245,0.926530612244898,8,13,0.6321240644065701,0.001,filtered_r1
epoch,1,22,22,22.0,-0.04307367314114876,0.7349421343024896,0.9622448979591837,0.8040816326530612,9,13,0.6321240644065701,0.001,filtered_r1
epoch,1,23,23,23.0,-0.05792935961655363,0.7284961805051687,0.8744897959183674,0.9224489795918367,10,13,0.6321240644065701,0.001,filtered_r1
epoch,1,24,24,24.0,-0.055473986155760595,1.6749144797422448,0.6836734693877551,0.9795918367346939,11,13,0.6321240644065701,0.0005,filtered_r1
epoch,1,25,25,25.0,-0.080943577191097,0.08922892322345656,0.9571428571428572,0.9918367346938776,0,25,0.08922892322345656,0.0005,filtered_r1
epoch,1,26,26,26.0,-0.1159434572328939,0.09288408269687574,0.9571428571428572,0.9928571428571429,1,25,0.08922892322345656,0.0005,filtered_r1
epoch,1,27,27,27.0,-0.13507010002759604,-0.018432383391321923,0.976530612244898,0.9948979591836735,0,27,-0.018432383391321923,0.0005,filtered_r1
epoch,1,28,28,28.0,-0.14198105612831444,-0.006337449988540338,0.9755102040816327,0.9918367346938776,1,27,-0.018432383391321923,0.0005,filtered_r1
epoch,1,29,29,29.0,-0.14851839207975204,0.039480589847175444,0.963265306122449,0.9938775510204082,2,27,-0.018432383391321923,0.0005,filtered_r1
epoch,1,30,30,30.0,-0.15700257682172591,-0.00530950487876425,0.976530612244898,0.9887755102040816,3,27,-0.018432383391321923,0.0005,filtered_r1
epoch,1,31,31,31.0,-0.16095625096107688,-0.006968838827950614,0.9714285714285714,0.9897959183673469,4,27,-0.018432383391321923,0.0005,filtered_r1
epoch,1,32,32,32.0,-0.16780283139393756,-0.03934275374120595,0.9806122448979592,0.9918367346938776,0,32,-0.03934275374120595,0.0005,filtered_r1
epoch,1,33,33,33.0,-0.17357959170477855,-0.03663374282875839,0.9724489795918367,0.9928571428571429,1,32,-0.03934275374120595,0.0005,filtered_r1
epoch,1,34,34,34.0,-0.1773706801469035,0.0814165151849085,0.9530612244897959,0.9918367346938776,2,32,-0.03934275374120595,0.0005,filtered_r1
epoch,1,35,35,35.0,-0.17990698067101898,0.5425102499066566,0.8683673469387755,0.9877551020408163,3,32,-0.03934275374120595,0.0005,filtered_r1
epoch,1,36,36,36.0,-0.16938039745680591,1.6120772887249382,0.7112244897959183,0.9275510204081633,4,32,-0.03934275374120595,0.0005,filtered_r1
epoch,1,37,37,37.0,-0.1708970998722047,1.3322445913236969,0.7704081632653061,0.8693877551020408,5,32,-0.03934275374120595,0.0005,filtered_r1
epoch,1,38,38,38.0,-0.15836617176066298,1.8306001955149125,0.7255102040816327,0.8642857142857143,6,32,-0.03934275374120595,0.0005,filtered_r1
epoch,1,39,39,39.0,-0.14629615992781145,2.2332036076759807,0.7428571428571429,0.753061224489796,7,32,-0.03934275374120595,0.0005,filtered_r1
epoch,1,40,40,40.0,-0.13719237813936597,2.6797148354199467,0.6693877551020408,0.7346938775510204,8,32,-0.03934275374120595,0.0005,filtered_r1
epoch,1,41,41,41.0,-0.1609569731972946,0.9045857906341552,0.7959183673469388,0.9908163265306122,9,32,-0.03934275374120595,0.0005,filtered_r1
epoch,1,42,42,42.0,-0.1808005864383197,0.2830023592832137,0.963265306122449,0.9336734693877551,10,32,-0.03934275374120595,0.0005,filtered_r1
epoch,1,43,43,43.0,-0.19872795217858624,0.29472221379377406,0.9326530612244898,0.9693877551020408,11,32,-0.03934275374120595,0.00025,filtered_r1
epoch,1,44,44,44.0,-0.21259877909544755,-0.07717761628481806,0.9744897959183674,0.9938775510204082,0,44,-0.07717761628481806,0.00025,filtered_r1
epoch,1,45,45,45.0,-0.21718900851969605,-0.07947316267052475,0.9795918367346939,0.9938775510204082,0,45,-0.07947316267052475,0.00025,filtered_r1
epoch,1,46,46,46.0,-0.22016244258222611,-0.08894069413749539,0.9806122448979592,0.9928571428571429,0,46,-0.08894069413749539,0.00025,filtered_r1
epoch,1,47,47,47.0,-0.22221467855352192,-0.08093070691945602,0.9816326530612245,0.9918367346938776,1,46,-0.08894069413749539,0.00025,filtered_r1
epoch,1,48,48,48.0,-0.22301639449417834,-0.08852804242348185,0.9795918367346939,0.9928571428571429,2,46,-0.08894069413749539,0.00025,filtered_r1
epoch,1,49,49,49.0,-0.22357049574919088,-0.08901687982131024,0.9795918367346939,0.9928571428571429,0,49,-0.08901687982131024,0.00025,filtered_r1
epoch,1,50,50,50.0,-0.2221327548236994,-0.05510924665295348,0.9704081632653061,0.9918367346938776,1,49,-0.08901687982131024,0.00025,filtered_r1
epoch,1,51,51,51.0,-0.22459229417026882,-0.07568710993747321,0.976530612244898,0.9938775510204082,2,49,-0.08901687982131024,0.00025,filtered_r1
epoch,1,52,52,52.0,-0.2263256424511231,-0.04195640816980479,0.9673469387755103,0.9928571428571429,3,49,-0.08901687982131024,0.00025,filtered_r1
epoch,1,53,53,53.0,-0.22976101754310183,-0.04550324994690564,0.9744897959183674,0.9938775510204082,4,49,-0.08901687982131024,0.00025,filtered_r1
epoch,1,54,54,54.0,-0.23069204985960148,-0.08560954381008537,0.9846938775510204,0.9908163265306122,5,49,-0.08901687982131024,0.00025,filtered_r1
epoch,1,55,55,55.0,-0.23031675677596034,-0.07654146612906942,0.9785714285714285,0.9928571428571429,6,49,-0.08901687982131024,0.00025,filtered_r1
epoch,1,56,56,56.0,-0.23226091421251127,-0.07940458618864721,0.976530612244898,0.9928571428571429,7,49,-0.08901687982131024,0.00025,filtered_r1
epoch,1,57,57,57.0,-0.23402293698115614,-0.06264012103178063,0.9704081632653061,0.9938775510204082,8,49,-0.08901687982131024,0.00025,filtered_r1
epoch,1,58,58,58.0,-0.2348431336895964,-0.05480266055282281,0.9795918367346939,0.9887755102040816,9,49,-0.08901687982131024,0.00025,filtered_r1
epoch,1,59,59,59.0,-0.2307525631302441,0.02658693011926145,0.9673469387755103,0.9846938775510204,10,49,-0.08901687982131024,0.00025,filtered_r1
epoch,1,60,60,60.0,-0.23407832243958765,-0.046345847480151116,0.9755102040816327,0.9897959183673469,11,49,-0.08901687982131024,0.000125,filtered_r1
epoch,1,61,61,61.0,-0.2377257989148795,-0.09054490936045743,0.9795918367346939,0.9928571428571429,0,61,-0.09054490936045743,0.000125,filtered_r1
epoch,1,62,62,62.0,-0.2385229409092727,-0.08229623497748861,0.9795918367346939,0.9928571428571429,1,61,-0.09054490936045743,0.000125,filtered_r1
epoch,1,63,63,63.0,-0.24029729272147174,-0.08162174711422045,0.9806122448979592,0.9928571428571429,2,61,-0.09054490936045743,0.000125,filtered_r1
epoch,1,64,64,64.0,-0.24057740056942226,-0.09255672960865255,0.9816326530612245,0.9928571428571429,0,64,-0.09255672960865255,0.000125,filtered_r1
epoch,1,65,65,65.0,-0.23956453480939133,-0.07692991762745137,0.976530612244898,0.9928571428571429,1,64,-0.09255672960865255,0.000125,filtered_r1
epoch,1,66,66,66.0,-0.2410143599475561,-0.07916635347872364,0.976530612244898,0.9928571428571429,2,64,-0.09255672960865255,0.000125,filtered_r1
epoch,1,67,67,67.0,-0.2411492521038826,-0.07442110314661143,0.9775510204081632,0.9928571428571429,3,64,-0.09255672960865255,0.000125,filtered_r1
epoch,1,68,68,68.0,-0.2420242986947474,-0.07869284104327766,0.9775510204081632,0.9897959183673469,4,64,-0.09255672960865255,0.000125,filtered_r1
epoch,1,69,69,69.0,-0.2416134781584218,-0.08140402570062755,0.9795918367346939,0.9928571428571429,5,64,-0.09255672960865255,0.000125,filtered_r1
epoch,1,70,70,70.0,-0.24266955333572054,-0.08078223345231036,0.9775510204081632,0.9928571428571429,6,64,-0.09255672960865255,0.000125,filtered_r1
epoch,1,71,71,71.0,-0.24326792969467745,-0.0851782613871049,0.9775510204081632,0.9928571428571429,7,64,-0.09255672960865255,0.000125,filtered_r1
epoch,1,72,72,72.0,-0.2428680268732245,-0.09389472688947405,0.9785714285714285,0.9938775510204082,0,72,-0.09389472688947405,0.000125,filtered_r1
epoch,1,73,73,73.0,-0.24351726972239698,-0.076977361464987,0.9785714285714285,0.9928571428571429,1,72,-0.09389472688947405,0.000125,filtered_r1
epoch,1,74,74,74.0,-0.2437167680377155,-0.07309626316537662,0.9744897959183674,0.9928571428571429,2,72,-0.09389472688947405,0.000125,filtered_r1
epoch,1,75,75,75.0,-0.24416266770672376,-0.061549973487854,0.9734693877551021,0.9928571428571429,3,72,-0.09389472688947405,0.000125,filtered_r1
epoch,1,76,76,76.0,-0.2438158579864017,-0.023219168916040537,0.976530612244898,0.9836734693877551,4,72,-0.09389472688947405,0.000125,filtered_r1
epoch,1,77,77,77.0,-0.2430642806450129,-0.07442822213075599,0.9744897959183674,0.9928571428571429,5,72,-0.09389472688947405,0.000125,filtered_r1
epoch,1,78,78,78.0,-0.244013968295419,-0.07451349861767827,0.976530612244898,0.9938775510204082,6,72,-0.09389472688947405,0.000125,filtered_r1
epoch,1,79,79,79.0,-0.24398547218866473,-0.08407050298184765,0.9785714285714285,0.9928571428571429,7,72,-0.09389472688947405,0.000125,filtered_r1
epoch,1,80,80,80.0,-0.24517707277091047,-0.05888840762936339,0.9734693877551021,0.9928571428571429,8,72,-0.09389472688947405,0.000125,filtered_r1
epoch,1,81,81,81.0,-0.24657632440964417,-0.050846558687638266,0.9704081632653061,0.9918367346938776,9,72,-0.09389472688947405,0.000125,filtered_r1
epoch,1,82,82,82.0,-0.24642319802095064,-0.06833523633528729,0.9734693877551021,0.9928571428571429,10,72,-0.09389472688947405,0.000125,filtered_r1
epoch,1,83,83,83.0,-0.24685579987477022,-0.05327804088592529,0.9704081632653061,0.9928571428571429,11,72,-0.09389472688947405,6.25e-05,filtered_r1
epoch,1,84,84,84.0,-0.24802249502280707,-0.07197601600569122,0.9724489795918367,0.9928571428571429,12,72,-0.09389472688947405,6.25e-05,filtered_r1
epoch,1,85,85,85.0,-0.24786590204096035,-0.07146780539532097,0.9734693877551021,0.9928571428571429,13,72,-0.09389472688947405,6.25e-05,filtered_r1
epoch,1,86,86,86.0,-0.24886014590845615,-0.07209098922963045,0.9734693877551021,0.9928571428571429,14,72,-0.09389472688947405,6.25e-05,filtered_r1
epoch,1,87,87,87.0,-0.2490530575452693,-0.07154037563168272,0.9724489795918367,0.9928571428571429,15,72,-0.09389472688947405,6.25e-05,filtered_r1
epoch,1,88,88,88.0,-0.24860723961281658,-0.07689040631664043,0.9734693877551021,0.9928571428571429,16,72,-0.09389472688947405,6.25e-05,filtered_r1
epoch,1,89,89,89.0,-0.24870086549576229,-0.07563277166716907,0.9755102040816327,0.9928571428571429,17,72,-0.09389472688947405,6.25e-05,filtered_r1
epoch,1,90,90,90.0,-0.2491807958455287,-0.07268200407222826,0.9744897959183674,0.9928571428571429,18,72,-0.09389472688947405,6.25e-05,filtered_r1
epoch,1,91,91,91.0,-0.24910937273334602,-0.07109870083478033,0.9724489795918367,0.9928571428571429,19,72,-0.09389472688947405,6.25e-05,filtered_r1
epoch,1,92,92,92.0,-0.24846250527672373,-0.06573252434633216,0.9744897959183674,0.9928571428571429,20,72,-0.09389472688947405,6.25e-05,filtered_r1
epoch,1,93,93,93.0,-0.24820625703550175,-0.07103312307474564,0.9724489795918367,0.9928571428571429,21,72,-0.09389472688947405,6.25e-05,filtered_r1
epoch,1,94,94,94.0,-0.24942624777271377,-0.061671453592728596,0.9744897959183674,0.9928571428571429,22,72,-0.09389472688947405,3.125e-05,filtered_r1
epoch,1,95,95,95.0,-0.24981905490876977,-0.07310832130665681,0.9734693877551021,0.9928571428571429,23,72,-0.09389472688947405,3.125e-05,filtered_r1
epoch,1,96,96,96.0,-0.25035664004950536,-0.07767746497173698,0.9744897959183674,0.9928571428571429,24,72,-0.09389472688947405,3.125e-05,filtered_r1
epoch,1,97,97,97.0,-0.25069388545647137,-0.06902171689636853,0.9734693877551021,0.9928571428571429,25,72,-0.09389472688947405,3.125e-05,filtered_r1
epoch,1,98,98,98.0,-0.25081399346934735,-0.07721649821923704,0.9714285714285714,0.9928571428571429,26,72,-0.09389472688947405,3.125e-05,filtered_r1
epoch,1,99,99,99.0,-0.25005908229921386,-0.07419251130551709,0.9734693877551021,0.9928571428571429,27,72,-0.09389472688947405,3.125e-05,filtered_r1
epoch,1,100,100,100.0,-0.2508468164458255,-0.07300155892664073,0.9744897959183674,0.9928571428571429,28,72,-0.09389472688947405,3.125e-05,filtered_r1
epoch,1,101,101,101.0,-0.2506717388001129,-0.06957775086772686,0.9714285714285714,0.9928571428571429,29,72,-0.09389472688947405,3.125e-05,filtered_r1
epoch,1,102,102,102.0,-0.25130582689102593,-0.07564447996567707,0.9744897959183674,0.9928571428571429,30,72,-0.09389472688947405,3.125e-05,filtered_r1
epoch,2,1,1,1.0,1.6924350679434812,3.2417354749173533,0.29591836734693877,0.6612244897959184,0,1,3.2417354749173533,0.001,filtered_r1
epoch,2,2,2,2.0,1.0563858974212632,1.3301582258574816,0.6989795918367347,0.9479591836734694,0,2,1.3301582258574816,0.001,filtered_r1
epoch,2,3,3,3.0,0.8376482417785845,1.664224912682358,0.6785714285714286,0.7714285714285715,1,2,1.3301582258574816,0.001,filtered_r1
epoch,2,4,4,4.0,0.7243418996029966,1.6984812872750419,0.5326530612244897,0.8887755102040816,2,2,1.3301582258574816,0.001,filtered_r1
epoch,2,5,5,5.0,0.641940426079728,1.471084450702278,0.6714285714285714,0.9683673469387755,3,2,1.3301582258574816,0.001,filtered_r1
epoch,2,6,6,6.0,0.5607493866642551,0.7104922834707766,0.9142857142857143,0.9622448979591837,0,6,0.7104922834707766,0.001,filtered_r1
epoch,2,7,7,7.0,0.49337768165079293,2.384881539247474,0.4122448979591837,0.9469387755102041,1,6,0.7104922834707766,0.001,filtered_r1
epoch,2,8,8,8.0,0.46204031903095477,1.3911141298255143,0.7040816326530612,0.963265306122449,2,6,0.7104922834707766,0.001,filtered_r1
epoch,2,9,9,9.0,0.3968792483717866,1.2446368655379938,0.7377551020408163,0.9255102040816326,3,6,0.7104922834707766,0.001,filtered_r1
epoch,2,10,10,10.0,0.34493024301593866,2.0403940590060485,0.4775510204081633,0.9826530612244898,4,6,0.7104922834707766,0.001,filtered_r1
epoch,2,11,11,11.0,0.2897436052926064,1.3084685072606923,0.6112244897959184,0.9897959183673469,5,6,0.7104922834707766,0.001,filtered_r1
epoch,2,12,12,12.0,0.26770849878334535,0.47375123804929303,0.9183673469387755,0.9928571428571429,0,12,0.47375123804929303,0.001,filtered_r1
epoch,2,13,13,13.0,0.21966410684304188,1.3575396484258224,0.7459183673469387,0.9142857142857143,1,12,0.47375123804929303,0.001,filtered_r1
epoch,2,14,14,14.0,0.17658949355563952,2.0167748519352506,0.5408163265306123,0.9693877551020408,2,12,0.47375123804929303,0.001,filtered_r1
epoch,2,15,15,15.0,0.15108587459926978,1.2069288886323266,0.7163265306122449,0.9642857142857143,3,12,0.47375123804929303,0.001,filtered_r1
epoch,2,16,16,16.0,0.15140345217799578,0.6914049807859927,0.8295918367346938,0.9612244897959183,4,12,0.47375123804929303,0.001,filtered_r1
epoch,2,17,17,17.0,0.10837787746896108,0.833955640695533,0.8520408163265306,0.95,5,12,0.47375123804929303,0.001,filtered_r1
epoch,2,18,18,18.0,0.08532144108307778,0.33552826642990113,0.9448979591836735,0.9612244897959183,0,18,0.33552826642990113,0.001,filtered_r1
epoch,2,19,19,19.0,0.03377424534266502,0.26352672528247445,0.9510204081632653,0.9806122448979592,0,19,0.26352672528247445,0.001,filtered_r1
epoch,2,20,20,20.0,0.023572193834925585,0.46975409011451563,0.9071428571428571,0.9530612244897959,1,19,0.26352672528247445,0.001,filtered_r1
epoch,2,21,21,21.0,0.008148503801360544,1.191804124871079,0.7653061224489796,0.9714285714285714,2,19,0.26352672528247445,0.001,filtered_r1
epoch,2,22,22,22.0,-0.01642403987338204,0.5763403564083333,0.8469387755102041,0.9857142857142858,3,19,0.26352672528247445,0.001,filtered_r1
epoch,2,23,23,23.0,-0.06090087767249067,0.7668269551530176,0.8295918367346938,0.9255102040816326,4,19,0.26352672528247445,0.001,filtered_r1
epoch,2,24,24,24.0,-0.07734600490080028,3.210668556057677,0.47551020408163264,0.8989795918367347,5,19,0.26352672528247445,0.001,filtered_r1
epoch,2,25,25,25.0,-0.04623764591004921,5.132871717336227,0.45102040816326533,0.7061224489795919,6,19,0.26352672528247445,0.001,filtered_r1
epoch,2,26,26,26.0,-0.03963245922903337,0.6034620255840067,0.8275510204081633,0.9887755102040816,7,19,0.26352672528247445,0.001,filtered_r1
epoch,2,27,27,27.0,-0.07581131492373189,0.0725716116477032,0.9653061224489796,0.9877551020408163,0,27,0.0725716116477032,0.001,filtered_r1
epoch,2,28,28,28.0,-0.1234568356114845,0.8530551134323587,0.75,0.9908163265306122,1,27,0.0725716116477032,0.001,filtered_r1
epoch,2,29,29,29.0,-0.13605136986055863,0.915941967769545,0.7826530612244897,0.9806122448979592,2,27,0.0725716116477032,0.001,filtered_r1
epoch,2,30,30,30.0,-0.13876670252665357,3.4971725755808305,0.4020408163265306,0.976530612244898,3,27,0.0725716116477032,0.001,filtered_r1
epoch,2,31,31,31.0,-0.14762872828173193,2.9269436174509478,0.413265306122449,0.9897959183673469,4,27,0.0725716116477032,0.001,filtered_r1
epoch,2,32,32,32.0,-0.13573534197554066,1.3292090172670326,0.7938775510204081,0.9142857142857143,5,27,0.0725716116477032,0.001,filtered_r1
epoch,2,33,33,33.0,-0.1368636806823966,1.1865656862453537,0.6989795918367347,0.9857142857142858,6,27,0.0725716116477032,0.001,filtered_r1
epoch,2,34,34,34.0,-0.14019278634747104,1.8569414795661459,0.6918367346938775,0.9571428571428572,7,27,0.0725716116477032,0.001,filtered_r1
epoch,2,35,35,35.0,-0.15911160438535865,2.452119918745391,0.6448979591836734,0.926530612244898,8,27,0.0725716116477032,0.001,filtered_r1
epoch,2,36,36,36.0,-0.1378157305760758,2.018779892824134,0.7479591836734694,0.7724489795918368,9,27,0.0725716116477032,0.001,filtered_r1
epoch,2,37,37,37.0,-0.15265285765859576,1.819396955139783,0.6581632653061225,0.9806122448979592,10,27,0.0725716116477032,0.001,filtered_r1
epoch,2,38,38,38.0,-0.1831036859407135,1.0685102944471399,0.7918367346938775,0.9908163265306122,11,27,0.0725716116477032,0.0005,filtered_r1
epoch,2,39,39,39.0,-0.2115685782051606,-0.05718262682155687,0.9755102040816327,0.9948979591836735,0,39,-0.05718262682155687,0.0005,filtered_r1
epoch,2,40,40,40.0,-0.22457742856082405,-0.10747193000754532,0.9826530612244898,0.9948979591836735,0,40,-0.10747193000754532,0.0005,filtered_r1
epoch,2,41,41,41.0,-0.22761600305965907,-0.10407140157660659,0.9846938775510204,0.9948979591836735,1,40,-0.10747193000754532,0.0005,filtered_r1
epoch,2,42,42,42.0,-0.22876136429029542,-0.0920641076808073,0.9795918367346939,0.9948979591836735,2,40,-0.10747193000754532,0.0005,filtered_r1
epoch,2,43,43,43.0,-0.23016234394966123,-0.0893941407300988,0.9816326530612245,0.9938775510204082,3,40,-0.10747193000754532,0.0005,filtered_r1
epoch,2,44,44,44.0,-0.23204450108384847,-0.08032402019111477,0.976530612244898,0.9948979591836735,4,40,-0.10747193000754532,0.0005,filtered_r1
epoch,2,45,45,45.0,-0.23017146134993405,-0.03890989897202472,0.9724489795918367,0.9928571428571429,5,40,-0.10747193000754532,0.0005,filtered_r1
epoch,2,46,46,46.0,-0.23541437981618948,-0.09451238622470778,0.9836734693877551,0.9938775510204082,6,40,-0.10747193000754532,0.0005,filtered_r1
epoch,2,47,47,47.0,-0.23596785815802154,-0.10356859236347432,0.986734693877551,0.9948979591836735,7,40,-0.10747193000754532,0.0005,filtered_r1
epoch,2,48,48,48.0,-0.23488985918567118,-0.08299880027770996,0.9806122448979592,0.9918367346938776,8,40,-0.10747193000754532,0.0005,filtered_r1
epoch,2,49,49,49.0,-0.23602764321304265,-0.09639073634634213,0.9846938775510204,0.9897959183673469,9,40,-0.10747193000754532,0.0005,filtered_r1
epoch,2,50,50,50.0,-0.23809985707577824,-0.07351777310274085,0.9714285714285714,0.9938775510204082,10,40,-0.10747193000754532,0.0005,filtered_r1
epoch,2,51,51,51.0,-0.23776304570317972,-0.07896156651633127,0.9806122448979592,0.9938775510204082,11,40,-0.10747193000754532,0.00025,filtered_r1
epoch,2,52,52,52.0,-0.24035506277153615,-0.1189068351473127,0.986734693877551,0.9948979591836735,0,52,-0.1189068351473127,0.00025,filtered_r1
epoch,2,53,53,53.0,-0.24377009081829693,-0.10483611895113575,0.9795918367346939,0.9948979591836735,1,52,-0.1189068351473127,0.00025,filtered_r1
epoch,2,54,54,54.0,-0.2455004405769715,-0.11623283892261739,0.9887755102040816,0.9948979591836735,2,52,-0.1189068351473127,0.00025,filtered_r1
epoch,2,55,55,55.0,-0.24598528101830605,-0.10959596974509103,0.9836734693877551,0.9948979591836735,3,52,-0.1189068351473127,0.00025,filtered_r1
epoch,2,56,56,56.0,-0.24528136461147979,-0.11724523184250812,0.9857142857142858,0.9948979591836735,4,52,-0.1189068351473127,0.00025,filtered_r1
epoch,2,57,57,57.0,-0.24536227760561694,-0.12100045048460668,0.9857142857142858,0.9948979591836735,0,57,-0.12100045048460668,0.00025,filtered_r1
epoch,2,58,58,58.0,-0.24396608349847296,-0.11133293764931815,0.9887755102040816,0.9938775510204082,1,57,-0.12100045048460668,0.00025,filtered_r1
epoch,2,59,59,59.0,-0.24688781752566885,-0.11158158000634641,0.9846938775510204,0.9948979591836735,2,57,-0.12100045048460668,0.00025,filtered_r1
epoch,2,60,60,60.0,-0.24562594371657992,-0.11551781041281564,0.9836734693877551,0.9948979591836735,3,57,-0.12100045048460668,0.00025,filtered_r1
epoch,2,61,61,61.0,-0.2456973564933226,-0.08088220382223324,0.9775510204081632,0.9948979591836735,4,57,-0.12100045048460668,0.00025,filtered_r1
epoch,2,62,62,62.0,-0.24677731270580144,-0.10429793620596127,0.9846938775510204,0.9938775510204082,5,57,-0.12100045048460668,0.00025,filtered_r1
epoch,2,63,63,63.0,-0.2477318642900253,-0.12197266062911676,0.986734693877551,0.9948979591836735,0,63,-0.12197266062911676,0.00025,filtered_r1
epoch,2,64,64,64.0,-0.2478226887817227,-0.04739480359213693,0.9693877551020408,0.9948979591836735,1,63,-0.12197266062911676,0.00025,filtered_r1
epoch,2,65,65,65.0,-0.2470328724768505,-0.07031891491948342,0.9755102040816327,0.9948979591836735,2,63,-0.12197266062911676,0.00025,filtered_r1
epoch,2,66,66,66.0,-0.24817688287630224,-0.1030154393643749,0.9836734693877551,0.9928571428571429,3,63,-0.12197266062911676,0.00025,filtered_r1
epoch,2,67,67,67.0,-0.2458433070022628,-0.11705040688417395,0.9877551020408163,0.9948979591836735,4,63,-0.12197266062911676,0.00025,filtered_r1
epoch,2,68,68,68.0,-0.2477586955522008,-0.023951441414502204,0.9744897959183674,0.9938775510204082,5,63,-0.12197266062911676,0.00025,filtered_r1
epoch,2,69,69,69.0,-0.24868334706025508,-0.109037810442399,0.9816326530612245,0.9948979591836735,6,63,-0.12197266062911676,0.00025,filtered_r1
epoch,2,70,70,70.0,-0.2470505470262026,-0.011012569738894093,0.9744897959183674,0.9918367346938776,7,63,-0.12197266062911676,0.00025,filtered_r1
epoch,2,71,71,71.0,-0.24850294717701252,0.07082419979329012,0.9510204081632653,0.9948979591836735,8,63,-0.12197266062911676,0.00025,filtered_r1
epoch,2,72,72,72.0,-0.24718930268904538,-0.07775694545434446,0.9806122448979592,0.9948979591836735,9,63,-0.12197266062911676,0.00025,filtered_r1
epoch,2,73,73,73.0,-0.2486392421934532,-0.09186010068776657,0.9795918367346939,0.9918367346938776,10,63,-0.12197266062911676,0.00025,filtered_r1
epoch,2,74,74,74.0,-0.24825285601713307,-0.03613394279869235,0.9704081632653061,0.9948979591836735,11,63,-0.12197266062911676,0.000125,filtered_r1
epoch,2,75,75,75.0,-0.25141154112623215,-0.12548190817541005,0.986734693877551,0.9948979591836735,0,75,-0.12548190817541005,0.000125,filtered_r1
epoch,2,76,76,76.0,-0.2520522286390858,-0.12131371449451057,0.986734693877551,0.9948979591836735,1,75,-0.12548190817541005,0.000125,filtered_r1
epoch,2,77,77,77.0,-0.25283800308346155,-0.12174027647290911,0.986734693877551,0.9948979591836735,2,75,-0.12548190817541005,0.000125,filtered_r1
epoch,2,78,78,78.0,-0.2522005521596371,-0.1153452746722163,0.9836734693877551,0.9948979591836735,3,75,-0.12548190817541005,0.000125,filtered_r1
epoch,2,79,79,79.0,-0.2522175005766894,-0.12249816777754803,0.986734693877551,0.9948979591836735,4,75,-0.12548190817541005,0.000125,filtered_r1
epoch,2,80,80,80.0,-0.25244812250029103,-0.12239736829485212,0.986734693877551,0.9948979591836735,5,75,-0.12548190817541005,0.000125,filtered_r1
epoch,2,81,81,81.0,-0.2517684549566729,-0.1277063038884377,0.9826530612244898,0.9948979591836735,0,81,-0.1277063038884377,0.000125,filtered_r1
epoch,2,82,82,82.0,-0.2516639288912239,-0.07359379359654018,0.976530612244898,0.9948979591836735,1,81,-0.1277063038884377,0.000125,filtered_r1
epoch,2,83,83,83.0,-0.2517258772458264,-0.1109253893093187,0.9826530612244898,0.9938775510204082,2,81,-0.1277063038884377,0.000125,filtered_r1
epoch,2,84,84,84.0,-0.25178682455083645,-0.12406998507830562,0.9857142857142858,0.9948979591836735,3,81,-0.1277063038884377,0.000125,filtered_r1
epoch,2,85,85,85.0,-0.25289692542686065,-0.10725643537482436,0.9857142857142858,0.9948979591836735,4,81,-0.1277063038884377,0.000125,filtered_r1
epoch,2,86,86,86.0,-0.2524075527868648,-0.07989741636782276,0.9816326530612245,0.9948979591836735,5,81,-0.1277063038884377,0.000125,filtered_r1
epoch,2,87,87,87.0,-0.2516225661898114,-0.09435101236615862,0.9795918367346939,0.9948979591836735,6,81,-0.1277063038884377,0.000125,filtered_r1
epoch,2,88,88,88.0,-0.253165900301403,-0.08317289936299227,0.9816326530612245,0.9948979591836735,7,81,-0.1277063038884377,0.000125,filtered_r1
epoch,2,89,89,89.0,-0.25245961686236934,-0.10962628101815983,0.9806122448979592,0.9948979591836735,8,81,-0.1277063038884377,0.000125,filtered_r1
epoch,2,90,90,90.0,-0.25205154449789297,-0.11427943073973364,0.9846938775510204,0.9948979591836735,9,81,-0.1277063038884377,0.000125,filtered_r1
epoch,2,91,91,91.0,-0.25315104494622986,-0.0987228198927276,0.9836734693877551,0.9938775510204082,10,81,-0.1277063038884377,0.000125,filtered_r1
epoch,2,92,92,92.0,-0.2513633823319018,-0.10833485515750184,0.9826530612244898,0.9948979591836735,11,81,-0.1277063038884377,6.25e-05,filtered_r1
epoch,2,93,93,93.0,-0.25313144042932384,-0.12406116164460475,0.9857142857142858,0.9948979591836735,12,81,-0.1277063038884377,6.25e-05,filtered_r1
epoch,2,94,94,94.0,-0.2540928881600181,-0.11856538714194784,0.9846938775510204,0.9948979591836735,13,81,-0.1277063038884377,6.25e-05,filtered_r1
epoch,2,95,95,95.0,-0.2543108056363224,-0.10342847911679015,0.9826530612244898,0.9948979591836735,14,81,-0.1277063038884377,6.25e-05,filtered_r1
epoch,2,96,96,96.0,-0.25436670691978913,-0.12547897319404447,0.9857142857142858,0.9948979591836735,15,81,-0.1277063038884377,6.25e-05,filtered_r1
epoch,2,97,97,97.0,-0.254105140905298,-0.12259995986004266,0.9836734693877551,0.9948979591836735,16,81,-0.1277063038884377,6.25e-05,filtered_r1
epoch,2,98,98,98.0,-0.2545442485668634,-0.11054424898965018,0.9846938775510204,0.9948979591836735,17,81,-0.1277063038884377,6.25e-05,filtered_r1
epoch,2,99,99,99.0,-0.2538298785659437,-0.12848986265610676,0.986734693877551,0.9948979591836735,0,99,-0.12848986265610676,6.25e-05,filtered_r1
epoch,2,100,100,100.0,-0.2541450771536548,-0.1242884314790064,0.9836734693877551,0.9948979591836735,1,99,-0.12848986265610676,6.25e-05,filtered_r1
epoch,2,101,101,101.0,-0.25369778011692584,-0.11805562875708756,0.9857142857142858,0.9948979591836735,2,99,-0.12848986265610676,6.25e-05,filtered_r1
epoch,2,102,102,102.0,-0.25472139584385045,-0.12605358435183156,0.9857142857142858,0.9948979591836735,3,99,-0.12848986265610676,6.25e-05,filtered_r1
epoch,2,103,103,103.0,-0.2545252503506768,-0.1258001930859624,0.986734693877551,0.9948979591836735,4,99,-0.12848986265610676,6.25e-05,filtered_r1
epoch,2,104,104,104.0,-0.25442988854671034,-0.11612346902185557,0.986734693877551,0.9948979591836735,5,99,-0.12848986265610676,6.25e-05,filtered_r1
epoch,2,105,105,105.0,-0.2541166102404601,-0.10955754396866779,0.986734693877551,0.9948979591836735,6,99,-0.12848986265610676,6.25e-05,filtered_r1
epoch,2,106,106,106.0,-0.25428795278802874,-0.10386805777647057,0.9795918367346939,0.9938775510204082,7,99,-0.12848986265610676,6.25e-05,filtered_r1
epoch,2,107,107,107.0,-0.2545576436758799,-0.12428505420684814,0.986734693877551,0.9948979591836735,8,99,-0.12848986265610676,6.25e-05,filtered_r1
epoch,2,108,108,108.0,-0.2543724413573931,-0.10751268279795743,0.9836734693877551,0.9948979591836735,9,99,-0.12848986265610676,6.25e-05,filtered_r1
epoch,2,109,109,109.0,-0.25468821829684585,-0.1152219159262521,0.9857142857142858,0.9938775510204082,10,99,-0.12848986265610676,6.25e-05,filtered_r1
epoch,2,110,110,110.0,-0.25441955207858474,-0.13099698923072037,0.9877551020408163,0.9948979591836735,0,110,-0.13099698923072037,6.25e-05,filtered_r1
epoch,2,111,111,111.0,-0.25490988607683673,-0.10931403734246078,0.9857142857142858,0.9948979591836735,1,110,-0.13099698923072037,6.25e-05,filtered_r1
epoch,2,112,112,112.0,-0.25432787940440477,-0.12576027743670407,0.9877551020408163,0.9948979591836735,2,110,-0.13099698923072037,6.25e-05,filtered_r1
epoch,2,113,113,113.0,-0.25400736455856754,-0.1278888463973999,0.9857142857142858,0.9948979591836735,3,110,-0.13099698923072037,6.25e-05,filtered_r1
epoch,2,114,114,114.0,-0.25384330514123427,-0.12631878512246267,0.9857142857142858,0.9948979591836735,4,110,-0.13099698923072037,6.25e-05,filtered_r1
epoch,2,115,115,115.0,-0.2544816310872179,-0.12513964127521127,0.986734693877551,0.9948979591836735,5,110,-0.13099698923072037,6.25e-05,filtered_r1
epoch,2,116,116,116.0,-0.25471174790001,-0.11476295918834453,0.9836734693877551,0.9948979591836735,6,110,-0.13099698923072037,6.25e-05,filtered_r1
epoch,2,117,117,117.0,-0.2549030345729736,-0.11900133016158124,0.986734693877551,0.9948979591836735,7,110,-0.13099698923072037,6.25e-05,filtered_r1
epoch,2,118,118,118.0,-0.2547926205264077,-0.11461176969567123,0.9826530612244898,0.9948979591836735,8,110,-0.13099698923072037,6.25e-05,filtered_r1
epoch,2,119,119,119.0,-0.2548606144911151,-0.103345402892755,0.9795918367346939,0.9948979591836735,9,110,-0.13099698923072037,6.25e-05,filtered_r1
epoch,2,120,120,120.0,-0.25444260178724853,-0.12352275410476996,0.9857142857142858,0.9948979591836735,10,110,-0.13099698923072037,6.25e-05,filtered_r1
epoch,2,121,121,121.0,-0.25385431224954597,-0.09198660607240638,0.9816326530612245,0.9948979591836735,11,110,-0.13099698923072037,3.125e-05,filtered_r1
epoch,2,122,122,122.0,-0.2550667881478627,-0.12330082533310871,0.9887755102040816,0.9948979591836735,12,110,-0.13099698923072037,3.125e-05,filtered_r1
epoch,2,123,123,123.0,-0.25591365232069385,-0.12363430821165747,0.9836734693877551,0.9948979591836735,13,110,-0.13099698923072037,3.125e-05,filtered_r1
epoch,2,124,124,124.0,-0.25544210230822567,-0.12805370116720394,0.9857142857142858,0.9948979591836735,14,110,-0.13099698923072037,3.125e-05,filtered_r1
epoch,2,125,125,125.0,-0.25565687245365926,-0.11648133092997026,0.9846938775510204,0.9948979591836735,15,110,-0.13099698923072037,3.125e-05,filtered_r1
epoch,2,126,126,126.0,-0.2552707724770361,-0.12483051796348728,0.9857142857142858,0.9948979591836735,16,110,-0.13099698923072037,3.125e-05,filtered_r1
epoch,2,127,127,127.0,-0.2559845886390641,-0.1262967401621293,0.9836734693877551,0.9948979591836735,17,110,-0.13099698923072037,3.125e-05,filtered_r1
epoch,2,128,128,128.0,-0.2551069433885004,-0.10647469442717883,0.9785714285714285,0.9948979591836735,18,110,-0.13099698923072037,3.125e-05,filtered_r1
epoch,2,129,129,129.0,-0.2555678228438036,-0.11952814180023816,0.986734693877551,0.9948979591836735,19,110,-0.13099698923072037,3.125e-05,filtered_r1
epoch,2,130,130,130.0,-0.25513509699176024,-0.12418925908147073,0.986734693877551,0.9948979591836735,20,110,-0.13099698923072037,3.125e-05,filtered_r1
epoch,2,131,131,131.0,-0.25526391047539626,-0.11870677081906066,0.9826530612244898,0.9948979591836735,21,110,-0.13099698923072037,3.125e-05,filtered_r1
epoch,2,132,132,132.0,-0.2560647055878728,-0.11988339813388124,0.9836734693877551,0.9948979591836735,22,110,-0.13099698923072037,1.5625e-05,filtered_r1
epoch,2,133,133,133.0,-0.25615678556496807,-0.12706141958431322,0.9877551020408163,0.9948979591836735,23,110,-0.13099698923072037,1.5625e-05,filtered_r1
epoch,2,134,134,134.0,-0.2561569040437422,-0.12117830393265705,0.9836734693877551,0.9948979591836735,24,110,-0.13099698923072037,1.5625e-05,filtered_r1
epoch,2,135,135,135.0,-0.255907545563745,-0.12051918068710639,0.9857142857142858,0.9948979591836735,25,110,-0.13099698923072037,1.5625e-05,filtered_r1
epoch,2,136,136,136.0,-0.2560158666566562,-0.13178440016143175,0.986734693877551,0.9948979591836735,0,136,-0.13178440016143175,1.5625e-05,filtered_r1
epoch,2,137,137,137.0,-0.25650537030241244,-0.12598692057084065,0.9846938775510204,0.9948979591836735,1,136,-0.13178440016143175,1.5625e-05,filtered_r1
epoch,2,138,138,138.0,-0.2562705218602569,-0.12338712507364702,0.9846938775510204,0.9948979591836735,2,136,-0.13178440016143175,1.5625e-05,filtered_r1
epoch,2,139,139,139.0,-0.25609363353744835,-0.12830834923958293,0.986734693877551,0.9948979591836735,3,136,-0.13178440016143175,1.5625e-05,filtered_r1
epoch,2,140,140,140.0,-0.2559676034256809,-0.12384293955199573,0.9836734693877551,0.9948979591836735,4,136,-0.13178440016143175,1.5625e-05,filtered_r1
epoch,2,141,141,141.0,-0.25649544649431505,-0.12552704227213957,0.9877551020408163,0.9948979591836735,5,136,-0.13178440016143175,1.5625e-05,filtered_r1
epoch,2,142,142,142.0,-0.2563303787763477,-0.12932827959255297,0.986734693877551,0.9948979591836735,6,136,-0.13178440016143175,1.5625e-05,filtered_r1
epoch,2,143,143,143.0,-0.2560815495953363,-0.12652586625546824,0.9877551020408163,0.9948979591836735,7,136,-0.13178440016143175,1.5625e-05,filtered_r1
epoch,2,144,144,144.0,-0.2560526976464177,-0.12413701621853575,0.9846938775510204,0.9948979591836735,8,136,-0.13178440016143175,1.5625e-05,filtered_r1
epoch,2,145,145,145.0,-0.2568088144645656,-0.12141556009954335,0.9846938775510204,0.9948979591836735,9,136,-0.13178440016143175,1.5625e-05,filtered_r1
epoch,2,146,146,146.0,-0.2556329737778853,-0.12630834822752038,0.9887755102040816,0.9948979591836735,10,136,-0.13178440016143175,1.5625e-05,filtered_r1
epoch,2,147,147,147.0,-0.25610758914116344,-0.12591073026462477,0.9877551020408163,0.9948979591836735,11,136,-0.13178440016143175,7.8125e-06,filtered_r1
epoch,2,148,148,148.0,-0.2567382942964638,-0.12719253715203732,0.9877551020408163,0.9948979591836735,12,136,-0.13178440016143175,7.8125e-06,filtered_r1
epoch,2,149,149,149.0,-0.25652850713180075,-0.12235489913395473,0.986734693877551,0.9948979591836735,13,136,-0.13178440016143175,7.8125e-06,filtered_r1
epoch,2,150,150,150.0,-0.25640357779850487,-0.1254239675950031,0.9857142857142858,0.9948979591836735,14,136,-0.13178440016143175,7.8125e-06,filtered_r1
epoch,2,151,151,151.0,-0.2565149899726016,-0.12785648326484525,0.986734693877551,0.9948979591836735,15,136,-0.13178440016143175,7.8125e-06,filtered_r1
epoch,2,152,152,152.0,-0.2564851166278841,-0.1291098774695883,0.9857142857142858,0.9948979591836735,16,136,-0.13178440016143175,7.8125e-06,filtered_r1
epoch,2,153,153,153.0,-0.256464510899049,-0.12718042159567075,0.9887755102040816,0.9948979591836735,17,136,-0.13178440016143175,7.8125e-06,filtered_r1
epoch,2,154,154,154.0,-0.25640957838721673,-0.12501378983867412,0.9846938775510204,0.9948979591836735,18,136,-0.13178440016143175,7.8125e-06,filtered_r1
epoch,2,155,155,155.0,-0.25634522633935664,-0.12428301791755521,0.9846938775510204,0.9948979591836735,19,136,-0.13178440016143175,7.8125e-06,filtered_r1
epoch,2,156,156,156.0,-0.25646868852718385,-0.12823723286998515,0.9877551020408163,0.9948979591836735,20,136,-0.13178440016143175,7.8125e-06,filtered_r1
epoch,2,157,157,157.0,-0.25613083002841097,-0.12431620237778644,0.9836734693877551,0.9948979591836735,21,136,-0.13178440016143175,7.8125e-06,filtered_r1
epoch,2,158,158,158.0,-0.2558341033070184,-0.12963109502986986,0.9877551020408163,0.9948979591836735,22,136,-0.13178440016143175,3.90625e-06,filtered_r1
epoch,2,159,159,159.0,-0.2562228066240502,-0.12768692678334762,0.986734693877551,0.9948979591836735,23,136,-0.13178440016143175,3.90625e-06,filtered_r1
epoch,2,160,160,160.0,-0.25624189428778815,-0.1277388095855713,0.9857142857142858,0.9948979591836735,24,136,-0.13178440016143175,3.90625e-06,filtered_r1
epoch,2,161,161,161.0,-0.25676707646763436,-0.126791770604192,0.9857142857142858,0.9948979591836735,25,136,-0.13178440016143175,3.90625e-06,filtered_r1
epoch,2,162,162,162.0,-0.25637525044080617,-0.12901303038305165,0.9877551020408163,0.9948979591836735,26,136,-0.13178440016143175,3.90625e-06,filtered_r1
epoch,2,163,163,163.0,-0.2558162917995583,-0.12943816525595528,0.9857142857142858,0.9948979591836735,27,136,-0.13178440016143175,3.90625e-06,filtered_r1
epoch,2,164,164,164.0,-0.2567195464576638,-0.1280856482836665,0.9877551020408163,0.9948979591836735,28,136,-0.13178440016143175,3.90625e-06,filtered_r1
epoch,2,165,165,165.0,-0.25648378446542613,-0.12722534160224758,0.9877551020408163,0.9948979591836735,29,136,-0.13178440016143175,3.90625e-06,filtered_r1
epoch,2,166,166,166.0,-0.2567763640238813,-0.12659596472370382,0.9857142857142858,0.9948979591836735,30,136,-0.13178440016143175,3.90625e-06,filtered_r1
epoch,3,1,1,1.0,1.6285855924331,2.112955989643019,0.47959183673469385,0.7020408163265306,0,1,2.112955989643019,0.001,filtered_r1
epoch,3,2,2,2.0,1.0537300454287761,2.0845336884868386,0.5214285714285715,0.6948979591836735,0,2,2.0845336884868386,0.001,filtered_r1
epoch,3,3,3,3.0,0.8552276502400163,1.1239031601925284,0.8377551020408164,0.8959183673469387,0,3,1.1239031601925284,0.001,filtered_r1
epoch,3,4,4,4.0,0.7427049350100001,0.8804701413427081,0.8704081632653061,0.9683673469387755,0,4,0.8804701413427081,0.001,filtered_r1
epoch,3,5,5,5.0,0.6415091767075167,1.4880636448762854,0.6551020408163265,0.9306122448979591,1,4,0.8804701413427081,0.001,filtered_r1
epoch,3,6,6,6.0,0.5678600080977555,0.8709841577374206,0.8316326530612245,0.9857142857142858,0,6,0.8709841577374206,0.001,filtered_r1
epoch,3,7,7,7.0,0.5073276076650165,2.2926743692281293,0.4520408163265306,0.7744897959183673,1,6,0.8709841577374206,0.001,filtered_r1
epoch,3,8,8,8.0,0.4359720833075355,1.4477490478632402,0.6571428571428571,0.960204081632653,2,6,0.8709841577374206,0.001,filtered_r1
epoch,3,9,9,9.0,0.38326216433949756,1.17960544070419,0.9428571428571428,0.6663265306122449,3,6,0.8709841577374206,0.001,filtered_r1
epoch,3,10,10,10.0,0.3575559173504764,0.690764095345322,0.8540816326530613,0.9816326530612245,0,10,0.690764095345322,0.001,filtered_r1
epoch,3,11,11,11.0,0.33101757267795257,0.6151632644692245,0.8948979591836734,0.9693877551020408,0,11,0.6151632644692245,0.001,filtered_r1
epoch,3,12,12,12.0,0.26656936282901617,0.48282522547001744,0.9448979591836735,0.9428571428571428,0,12,0.48282522547001744,0.001,filtered_r1
epoch,3,13,13,13.0,0.20517817330371235,1.24536302138348,0.7846938775510204,0.9153061224489796,1,12,0.48282522547001744,0.001,filtered_r1
epoch,3,14,14,14.0,0.16625888490752638,0.831408345456026,0.8438775510204082,0.9520408163265306,2,12,0.48282522547001744,0.001,filtered_r1
epoch,3,15,15,15.0,0.14672761300559267,0.8366603063077342,0.7836734693877551,0.9785714285714285,3,12,0.48282522547001744,0.001,filtered_r1
epoch,3,16,16,16.0,0.13372274295773984,2.681912628485232,0.5540816326530612,0.6948979591836735,4,12,0.48282522547001744,0.001,filtered_r1
epoch,3,17,17,17.0,0.13147035705139568,3.089110434785181,0.5897959183673469,0.6632653061224489,5,12,0.48282522547001744,0.001,filtered_r1
epoch,3,18,18,18.0,0.10385715980395586,1.0394502868457716,0.8591836734693877,0.8459183673469388,6,12,0.48282522547001744,0.001,filtered_r1
epoch,3,19,19,19.0,0.054927926495353364,1.4670912202523678,0.6663265306122449,0.960204081632653,7,12,0.48282522547001744,0.001,filtered_r1
epoch,3,20,20,20.0,0.015882647502871463,0.5029676897185189,0.9418367346938775,0.8908163265306123,8,12,0.48282522547001744,0.001,filtered_r1
epoch,3,21,21,21.0,-0.007685309423947951,0.652959059452524,0.860204081632653,0.9928571428571429,9,12,0.48282522547001744,0.001,filtered_r1
epoch,3,22,22,22.0,-0.03422605704568594,0.11297843577910442,0.960204081632653,0.9928571428571429,0,22,0.11297843577910442,0.001,filtered_r1
epoch,3,23,23,23.0,-0.04876572031678257,0.21024049909747378,0.9377551020408164,0.9795918367346939,1,22,0.11297843577910442,0.001,filtered_r1
epoch,3,24,24,24.0,-0.02153141515881594,0.7090327849193495,0.8612244897959184,0.9561224489795919,2,22,0.11297843577910442,0.001,filtered_r1
epoch,3,25,25,25.0,-0.04472302126981863,2.1332272977245097,0.5571428571428572,0.9306122448979591,3,22,0.11297843577910442,0.001,filtered_r1
epoch,3,26,26,26.0,-0.08824826396166385,0.5229525466354525,0.9346938775510204,0.9224489795918367,4,22,0.11297843577910442,0.001,filtered_r1
epoch,3,27,27,27.0,-0.11687339288345316,1.6054359611199827,0.636734693877551,0.9948979591836735,5,22,0.11297843577910442,0.001,filtered_r1
epoch,3,28,28,28.0,-0.13093206022633133,0.7645734198239384,0.8183673469387756,0.9938775510204082,6,22,0.11297843577910442,0.001,filtered_r1
epoch,3,29,29,29.0,-0.07607685618653819,2.3928655935793506,0.65,0.8540816326530613,7,22,0.11297843577910442,0.001,filtered_r1
epoch,3,30,30,30.0,-0.03883514042285914,1.3910453387669155,0.7551020408163265,0.9653061224489796,8,22,0.11297843577910442,0.001,filtered_r1
epoch,3,31,31,31.0,-0.10734666684406538,0.27330489061316665,0.9479591836734694,0.95,9,22,0.11297843577910442,0.001,filtered_r1
epoch,3,32,32,32.0,-0.15328496164264757,0.568357301001646,0.863265306122449,0.9857142857142858,10,22,0.11297843577910442,0.001,filtered_r1
epoch,3,33,33,33.0,-0.16669568001439342,0.57808630855716,0.8397959183673469,0.9908163265306122,11,22,0.11297843577910442,0.0005,filtered_r1
epoch,3,34,34,34.0,-0.18987174746777002,-0.09118323691037236,0.9775510204081632,0.9959183673469387,0,34,-0.09118323691037236,0.0005,filtered_r1
epoch,3,35,35,35.0,-0.20282867866053778,-0.10129542034499499,0.9806122448979592,0.9948979591836735,0,35,-0.10129542034499499,0.0005,filtered_r1
epoch,3,36,36,36.0,-0.20598321666081168,-0.09232792659681671,0.9836734693877551,0.9938775510204082,1,35,-0.10129542034499499,0.0005,filtered_r1
epoch,3,37,37,37.0,-0.21037367431347986,-0.11615697145462037,0.9857142857142858,0.9948979591836735,0,37,-0.11615697145462037,0.0005,filtered_r1
epoch,3,38,38,38.0,-0.2111584430275535,-0.08588499876917625,0.9826530612244898,0.9928571428571429,1,37,-0.11615697145462037,0.0005,filtered_r1
epoch,3,39,39,39.0,-0.2161733880402335,-0.10104120921115486,0.9857142857142858,0.9948979591836735,2,37,-0.11615697145462037,0.0005,filtered_r1
epoch,3,40,40,40.0,-0.21534613844918707,-0.05389612767161155,0.9744897959183674,0.9908163265306122,3,37,-0.11615697145462037,0.0005,filtered_r1
epoch,3,41,41,41.0,-0.21788294067504024,-0.10637922822212686,0.9846938775510204,0.9938775510204082,4,37,-0.11615697145462037,0.0005,filtered_r1
epoch,3,42,42,42.0,-0.22077033241607902,-0.03649849064496099,0.9755102040816327,0.9836734693877551,5,37,-0.11615697145462037,0.0005,filtered_r1
epoch,3,43,43,43.0,-0.2207792150503497,-0.08014582638837853,0.9734693877551021,0.9938775510204082,6,37,-0.11615697145462037,0.0005,filtered_r1
epoch,3,44,44,44.0,-0.22684577584970123,-0.08810014724731445,0.9816326530612245,0.9938775510204082,7,37,-0.11615697145462037,0.0005,filtered_r1
epoch,3,45,45,45.0,-0.22551547203938418,0.018078285334061604,0.9836734693877551,0.9724489795918367,8,37,-0.11615697145462037,0.0005,filtered_r1
epoch,3,46,46,46.0,-0.22848834641889934,-0.06602538799752994,0.9744897959183674,0.9897959183673469,9,37,-0.11615697145462037,0.0005,filtered_r1
epoch,3,47,47,47.0,-0.2248707336834004,0.3439348892289765,0.9173469387755102,0.9744897959183674,10,37,-0.11615697145462037,0.0005,filtered_r1
epoch,3,48,48,48.0,-0.21688407104880064,0.49737652515878483,0.9255102040816326,0.9622448979591837,11,37,-0.11615697145462037,0.00025,filtered_r1
epoch,3,49,49,49.0,-0.2266443551966563,-0.09132042271750314,0.9836734693877551,0.9938775510204082,12,37,-0.11615697145462037,0.00025,filtered_r1
epoch,3,50,50,50.0,-0.23639661668919457,-0.11295944354972061,0.9785714285714285,0.9938775510204082,13,37,-0.11615697145462037,0.00025,filtered_r1
epoch,3,51,51,51.0,-0.23714471285417846,-0.09476375579833984,0.9755102040816327,0.9948979591836735,14,37,-0.11615697145462037,0.00025,filtered_r1
epoch,3,52,52,52.0,-0.2380996926015905,-0.11748379882501096,0.9826530612244898,0.9938775510204082,0,52,-0.11748379882501096,0.00025,filtered_r1
epoch,3,53,53,53.0,-0.23932968747653693,-0.11467888841823656,0.9785714285714285,0.9938775510204082,1,52,-0.11748379882501096,0.00025,filtered_r1
epoch,3,54,54,54.0,-0.24127409575042863,-0.11607589600037556,0.9806122448979592,0.9959183673469387,2,52,-0.11748379882501096,0.00025,filtered_r1
epoch,3,55,55,55.0,-0.24039142820654377,-0.12618052448545183,0.9836734693877551,0.9938775510204082,0,55,-0.12618052448545183,0.00025,filtered_r1
epoch,3,56,56,56.0,-0.24257530613590575,-0.10241920218175771,0.9744897959183674,0.9948979591836735,1,55,-0.12618052448545183,0.00025,filtered_r1
epoch,3,57,57,57.0,-0.24309042930819477,-0.12168975314315485,0.9836734693877551,0.9948979591836735,2,55,-0.12618052448545183,0.00025,filtered_r1
epoch,3,58,58,58.0,-0.2431295146414003,-0.11288595783467195,0.976530612244898,0.9948979591836735,3,55,-0.12618052448545183,0.00025,filtered_r1
epoch,3,59,59,59.0,-0.2401767718321185,-0.08800844854238082,0.976530612244898,0.9928571428571429,4,55,-0.12618052448545183,0.00025,filtered_r1
epoch,3,60,60,60.0,-0.24192018823844436,-0.08323257845275256,0.9755102040816327,0.9948979591836735,5,55,-0.12618052448545183,0.00025,filtered_r1
epoch,3,61,61,61.0,-0.24296383320933518,-0.10147953665986353,0.9846938775510204,0.9938775510204082,6,55,-0.12618052448545183,0.00025,filtered_r1
epoch,3,62,62,62.0,-0.24272432451187564,-0.0338609588389494,0.9806122448979592,0.9816326530612245,7,55,-0.12618052448545183,0.00025,filtered_r1
epoch,3,63,63,63.0,-0.24318954782814964,-0.08388182484373755,0.9755102040816327,0.9948979591836735,8,55,-0.12618052448545183,0.00025,filtered_r1
epoch,3,64,64,64.0,-0.24397938139483002,-0.10932729341545884,0.9806122448979592,0.9948979591836735,9,55,-0.12618052448545183,0.00025,filtered_r1
epoch,3,65,65,65.0,-0.2396061651770548,-0.038761530603681295,0.9775510204081632,0.9877551020408163,10,55,-0.12618052448545183,0.00025,filtered_r1
epoch,3,66,66,66.0,-0.2413937270614271,-0.0622398279151138,0.976530612244898,0.9918367346938776,11,55,-0.12618052448545183,0.000125,filtered_r1
epoch,3,67,67,67.0,-0.24599953432057156,-0.1155682845991485,0.9785714285714285,0.9948979591836735,12,55,-0.12618052448545183,0.000125,filtered_r1
epoch,3,68,68,68.0,-0.24765249333271264,-0.13789298972304986,0.9857142857142858,0.9938775510204082,0,68,-0.13789298972304986,0.000125,filtered_r1
epoch,3,69,69,69.0,-0.24784303899250731,-0.1252311760065507,0.9826530612244898,0.9948979591836735,1,68,-0.13789298972304986,0.000125,filtered_r1
epoch,3,70,70,70.0,-0.24743521608550928,-0.11809035417984944,0.9816326530612245,0.9959183673469387,2,68,-0.13789298972304986,0.000125,filtered_r1
epoch,3,71,71,71.0,-0.24859531181160557,-0.12243448130938471,0.9836734693877551,0.9959183673469387,3,68,-0.13789298972304986,0.000125,filtered_r1
epoch,3,72,72,72.0,-0.2487517267370895,-0.12589535567225243,0.9806122448979592,0.9959183673469387,4,68,-0.13789298972304986,0.000125,filtered_r1
epoch,3,73,73,73.0,-0.24914787354601334,-0.1289511656274601,0.9836734693877551,0.9948979591836735,5,68,-0.13789298972304986,0.000125,filtered_r1
epoch,3,74,74,74.0,-0.24892269001188896,-0.10623779442845559,0.976530612244898,0.9948979591836735,6,68,-0.13789298972304986,0.000125,filtered_r1
epoch,3,75,75,75.0,-0.24945974433849574,-0.13161753586360386,0.9836734693877551,0.9959183673469387,7,68,-0.13789298972304986,0.000125,filtered_r1
epoch,3,76,76,76.0,-0.2502871464449224,-0.13414141255982068,0.9846938775510204,0.9948979591836735,8,68,-0.13789298972304986,0.000125,filtered_r1
epoch,3,77,77,77.0,-0.250002085269715,-0.1267833996792229,0.9846938775510204,0.9959183673469387,9,68,-0.13789298972304986,0.000125,filtered_r1
epoch,3,78,78,78.0,-0.24944472448207874,-0.08872507251038843,0.976530612244898,0.9948979591836735,10,68,-0.13789298972304986,0.000125,filtered_r1
epoch,3,79,79,79.0,-0.24970778193843943,-0.10571533076617183,0.9816326530612245,0.9938775510204082,11,68,-0.13789298972304986,6.25e-05,filtered_r1
epoch,3,80,80,80.0,-0.25110870421176273,-0.13463297717425288,0.986734693877551,0.9959183673469387,12,68,-0.13789298972304986,6.25e-05,filtered_r1
epoch,3,81,81,81.0,-0.251361186835531,-0.1289320585679035,0.9816326530612245,0.9948979591836735,13,68,-0.13789298972304986,6.25e-05,filtered_r1
epoch,3,82,82,82.0,-0.25157056372110487,-0.13342062210550112,0.9826530612244898,0.9948979591836735,14,68,-0.13789298972304986,6.25e-05,filtered_r1
epoch,3,83,83,83.0,-0.2521572704754577,-0.1340281749258236,0.9846938775510204,0.9948979591836735,15,68,-0.13789298972304986,6.25e-05,filtered_r1
epoch,3,84,84,84.0,-0.2516706576955573,-0.1290454188171698,0.9806122448979592,0.9948979591836735,16,68,-0.13789298972304986,6.25e-05,filtered_r1
epoch,3,85,85,85.0,-0.2518175253801004,-0.12460340480415188,0.9806122448979592,0.9948979591836735,17,68,-0.13789298972304986,6.25e-05,filtered_r1
epoch,3,86,86,86.0,-0.2517081888978502,-0.13076829472366644,0.9836734693877551,0.9959183673469387,18,68,-0.13789298972304986,6.25e-05,filtered_r1
epoch,3,87,87,87.0,-0.251874163347756,-0.1358252306373752,0.9857142857142858,0.9948979591836735,19,68,-0.13789298972304986,6.25e-05,filtered_r1
epoch,3,88,88,88.0,-0.2515684456052533,-0.12070259318059805,0.9816326530612245,0.9959183673469387,20,68,-0.13789298972304986,6.25e-05,filtered_r1
epoch,3,89,89,89.0,-0.2522786400343037,-0.12209677258316351,0.9826530612244898,0.9948979591836735,21,68,-0.13789298972304986,6.25e-05,filtered_r1
epoch,3,90,90,90.0,-0.2513014446374129,-0.12623124414560746,0.9806122448979592,0.9959183673469387,22,68,-0.13789298972304986,3.125e-05,filtered_r1
epoch,3,91,91,91.0,-0.25271743251906165,-0.13899959739373655,0.986734693877551,0.9948979591836735,0,91,-0.13899959739373655,3.125e-05,filtered_r1
epoch,3,92,92,92.0,-0.2533527739038264,-0.1364290154710108,0.9826530612244898,0.9948979591836735,1,91,-0.13899959739373655,3.125e-05,filtered_r1
epoch,3,93,93,93.0,-0.25261228289108517,-0.13648154248996658,0.986734693877551,0.9948979591836735,2,91,-0.13899959739373655,3.125e-05,filtered_r1
epoch,3,94,94,94.0,-0.2530171874702599,-0.13467034855667426,0.9846938775510204,0.9948979591836735,3,91,-0.13899959739373655,3.125e-05,filtered_r1
epoch,3,95,95,95.0,-0.25311210395745454,-0.13336771653622997,0.9836734693877551,0.9959183673469387,4,91,-0.13899959739373655,3.125e-05,filtered_r1
epoch,3,96,96,96.0,-0.2536375829159429,-0.13501094993279905,0.9826530612244898,0.9959183673469387,5,91,-0.13899959739373655,3.125e-05,filtered_r1
epoch,3,97,97,97.0,-0.25314433938310843,-0.13493231802570577,0.9846938775510204,0.9959183673469387,6,91,-0.13899959739373655,3.125e-05,filtered_r1
epoch,3,98,98,98.0,-0.2530658910937922,-0.10810893847017872,0.9816326530612245,0.9948979591836735,7,91,-0.13899959739373655,3.125e-05,filtered_r1
epoch,3,99,99,99.0,-0.25313003524238287,-0.13351999156329097,0.9836734693877551,0.9948979591836735,8,91,-0.13899959739373655,3.125e-05,filtered_r1
epoch,3,100,100,100.0,-0.2530894775959886,-0.13759247721457968,0.986734693877551,0.9959183673469387,9,91,-0.13899959739373655,3.125e-05,filtered_r1
epoch,3,101,101,101.0,-0.2537156259315532,-0.12017067062611482,0.9795918367346939,0.9959183673469387,10,91,-0.13899959739373655,3.125e-05,filtered_r1
epoch,3,102,102,102.0,-0.25279696148414804,-0.12397257405884411,0.9785714285714285,0.9959183673469387,11,91,-0.13899959739373655,1.5625e-05,filtered_r1
epoch,3,103,103,103.0,-0.25367474623609554,-0.1374914232565432,0.9836734693877551,0.9948979591836735,12,91,-0.13899959739373655,1.5625e-05,filtered_r1
epoch,3,104,104,104.0,-0.25356479890769684,-0.12694464702995456,0.9836734693877551,0.9959183673469387,13,91,-0.13899959739373655,1.5625e-05,filtered_r1
epoch,3,105,105,105.0,-0.25360714117613803,-0.13424003075580207,0.9826530612244898,0.9948979591836735,14,91,-0.13899959739373655,1.5625e-05,filtered_r1
epoch,3,106,106,106.0,-0.25382630353183894,-0.13810949276904672,0.9836734693877551,0.9948979591836735,15,91,-0.13899959739373655,1.5625e-05,filtered_r1
epoch,3,107,107,107.0,-0.25377661644519595,-0.133866633201132,0.9857142857142858,0.9959183673469387,16,91,-0.13899959739373655,1.5625e-05,filtered_r1
epoch,3,108,108,108.0,-0.2539802736387543,-0.1350130222281631,0.9846938775510204,0.9959183673469387,17,91,-0.13899959739373655,1.5625e-05,filtered_r1
epoch,3,109,109,109.0,-0.25403448288623603,-0.1370526970649252,0.9857142857142858,0.9959183673469387,18,91,-0.13899959739373655,1.5625e-05,filtered_r1
epoch,3,110,110,110.0,-0.2538278475437606,-0.13340329345391722,0.9857142857142858,0.9959183673469387,19,91,-0.13899959739373655,1.5625e-05,filtered_r1
epoch,3,111,111,111.0,-0.25420207521128646,-0.13432355413631517,0.9816326530612245,0.9959183673469387,20,91,-0.13899959739373655,1.5625e-05,filtered_r1
epoch,3,112,112,112.0,-0.25376757550553414,-0.13728474597541654,0.9857142857142858,0.9959183673469387,21,91,-0.13899959739373655,1.5625e-05,filtered_r1
epoch,3,113,113,113.0,-0.25355525810611396,-0.1354057652609689,0.9836734693877551,0.9959183673469387,22,91,-0.13899959739373655,7.8125e-06,filtered_r1
epoch,3,114,114,114.0,-0.254090047835005,-0.139965236916834,0.9846938775510204,0.9948979591836735,0,114,-0.139965236916834,7.8125e-06,filtered_r1
epoch,3,115,115,115.0,-0.25426731848792494,-0.13614206362743766,0.9826530612244898,0.9959183673469387,1,114,-0.139965236916834,7.8125e-06,filtered_r1
epoch,3,116,116,116.0,-0.2543231539167819,-0.1359878092396016,0.9826530612244898,0.9948979591836735,2,114,-0.139965236916834,7.8125e-06,filtered_r1
epoch,3,117,117,117.0,-0.25392326327058545,-0.1379440589826934,0.9826530612244898,0.9948979591836735,3,114,-0.139965236916834,7.8125e-06,filtered_r1
epoch,3,118,118,118.0,-0.25449082803250006,-0.13866012339689293,0.9846938775510204,0.9959183673469387,4,114,-0.139965236916834,7.8125e-06,filtered_r1
epoch,3,119,119,119.0,-0.2545130794772331,-0.1377769275587432,0.9826530612244898,0.9959183673469387,5,114,-0.139965236916834,7.8125e-06,filtered_r1
epoch,3,120,120,120.0,-0.2545306935832006,-0.13669245632327331,0.9826530612244898,0.9959183673469387,6,114,-0.139965236916834,7.8125e-06,filtered_r1
epoch,3,121,121,121.0,-0.2545538268141242,-0.13550920681077608,0.9816326530612245,0.9959183673469387,7,114,-0.139965236916834,7.8125e-06,filtered_r1
epoch,3,122,122,122.0,-0.2543281980443964,-0.1349030737974206,0.9836734693877551,0.9948979591836735,8,114,-0.139965236916834,7.8125e-06,filtered_r1
epoch,3,123,123,123.0,-0.25405935201112434,-0.13372488703046526,0.9826530612244898,0.9948979591836735,9,114,-0.139965236916834,7.8125e-06,filtered_r1
epoch,3,124,124,124.0,-0.25406938263680573,-0.13443711339210979,0.9826530612244898,0.9948979591836735,10,114,-0.139965236916834,7.8125e-06,filtered_r1
epoch,3,125,125,125.0,-0.2540015403757948,-0.1375220790201304,0.9836734693877551,0.9948979591836735,11,114,-0.139965236916834,3.90625e-06,filtered_r1
epoch,3,126,126,126.0,-0.2548727497316413,-0.13623133678825533,0.9836734693877551,0.9948979591836735,12,114,-0.139965236916834,3.90625e-06,filtered_r1
epoch,3,127,127,127.0,-0.25456151107847824,-0.1405009464341767,0.9846938775510204,0.9948979591836735,0,127,-0.1405009464341767,3.90625e-06,filtered_r1
epoch,3,128,128,128.0,-0.25449090874092284,-0.13772005694253103,0.9846938775510204,0.9948979591836735,1,127,-0.1405009464341767,3.90625e-06,filtered_r1
epoch,3,129,129,129.0,-0.25448849208778107,-0.13817876601705745,0.9846938775510204,0.9959183673469387,2,127,-0.1405009464341767,3.90625e-06,filtered_r1
epoch,3,130,130,130.0,-0.2544485148223378,-0.13570468133809616,0.9846938775510204,0.9948979591836735,3,127,-0.1405009464341767,3.90625e-06,filtered_r1
epoch,3,131,131,131.0,-0.25472287635504526,-0.13855630670275007,0.9836734693877551,0.9959183673469387,4,127,-0.1405009464341767,3.90625e-06,filtered_r1
epoch,3,132,132,132.0,-0.2543724976611906,-0.13984170543904206,0.9836734693877551,0.9959183673469387,5,127,-0.1405009464341767,3.90625e-06,filtered_r1
epoch,3,133,133,133.0,-0.25464701441489074,-0.13860587781789352,0.9836734693877551,0.9959183673469387,6,127,-0.1405009464341767,3.90625e-06,filtered_r1
epoch,3,134,134,134.0,-0.254514084287627,-0.13674377373286656,0.9836734693877551,0.9948979591836735,7,127,-0.1405009464341767,3.90625e-06,filtered_r1
epoch,3,135,135,135.0,-0.25485598667610576,-0.1378052857457375,0.9836734693877551,0.9959183673469387,8,127,-0.1405009464341767,3.90625e-06,filtered_r1
epoch,3,136,136,136.0,-0.2543603744335841,-0.1351761681692941,0.9836734693877551,0.9948979591836735,9,127,-0.1405009464341767,3.90625e-06,filtered_r1
epoch,3,137,137,137.0,-0.2543280821359542,-0.1340476907029444,0.9836734693877551,0.9959183673469387,10,127,-0.1405009464341767,3.90625e-06,filtered_r1
epoch,3,138,138,138.0,-0.25434077827702095,-0.1372648978719906,0.9836734693877551,0.9948979591836735,11,127,-0.1405009464341767,1.953125e-06,filtered_r1
epoch,3,139,139,139.0,-0.25477734057945495,-0.13893486285696224,0.9836734693877551,0.9959183673469387,12,127,-0.1405009464341767,1.953125e-06,filtered_r1
epoch,3,140,140,140.0,-0.25450479486450733,-0.13661271066081768,0.9826530612244898,0.9948979591836735,13,127,-0.1405009464341767,1.953125e-06,filtered_r1
epoch,3,141,141,141.0,-0.254292592859463,-0.13878814541563697,0.9826530612244898,0.9948979591836735,14,127,-0.1405009464341767,1.953125e-06,filtered_r1
epoch,3,142,142,142.0,-0.2543423838145723,-0.13797978770976163,0.9826530612244898,0.9948979591836735,15,127,-0.1405009464341767,1.953125e-06,filtered_r1
epoch,3,143,143,143.0,-0.2548644250758496,-0.13666679518563407,0.9826530612244898,0.9948979591836735,16,127,-0.1405009464341767,1.953125e-06,filtered_r1
epoch,3,144,144,144.0,-0.25476746301027625,-0.1339515053496069,0.9836734693877551,0.9948979591836735,17,127,-0.1405009464341767,1.953125e-06,filtered_r1
epoch,3,145,145,145.0,-0.254596173736219,-0.13818712867036156,0.9857142857142858,0.9948979591836735,18,127,-0.1405009464341767,1.953125e-06,filtered_r1
epoch,3,146,146,146.0,-0.2544647649207875,-0.13703215316850312,0.9826530612244898,0.9959183673469387,19,127,-0.1405009464341767,1.953125e-06,filtered_r1
epoch,3,147,147,147.0,-0.2548931725881233,-0.13875434787905946,0.9857142857142858,0.9948979591836735,20,127,-0.1405009464341767,1.953125e-06,filtered_r1
epoch,3,148,148,148.0,-0.2546822644881752,-0.1357618351371921,0.9836734693877551,0.9948979591836735,21,127,-0.1405009464341767,1.953125e-06,filtered_r1
epoch,3,149,149,149.0,-0.2548866727868373,-0.13713839248735077,0.9826530612244898,0.9948979591836735,22,127,-0.1405009464341767,9.765625e-07,filtered_r1
epoch,3,150,150,150.0,-0.2548332400772174,-0.13275192951669498,0.9836734693877551,0.9948979591836735,23,127,-0.1405009464341767,9.765625e-07,filtered_r1
epoch,3,151,151,151.0,-0.2548170876243252,-0.13684058335362648,0.9826530612244898,0.9948979591836735,24,127,-0.1405009464341767,9.765625e-07,filtered_r1
epoch,3,152,152,152.0,-0.25461352123112446,-0.13733668862556925,0.9826530612244898,0.9948979591836735,25,127,-0.1405009464341767,9.765625e-07,filtered_r1
epoch,3,153,153,153.0,-0.25524974085772734,-0.13761439566709557,0.9826530612244898,0.9959183673469387,26,127,-0.1405009464341767,9.765625e-07,filtered_r1
epoch,3,154,154,154.0,-0.2547669800854898,-0.13825609635333624,0.9826530612244898,0.9959183673469387,27,127,-0.1405009464341767,9.765625e-07,filtered_r1
epoch,3,155,155,155.0,-0.25425529623377935,-0.1367843384645423,0.9826530612244898,0.9948979591836735,28,127,-0.1405009464341767,9.765625e-07,filtered_r1
epoch,3,156,156,156.0,-0.25500850503248784,-0.13528626062432114,0.9836734693877551,0.9959183673469387,29,127,-0.1405009464341767,9.765625e-07,filtered_r1
epoch,3,157,157,157.0,-0.25443425077879045,-0.13649968906324736,0.9826530612244898,0.9948979591836735,30,127,-0.1405009464341767,9.765625e-07,filtered_r1
epoch,4,1,1,1.0,1.7245087813530193,2.7706221638893593,0.3622448979591837,0.6846938775510204,0,1,2.7706221638893593,0.001,filtered_r1
epoch,4,2,2,2.0,1.1086793549754541,2.2921722470497596,0.5938775510204082,0.5969387755102041,0,2,2.2921722470497596,0.001,filtered_r1
epoch,4,3,3,3.0,0.8713021353326815,2.1698396770321593,0.7295918367346939,0.5357142857142857,0,3,2.1698396770321593,0.001,filtered_r1
epoch,4,4,4,4.0,0.7511860877613669,1.0663141420909337,0.85,0.889795918367347,0,4,1.0663141420909337,0.001,filtered_r1
epoch,4,5,5,5.0,0.6797471429291931,1.2493069444383893,0.7030612244897959,0.9132653061224489,1,4,1.0663141420909337,0.001,filtered_r1
epoch,4,6,6,6.0,0.5846396661919461,1.2258812184236487,0.6744897959183673,0.9316326530612244,2,4,1.0663141420909337,0.001,filtered_r1
epoch,4,7,7,7.0,0.54406988523356,1.3323214866677109,0.7153061224489796,0.9163265306122449,3,4,1.0663141420909337,0.001,filtered_r1
epoch,4,8,8,8.0,0.4528362019138882,0.5987749347881395,0.9244897959183673,0.9581632653061225,0,8,0.5987749347881395,0.001,filtered_r1
epoch,4,9,9,9.0,0.41371351661760053,0.6553446550758517,0.9479591836734694,0.9255102040816326,1,8,0.5987749347881395,0.001,filtered_r1
epoch,4,10,10,10.0,0.3520060000206414,1.3291373992452815,0.8530612244897959,0.7122448979591837,2,8,0.5987749347881395,0.001,filtered_r1
epoch,4,11,11,11.0,0.3160935886816388,0.6774446156560158,0.9418367346938775,0.8887755102040816,3,8,0.5987749347881395,0.001,filtered_r1
epoch,4,12,12,12.0,0.25693919884038413,0.7285964221370463,0.9295918367346939,0.8704081632653061,4,8,0.5987749347881395,0.001,filtered_r1
epoch,4,13,13,13.0,0.2287550137576546,0.6475928919655937,0.8622448979591837,0.9908163265306122,5,8,0.5987749347881395,0.001,filtered_r1
epoch,4,14,14,14.0,0.169948830409208,0.3843458467600297,0.9346938775510204,0.9622448979591837,0,14,0.3843458467600297,0.001,filtered_r1
epoch,4,15,15,15.0,0.1480391727379112,0.40658871154395904,0.9061224489795918,0.9938775510204082,1,14,0.3843458467600297,0.001,filtered_r1
epoch,4,16,16,16.0,0.1588855180424341,1.4378561428615024,0.676530612244898,0.9183673469387755,2,14,0.3843458467600297,0.001,filtered_r1
epoch,4,17,17,17.0,0.1442171879860146,0.5042952992478196,0.8969387755102041,0.9836734693877551,3,14,0.3843458467600297,0.001,filtered_r1
epoch,4,18,18,18.0,0.11638566939548314,0.9574007681437902,0.7959183673469388,0.9183673469387755,4,14,0.3843458467600297,0.001,filtered_r1
epoch,4,19,19,19.0,0.056124027891154726,1.162859792612037,0.7397959183673469,0.9540816326530612,5,14,0.3843458467600297,0.001,filtered_r1
epoch,4,20,20,20.0,-0.009970289466059646,0.5245171804817356,0.860204081632653,0.9846938775510204,6,14,0.3843458467600297,0.001,filtered_r1
epoch,4,21,21,21.0,-0.03173896439011618,0.15122694166339173,0.9551020408163265,0.9897959183673469,0,21,0.15122694166339173,0.001,filtered_r1
epoch,4,22,22,22.0,-0.037915547355109866,1.1200159072875977,0.7153061224489796,0.9846938775510204,1,21,0.15122694166339173,0.001,filtered_r1
epoch,4,23,23,23.0,0.00655338878367524,2.1419815462462757,0.6346938775510204,0.9459183673469388,2,21,0.15122694166339173,0.001,filtered_r1
epoch,4,24,24,24.0,-0.003416345274237357,1.4005261138993867,0.7704081632653061,0.8877551020408163,3,21,0.15122694166339173,0.001,filtered_r1
epoch,4,25,25,25.0,-0.021819331052895304,2.6006454467773437,0.4142857142857143,0.9663265306122449,4,21,0.15122694166339173,0.001,filtered_r1
epoch,4,26,26,26.0,-0.057826605023874565,1.609001831619107,0.8428571428571429,0.7704081632653061,5,21,0.15122694166339173,0.001,filtered_r1
epoch,4,27,27,27.0,-0.04075848350079017,0.7945330683065921,0.7765306122448979,0.9826530612244898,6,21,0.15122694166339173,0.001,filtered_r1
epoch,4,28,28,28.0,-0.09769392890168276,1.290736047589049,0.689795918367347,0.9275510204081633,7,21,0.15122694166339173,0.001,filtered_r1
epoch,4,29,29,29.0,-0.13103686921768604,0.19001669445816352,0.9336734693877551,0.9836734693877551,8,21,0.15122694166339173,0.001,filtered_r1
epoch,4,30,30,30.0,-0.15221611900433485,0.056250384389137736,0.9673469387755103,0.9938775510204082,0,30,0.056250384389137736,0.001,filtered_r1
epoch,4,31,31,31.0,-0.1612589923674228,0.8191372226695626,0.9142857142857143,0.8071428571428572,1,30,0.056250384389137736,0.001,filtered_r1
epoch,4,32,32,32.0,-0.17462709542030755,0.2534233594427303,0.9387755102040817,0.9795918367346939,2,30,0.056250384389137736,0.001,filtered_r1
epoch,4,33,33,33.0,-0.17500925532157888,0.19741300539094575,0.9357142857142857,0.9816326530612245,3,30,0.056250384389137736,0.001,filtered_r1
epoch,4,34,34,34.0,-0.17325275132616055,0.977533503697843,0.7989795918367347,0.9622448979591837,4,30,0.056250384389137736,0.001,filtered_r1
epoch,4,35,35,35.0,-0.1140662080257847,1.5843234393061423,0.6632653061224489,0.9489795918367347,5,30,0.056250384389137736,0.001,filtered_r1
epoch,4,36,36,36.0,-0.04041169239508256,0.9060015391330329,0.8071428571428572,0.9346938775510204,6,30,0.056250384389137736,0.001,filtered_r1
epoch,4,37,37,37.0,-0.12521068053087536,0.4426860386011552,0.9336734693877551,0.9377551020408164,7,30,0.056250384389137736,0.001,filtered_r1
epoch,4,38,38,38.0,-0.167189531308978,0.05320889463230055,0.9459183673469388,0.9928571428571429,0,38,0.05320889463230055,0.001,filtered_r1
epoch,4,39,39,39.0,-0.2031127439538728,0.12293682098388672,0.9673469387755103,0.9693877551020408,1,38,0.05320889463230055,0.001,filtered_r1
epoch,4,40,40,40.0,-0.21223265987821346,0.2084869910259636,0.9724489795918367,0.9336734693877551,2,38,0.05320889463230055,0.001,filtered_r1
epoch,4,41,41,41.0,-0.21265237019162692,-0.022011825503135213,0.9734693877551021,0.9928571428571429,0,41,-0.022011825503135213,0.001,filtered_r1
epoch,4,42,42,42.0,-0.22169540272590196,-0.11455334935869489,0.9826530612244898,0.9928571428571429,0,42,-0.11455334935869489,0.001,filtered_r1
epoch,4,43,43,43.0,-0.21423064263582337,0.2917377549774793,0.9183673469387755,0.9877551020408163,1,42,-0.11455334935869489,0.001,filtered_r1
epoch,4,44,44,44.0,-0.21419259942340893,0.09302404413417895,0.95,0.9928571428571429,2,42,-0.11455334935869489,0.001,filtered_r1
epoch,4,45,45,45.0,-0.16075682493972604,3.5968624426394094,0.513265306122449,0.8959183673469387,3,42,-0.11455334935869489,0.001,filtered_r1
epoch,4,46,46,46.0,-0.0628160429011677,3.0191009404707927,0.7142857142857143,0.7387755102040816,4,42,-0.11455334935869489,0.001,filtered_r1
epoch,4,47,47,47.0,-0.12878256657423348,3.9279084575419523,0.4806122448979592,0.7846938775510204,5,42,-0.11455334935869489,0.001,filtered_r1
epoch,4,48,48,48.0,-0.16027609997860584,0.5769678874891632,0.8663265306122448,0.9877551020408163,6,42,-0.11455334935869489,0.001,filtered_r1
epoch,4,49,49,49.0,-0.2079826277924623,-0.03199269722919075,0.9693877551020408,0.9959183673469387,7,42,-0.11455334935869489,0.001,filtered_r1
epoch,4,50,50,50.0,-0.22316780625502197,0.010300182323066556,0.9622448979591837,0.9928571428571429,8,42,-0.11455334935869489,0.001,filtered_r1
epoch,4,51,51,51.0,-0.23402609137367564,-0.06307098038342535,0.976530612244898,0.9928571428571429,9,42,-0.11455334935869489,0.001,filtered_r1
epoch,4,52,52,52.0,-0.23477762315254888,-0.06350758513625787,0.9755102040816327,0.9938775510204082,10,42,-0.11455334935869489,0.001,filtered_r1
epoch,4,53,53,53.0,-0.2314249791181255,-0.09529741150992257,0.9857142857142858,0.9897959183673469,11,42,-0.11455334935869489,0.0005,filtered_r1
epoch,4,54,54,54.0,-0.2397687733579212,-0.07344179931952029,0.9755102040816327,0.9918367346938776,12,42,-0.11455334935869489,0.0005,filtered_r1
epoch,4,55,55,55.0,-0.24165999004638472,-0.11175266723243557,0.9806122448979592,0.9938775510204082,13,42,-0.11455334935869489,0.0005,filtered_r1
epoch,4,56,56,56.0,-0.24236571442469435,-0.12418685056725327,0.9816326530612245,0.9938775510204082,0,56,-0.12418685056725327,0.0005,filtered_r1
epoch,4,57,57,57.0,-0.24412222629344524,-0.11209483633236009,0.9816326530612245,0.9928571428571429,1,56,-0.12418685056725327,0.0005,filtered_r1
epoch,4,58,58,58.0,-0.2435366893918526,-0.12099456203227141,0.9826530612244898,0.9928571428571429,2,56,-0.12418685056725327,0.0005,filtered_r1
epoch,4,59,59,59.0,-0.24379480458691183,-0.1082748354697714,0.9806122448979592,0.9948979591836735,3,56,-0.12418685056725327,0.0005,filtered_r1
epoch,4,60,60,60.0,-0.2419013955676442,-0.06155284034962557,0.9755102040816327,0.9928571428571429,4,56,-0.12418685056725327,0.0005,filtered_r1
epoch,4,61,61,61.0,-0.24238639896802344,-0.08466546389521384,0.9795918367346939,0.9928571428571429,5,56,-0.12418685056725327,0.0005,filtered_r1
epoch,4,62,62,62.0,-0.24412416424255615,-0.05751015896699867,0.9724489795918367,0.9959183673469387,6,56,-0.12418685056725327,0.0005,filtered_r1
epoch,4,63,63,63.0,-0.24397132391827894,-0.1066075831043477,0.9816326530612245,0.9938775510204082,7,56,-0.12418685056725327,0.0005,filtered_r1
epoch,4,64,64,64.0,-0.24609205477139218,-0.11031714361541126,0.9836734693877551,0.9928571428571429,8,56,-0.12418685056725327,0.0005,filtered_r1
epoch,4,65,65,65.0,-0.24239759051794363,-0.09335223606654576,0.9755102040816327,0.9948979591836735,9,56,-0.12418685056725327,0.0005,filtered_r1
epoch,4,66,66,66.0,-0.24370330382735417,-0.062321478006791095,0.9734693877551021,0.9938775510204082,10,56,-0.12418685056725327,0.0005,filtered_r1
epoch,4,67,67,67.0,-0.2455549313163844,-0.08395290034157889,0.976530612244898,0.9959183673469387,11,56,-0.12418685056725327,0.00025,filtered_r1
epoch,4,68,68,68.0,-0.24613775256759082,-0.0656601467911078,0.9724489795918367,0.9928571428571429,12,56,-0.12418685056725327,0.00025,filtered_r1
epoch,4,69,69,69.0,-0.24719213094702647,-0.09709307368920773,0.976530612244898,0.9938775510204082,13,56,-0.12418685056725327,0.00025,filtered_r1
epoch,4,70,70,70.0,-0.2493502956003803,-0.12415964457453514,0.9816326530612245,0.9938775510204082,14,56,-0.12418685056725327,0.00025,filtered_r1
epoch,4,71,71,71.0,-0.24910087361965622,-0.1279454182605354,0.9826530612244898,0.9928571428571429,0,71,-0.1279454182605354,0.00025,filtered_r1
epoch,4,72,72,72.0,-0.24898800707058208,-0.11079817499433245,0.9816326530612245,0.9938775510204082,1,71,-0.1279454182605354,0.00025,filtered_r1
epoch,4,73,73,73.0,-0.24758254091035112,-0.12222935910127601,0.9816326530612245,0.9928571428571429,2,71,-0.1279454182605354,0.00025,filtered_r1
epoch,4,74,74,74.0,-0.24849856091909284,-0.09857364430719492,0.9775510204081632,0.9928571428571429,3,71,-0.1279454182605354,0.00025,filtered_r1
epoch,4,75,75,75.0,-0.2479666582140877,-0.10879362359338877,0.976530612244898,0.9938775510204082,4,71,-0.1279454182605354,0.00025,filtered_r1
epoch,4,76,76,76.0,-0.24925806757216556,-0.11309074236422169,0.9795918367346939,0.9928571428571429,5,71,-0.1279454182605354,0.00025,filtered_r1
epoch,4,77,77,77.0,-0.24806296968806402,-0.11850515628347591,0.9806122448979592,0.9928571428571429,6,71,-0.1279454182605354,0.00025,filtered_r1
epoch,4,78,78,78.0,-0.24728607923076523,-0.10693704595371169,0.976530612244898,0.9928571428571429,7,71,-0.1279454182605354,0.00025,filtered_r1
epoch,4,79,79,79.0,-0.24997062207999904,-0.10610498506195691,0.9806122448979592,0.9928571428571429,8,71,-0.1279454182605354,0.00025,filtered_r1
epoch,4,80,80,80.0,-0.24820981440195647,-0.09705446690929179,0.9734693877551021,0.9928571428571429,9,71,-0.1279454182605354,0.00025,filtered_r1
epoch,4,81,81,81.0,-0.2481574184289587,-0.11261388233729772,0.9795918367346939,0.9928571428571429,10,71,-0.1279454182605354,0.00025,filtered_r1
epoch,4,82,82,82.0,-0.24984486496453928,-0.09277505290751555,0.9806122448979592,0.9928571428571429,11,71,-0.1279454182605354,0.000125,filtered_r1
epoch,4,83,83,83.0,-0.25138561867931675,-0.12380486897059849,0.9795918367346939,0.9938775510204082,12,71,-0.1279454182605354,0.000125,filtered_r1
epoch,4,84,84,84.0,-0.2520488664284653,-0.12278135795982517,0.9826530612244898,0.9948979591836735,13,71,-0.1279454182605354,0.000125,filtered_r1
epoch,4,85,85,85.0,-0.25189576882748943,-0.12168446706265819,0.9806122448979592,0.9928571428571429,14,71,-0.1279454182605354,0.000125,filtered_r1
epoch,4,86,86,86.0,-0.2517687346628997,-0.12108641157344896,0.9816326530612245,0.9928571428571429,15,71,-0.1279454182605354,0.000125,filtered_r1
epoch,4,87,87,87.0,-0.25171011686325073,-0.1102227833806252,0.9806122448979592,0.9938775510204082,16,71,-0.1279454182605354,0.000125,filtered_r1
epoch,4,88,88,88.0,-0.2527732638894998,-0.12218679895206373,0.9816326530612245,0.9928571428571429,17,71,-0.1279454182605354,0.000125,filtered_r1
epoch,4,89,89,89.0,-0.25207549255109624,-0.11616460741782675,0.9785714285714285,0.9938775510204082,18,71,-0.1279454182605354,0.000125,filtered_r1
epoch,4,90,90,90.0,-0.25080576526864357,-0.0814947186684122,0.9775510204081632,0.9928571428571429,19,71,-0.1279454182605354,0.000125,filtered_r1
epoch,4,91,91,91.0,-0.2500191792757794,-0.11209574621550891,0.9795918367346939,0.9928571428571429,20,71,-0.1279454182605354,0.000125,filtered_r1
epoch,4,92,92,92.0,-0.25214864038306367,-0.105672253881182,0.9806122448979592,0.9928571428571429,21,71,-0.1279454182605354,0.000125,filtered_r1
epoch,4,93,93,93.0,-0.2516192495146503,-0.10732797457247364,0.9826530612244898,0.9938775510204082,22,71,-0.1279454182605354,6.25e-05,filtered_r1
epoch,4,94,94,94.0,-0.2525519992998931,-0.12751410640015895,0.9826530612244898,0.9928571428571429,23,71,-0.1279454182605354,6.25e-05,filtered_r1
epoch,4,95,95,95.0,-0.2529880166107884,-0.11868200837349405,0.9816326530612245,0.9928571428571429,24,71,-0.1279454182605354,6.25e-05,filtered_r1
epoch,4,96,96,96.0,-0.25303734504143,-0.12408086231776647,0.9836734693877551,0.9928571428571429,25,71,-0.1279454182605354,6.25e-05,filtered_r1
epoch,4,97,97,97.0,-0.25359901586988004,-0.12329834042763224,0.9806122448979592,0.9928571428571429,26,71,-0.1279454182605354,6.25e-05,filtered_r1
epoch,4,98,98,98.0,-0.25311062544841306,-0.1213127428171586,0.9846938775510204,0.9928571428571429,27,71,-0.1279454182605354,6.25e-05,filtered_r1
epoch,4,99,99,99.0,-0.25302028380033376,-0.1266938676639479,0.9836734693877551,0.9928571428571429,28,71,-0.1279454182605354,6.25e-05,filtered_r1
epoch,4,100,100,100.0,-0.2527156287412778,-0.12124345935120874,0.9816326530612245,0.9928571428571429,29,71,-0.1279454182605354,6.25e-05,filtered_r1
epoch,4,101,101,101.0,-0.2529145151552589,-0.12232952507174745,0.9826530612244898,0.9928571428571429,30,71,-0.1279454182605354,6.25e-05,filtered_r1
epoch,5,1,1,1.0,1.678473554899949,2.0477064210541394,0.42551020408163265,0.6755102040816326,0,1,2.0477064210541394,0.001,filtered_r1
epoch,5,2,2,2.0,1.057474910752967,1.238453349288629,0.7714285714285715,0.9418367346938775,0,2,1.238453349288629,0.001,filtered_r1
epoch,5,3,3,3.0,0.8507671037750573,1.0688457279789205,0.8285714285714286,0.9530612244897959,0,3,1.0688457279789205,0.001,filtered_r1
epoch,5,4,4,4.0,0.7327728632413091,0.9878967010245031,0.886734693877551,0.9295918367346939,0,4,0.9878967010245031,0.001,filtered_r1
epoch,5,5,5,5.0,0.6530525282302663,1.5248489769137636,0.6091836734693877,0.9020408163265307,1,4,0.9878967010245031,0.001,filtered_r1
epoch,5,6,6,6.0,0.5604865500941041,1.7503554241997854,0.5377551020408163,0.9061224489795918,2,4,0.9878967010245031,0.001,filtered_r1
epoch,5,7,7,7.0,0.5306190291264898,1.4258186033793858,0.7959183673469388,0.7224489795918367,3,4,0.9878967010245031,0.001,filtered_r1
epoch,5,8,8,8.0,0.46040311328562833,0.9623791816283246,0.7979591836734694,0.9387755102040817,0,8,0.9623791816283246,0.001,filtered_r1
epoch,5,9,9,9.0,0.3998787235629272,0.9054572229482689,0.7979591836734694,0.9459183673469388,0,9,0.9054572229482689,0.001,filtered_r1
epoch,5,10,10,10.0,0.35104523702637475,0.5680297729920368,0.9132653061224489,0.9836734693877551,0,10,0.5680297729920368,0.001,filtered_r1
epoch,5,11,11,11.0,0.2944045038559845,1.3429308054398517,0.7040816326530612,0.926530612244898,1,10,0.5680297729920368,0.001,filtered_r1
epoch,5,12,12,12.0,0.262172926097256,0.66818466332494,0.8683673469387755,0.9775510204081632,2,10,0.5680297729920368,0.001,filtered_r1
epoch,5,13,13,13.0,0.2686958525514148,1.1238640259723274,0.676530612244898,0.9683673469387755,3,10,0.5680297729920368,0.001,filtered_r1
epoch,5,14,14,14.0,0.20961241758903265,0.5103194154038722,0.9010204081632653,0.9846938775510204,0,14,0.5103194154038722,0.001,filtered_r1
epoch,5,15,15,15.0,0.15108328089084183,0.725564034617677,0.8724489795918368,0.8969387755102041,1,14,0.5103194154038722,0.001,filtered_r1
epoch,5,16,16,16.0,0.10789923036417742,1.0928474309493084,0.8061224489795918,0.9193877551020408,2,14,0.5103194154038722,0.001,filtered_r1
epoch,5,17,17,17.0,0.08912386339034375,0.5198727481219233,0.9224489795918367,0.9377551020408164,3,14,0.5103194154038722,0.001,filtered_r1
epoch,5,18,18,18.0,0.08399840679376493,0.9859595396080796,0.9132653061224489,0.746938775510204,4,14,0.5103194154038722,0.001,filtered_r1
epoch,5,19,19,19.0,0.037199704283429884,2.2870748792375837,0.5051020408163265,0.9785714285714285,5,14,0.5103194154038722,0.001,filtered_r1
epoch,5,20,20,20.0,0.05709809048631437,0.6369149383233518,0.8153061224489796,0.9826530612244898,6,14,0.5103194154038722,0.001,filtered_r1
epoch,5,21,21,21.0,0.03506681619316028,1.0518758657027265,0.7571428571428571,0.9897959183673469,7,14,0.5103194154038722,0.001,filtered_r1
epoch,5,22,22,22.0,-0.0050502576397269405,0.5027906831429929,0.8673469387755102,0.9775510204081632,0,22,0.5027906831429929,0.001,filtered_r1
epoch,5,23,23,23.0,-0.03253226920360335,1.9855388738671127,0.5959183673469388,0.9857142857142858,1,22,0.5027906831429929,0.001,filtered_r1
epoch,5,24,24,24.0,-0.05151252033923682,0.2368468849026427,0.939795918367347,0.9897959183673469,0,24,0.2368468849026427,0.001,filtered_r1
epoch,5,25,25,25.0,-0.07407437239892364,0.5790253159951191,0.8346938775510204,0.9918367346938776,1,24,0.2368468849026427,0.001,filtered_r1
epoch,5,26,26,26.0,-0.09663449440876895,0.5886422607363487,0.8683673469387755,0.9479591836734694,2,24,0.2368468849026427,0.001,filtered_r1
epoch,5,27,27,27.0,-0.10464207426937829,0.4385012865066528,0.8918367346938776,0.9775510204081632,3,24,0.2368468849026427,0.001,filtered_r1
epoch,5,28,28,28.0,-0.12739571900569036,0.13151747839791433,0.9479591836734694,0.9938775510204082,0,28,0.13151747839791433,0.001,filtered_r1
epoch,5,29,29,29.0,-0.13761918470635504,0.9180682012013026,0.7418367346938776,0.9897959183673469,1,28,0.13151747839791433,0.001,filtered_r1
epoch,5,30,30,30.0,-0.12704462987208875,1.3667483485474878,0.7673469387755102,0.9897959183673469,2,28,0.13151747839791433,0.001,filtered_r1
epoch,5,31,31,31.0,0.007374863028255745,3.8695666439679206,0.5642857142857143,0.6622448979591836,3,28,0.13151747839791433,0.001,filtered_r1
epoch,5,32,32,32.0,-0.057315645464647375,0.6100321202862019,0.8469387755102041,0.9857142857142858,4,28,0.13151747839791433,0.001,filtered_r1
epoch,5,33,33,33.0,-0.11592743356715968,0.6095803148892461,0.8520408163265306,0.9510204081632653,5,28,0.13151747839791433,0.001,filtered_r1
epoch,5,34,34,34.0,-0.1614932653257861,0.021546282087053573,0.9612244897959183,0.9959183673469387,0,34,0.021546282087053573,0.001,filtered_r1
epoch,5,35,35,35.0,-0.18668102330637693,0.13866466551410908,0.9612244897959183,0.9714285714285714,1,34,0.021546282087053573,0.001,filtered_r1
epoch,5,36,36,36.0,-0.19800615673221028,-0.00923912476520149,0.9755102040816327,0.9928571428571429,0,36,-0.00923912476520149,0.001,filtered_r1
epoch,5,37,37,37.0,-0.20533812817150607,0.07598203298996906,0.9551020408163265,0.9938775510204082,1,36,-0.00923912476520149,0.001,filtered_r1
epoch,5,38,38,38.0,-0.21355701810492206,-0.010247600808435557,0.9693877551020408,0.9918367346938776,0,38,-0.010247600808435557,0.001,filtered_r1
epoch,5,39,39,39.0,-0.2169543798273929,0.27258704779099446,0.9244897959183673,0.9806122448979592,1,38,-0.010247600808435557,0.001,filtered_r1
epoch,5,40,40,40.0,-0.212679119960752,0.08078842795625026,0.9540816326530612,0.986734693877551,2,38,-0.010247600808435557,0.001,filtered_r1
epoch,5,41,41,41.0,-0.20271287446556663,2.740035121294917,0.6704081632653062,0.7438775510204082,3,38,-0.010247600808435557,0.001,filtered_r1
epoch,5,42,42,42.0,-0.06434302696898153,1.641791459005706,0.7255102040816327,0.8887755102040816,4,38,-0.010247600808435557,0.001,filtered_r1
epoch,5,43,43,43.0,0.0009168824227463371,0.9143885943354393,0.9061224489795918,0.9010204081632653,5,38,-0.010247600808435557,0.001,filtered_r1
epoch,5,44,44,44.0,-0.14086943748481048,0.4091096629901808,0.8816326530612245,0.9887755102040816,6,38,-0.010247600808435557,0.001,filtered_r1
epoch,5,45,45,45.0,-0.19799235134410467,-0.0537494284766061,0.9775510204081632,0.9948979591836735,0,45,-0.0537494284766061,0.001,filtered_r1
epoch,5,46,46,46.0,-0.22282900687948012,-0.07958545830785012,0.9795918367346939,0.9948979591836735,0,46,-0.07958545830785012,0.001,filtered_r1
epoch,5,47,47,47.0,-0.2281483044096193,0.05384290948206065,0.9520408163265306,0.9928571428571429,1,46,-0.07958545830785012,0.001,filtered_r1
epoch,5,48,48,48.0,-0.22864670962893416,-0.056144737224189604,0.976530612244898,0.9928571428571429,2,46,-0.07958545830785012,0.001,filtered_r1
epoch,5,49,49,49.0,-0.2318660260274959,-0.09185584759225651,0.9795918367346939,0.9928571428571429,0,49,-0.09185584759225651,0.001,filtered_r1
epoch,5,50,50,50.0,-0.23310290484660007,-0.06082597995290951,0.976530612244898,0.9938775510204082,1,49,-0.09185584759225651,0.001,filtered_r1
epoch,5,51,51,51.0,-0.23638960890914978,-0.06966469823097696,0.9816326530612245,0.9948979591836735,2,49,-0.09185584759225651,0.001,filtered_r1
epoch,5,52,52,52.0,-0.23506482086882935,-0.03175950682893091,0.9673469387755103,0.9959183673469387,3,49,-0.09185584759225651,0.001,filtered_r1
epoch,5,53,53,53.0,-0.22097077701939163,0.31220813624712884,0.9091836734693878,0.9857142857142858,4,49,-0.09185584759225651,0.001,filtered_r1
epoch,5,54,54,54.0,-0.202213543277408,0.6110393806379668,0.8816326530612245,0.976530612244898,5,49,-0.09185584759225651,0.001,filtered_r1
epoch,5,55,55,55.0,-0.1764644242610057,1.1235382897513253,0.8153061224489796,0.9255102040816326,6,49,-0.09185584759225651,0.001,filtered_r1
epoch,5,56,56,56.0,-0.0695408927923541,1.513203044326938,0.7510204081632653,0.9663265306122449,7,49,-0.09185584759225651,0.001,filtered_r1
epoch,5,57,57,57.0,-0.12965705396909363,0.424993177822658,0.9193877551020408,0.9612244897959183,8,49,-0.09185584759225651,0.001,filtered_r1
epoch,5,58,58,58.0,-0.19838686756150484,0.14194028620817223,0.9336734693877551,0.9918367346938776,9,49,-0.09185584759225651,0.001,filtered_r1
epoch,5,59,59,59.0,-0.22888779453510488,-0.06371128851053666,0.9775510204081632,0.9948979591836735,10,49,-0.09185584759225651,0.001,filtered_r1
epoch,5,60,60,60.0,-0.23629026122381078,-0.10076589730321145,0.9806122448979592,0.9938775510204082,0,60,-0.10076589730321145,0.001,filtered_r1
epoch,5,61,61,61.0,-0.2399327204923331,-0.0920420014128393,0.9795918367346939,0.9948979591836735,1,60,-0.10076589730321145,0.001,filtered_r1
epoch,5,62,62,62.0,-0.24052920687268986,-0.11709301082455383,0.9795918367346939,0.9948979591836735,0,62,-0.11709301082455383,0.001,filtered_r1
epoch,5,63,63,63.0,-0.24133911362248445,-0.10338142648035166,0.9795918367346939,0.9948979591836735,1,62,-0.11709301082455383,0.001,filtered_r1
epoch,5,64,64,64.0,-0.2419372256430939,0.09133337906428746,0.9581632653061225,0.9928571428571429,2,62,-0.11709301082455383,0.001,filtered_r1
epoch,5,65,65,65.0,-0.24011136984424702,-0.0514275852514773,0.9836734693877551,0.9918367346938776,3,62,-0.11709301082455383,0.001,filtered_r1
epoch,5,66,66,66.0,-0.21219366661700345,1.7630690010226502,0.7377551020408163,0.9183673469387755,4,62,-0.11709301082455383,0.001,filtered_r1
epoch,5,67,67,67.0,-0.03912937430106019,1.7802406963036985,0.7540816326530613,0.9704081632653061,5,62,-0.11709301082455383,0.001,filtered_r1
epoch,5,68,68,68.0,-0.14111053494502349,0.8001557992429149,0.8438775510204082,0.976530612244898,6,62,-0.11709301082455383,0.001,filtered_r1
epoch,5,69,69,69.0,-0.21562900653601882,0.031050605190043545,0.9561224489795919,0.9938775510204082,7,62,-0.11709301082455383,0.001,filtered_r1
epoch,5,70,70,70.0,-0.2354926769158757,-0.07291749545506068,0.9755102040816327,0.9938775510204082,8,62,-0.11709301082455383,0.001,filtered_r1
epoch,5,71,71,71.0,-0.2378524888714389,-0.10549555457368189,0.9816326530612245,0.9938775510204082,9,62,-0.11709301082455383,0.001,filtered_r1
epoch,5,72,72,72.0,-0.23968793998996182,-0.08538037660170575,0.9785714285714285,0.9948979591836735,10,62,-0.11709301082455383,0.001,filtered_r1
epoch,5,73,73,73.0,-0.24260646813683115,-0.0916407838159678,0.976530612244898,0.9928571428571429,11,62,-0.11709301082455383,0.0005,filtered_r1
epoch,5,74,74,74.0,-0.24533356740374052,-0.12063226505201691,0.9806122448979592,0.9948979591836735,0,74,-0.12063226505201691,0.0005,filtered_r1
epoch,5,75,75,75.0,-0.24658644886596928,-0.11555236505002392,0.9836734693877551,0.9948979591836735,1,74,-0.12063226505201691,0.0005,filtered_r1
epoch,5,76,76,76.0,-0.247405734297042,-0.10391175357662902,0.9755102040816327,0.9948979591836735,2,74,-0.12063226505201691,0.0005,filtered_r1
epoch,5,77,77,77.0,-0.24631492473621341,-0.10706998182802784,0.9816326530612245,0.9948979591836735,3,74,-0.12063226505201691,0.0005,filtered_r1
epoch,5,78,78,78.0,-0.24730445147642913,-0.09498717444283622,0.9775510204081632,0.9948979591836735,4,74,-0.12063226505201691,0.0005,filtered_r1
epoch,5,79,79,79.0,-0.2471208739865113,-0.115252279748722,0.9826530612244898,0.9948979591836735,5,74,-0.12063226505201691,0.0005,filtered_r1
epoch,5,80,80,80.0,-0.24882178895320883,-0.11820911436664815,0.9806122448979592,0.9948979591836735,6,74,-0.12063226505201691,0.0005,filtered_r1
epoch,5,81,81,81.0,-0.24888317007613733,-0.09231260990609928,0.9785714285714285,0.9938775510204082,7,74,-0.12063226505201691,0.0005,filtered_r1
epoch,5,82,82,82.0,-0.24866996190789284,-0.09883073008790308,0.9785714285714285,0.9948979591836735,8,74,-0.12063226505201691,0.0005,filtered_r1
epoch,5,83,83,83.0,-0.24719483961693223,-0.12254723821367536,0.9795918367346939,0.9948979591836735,0,83,-0.12254723821367536,0.0005,filtered_r1
epoch,5,84,84,84.0,-0.24849165844148904,-0.10818881161358891,0.9775510204081632,0.9948979591836735,1,83,-0.12254723821367536,0.0005,filtered_r1
epoch,5,85,85,85.0,-0.24857837421700352,-0.11167157912740902,0.9795918367346939,0.9948979591836735,2,83,-0.12254723821367536,0.0005,filtered_r1
epoch,5,86,86,86.0,-0.2475299643106586,-0.09901589033555011,0.9795918367346939,0.9948979591836735,3,83,-0.12254723821367536,0.0005,filtered_r1
epoch,5,87,87,87.0,-0.246116180393948,-0.10469006762212636,0.9795918367346939,0.9948979591836735,4,83,-0.12254723821367536,0.0005,filtered_r1
epoch,5,88,88,88.0,-0.2475033389726553,-0.08693027788279008,0.9806122448979592,0.9938775510204082,5,83,-0.12254723821367536,0.0005,filtered_r1
epoch,5,89,89,89.0,-0.24978111962324048,-0.07947783275526397,0.976530612244898,0.9948979591836735,6,83,-0.12254723821367536,0.0005,filtered_r1
epoch,5,90,90,90.0,-0.24661660841038374,-0.09365229266030448,0.9795918367346939,0.9948979591836735,7,83,-0.12254723821367536,0.0005,filtered_r1
epoch,5,91,91,91.0,-0.24822631468839987,-0.09652136539926334,0.9806122448979592,0.9948979591836735,8,83,-0.12254723821367536,0.0005,filtered_r1
epoch,5,92,92,92.0,-0.2490514342047873,-0.0973919610587918,0.9775510204081632,0.9948979591836735,9,83,-0.12254723821367536,0.0005,filtered_r1
epoch,5,93,93,93.0,-0.24886348882805906,-0.08887846956447679,0.9744897959183674,0.9948979591836735,10,83,-0.12254723821367536,0.0005,filtered_r1
epoch,5,94,94,94.0,-0.24642339539538716,-0.12163384885204082,0.9806122448979592,0.9948979591836735,11,83,-0.12254723821367536,0.00025,filtered_r1
epoch,5,95,95,95.0,-0.25174757958648963,-0.11487519011205556,0.9816326530612245,0.9948979591836735,12,83,-0.12254723821367536,0.00025,filtered_r1
epoch,5,96,96,96.0,-0.2529649031037804,-0.11288055643743398,0.9806122448979592,0.9948979591836735,13,83,-0.12254723821367536,0.00025,filtered_r1
epoch,5,97,97,97.0,-0.25304473831715285,-0.12179584843771799,0.9816326530612245,0.9948979591836735,14,83,-0.12254723821367536,0.00025,filtered_r1
epoch,5,98,98,98.0,-0.25242123488020585,-0.11735798290797643,0.9816326530612245,0.9948979591836735,15,83,-0.12254723821367536,0.00025,filtered_r1
epoch,5,99,99,99.0,-0.25297679849175286,-0.11853955132620675,0.9846938775510204,0.9938775510204082,16,83,-0.12254723821367536,0.00025,filtered_r1
epoch,5,100,100,100.0,-0.25271974606130865,-0.10391260604469144,0.9816326530612245,0.9948979591836735,17,83,-0.12254723821367536,0.00025,filtered_r1
epoch,5,101,101,101.0,-0.2518581701472192,-0.09630840408558748,0.9785714285714285,0.9948979591836735,18,83,-0.12254723821367536,0.00025,filtered_r1
epoch,5,102,102,102.0,-0.2519434595508463,-0.10641262774564782,0.9806122448979592,0.9938775510204082,19,83,-0.12254723821367536,0.00025,filtered_r1
epoch,5,103,103,103.0,-0.25174733775883873,-0.10255544039667869,0.9775510204081632,0.9948979591836735,20,83,-0.12254723821367536,0.00025,filtered_r1
epoch,5,104,104,104.0,-0.25198028282961193,-0.10352981820398448,0.9806122448979592,0.9948979591836735,21,83,-0.12254723821367536,0.00025,filtered_r1
epoch,5,105,105,105.0,-0.2511591271438547,-0.11442264732049436,0.9826530612244898,0.9948979591836735,22,83,-0.12254723821367536,0.000125,filtered_r1
epoch,5,106,106,106.0,-0.25364794803650553,-0.12494862079620361,0.9836734693877551,0.9948979591836735,0,106,-0.12494862079620361,0.000125,filtered_r1
epoch,5,107,107,107.0,-0.2543254516582515,-0.13074613590629733,0.9816326530612245,0.9948979591836735,0,107,-0.13074613590629733,0.000125,filtered_r1
epoch,5,108,108,108.0,-0.2540876652455254,-0.12433897329836475,0.9826530612244898,0.9948979591836735,1,107,-0.13074613590629733,0.000125,filtered_r1
epoch,5,109,109,109.0,-0.2535961696466315,-0.11313133288402946,0.9806122448979592,0.9948979591836735,2,107,-0.13074613590629733,0.000125,filtered_r1
epoch,5,110,110,110.0,-0.2541569725416273,-0.12704284872327531,0.9806122448979592,0.9948979591836735,3,107,-0.13074613590629733,0.000125,filtered_r1
epoch,5,111,111,111.0,-0.25459352913521877,-0.11250661879169697,0.9816326530612245,0.9938775510204082,4,107,-0.13074613590629733,0.000125,filtered_r1
epoch,5,112,112,112.0,-0.25377732953644316,-0.12139135818092191,0.9826530612244898,0.9948979591836735,5,107,-0.13074613590629733,0.000125,filtered_r1
epoch,5,113,113,113.0,-0.2545814435426831,-0.1063868809719475,0.9795918367346939,0.9948979591836735,6,107,-0.13074613590629733,0.000125,filtered_r1
epoch,5,114,114,114.0,-0.25325310719971,-0.12644860209250935,0.9826530612244898,0.9948979591836735,7,107,-0.13074613590629733,0.000125,filtered_r1
epoch,5,115,115,115.0,-0.25404751685008753,-0.12556063155738675,0.9846938775510204,0.9959183673469387,8,107,-0.13074613590629733,0.000125,filtered_r1
epoch,5,116,116,116.0,-0.2532739733437544,-0.11840400793114488,0.9836734693877551,0.9948979591836735,9,107,-0.13074613590629733,0.000125,filtered_r1
epoch,5,117,117,117.0,-0.25380096644420164,-0.09769958963199538,0.9806122448979592,0.9948979591836735,10,107,-0.13074613590629733,0.000125,filtered_r1
epoch,5,118,118,118.0,-0.2526927360122549,-0.11836761357832928,0.9826530612244898,0.9948979591836735,11,107,-0.13074613590629733,6.25e-05,filtered_r1
epoch,5,119,119,119.0,-0.25429064230219756,-0.1203301663301429,0.9836734693877551,0.9948979591836735,12,107,-0.13074613590629733,6.25e-05,filtered_r1
epoch,5,120,120,120.0,-0.2548789475053968,-0.12016077430880799,0.9806122448979592,0.9948979591836735,13,107,-0.13074613590629733,6.25e-05,filtered_r1
epoch,5,121,121,121.0,-0.2545362407383029,-0.12485886544597392,0.9836734693877551,0.9948979591836735,14,107,-0.13074613590629733,6.25e-05,filtered_r1
epoch,5,122,122,122.0,-0.2552933429946588,-0.11843589130713016,0.9836734693877551,0.9948979591836735,15,107,-0.13074613590629733,6.25e-05,filtered_r1
epoch,5,123,123,123.0,-0.2552380575627237,-0.12442681546113929,0.9857142857142858,0.9948979591836735,16,107,-0.13074613590629733,6.25e-05,filtered_r1
epoch,5,124,124,124.0,-0.25484889128832616,-0.12028829321569326,0.9826530612244898,0.9948979591836735,17,107,-0.13074613590629733,6.25e-05,filtered_r1
epoch,5,125,125,125.0,-0.2548482303612891,-0.12018386003922443,0.9836734693877551,0.9948979591836735,18,107,-0.13074613590629733,6.25e-05,filtered_r1
epoch,5,126,126,126.0,-0.25474861969040896,-0.11522826029329884,0.9826530612244898,0.9948979591836735,19,107,-0.13074613590629733,6.25e-05,filtered_r1
epoch,5,127,127,127.0,-0.25452035235319687,-0.12742557476977912,0.9826530612244898,0.9948979591836735,20,107,-0.13074613590629733,6.25e-05,filtered_r1
epoch,5,128,128,128.0,-0.25539039889087584,-0.12068727405703798,0.9826530612244898,0.9948979591836735,21,107,-0.13074613590629733,6.25e-05,filtered_r1
epoch,5,129,129,129.0,-0.25506191780174314,-0.12243630642793617,0.9806122448979592,0.9948979591836735,22,107,-0.13074613590629733,3.125e-05,filtered_r1
epoch,5,130,130,130.0,-0.25484371996986505,-0.1171824683948439,0.9836734693877551,0.9948979591836735,23,107,-0.13074613590629733,3.125e-05,filtered_r1
epoch,5,131,131,131.0,-0.2555106076607637,-0.1219771686865359,0.9836734693877551,0.9948979591836735,24,107,-0.13074613590629733,3.125e-05,filtered_r1
epoch,5,132,132,132.0,-0.25503550902096944,-0.1199603761945452,0.9826530612244898,0.9938775510204082,25,107,-0.13074613590629733,3.125e-05,filtered_r1
epoch,5,133,133,133.0,-0.255003924268081,-0.12778878017347686,0.9836734693877551,0.9948979591836735,26,107,-0.13074613590629733,3.125e-05,filtered_r1
epoch,5,134,134,134.0,-0.25549733078701625,-0.11959862903672822,0.9826530612244898,0.9948979591836735,27,107,-0.13074613590629733,3.125e-05,filtered_r1
epoch,5,135,135,135.0,-0.2554807908633488,-0.12262644135222144,0.9826530612244898,0.9948979591836735,28,107,-0.13074613590629733,3.125e-05,filtered_r1
epoch,5,136,136,136.0,-0.25552347842206535,-0.11552550987321503,0.9816326530612245,0.9948979591836735,29,107,-0.13074613590629733,3.125e-05,filtered_r1
epoch,5,137,137,137.0,-0.2554893746627118,-0.12133671020974918,0.9836734693877551,0.9948979591836735,30,107,-0.13074613590629733,3.125e-05,filtered_r1
epoch,6,1,1,1.0,1.7177990729084784,2.1279075476588036,0.47959183673469385,0.7714285714285715,0,1,2.1279075476588036,0.001,filtered_r1
epoch,6,2,2,2.0,1.0881535069162176,1.545145306295278,0.6744897959183673,0.7765306122448979,0,2,1.545145306295278,0.001,filtered_r1
epoch,6,3,3,3.0,0.9048786013709703,1.057746240070888,0.8540816326530613,0.9479591836734694,0,3,1.057746240070888,0.001,filtered_r1
epoch,6,4,4,4.0,0.7666605598429794,0.889521410270613,0.8367346938775511,0.9653061224489796,0,4,0.889521410270613,0.001,filtered_r1
epoch,6,5,5,5.0,0.6819665133276691,1.2502950181766432,0.7887755102040817,0.8306122448979592,1,4,0.889521410270613,0.001,filtered_r1
epoch,6,6,6,6.0,0.5953585074481453,0.6876809811105533,0.9081632653061225,0.9826530612244898,0,6,0.6876809811105533,0.001,filtered_r1
epoch,6,7,7,7.0,0.5529565415326109,2.3203382550453653,0.5836734693877551,0.9357142857142857,1,6,0.6876809811105533,0.001,filtered_r1
epoch,6,8,8,8.0,0.4621491736165513,1.5677076393244218,0.5816326530612245,0.9387755102040817,2,6,0.6876809811105533,0.001,filtered_r1
epoch,6,9,9,9.0,0.4137666371671709,0.8146748114605339,0.8387755102040816,0.9816326530612245,3,6,0.6876809811105533,0.001,filtered_r1
epoch,6,10,10,10.0,0.39336473189372123,0.9659521976295783,0.7765306122448979,0.9714285714285714,4,6,0.6876809811105533,0.001,filtered_r1
epoch,6,11,11,11.0,0.31806491102297846,0.8294224641761001,0.8397959183673469,0.9653061224489796,5,6,0.6876809811105533,0.001,filtered_r1
epoch,6,12,12,12.0,0.27267827220088614,0.378297050510134,0.9540816326530612,0.9693877551020408,0,12,0.378297050510134,0.001,filtered_r1
epoch,6,13,13,13.0,0.22056697992860758,2.105576250504474,0.6836734693877551,0.7428571428571429,1,12,0.378297050510134,0.001,filtered_r1
epoch,6,14,14,14.0,0.20509825390520497,2.3228914173281923,0.5204081632653061,0.9714285714285714,2,12,0.378297050510134,0.001,filtered_r1
epoch,6,15,15,15.0,0.1961035497665838,0.8348350325409247,0.8316326530612245,0.9744897959183674,3,12,0.378297050510134,0.001,filtered_r1
epoch,6,16,16,16.0,0.1511071693935126,1.0220896983633236,0.75,0.9540816326530612,4,12,0.378297050510134,0.001,filtered_r1
epoch,6,17,17,17.0,0.11566847979454252,0.44522998430291,0.8938775510204081,0.9887755102040816,5,12,0.378297050510134,0.001,filtered_r1
epoch,6,18,18,18.0,0.07837339084471998,1.4122687193812156,0.6551020408163265,0.9918367346938776,6,12,0.378297050510134,0.001,filtered_r1
epoch,6,19,19,19.0,0.07983741444238358,1.190483217823262,0.6887755102040817,0.9836734693877551,7,12,0.378297050510134,0.001,filtered_r1
epoch,6,20,20,20.0,0.03947036868596261,0.43124834445058086,0.9142857142857143,0.9806122448979592,8,12,0.378297050510134,0.001,filtered_r1
epoch,6,21,21,21.0,0.008220048070873827,0.8568162409626707,0.7540816326530613,0.9734693877551021,9,12,0.378297050510134,0.001,filtered_r1
epoch,6,22,22,22.0,-0.019756806881602005,0.9077244600471185,0.7408163265306122,0.9897959183673469,10,12,0.378297050510134,0.001,filtered_r1
epoch,6,23,23,23.0,-0.031149950722267127,0.6444972517539044,0.8040816326530612,0.976530612244898,11,12,0.378297050510134,0.0005,filtered_r1
epoch,6,24,24,24.0,-0.07062576201846262,0.18709763969693866,0.9581632653061225,0.9724489795918367,0,24,0.18709763969693866,0.0005,filtered_r1
epoch,6,25,25,25.0,-0.09939754423205549,0.0053489346893466246,0.976530612244898,0.9908163265306122,0,25,0.0053489346893466246,0.0005,filtered_r1
epoch,6,26,26,26.0,-0.1139636624687323,-0.018554238883816465,0.9826530612244898,0.9938775510204082,0,26,-0.018554238883816465,0.0005,filtered_r1
epoch,6,27,27,27.0,-0.12615814070457013,-0.02310205333086909,0.9857142857142858,0.9928571428571429,0,27,-0.02310205333086909,0.0005,filtered_r1
epoch,6,28,28,28.0,-0.13167904305880143,-0.008448656724423778,0.9755102040816327,0.9938775510204082,1,27,-0.02310205333086909,0.0005,filtered_r1
epoch,6,29,29,29.0,-0.13990285049716397,-0.029580655146618277,0.9826530612244898,0.9928571428571429,0,29,-0.029580655146618277,0.0005,filtered_r1
epoch,6,30,30,30.0,-0.14469071720818524,0.06944905422171768,0.9591836734693877,0.9928571428571429,1,29,-0.029580655146618277,0.0005,filtered_r1
epoch,6,31,31,31.0,-0.14825709181052688,0.002228028676947769,0.9724489795918367,0.9908163265306122,2,29,-0.029580655146618277,0.0005,filtered_r1
epoch,6,32,32,32.0,-0.16011409937009669,0.01358272664400996,0.9734693877551021,0.9938775510204082,3,29,-0.029580655146618277,0.0005,filtered_r1
epoch,6,33,33,33.0,-0.16565403129856424,-0.012723491873059954,0.9724489795918367,0.9908163265306122,4,29,-0.029580655146618277,0.0005,filtered_r1
epoch,6,34,34,34.0,-0.16555702932520558,0.1109896107595794,0.9561224489795919,0.9846938775510204,5,29,-0.029580655146618277,0.0005,filtered_r1
epoch,6,35,35,35.0,-0.14988408246150733,0.18622534056099094,0.9408163265306122,0.9928571428571429,6,29,-0.029580655146618277,0.0005,filtered_r1
epoch,6,36,36,36.0,-0.10772475111879547,0.9706938130514963,0.9030612244897959,0.8795918367346939,7,29,-0.029580655146618277,0.0005,filtered_r1
epoch,6,37,37,37.0,-0.11446769836540932,0.1420248231109308,0.9448979591836735,0.9836734693877551,8,29,-0.029580655146618277,0.0005,filtered_r1
epoch,6,38,38,38.0,-0.16197773163501533,0.059465162608088276,0.963265306122449,0.9918367346938776,9,29,-0.029580655146618277,0.0005,filtered_r1
epoch,6,39,39,39.0,-0.17616807067064172,0.397754129828239,0.9336734693877551,0.9530612244897959,10,29,-0.029580655146618277,0.0005,filtered_r1
epoch,6,40,40,40.0,-0.19332869189249835,0.018115996827884596,0.9591836734693877,0.9918367346938776,11,29,-0.029580655146618277,0.00025,filtered_r1
epoch,6,41,41,41.0,-0.19998438654300899,-0.09364651368588818,0.9836734693877551,0.9948979591836735,0,41,-0.09364651368588818,0.00025,filtered_r1
epoch,6,42,42,42.0,-0.20435686897160082,-0.09243791054706184,0.9806122448979592,0.9948979591836735,1,41,-0.09364651368588818,0.00025,filtered_r1
epoch,6,43,43,43.0,-0.207594474391184,-0.0909522355819235,0.9826530612244898,0.9938775510204082,2,41,-0.09364651368588818,0.00025,filtered_r1
epoch,6,44,44,44.0,-0.20943402413395498,-0.09681818655558995,0.9857142857142858,0.9948979591836735,0,44,-0.09681818655558995,0.00025,filtered_r1
epoch,6,45,45,45.0,-0.2110273806387546,-0.09383020230701991,0.9836734693877551,0.9948979591836735,1,44,-0.09681818655558995,0.00025,filtered_r1
epoch,6,46,46,46.0,-0.21300671423125472,-0.07221164679040715,0.9816326530612245,0.9948979591836735,2,44,-0.09681818655558995,0.00025,filtered_r1
epoch,6,47,47,47.0,-0.21401721195800164,-0.10635490490465747,0.9846938775510204,0.9948979591836735,0,47,-0.10635490490465747,0.00025,filtered_r1
epoch,6,48,48,48.0,-0.21526883195542879,-0.06894027724557994,0.9734693877551021,0.9948979591836735,1,47,-0.10635490490465747,0.00025,filtered_r1
epoch,6,49,49,49.0,-0.21784478244703573,-0.08925247508652356,0.9795918367346939,0.9948979591836735,2,47,-0.10635490490465747,0.00025,filtered_r1
epoch,6,50,50,50.0,-0.21913533277312464,-0.07776529691657241,0.9816326530612245,0.9887755102040816,3,47,-0.10635490490465747,0.00025,filtered_r1
epoch,6,51,51,51.0,-0.22059369438948873,-0.08420909156604689,0.9846938775510204,0.9918367346938776,4,47,-0.10635490490465747,0.00025,filtered_r1
epoch,6,52,52,52.0,-0.2225397952134318,-0.10721423942215588,0.986734693877551,0.9928571428571429,0,52,-0.10721423942215588,0.00025,filtered_r1
epoch,6,53,53,53.0,-0.2238629226299291,-0.06168917052599848,0.9795918367346939,0.9918367346938776,1,52,-0.10721423942215588,0.00025,filtered_r1
epoch,6,54,54,54.0,-0.22349392664308068,-0.06339312718839062,0.986734693877551,0.9887755102040816,2,52,-0.10721423942215588,0.00025,filtered_r1
epoch,6,55,55,55.0,-0.22412813367272202,-0.07954033807832367,0.9857142857142858,0.9928571428571429,3,52,-0.10721423942215588,0.00025,filtered_r1
epoch,6,56,56,56.0,-0.22479092898933767,0.03663092146114427,0.9714285714285714,0.9836734693877551,4,52,-0.10721423942215588,0.00025,filtered_r1
epoch,6,57,57,57.0,-0.22419853341400867,-0.08692352577131622,0.9836734693877551,0.9918367346938776,5,52,-0.10721423942215588,0.00025,filtered_r1
epoch,6,58,58,58.0,-0.22562060191638894,-0.05892088851150201,0.9877551020408163,0.9877551020408163,6,52,-0.10721423942215588,0.00025,filtered_r1
epoch,6,59,59,59.0,-0.22687539078136276,-0.070201098189062,0.9775510204081632,0.9928571428571429,7,52,-0.10721423942215588,0.00025,filtered_r1
epoch,6,60,60,60.0,-0.22781132864400142,-0.05973287212605379,0.9816326530612245,0.986734693877551,8,52,-0.10721423942215588,0.00025,filtered_r1
epoch,6,61,61,61.0,-0.22385040503223538,0.3855239167505381,0.9020408163265307,0.9887755102040816,9,52,-0.10721423942215588,0.00025,filtered_r1
epoch,6,62,62,62.0,-0.21423771746094747,0.01564633067773313,0.976530612244898,0.9785714285714285,10,52,-0.10721423942215588,0.00025,filtered_r1
epoch,6,63,63,63.0,-0.20927394637723862,0.6442425815426573,0.9153061224489796,0.9316326530612244,11,52,-0.10721423942215588,0.000125,filtered_r1
epoch,6,64,64,64.0,-0.22657444371021287,-0.07175179403655384,0.9816326530612245,0.9928571428571429,12,52,-0.10721423942215588,0.000125,filtered_r1
epoch,6,65,65,65.0,-0.2355542859054943,-0.09838624341147287,0.9795918367346939,0.9928571428571429,13,52,-0.10721423942215588,0.000125,filtered_r1
epoch,6,66,66,66.0,-0.23748905746383772,-0.08779260163404504,0.9785714285714285,0.9928571428571429,14,52,-0.10721423942215588,0.000125,filtered_r1
epoch,6,67,67,67.0,-0.23895139316510353,-0.1024321505001613,0.9806122448979592,0.9928571428571429,15,52,-0.10721423942215588,0.000125,filtered_r1
epoch,6,68,68,68.0,-0.23927712421551434,-0.10623332213382332,0.9816326530612245,0.9938775510204082,16,52,-0.10721423942215588,0.000125,filtered_r1
epoch,6,69,69,69.0,-0.24027177717162976,-0.11531848639858013,0.9846938775510204,0.9938775510204082,0,69,-0.11531848639858013,0.000125,filtered_r1
epoch,6,70,70,70.0,-0.24144635596061045,-0.12470161890497013,0.9857142857142858,0.9948979591836735,0,70,-0.12470161890497013,0.000125,filtered_r1
epoch,6,71,71,71.0,-0.24157809107291714,-0.11248356006583389,0.9857142857142858,0.9938775510204082,1,70,-0.12470161890497013,0.000125,filtered_r1
epoch,6,72,72,72.0,-0.24126064374237996,-0.11855818008889957,0.9857142857142858,0.9938775510204082,2,70,-0.12470161890497013,0.000125,filtered_r1
epoch,6,73,73,73.0,-0.24214619714673735,-0.10483383645816725,0.9816326530612245,0.9928571428571429,3,70,-0.12470161890497013,0.000125,filtered_r1
epoch,6,74,74,74.0,-0.24306426625115407,-0.09493606966369006,0.9795918367346939,0.9948979591836735,4,70,-0.12470161890497013,0.000125,filtered_r1
epoch,6,75,75,75.0,-0.24181432319239385,-0.09967948392945893,0.9836734693877551,0.9928571428571429,5,70,-0.12470161890497013,0.000125,filtered_r1
epoch,6,76,76,76.0,-0.24249723655118002,-0.09886728160235346,0.9826530612244898,0.9928571428571429,6,70,-0.12470161890497013,0.000125,filtered_r1
epoch,6,77,77,77.0,-0.24386301740861946,-0.11036177119430231,0.9816326530612245,0.9928571428571429,7,70,-0.12470161890497013,0.000125,filtered_r1
epoch,6,78,78,78.0,-0.2439963568950641,-0.08932729253963548,0.9785714285714285,0.9938775510204082,8,70,-0.12470161890497013,0.000125,filtered_r1
epoch,6,79,79,79.0,-0.24350278909456388,-0.10157940485039536,0.9806122448979592,0.9948979591836735,9,70,-0.12470161890497013,0.000125,filtered_r1
epoch,6,80,80,80.0,-0.24455792307042015,-0.12238400250065083,0.9887755102040816,0.9938775510204082,10,70,-0.12470161890497013,0.000125,filtered_r1
epoch,6,81,81,81.0,-0.2438768985268207,-0.10976320237529522,0.9857142857142858,0.9897959183673469,11,70,-0.12470161890497013,6.25e-05,filtered_r1
epoch,6,82,82,82.0,-0.24569759759045817,-0.1121453942084799,0.9846938775510204,0.9928571428571429,12,70,-0.12470161890497013,6.25e-05,filtered_r1
epoch,6,83,83,83.0,-0.24665583733044805,-0.11630332907851862,0.9836734693877551,0.9948979591836735,13,70,-0.12470161890497013,6.25e-05,filtered_r1
epoch,6,84,84,84.0,-0.2461960750766846,-0.11137564766163728,0.9836734693877551,0.9938775510204082,14,70,-0.12470161890497013,6.25e-05,filtered_r1
epoch,6,85,85,85.0,-0.24742506681871695,-0.12515927188250484,0.9846938775510204,0.9938775510204082,0,85,-0.12515927188250484,6.25e-05,filtered_r1
epoch,6,86,86,86.0,-0.24770883628037427,-0.12255210097955198,0.9836734693877551,0.9938775510204082,1,85,-0.12515927188250484,6.25e-05,filtered_r1
epoch,6,87,87,87.0,-0.2474254555881862,-0.12245506753726881,0.9846938775510204,0.9938775510204082,2,85,-0.12515927188250484,6.25e-05,filtered_r1
epoch,6,88,88,88.0,-0.24774814371731516,-0.11929476455766327,0.9857142857142858,0.9938775510204082,3,85,-0.12515927188250484,6.25e-05,filtered_r1
epoch,6,89,89,89.0,-0.24785734123930409,-0.12193477494376047,0.986734693877551,0.9938775510204082,4,85,-0.12515927188250484,6.25e-05,filtered_r1
epoch,6,90,90,90.0,-0.24685988645904236,-0.10879539908195028,0.9816326530612245,0.9938775510204082,5,85,-0.12515927188250484,6.25e-05,filtered_r1
epoch,6,91,91,91.0,-0.2487860684821241,-0.12114991849782515,0.986734693877551,0.9938775510204082,6,85,-0.12515927188250484,6.25e-05,filtered_r1
epoch,6,92,92,92.0,-0.2478978360343185,-0.11369226416762994,0.9816326530612245,0.9938775510204082,7,85,-0.12515927188250484,6.25e-05,filtered_r1
epoch,6,93,93,93.0,-0.2477659641262406,-0.11896429061889649,0.9857142857142858,0.9938775510204082,8,85,-0.12515927188250484,6.25e-05,filtered_r1
epoch,6,94,94,94.0,-0.24861543845762407,-0.11638694247420953,0.9897959183673469,0.9938775510204082,9,85,-0.12515927188250484,6.25e-05,filtered_r1
epoch,6,95,95,95.0,-0.24875858706124956,-0.12540350933464206,0.9877551020408163,0.9948979591836735,0,95,-0.12540350933464206,6.25e-05,filtered_r1
epoch,6,96,96,96.0,-0.24823945306184017,-0.11357424843068026,0.9816326530612245,0.9938775510204082,1,95,-0.12540350933464206,6.25e-05,filtered_r1
epoch,6,97,97,97.0,-0.24830087449839588,-0.11817996939834283,0.9816326530612245,0.9938775510204082,2,95,-0.12540350933464206,6.25e-05,filtered_r1
epoch,6,98,98,98.0,-0.24812431929060616,-0.11644475070797668,0.9877551020408163,0.9928571428571429,3,95,-0.12540350933464206,6.25e-05,filtered_r1
epoch,6,99,99,99.0,-0.24854318393775673,-0.11877059595925467,0.9836734693877551,0.9948979591836735,4,95,-0.12540350933464206,6.25e-05,filtered_r1
epoch,6,100,100,100.0,-0.24871307313848073,-0.10633385181427002,0.9785714285714285,0.9938775510204082,5,95,-0.12540350933464206,6.25e-05,filtered_r1
epoch,6,101,101,101.0,-0.24870437040038937,-0.11236719063350133,0.9836734693877551,0.9938775510204082,6,95,-0.12540350933464206,6.25e-05,filtered_r1
epoch,6,102,102,102.0,-0.24964632738518597,-0.10140696107124796,0.9775510204081632,0.9948979591836735,7,95,-0.12540350933464206,6.25e-05,filtered_r1
epoch,6,103,103,103.0,-0.24911699049374325,-0.12853300474127943,0.9846938775510204,0.9948979591836735,0,103,-0.12853300474127943,6.25e-05,filtered_r1
epoch,6,104,104,104.0,-0.2494297258106081,-0.12719191191147786,0.986734693877551,0.9938775510204082,1,103,-0.12853300474127943,6.25e-05,filtered_r1
epoch,6,105,105,105.0,-0.24950115057321445,-0.11719856797432412,0.9836734693877551,0.9948979591836735,2,103,-0.12853300474127943,6.25e-05,filtered_r1
epoch,6,106,106,106.0,-0.2501959973067735,-0.11606710541005037,0.9836734693877551,0.9948979591836735,3,103,-0.12853300474127943,6.25e-05,filtered_r1
epoch,6,107,107,107.0,-0.2505881553393194,-0.10885440865341497,0.9846938775510204,0.9938775510204082,4,103,-0.12853300474127943,6.25e-05,filtered_r1
epoch,6,108,108,108.0,-0.25056648901035933,-0.1110081147174446,0.9795918367346939,0.9938775510204082,5,103,-0.12853300474127943,6.25e-05,filtered_r1
epoch,6,109,109,109.0,-0.249862915864599,-0.10812296672743194,0.986734693877551,0.9938775510204082,6,103,-0.12853300474127943,6.25e-05,filtered_r1
epoch,6,110,110,110.0,-0.2505323712088766,-0.11770992960248675,0.9836734693877551,0.9938775510204082,7,103,-0.12853300474127943,6.25e-05,filtered_r1
epoch,6,111,111,111.0,-0.25044526606865813,-0.11039486758562983,0.986734693877551,0.9928571428571429,8,103,-0.12853300474127943,6.25e-05,filtered_r1
epoch,6,112,112,112.0,-0.24995123003484768,-0.11115344738473698,0.9857142857142858,0.9928571428571429,9,103,-0.12853300474127943,6.25e-05,filtered_r1
epoch,6,113,113,113.0,-0.25108584551934593,-0.11266475502325564,0.9846938775510204,0.9948979591836735,10,103,-0.12853300474127943,6.25e-05,filtered_r1
epoch,6,114,114,114.0,-0.25095668650192937,-0.12242481805840318,0.986734693877551,0.9948979591836735,11,103,-0.12853300474127943,3.125e-05,filtered_r1
epoch,6,115,115,115.0,-0.2522493058640579,-0.12456283228737967,0.9887755102040816,0.9948979591836735,12,103,-0.12853300474127943,3.125e-05,filtered_r1
epoch,6,116,116,116.0,-0.2527321626314292,-0.12402449432684451,0.9826530612244898,0.9948979591836735,13,103,-0.12853300474127943,3.125e-05,filtered_r1
epoch,6,117,117,117.0,-0.252703072805054,-0.11918646754050741,0.9857142857142858,0.9938775510204082,14,103,-0.12853300474127943,3.125e-05,filtered_r1
epoch,6,118,118,118.0,-0.2531019394851196,-0.13057631424495153,0.9846938775510204,0.9948979591836735,0,118,-0.13057631424495153,3.125e-05,filtered_r1
epoch,6,119,119,119.0,-0.25319924621867745,-0.11827555675895847,0.986734693877551,0.9938775510204082,1,118,-0.13057631424495153,3.125e-05,filtered_r1
epoch,6,120,120,120.0,-0.2526309950969677,-0.12999975924589197,0.9877551020408163,0.9948979591836735,2,118,-0.13057631424495153,3.125e-05,filtered_r1
epoch,6,121,121,121.0,-0.2525112921684047,-0.11290831371229522,0.9806122448979592,0.9948979591836735,3,118,-0.13057631424495153,3.125e-05,filtered_r1
epoch,6,122,122,122.0,-0.25249464404729083,-0.12365539511855768,0.986734693877551,0.9948979591836735,4,118,-0.13057631424495153,3.125e-05,filtered_r1
epoch,6,123,123,123.0,-0.2535194967802795,-0.126091176636365,0.9836734693877551,0.9938775510204082,5,118,-0.13057631424495153,3.125e-05,filtered_r1
epoch,6,124,124,124.0,-0.2531553418107104,-0.11870160005530532,0.9826530612244898,0.9938775510204082,6,118,-0.13057631424495153,3.125e-05,filtered_r1
epoch,6,125,125,125.0,-0.25272728779399284,-0.1094420068118037,0.9806122448979592,0.9938775510204082,7,118,-0.13057631424495153,3.125e-05,filtered_r1
epoch,6,126,126,126.0,-0.25307287024845604,-0.11830089140911491,0.9826530612244898,0.9938775510204082,8,118,-0.13057631424495153,3.125e-05,filtered_r1
epoch,6,127,127,127.0,-0.25271868446010703,-0.1231568667353416,0.9877551020408163,0.9948979591836735,9,118,-0.13057631424495153,3.125e-05,filtered_r1
epoch,6,128,128,128.0,-0.2523871323654341,-0.11957561434531698,0.9836734693877551,0.9948979591836735,10,118,-0.13057631424495153,3.125e-05,filtered_r1
epoch,6,129,129,129.0,-0.25319229257794007,-0.11127493624784508,0.9826530612244898,0.9948979591836735,11,118,-0.13057631424495153,1.5625e-05,filtered_r1
epoch,6,130,130,130.0,-0.25380446128395,-0.1224454539162772,0.9836734693877551,0.9948979591836735,12,118,-0.13057631424495153,1.5625e-05,filtered_r1
epoch,6,131,131,131.0,-0.2536038999334553,-0.12492385689093143,0.9846938775510204,0.9948979591836735,13,118,-0.13057631424495153,1.5625e-05,filtered_r1
epoch,6,132,132,132.0,-0.2538191267321773,-0.12513817865021376,0.9897959183673469,0.9948979591836735,14,118,-0.13057631424495153,1.5625e-05,filtered_r1
epoch,6,133,133,133.0,-0.2541448804556214,-0.13196275818104647,0.9908163265306122,0.9948979591836735,0,133,-0.13196275818104647,1.5625e-05,filtered_r1
epoch,6,134,134,134.0,-0.2534428989946761,-0.1303127536968309,0.9908163265306122,0.9948979591836735,1,133,-0.13196275818104647,1.5625e-05,filtered_r1
epoch,6,135,135,135.0,-0.2539533424583068,-0.12769291595536836,0.9877551020408163,0.9948979591836735,2,133,-0.13196275818104647,1.5625e-05,filtered_r1
epoch,6,136,136,136.0,-0.254212973959815,-0.12325111165338633,0.9846938775510204,0.9948979591836735,3,133,-0.13196275818104647,1.5625e-05,filtered_r1
epoch,6,137,137,137.0,-0.2533183967964356,-0.1308582860596326,0.9857142857142858,0.9948979591836735,4,133,-0.13196275818104647,1.5625e-05,filtered_r1
epoch,6,138,138,138.0,-0.25417827637261603,-0.12303666873854034,0.9836734693877551,0.9948979591836735,5,133,-0.13196275818104647,1.5625e-05,filtered_r1
epoch,6,139,139,139.0,-0.25398903971523573,-0.12915623139361945,0.9857142857142858,0.9948979591836735,6,133,-0.13196275818104647,1.5625e-05,filtered_r1
epoch,6,140,140,140.0,-0.25440958947200315,-0.1285866557335367,0.9857142857142858,0.9948979591836735,7,133,-0.13196275818104647,1.5625e-05,filtered_r1
epoch,6,141,141,141.0,-0.2544226901833166,-0.12599312918526787,0.9877551020408163,0.9938775510204082,8,133,-0.13196275818104647,1.5625e-05,filtered_r1
epoch,6,142,142,142.0,-0.2538591698522304,-0.12571677966993683,0.9836734693877551,0.9948979591836735,9,133,-0.13196275818104647,1.5625e-05,filtered_r1
epoch,6,143,143,143.0,-0.2541817279496195,-0.12922625882284983,0.9857142857142858,0.9948979591836735,10,133,-0.13196275818104647,1.5625e-05,filtered_r1
epoch,6,144,144,144.0,-0.2545930919352846,-0.12660842331088318,0.9846938775510204,0.9938775510204082,11,133,-0.13196275818104647,7.8125e-06,filtered_r1
epoch,6,145,145,145.0,-0.254646343639424,-0.13247946817047743,0.9877551020408163,0.9948979591836735,0,145,-0.13247946817047743,7.8125e-06,filtered_r1
epoch,6,146,146,146.0,-0.2546570190666916,-0.13192342690059117,0.9887755102040816,0.9948979591836735,1,145,-0.13247946817047743,7.8125e-06,filtered_r1
epoch,6,147,147,147.0,-0.2546090232043498,-0.13378624186223867,0.986734693877551,0.9948979591836735,0,147,-0.13378624186223867,7.8125e-06,filtered_r1
epoch,6,148,148,148.0,-0.25452134961493167,-0.1307467577408771,0.986734693877551,0.9948979591836735,1,147,-0.13378624186223867,7.8125e-06,filtered_r1
epoch,6,149,149,149.0,-0.2538688960964984,-0.13154678733981384,0.9846938775510204,0.9948979591836735,2,147,-0.13378624186223867,7.8125e-06,filtered_r1
epoch,6,150,150,150.0,-0.25453565965389263,-0.13141462802886963,0.9887755102040816,0.9948979591836735,3,147,-0.13378624186223867,7.8125e-06,filtered_r1
epoch,6,151,151,151.0,-0.25490756885495663,-0.13029860331087698,0.986734693877551,0.9948979591836735,4,147,-0.13378624186223867,7.8125e-06,filtered_r1
epoch,6,152,152,152.0,-0.25493156514923193,-0.12909280913216728,0.986734693877551,0.9948979591836735,5,147,-0.13378624186223867,7.8125e-06,filtered_r1
epoch,6,153,153,153.0,-0.2547511607476164,-0.12561162539890836,0.9877551020408163,0.9948979591836735,6,147,-0.13378624186223867,7.8125e-06,filtered_r1
epoch,6,154,154,154.0,-0.25438469521197415,-0.12761507910125108,0.9846938775510204,0.9948979591836735,7,147,-0.13378624186223867,7.8125e-06,filtered_r1
epoch,6,155,155,155.0,-0.2549223548923359,-0.1295594886857636,0.9897959183673469,0.9948979591836735,8,147,-0.13378624186223867,7.8125e-06,filtered_r1
epoch,6,156,156,156.0,-0.2544921960713806,-0.12982850366709184,0.9846938775510204,0.9948979591836735,9,147,-0.13378624186223867,7.8125e-06,filtered_r1
epoch,6,157,157,157.0,-0.25473104773788524,-0.129144371772299,0.9877551020408163,0.9948979591836735,10,147,-0.13378624186223867,7.8125e-06,filtered_r1
epoch,6,158,158,158.0,-0.25446611580608436,-0.1309903791972569,0.9857142857142858,0.9948979591836735,11,147,-0.13378624186223867,3.90625e-06,filtered_r1
epoch,6,159,159,159.0,-0.2550370438608645,-0.12789421811395763,0.986734693877551,0.9948979591836735,12,147,-0.13378624186223867,3.90625e-06,filtered_r1
epoch,6,160,160,160.0,-0.2553354802047238,-0.13052651784857924,0.986734693877551,0.9948979591836735,13,147,-0.13378624186223867,3.90625e-06,filtered_r1
epoch,6,161,161,161.0,-0.25494519112816844,-0.12921586863848628,0.9857142857142858,0.9948979591836735,14,147,-0.13378624186223867,3.90625e-06,filtered_r1
epoch,6,162,162,162.0,-0.2553004843778519,-0.12872705605565285,0.9857142857142858,0.9948979591836735,15,147,-0.13378624186223867,3.90625e-06,filtered_r1
epoch,6,163,163,163.0,-0.2552393110459683,-0.13042588379918313,0.9846938775510204,0.9948979591836735,16,147,-0.13378624186223867,3.90625e-06,filtered_r1
epoch,6,164,164,164.0,-0.25521056093630656,-0.12759248480504873,0.9846938775510204,0.9948979591836735,17,147,-0.13378624186223867,3.90625e-06,filtered_r1
epoch,6,165,165,165.0,-0.2549159429152338,-0.12923029977448133,0.9857142857142858,0.9948979591836735,18,147,-0.13378624186223867,3.90625e-06,filtered_r1
epoch,6,166,166,166.0,-0.25548686393542125,-0.12579679489135742,0.9846938775510204,0.9948979591836735,19,147,-0.13378624186223867,3.90625e-06,filtered_r1
epoch,6,167,167,167.0,-0.2556809961822863,-0.13079831989444032,0.9877551020408163,0.9948979591836735,20,147,-0.13378624186223867,3.90625e-06,filtered_r1
epoch,6,168,168,168.0,-0.25552369708967276,-0.13017600945064,0.9846938775510204,0.9948979591836735,21,147,-0.13378624186223867,3.90625e-06,filtered_r1
epoch,6,169,169,169.0,-0.2550458144016067,-0.12785375556167292,0.9857142857142858,0.9948979591836735,22,147,-0.13378624186223867,1.953125e-06,filtered_r1
epoch,6,170,170,170.0,-0.2552150290660624,-0.12476451396942138,0.9857142857142858,0.9948979591836735,23,147,-0.13378624186223867,1.953125e-06,filtered_r1
epoch,6,171,171,171.0,-0.25537155800605976,-0.12641502399833834,0.9846938775510204,0.9948979591836735,24,147,-0.13378624186223867,1.953125e-06,filtered_r1
epoch,6,172,172,172.0,-0.2549957404664793,-0.12750351964210976,0.9857142857142858,0.9948979591836735,25,147,-0.13378624186223867,1.953125e-06,filtered_r1
epoch,6,173,173,173.0,-0.2552995574890999,-0.13016075504069424,0.9857142857142858,0.9948979591836735,26,147,-0.13378624186223867,1.953125e-06,filtered_r1
epoch,6,174,174,174.0,-0.2551857042842922,-0.12689120769500734,0.986734693877551,0.9948979591836735,27,147,-0.13378624186223867,1.953125e-06,filtered_r1
epoch,6,175,175,175.0,-0.25552895106459766,-0.12756795639894447,0.986734693877551,0.9948979591836735,28,147,-0.13378624186223867,1.953125e-06,filtered_r1
epoch,6,176,176,176.0,-0.25540600886844905,-0.12627767397432912,0.986734693877551,0.9948979591836735,29,147,-0.13378624186223867,1.953125e-06,filtered_r1
epoch,6,177,177,177.0,-0.25527324575864885,-0.12942829618648607,0.9857142857142858,0.9948979591836735,30,147,-0.13378624186223867,1.953125e-06,filtered_r1
epoch,7,1,1,1.0,1.6251230403828285,2.3331132071358818,0.45918367346938777,0.5704081632653061,0,1,2.3331132071358818,0.001,filtered_r1
epoch,7,2,2,2.0,1.0267822532777184,2.1839077239133875,0.6040816326530613,0.7846938775510204,0,2,2.1839077239133875,0.001,filtered_r1
epoch,7,3,3,3.0,0.855053937792291,1.1661789913566745,0.7918367346938775,0.939795918367347,0,3,1.1661789913566745,0.001,filtered_r1
epoch,7,4,4,4.0,0.726360937843418,0.8630127974918911,0.8734693877551021,0.9489795918367347,0,4,0.8630127974918911,0.001,filtered_r1
epoch,7,5,5,5.0,0.6376988770092719,1.5582936291791956,0.7561224489795918,0.8122448979591836,1,4,0.8630127974918911,0.001,filtered_r1
epoch,7,6,6,6.0,0.5973016791759271,1.9383131922507773,0.6387755102040816,0.8030612244897959,2,4,0.8630127974918911,0.001,filtered_r1
epoch,7,7,7,7.0,0.5091356675948439,1.9052876637906444,0.6602040816326531,0.7459183673469387,3,4,0.8630127974918911,0.001,filtered_r1
epoch,7,8,8,8.0,0.45873672635891843,0.9161881325196247,0.8704081632653061,0.8979591836734694,4,4,0.8630127974918911,0.001,filtered_r1
epoch,7,9,9,9.0,0.410633944661521,0.8449047244324976,0.8214285714285714,0.9724489795918367,0,9,0.8449047244324976,0.001,filtered_r1
epoch,7,10,10,10.0,0.3551257994707422,0.9082482464459478,0.813265306122449,0.9357142857142857,1,9,0.8449047244324976,0.001,filtered_r1
epoch,7,11,11,11.0,0.28455488703708676,1.2439953020640782,0.8591836734693877,0.7887755102040817,2,9,0.8449047244324976,0.001,filtered_r1
epoch,7,12,12,12.0,0.24073209219556801,1.7810240132468087,0.7428571428571429,0.8387755102040816,3,9,0.8449047244324976,0.001,filtered_r1
epoch,7,13,13,13.0,0.25140190792798023,3.2686080319540842,0.5255102040816326,0.5326530612244897,4,9,0.8449047244324976,0.001,filtered_r1
epoch,7,14,14,14.0,0.23825195614338138,1.5157811417871592,0.5836734693877551,0.9622448979591837,5,9,0.8449047244324976,0.001,filtered_r1
epoch,7,15,15,15.0,0.15639660534834895,1.378682634781818,0.6040816326530613,0.95,6,9,0.8449047244324976,0.001,filtered_r1
epoch,7,16,16,16.0,0.13336969956018357,0.35817335771054637,0.9520408163265306,0.9612244897959183,0,16,0.35817335771054637,0.001,filtered_r1
epoch,7,17,17,17.0,0.08535626258733216,0.7332431698332027,0.8438775510204082,0.9836734693877551,1,16,0.35817335771054637,0.001,filtered_r1
epoch,7,18,18,18.0,0.06290209342066505,2.381751794231181,0.5785714285714286,0.8306122448979592,2,16,0.35817335771054637,0.001,filtered_r1
epoch,7,19,19,19.0,0.04617144687577263,1.625078829453916,0.5948979591836735,0.9785714285714285,3,16,0.35817335771054637,0.001,filtered_r1
epoch,7,20,20,20.0,0.03346720828936417,2.0173918159640567,0.6387755102040816,0.8071428571428572,4,16,0.35817335771054637,0.001,filtered_r1
epoch,7,21,21,21.0,0.003777520904419804,0.45302610518981,0.860204081632653,0.9908163265306122,5,16,0.35817335771054637,0.001,filtered_r1
epoch,7,22,22,22.0,-0.01909517933442492,2.1152410254186513,0.5326530612244897,0.9714285714285714,6,16,0.35817335771054637,0.001,filtered_r1
epoch,7,23,23,23.0,-0.02863848063278025,0.34025277702175843,0.9102040816326531,0.9836734693877551,0,23,0.34025277702175843,0.001,filtered_r1
epoch,7,24,24,24.0,-0.045109941452890434,1.5461049196671466,0.8163265306122449,0.7755102040816326,1,23,0.34025277702175843,0.001,filtered_r1
epoch,7,25,25,25.0,-0.03171520386291968,4.34888963310086,0.6561224489795918,0.4306122448979592,2,23,0.34025277702175843,0.001,filtered_r1
epoch,7,26,26,26.0,-0.05209750824498416,3.183052561234455,0.48673469387755103,0.9428571428571428,3,23,0.34025277702175843,0.001,filtered_r1
epoch,7,27,27,27.0,-0.07637470021769506,1.1875059867391782,0.7663265306122449,0.9755102040816327,4,23,0.34025277702175843,0.001,filtered_r1
epoch,7,28,28,28.0,-0.10263420769262466,2.7166431796794037,0.6408163265306123,0.8112244897959183,5,23,0.34025277702175843,0.001,filtered_r1
epoch,7,29,29,29.0,-0.11666232214913387,1.7672324774216632,0.6081632653061224,0.9795918367346939,6,23,0.34025277702175843,0.001,filtered_r1
epoch,7,30,30,30.0,-0.13683116665981707,0.1666323131444503,0.936734693877551,0.9908163265306122,0,30,0.1666323131444503,0.001,filtered_r1
epoch,7,31,31,31.0,-0.137585122613435,0.6117529253570401,0.889795918367347,0.9275510204081633,1,30,0.1666323131444503,0.001,filtered_r1
epoch,7,32,32,32.0,-0.1545247421771139,1.592893189800029,0.7928571428571428,0.8142857142857143,2,30,0.1666323131444503,0.001,filtered_r1
epoch,7,33,33,33.0,-0.1636347818309699,0.2666726623262678,0.95,0.9673469387755103,3,30,0.1666323131444503,0.001,filtered_r1
epoch,7,34,34,34.0,-0.15288842541490746,1.6204971868164686,0.8724489795918368,0.7714285714285715,4,30,0.1666323131444503,0.001,filtered_r1
epoch,7,35,35,35.0,-0.12231115398220836,0.625951335868057,0.8295918367346938,0.9897959183673469,5,30,0.1666323131444503,0.001,filtered_r1
epoch,7,36,36,36.0,-0.15445445071444205,3.2196818118192714,0.5979591836734693,0.8142857142857143,6,30,0.1666323131444503,0.001,filtered_r1
epoch,7,37,37,37.0,-0.14141214221269502,0.6401380582731597,0.9275510204081633,0.8918367346938776,7,30,0.1666323131444503,0.001,filtered_r1
epoch,7,38,38,38.0,-0.18047569848383982,0.050004324621083784,0.963265306122449,0.9908163265306122,0,38,0.050004324621083784,0.001,filtered_r1
epoch,7,39,39,39.0,-0.19094897918250958,0.6107356723473997,0.8561224489795919,0.9928571428571429,1,38,0.050004324621083784,0.001,filtered_r1
epoch,7,40,40,40.0,-0.17916605015857295,0.6063732161813853,0.9295918367346939,0.9387755102040817,2,38,0.050004324621083784,0.001,filtered_r1
epoch,7,41,41,41.0,-0.17909286341989683,0.3186125288204271,0.9153061224489796,0.9836734693877551,3,38,0.050004324621083784,0.001,filtered_r1
epoch,7,42,42,42.0,-0.1879551597632877,0.06103199696054264,0.9591836734693877,0.9897959183673469,4,38,0.050004324621083784,0.001,filtered_r1
epoch,7,43,43,43.0,-0.20965432990858135,0.4176274338547064,0.9010204081632653,0.9775510204081632,5,38,0.050004324621083784,0.001,filtered_r1
epoch,7,44,44,44.0,-0.20304145246974134,0.22380220306162932,0.9581632653061225,0.963265306122449,6,38,0.050004324621083784,0.001,filtered_r1
epoch,7,45,45,45.0,-0.21308868547163387,0.6457880642949319,0.9030612244897959,0.9520408163265306,7,38,0.050004324621083784,0.001,filtered_r1
epoch,7,46,46,46.0,-0.22315530721783042,0.06945720546099604,0.9581632653061225,0.9918367346938776,8,38,0.050004324621083784,0.001,filtered_r1
epoch,7,47,47,47.0,-0.2307201634739076,-0.00622288499559675,0.9704081632653061,0.9918367346938776,0,47,-0.00622288499559675,0.001,filtered_r1
epoch,7,48,48,48.0,-0.22892746649922646,0.048287618890100595,0.9571428571428572,0.9928571428571429,1,47,-0.00622288499559675,0.001,filtered_r1
epoch,7,49,49,49.0,-0.170526948453511,4.065233067103795,0.373469387755102,0.8244897959183674,2,47,-0.00622288499559675,0.001,filtered_r1
epoch,7,50,50,50.0,0.1129756504657103,2.598209964012613,0.7969387755102041,0.7438775510204082,3,47,-0.00622288499559675,0.001,filtered_r1
epoch,7,51,51,51.0,-0.10283530897516259,0.9073492312917903,0.8714285714285714,0.9040816326530612,4,47,-0.00622288499559675,0.001,filtered_r1
epoch,7,52,52,52.0,-0.16839903011356652,0.5260739749791671,0.8816326530612245,0.9571428571428572,5,47,-0.00622288499559675,0.001,filtered_r1
epoch,7,53,53,53.0,-0.21877412302516777,0.17052806153589364,0.9224489795918367,0.9959183673469387,6,47,-0.00622288499559675,0.001,filtered_r1
epoch,7,54,54,54.0,-0.22868568703525455,-0.028429106303623743,0.9714285714285714,0.9959183673469387,0,54,-0.028429106303623743,0.001,filtered_r1
epoch,7,55,55,55.0,-0.1997649605524199,0.34325563129113645,0.9091836734693878,0.9938775510204082,1,54,-0.028429106303623743,0.001,filtered_r1
epoch,7,56,56,56.0,-0.2224023058043249,0.11476330805797966,0.9724489795918367,0.9744897959183674,2,54,-0.028429106303623743,0.001,filtered_r1
epoch,7,57,57,57.0,-0.2359958538076199,0.004991711888994489,0.9642857142857143,0.9938775510204082,3,54,-0.028429106303623743,0.001,filtered_r1
epoch,7,58,58,58.0,-0.23917856835474818,-0.0522681898000289,0.976530612244898,0.9938775510204082,0,58,-0.0522681898000289,0.001,filtered_r1
epoch,7,59,59,59.0,-0.2374542849041146,0.036245052181944556,0.9612244897959183,0.9918367346938776,1,58,-0.0522681898000289,0.001,filtered_r1
epoch,7,60,60,60.0,-0.2377921882619438,-0.029486878550782497,0.9775510204081632,0.9897959183673469,2,58,-0.0522681898000289,0.001,filtered_r1
epoch,7,61,61,61.0,-0.24123983463264842,-0.029047558745559383,0.9734693877551021,0.9938775510204082,3,58,-0.0522681898000289,0.001,filtered_r1
epoch,7,62,62,62.0,-0.24112677089853066,-0.04067026157768405,0.9744897959183674,0.9928571428571429,4,58,-0.0522681898000289,0.001,filtered_r1
epoch,7,63,63,63.0,-0.24071500902548196,-0.005511357346359564,0.9704081632653061,0.9928571428571429,5,58,-0.0522681898000289,0.001,filtered_r1
epoch,7,64,64,64.0,-0.2401527205327398,0.061864937081628914,0.9591836734693877,0.9948979591836735,6,58,-0.0522681898000289,0.001,filtered_r1
epoch,7,65,65,65.0,-0.23958865207160435,0.0351562465940203,0.9673469387755103,0.9918367346938776,7,58,-0.0522681898000289,0.001,filtered_r1
epoch,7,66,66,66.0,-0.241129717445893,0.05794274271750937,0.9704081632653061,0.9877551020408163,8,58,-0.0522681898000289,0.001,filtered_r1
epoch,7,67,67,67.0,-0.23733144746928447,0.3810216640939518,0.9081632653061225,0.9887755102040816,9,58,-0.0522681898000289,0.001,filtered_r1
epoch,7,68,68,68.0,-0.07752835956206389,6.818518360293641,0.7408163265306122,0.3846938775510204,10,58,-0.0522681898000289,0.001,filtered_r1
epoch,7,69,69,69.0,0.04561905702893105,2.622041910521838,0.6224489795918368,0.9408163265306122,11,58,-0.0522681898000289,0.0005,filtered_r1
epoch,7,70,70,70.0,-0.16291136623673474,0.25978194304874963,0.9071428571428571,0.9918367346938776,12,58,-0.0522681898000289,0.0005,filtered_r1
epoch,7,71,71,71.0,-0.218014237342831,-0.03827296909020871,0.9714285714285714,0.9938775510204082,13,58,-0.0522681898000289,0.0005,filtered_r1
epoch,7,72,72,72.0,-0.23378378445053447,-0.053195392355626946,0.9755102040816327,0.9948979591836735,0,72,-0.053195392355626946,0.0005,filtered_r1
epoch,7,73,73,73.0,-0.2384945035413672,-0.07190004660158741,0.976530612244898,0.9948979591836735,0,73,-0.07190004660158741,0.0005,filtered_r1
epoch,7,74,74,74.0,-0.2411621356086194,-0.04369522795385244,0.9714285714285714,0.9959183673469387,1,73,-0.07190004660158741,0.0005,filtered_r1
epoch,7,75,75,75.0,-0.2420704323380739,-0.07161135478895538,0.9775510204081632,0.9948979591836735,2,73,-0.07190004660158741,0.0005,filtered_r1
epoch,7,76,76,76.0,-0.24406845879132674,-0.07001131116127482,0.9785714285714285,0.9938775510204082,3,73,-0.07190004660158741,0.0005,filtered_r1
epoch,7,77,77,77.0,-0.24426873445619088,-0.051669553347996305,0.9755102040816327,0.9959183673469387,4,73,-0.07190004660158741,0.0005,filtered_r1
epoch,7,78,78,78.0,-0.244968872015118,-0.0646688480766452,0.9755102040816327,0.9959183673469387,5,73,-0.07190004660158741,0.0005,filtered_r1
epoch,7,79,79,79.0,-0.2445240369775974,-0.058685551857461736,0.976530612244898,0.9959183673469387,6,73,-0.07190004660158741,0.0005,filtered_r1
epoch,7,80,80,80.0,-0.24519195464108676,-0.04563744943969104,0.9744897959183674,0.9948979591836735,7,73,-0.07190004660158741,0.0005,filtered_r1
epoch,7,81,81,81.0,-0.2462010791882893,-0.06602404409525346,0.976530612244898,0.9948979591836735,8,73,-0.07190004660158741,0.0005,filtered_r1
epoch,7,82,82,82.0,-0.24629312742854917,-0.06738914810881323,0.9775510204081632,0.9948979591836735,9,73,-0.07190004660158741,0.0005,filtered_r1
epoch,7,83,83,83.0,-0.24493945294274994,-0.06661405320070228,0.976530612244898,0.9948979591836735,10,73,-0.07190004660158741,0.0005,filtered_r1
epoch,7,84,84,84.0,-0.24548893620412673,-0.023115023301572217,0.9724489795918367,0.9938775510204082,11,73,-0.07190004660158741,0.00025,filtered_r1
epoch,7,85,85,85.0,-0.2486310843927883,-0.06866377421787807,0.9785714285714285,0.9938775510204082,12,73,-0.07190004660158741,0.00025,filtered_r1
epoch,7,86,86,86.0,-0.24961445161661017,-0.06743154136502012,0.976530612244898,0.9948979591836735,13,73,-0.07190004660158741,0.00025,filtered_r1
epoch,7,87,87,87.0,-0.248800045784852,-0.054350138683708346,0.9755102040816327,0.9938775510204082,14,73,-0.07190004660158741,0.00025,filtered_r1
epoch,7,88,88,88.0,-0.2498946677431755,-0.06695827902579794,0.9795918367346939,0.9948979591836735,15,73,-0.07190004660158741,0.00025,filtered_r1
epoch,7,89,89,89.0,-0.2504161374708549,-0.05853859502442029,0.9744897959183674,0.9948979591836735,16,73,-0.07190004660158741,0.00025,filtered_r1
epoch,7,90,90,90.0,-0.24898825798909122,-0.061657322669515804,0.9775510204081632,0.9948979591836735,17,73,-0.07190004660158741,0.00025,filtered_r1
epoch,7,91,91,91.0,-0.24998312734009945,-0.05515705663330701,0.9755102040816327,0.9938775510204082,18,73,-0.07190004660158741,0.00025,filtered_r1
epoch,7,92,92,92.0,-0.2502785233330088,-0.05960124998676534,0.9785714285714285,0.9948979591836735,19,73,-0.07190004660158741,0.00025,filtered_r1
epoch,7,93,93,93.0,-0.24974721147967532,-0.05767475585548245,0.9785714285714285,0.9959183673469387,20,73,-0.07190004660158741,0.00025,filtered_r1
epoch,7,94,94,94.0,-0.2483856306257867,-0.05354115087158826,0.9775510204081632,0.9938775510204082,21,73,-0.07190004660158741,0.00025,filtered_r1
epoch,7,95,95,95.0,-0.2502617198556215,-0.05497057194612464,0.9775510204081632,0.9948979591836735,22,73,-0.07190004660158741,0.000125,filtered_r1
epoch,7,96,96,96.0,-0.25156592467780337,-0.06692267145429338,0.9785714285714285,0.9948979591836735,23,73,-0.07190004660158741,0.000125,filtered_r1
epoch,7,97,97,97.0,-0.2521685435995967,-0.06041487528353321,0.9755102040816327,0.9959183673469387,24,73,-0.07190004660158741,0.000125,filtered_r1
epoch,7,98,98,98.0,-0.25159968707001973,-0.0646932587331655,0.9775510204081632,0.9948979591836735,25,73,-0.07190004660158741,0.000125,filtered_r1
epoch,7,99,99,99.0,-0.2520150537659675,-0.060789663451058525,0.9775510204081632,0.9948979591836735,26,73,-0.07190004660158741,0.000125,filtered_r1
epoch,7,100,100,100.0,-0.25158921394140354,-0.06782569204057966,0.9785714285714285,0.9948979591836735,27,73,-0.07190004660158741,0.000125,filtered_r1
epoch,7,101,101,101.0,-0.25154198165703945,-0.06438394517314677,0.976530612244898,0.9948979591836735,28,73,-0.07190004660158741,0.000125,filtered_r1
epoch,7,102,102,102.0,-0.25136140888515407,-0.07005361537544094,0.9775510204081632,0.9948979591836735,29,73,-0.07190004660158741,0.000125,filtered_r1
epoch,7,103,103,103.0,-0.2518671581380431,-0.05742272892776801,0.9755102040816327,0.9938775510204082,30,73,-0.07190004660158741,0.000125,filtered_r1
epoch,8,1,1,1.0,1.6132318087182584,2.3147228406400098,0.336734693877551,0.8551020408163266,0,1,2.3147228406400098,0.001,filtered_r1
epoch,8,2,2,2.0,0.9724355074042252,1.5812201261520387,0.8224489795918367,0.7214285714285714,0,2,1.5812201261520387,0.001,filtered_r1
epoch,8,3,3,3.0,0.830952930872515,1.0483927673223068,0.8336734693877551,0.9408163265306122,0,3,1.0483927673223068,0.001,filtered_r1
epoch,8,4,4,4.0,0.711816161559811,1.7882218720961591,0.5928571428571429,0.9530612244897959,1,3,1.0483927673223068,0.001,filtered_r1
epoch,8,5,5,5.0,0.621617838787697,1.059716450924776,0.8469387755102041,0.8989795918367347,2,3,1.0483927673223068,0.001,filtered_r1
epoch,8,6,6,6.0,0.545786005769921,1.4414395497769725,0.6663265306122449,0.8142857142857143,3,3,1.0483927673223068,0.001,filtered_r1
epoch,8,7,7,7.0,0.497102787007108,1.080956982593147,0.8306122448979592,0.8142857142857143,4,3,1.0483927673223068,0.001,filtered_r1
epoch,8,8,8,8.0,0.43991428909927294,1.701791356534374,0.6285714285714286,0.9030612244897959,5,3,1.0483927673223068,0.001,filtered_r1
epoch,8,9,9,9.0,0.3726800905943891,1.772146343698307,0.55,0.9387755102040817,6,3,1.0483927673223068,0.001,filtered_r1
epoch,8,10,10,10.0,0.33022976711669727,0.8618488737515041,0.8581632653061224,0.926530612244898,0,10,0.8618488737515041,0.001,filtered_r1
epoch,8,11,11,11.0,0.28688328840004224,0.5546557995737815,0.9163265306122449,0.9714285714285714,0,11,0.5546557995737815,0.001,filtered_r1
epoch,8,12,12,12.0,0.2969074541203174,1.9936013922399405,0.5561224489795918,0.9918367346938776,1,11,0.5546557995737815,0.001,filtered_r1
epoch,8,13,13,13.0,0.2327196961010904,0.4086253893618681,0.9438775510204082,0.976530612244898,0,13,0.4086253893618681,0.001,filtered_r1
epoch,8,14,14,14.0,0.1732465089368539,1.350221476749498,0.8224489795918367,0.8183673469387756,1,13,0.4086253893618681,0.001,filtered_r1
epoch,8,15,15,15.0,0.1585824650306892,0.6735941093795154,0.9153061224489796,0.9142857142857143,2,13,0.4086253893618681,0.001,filtered_r1
epoch,8,16,16,16.0,0.11431864635867527,2.6160409265634965,0.7163265306122449,0.386734693877551,3,13,0.4086253893618681,0.001,filtered_r1
epoch,8,17,17,17.0,0.12794462518696345,0.3228581005213212,0.9438775510204082,0.9826530612244898,0,17,0.3228581005213212,0.001,filtered_r1
epoch,8,18,18,18.0,0.1596663423792319,1.3912806744478188,0.7173469387755103,0.9734693877551021,1,17,0.3228581005213212,0.001,filtered_r1
epoch,8,19,19,19.0,0.08617127328583504,0.35679297422876166,0.9142857142857143,0.9846938775510204,2,17,0.3228581005213212,0.001,filtered_r1
epoch,8,20,20,20.0,0.008125570704598238,0.7659221967872308,0.8377551020408164,0.9255102040816326,3,17,0.3228581005213212,0.001,filtered_r1
epoch,8,21,21,21.0,-0.008983891198595058,1.0837786873992608,0.736734693877551,0.9775510204081632,4,17,0.3228581005213212,0.001,filtered_r1
epoch,8,22,22,22.0,-0.02853382109946356,1.2010914384102336,0.6693877551020408,0.9744897959183674,5,17,0.3228581005213212,0.001,filtered_r1
epoch,8,23,23,23.0,-0.049961412651020456,0.9222729011457793,0.713265306122449,0.9908163265306122,6,17,0.3228581005213212,0.001,filtered_r1
epoch,8,24,24,24.0,-0.06756544356664311,0.4291386752712483,0.8816326530612245,0.9846938775510204,7,17,0.3228581005213212,0.001,filtered_r1
epoch,8,25,25,25.0,-0.08415276323509822,0.4189298943597443,0.9122448979591836,0.9734693877551021,8,17,0.3228581005213212,0.001,filtered_r1
epoch,8,26,26,26.0,-0.10788234669243375,0.27230815108941525,0.9561224489795919,0.9612244897959183,0,26,0.27230815108941525,0.001,filtered_r1
epoch,8,27,27,27.0,-0.12909964851179395,1.306174542952557,0.7142857142857143,0.9887755102040816,1,26,0.27230815108941525,0.001,filtered_r1
epoch,8,28,28,28.0,-0.14484482454376982,0.7378779494032568,0.8010204081632653,0.9836734693877551,2,26,0.27230815108941525,0.001,filtered_r1
epoch,8,29,29,29.0,-0.0416241548194487,25.290676296000576,0.2173469387755102,0.6295918367346939,3,26,0.27230815108941525,0.001,filtered_r1
epoch,8,30,30,30.0,0.0913194356536086,0.4376859270796484,0.9061224489795918,0.9622448979591837,4,26,0.27230815108941525,0.001,filtered_r1
epoch,8,31,31,31.0,-0.08409609155551012,0.3074288348762356,0.9132653061224489,0.9744897959183674,5,26,0.27230815108941525,0.001,filtered_r1
epoch,8,32,32,32.0,-0.14196096579161654,1.9044824716996174,0.7214285714285714,0.9081632653061225,6,26,0.27230815108941525,0.001,filtered_r1
epoch,8,33,33,33.0,-0.15937716970106064,1.0184682975009995,0.7775510204081633,0.9897959183673469,7,26,0.27230815108941525,0.001,filtered_r1
epoch,8,34,34,34.0,-0.17349849240216028,0.34555126720545243,0.863265306122449,0.9938775510204082,8,26,0.27230815108941525,0.001,filtered_r1
epoch,8,35,35,35.0,-0.19548609196679786,0.16281280639220258,0.9673469387755103,0.9581632653061225,0,35,0.16281280639220258,0.001,filtered_r1
epoch,8,36,36,36.0,-0.20474250195949553,-0.041277258250178125,0.9714285714285714,0.9938775510204082,0,36,-0.041277258250178125,0.001,filtered_r1
epoch,8,37,37,37.0,-0.20331314415808327,0.8300851096912306,0.8653061224489796,0.9061224489795918,1,36,-0.041277258250178125,0.001,filtered_r1
epoch,8,38,38,38.0,-0.15480267739111978,3.7189429682128283,0.5673469387755102,0.8,2,36,-0.041277258250178125,0.001,filtered_r1
epoch,8,39,39,39.0,-0.1538630787264581,0.6314193783974161,0.8428571428571429,0.9877551020408163,3,36,-0.041277258250178125,0.001,filtered_r1
epoch,8,40,40,40.0,-0.1893889743849953,1.7691153380335594,0.7540816326530613,0.9102040816326531,4,36,-0.041277258250178125,0.001,filtered_r1
epoch,8,41,41,41.0,-0.1955502495893391,0.5516862840068584,0.95,0.889795918367347,5,36,-0.041277258250178125,0.001,filtered_r1
epoch,8,42,42,42.0,-0.22050676538464808,0.44151419328183544,0.9081632653061225,0.9918367346938776,6,36,-0.041277258250178125,0.001,filtered_r1
epoch,8,43,43,43.0,-0.2192370561215751,0.20990503466859156,0.9612244897959183,0.9520408163265306,7,36,-0.041277258250178125,0.001,filtered_r1
epoch,8,44,44,44.0,-0.21354399688450576,0.21669835655056702,0.9275510204081633,0.9938775510204082,8,36,-0.041277258250178125,0.001,filtered_r1
epoch,8,45,45,45.0,-0.21631294445617058,0.8583775461936484,0.8091836734693878,0.9693877551020408,9,36,-0.041277258250178125,0.001,filtered_r1
epoch,8,46,46,46.0,-0.2227498259643939,0.10239437745541942,0.9591836734693877,0.9857142857142858,10,36,-0.041277258250178125,0.001,filtered_r1
epoch,8,47,47,47.0,-0.20420302735422613,2.8259695714833786,0.5704081632653061,0.9336734693877551,11,36,-0.041277258250178125,0.0005,filtered_r1
epoch,8,48,48,48.0,-0.22308090766126656,0.2096557077096433,0.9346938775510204,0.9928571428571429,12,36,-0.041277258250178125,0.0005,filtered_r1
epoch,8,49,49,49.0,-0.2417292179057017,-0.061654274804251535,0.9755102040816327,0.9928571428571429,0,49,-0.061654274804251535,0.0005,filtered_r1
epoch,8,50,50,50.0,-0.2443169904090684,-0.06900336596430565,0.9714285714285714,0.9938775510204082,0,50,-0.06900336596430565,0.0005,filtered_r1
epoch,8,51,51,51.0,-0.2440863228417828,-0.08779349764999078,0.9795918367346939,0.9938775510204082,0,51,-0.08779349764999078,0.0005,filtered_r1
epoch,8,52,52,52.0,-0.24417825008704885,-0.10724069974860366,0.9806122448979592,0.9938775510204082,0,52,-0.10724069974860366,0.0005,filtered_r1
epoch,8,53,53,53.0,-0.24646060254646332,-0.09578005780979079,0.9806122448979592,0.9938775510204082,1,52,-0.10724069974860366,0.0005,filtered_r1
epoch,8,54,54,54.0,-0.24612896208648405,-0.07566414414619912,0.9836734693877551,0.9918367346938776,2,52,-0.10724069974860366,0.0005,filtered_r1
epoch,8,55,55,55.0,-0.24576708813769893,0.02728500998750025,0.9734693877551021,0.9806122448979592,3,52,-0.10724069974860366,0.0005,filtered_r1
epoch,8,56,56,56.0,-0.2444215343045041,-0.06966329010165467,0.9826530612244898,0.9938775510204082,4,52,-0.10724069974860366,0.0005,filtered_r1
epoch,8,57,57,57.0,-0.24447513389630693,-0.09560305391039167,0.9877551020408163,0.9928571428571429,5,52,-0.10724069974860366,0.0005,filtered_r1
epoch,8,58,58,58.0,-0.2442122351511792,-0.1006889382187201,0.9816326530612245,0.9938775510204082,6,52,-0.10724069974860366,0.0005,filtered_r1
epoch,8,59,59,59.0,-0.24654540150370102,-0.08237951677672717,0.9816326530612245,0.9938775510204082,7,52,-0.10724069974860366,0.0005,filtered_r1
epoch,8,60,60,60.0,-0.24767358642353884,-0.027408248551037847,0.9714285714285714,0.9938775510204082,8,52,-0.10724069974860366,0.0005,filtered_r1
epoch,8,61,61,61.0,-0.24717133969433785,-0.0886945612576543,0.9785714285714285,0.9938775510204082,9,52,-0.10724069974860366,0.0005,filtered_r1
epoch,8,62,62,62.0,-0.24773673612423178,-0.02528023622473892,0.9704081632653061,0.9938775510204082,10,52,-0.10724069974860366,0.0005,filtered_r1
epoch,8,63,63,63.0,-0.24652622103745214,1.929419039220226,0.6551020408163265,0.9938775510204082,11,52,-0.10724069974860366,0.00025,filtered_r1
epoch,8,64,64,64.0,-0.25031241380892394,-0.11406615169680849,0.9857142857142858,0.9938775510204082,0,64,-0.11406615169680849,0.00025,filtered_r1
epoch,8,65,65,65.0,-0.25181992428442374,-0.054965185145942536,0.9785714285714285,0.986734693877551,1,64,-0.11406615169680849,0.00025,filtered_r1
epoch,8,66,66,66.0,-0.2515799680786462,-0.09659374879331005,0.9795918367346939,0.9938775510204082,2,64,-0.11406615169680849,0.00025,filtered_r1
epoch,8,67,67,67.0,-0.2517334801794668,-0.10486962065404776,0.9846938775510204,0.9938775510204082,3,64,-0.11406615169680849,0.00025,filtered_r1
epoch,8,68,68,68.0,-0.2513326865891895,-0.11173308284915223,0.9846938775510204,0.9948979591836735,4,64,-0.11406615169680849,0.00025,filtered_r1
epoch,8,69,69,69.0,-0.25270056732665175,-0.0989376398981834,0.9806122448979592,0.9938775510204082,5,64,-0.11406615169680849,0.00025,filtered_r1
epoch,8,70,70,70.0,-0.2513210955555743,-0.08451273684598962,0.9785714285714285,0.9938775510204082,6,64,-0.11406615169680849,0.00025,filtered_r1
epoch,8,71,71,71.0,-0.2523301483769878,-0.08606196568936718,0.9785714285714285,0.9938775510204082,7,64,-0.11406615169680849,0.00025,filtered_r1
epoch,8,72,72,72.0,-0.2517703311095928,-0.10135883652434056,0.9826530612244898,0.9938775510204082,8,64,-0.11406615169680849,0.00025,filtered_r1
epoch,8,73,73,73.0,-0.2524337587549207,-0.09446926798139299,0.9836734693877551,0.9938775510204082,9,64,-0.11406615169680849,0.00025,filtered_r1
epoch,8,74,74,74.0,-0.2523848489907672,-0.05356318269457136,0.9683673469387755,0.9938775510204082,10,64,-0.11406615169680849,0.00025,filtered_r1
epoch,8,75,75,75.0,-0.2519023594020769,-0.1083343048484958,0.9836734693877551,0.9938775510204082,11,64,-0.11406615169680849,0.000125,filtered_r1
epoch,8,76,76,76.0,-0.2536821062868961,-0.11284756173892897,0.9836734693877551,0.9938775510204082,12,64,-0.11406615169680849,0.000125,filtered_r1
epoch,8,77,77,77.0,-0.2541754179470549,-0.11447807818042989,0.986734693877551,0.9938775510204082,0,77,-0.11447807818042989,0.000125,filtered_r1
epoch,8,78,78,78.0,-0.253509432334441,-0.052952091061339086,0.9653061224489796,0.9938775510204082,1,77,-0.11447807818042989,0.000125,filtered_r1
epoch,8,79,79,79.0,-0.2536904901685468,-0.10357891686108647,0.9826530612244898,0.9938775510204082,2,77,-0.11447807818042989,0.000125,filtered_r1
epoch,8,80,80,80.0,-0.25340302968317413,-0.1017978201107103,0.986734693877551,0.9938775510204082,3,77,-0.11447807818042989,0.000125,filtered_r1
epoch,8,81,81,81.0,-0.2544910694543091,0.0045058143382169765,0.9612244897959183,0.9938775510204082,4,77,-0.11447807818042989,0.000125,filtered_r1
epoch,8,82,82,82.0,-0.25424771356517706,-0.10466684467938482,0.9836734693877551,0.9938775510204082,5,77,-0.11447807818042989,0.000125,filtered_r1
epoch,8,83,83,83.0,-0.25438407064837,-0.10146502718633535,0.9816326530612245,0.9938775510204082,6,77,-0.11447807818042989,0.000125,filtered_r1
epoch,8,84,84,84.0,-0.2542327923824502,-0.1113642541729674,0.9846938775510204,0.9938775510204082,7,77,-0.11447807818042989,0.000125,filtered_r1
epoch,8,85,85,85.0,-0.25395643778730403,-0.11268285488595768,0.9846938775510204,0.9938775510204082,8,77,-0.11447807818042989,0.000125,filtered_r1
epoch,8,86,86,86.0,-0.25462444311264043,-0.10075851119294459,0.9836734693877551,0.9938775510204082,9,77,-0.11447807818042989,0.000125,filtered_r1
epoch,8,87,87,87.0,-0.2539242732486993,-0.04098686928651771,0.9663265306122449,0.9938775510204082,10,77,-0.11447807818042989,0.000125,filtered_r1
epoch,8,88,88,88.0,-0.25330678135819507,-0.07673919492838334,0.9775510204081632,0.9938775510204082,11,77,-0.11447807818042989,6.25e-05,filtered_r1
epoch,8,89,89,89.0,-0.254525605299989,-0.10954221414060009,0.9857142857142858,0.9938775510204082,12,77,-0.11447807818042989,6.25e-05,filtered_r1
epoch,8,90,90,90.0,-0.25471155279828805,-0.10380674284331652,0.9826530612244898,0.9938775510204082,13,77,-0.11447807818042989,6.25e-05,filtered_r1
epoch,8,91,91,91.0,-0.25543073226904467,-0.10746361236183011,0.9816326530612245,0.9948979591836735,14,77,-0.11447807818042989,6.25e-05,filtered_r1
epoch,8,92,92,92.0,-0.255280312412823,-0.10777318818228586,0.9836734693877551,0.9938775510204082,15,77,-0.11447807818042989,6.25e-05,filtered_r1
epoch,8,93,93,93.0,-0.2552651324382545,-0.1065705732423432,0.9816326530612245,0.9938775510204082,16,77,-0.11447807818042989,6.25e-05,filtered_r1
epoch,8,94,94,94.0,-0.25528056714624586,-0.1083146825128672,0.9836734693877551,0.9938775510204082,17,77,-0.11447807818042989,6.25e-05,filtered_r1
epoch,8,95,95,95.0,-0.25590838546705313,-0.09968409927523866,0.9826530612244898,0.9938775510204082,18,77,-0.11447807818042989,6.25e-05,filtered_r1
epoch,8,96,96,96.0,-0.2551692758859746,-0.10716542175837926,0.9857142857142858,0.9938775510204082,19,77,-0.11447807818042989,6.25e-05,filtered_r1
epoch,8,97,97,97.0,-0.25495710753875056,-0.10990762953855554,0.986734693877551,0.9938775510204082,20,77,-0.11447807818042989,6.25e-05,filtered_r1
epoch,8,98,98,98.0,-0.25515552206684444,-0.09793035984039307,0.9836734693877551,0.9938775510204082,21,77,-0.11447807818042989,6.25e-05,filtered_r1
epoch,8,99,99,99.0,-0.2552455260544758,-0.10389442443847656,0.9826530612244898,0.9938775510204082,22,77,-0.11447807818042989,3.125e-05,filtered_r1
epoch,8,100,100,100.0,-0.25521597586812295,-0.111495988709586,0.9836734693877551,0.9938775510204082,23,77,-0.11447807818042989,3.125e-05,filtered_r1
epoch,8,101,101,101.0,-0.2564956094804159,-0.10802789221004563,0.9836734693877551,0.9938775510204082,24,77,-0.11447807818042989,3.125e-05,filtered_r1
epoch,8,102,102,102.0,-0.25598200981150526,-0.10946643839077073,0.9836734693877551,0.9938775510204082,25,77,-0.11447807818042989,3.125e-05,filtered_r1
epoch,8,103,103,103.0,-0.25641758240086354,-0.11307120177210593,0.9846938775510204,0.9938775510204082,26,77,-0.11447807818042989,3.125e-05,filtered_r1
epoch,8,104,104,104.0,-0.2562175603330649,-0.10420899926399699,0.9826530612244898,0.9938775510204082,27,77,-0.11447807818042989,3.125e-05,filtered_r1
epoch,8,105,105,105.0,-0.2558469653833037,-0.10527408317643769,0.9826530612244898,0.9938775510204082,28,77,-0.11447807818042989,3.125e-05,filtered_r1
epoch,8,106,106,106.0,-0.2559692116417887,-0.11200698687105763,0.9857142857142858,0.9938775510204082,29,77,-0.11447807818042989,3.125e-05,filtered_r1
epoch,8,107,107,107.0,-0.25618065518246314,-0.11269915639137736,0.9857142857142858,0.9938775510204082,30,77,-0.11447807818042989,3.125e-05,filtered_r1
epoch,9,1,1,1.0,1.5647722336578196,1.5913145994653508,0.6316326530612245,0.8193877551020409,0,1,1.5913145994653508,0.001,filtered_r1
epoch,9,2,2,2.0,0.9735438051518126,1.5609362256770232,0.7428571428571429,0.7561224489795918,0,2,1.5609362256770232,0.001,filtered_r1
epoch,9,3,3,3.0,0.8052525690237176,1.313830228727691,0.8010204081632653,0.8153061224489796,0,3,1.313830228727691,0.001,filtered_r1
epoch,9,4,4,4.0,0.6940496955143015,0.9852858888859651,0.85,0.8826530612244898,0,4,0.9852858888859651,0.001,filtered_r1
epoch,9,5,5,5.0,0.6285090460541354,0.909926734651838,0.8142857142857143,0.9775510204081632,0,5,0.909926734651838,0.001,filtered_r1
epoch,9,6,6,6.0,0.5287416129830854,0.9808087492475704,0.8336734693877551,0.8959183673469387,1,5,0.909926734651838,0.001,filtered_r1
epoch,9,7,7,7.0,0.5059467050442629,0.9601093092743231,0.8306122448979592,0.9887755102040816,2,5,0.909926734651838,0.001,filtered_r1
epoch,9,8,8,8.0,0.4344729096360278,0.6570658121790205,0.9520408163265306,0.8928571428571429,0,8,0.6570658121790205,0.001,filtered_r1
epoch,9,9,9,9.0,0.36624352027219476,0.6491011750941373,0.9030612244897959,0.9704081632653061,0,9,0.6491011750941373,0.001,filtered_r1
epoch,9,10,10,10.0,0.34461696590015795,0.7332524567234273,0.813265306122449,0.9836734693877551,1,9,0.6491011750941373,0.001,filtered_r1
epoch,9,11,11,11.0,0.2681571615050719,0.5131722078031423,0.8683673469387755,0.9918367346938776,0,11,0.5131722078031423,0.001,filtered_r1
epoch,9,12,12,12.0,0.23854324379889358,0.8976237637656076,0.7581632653061224,0.9908163265306122,1,11,0.5131722078031423,0.001,filtered_r1
epoch,9,13,13,13.0,0.1915316115007907,0.7030163056996404,0.8520408163265306,0.986734693877551,2,11,0.5131722078031423,0.001,filtered_r1
epoch,9,14,14,14.0,0.17099271317638703,0.6288899883931997,0.8948979591836734,0.9561224489795919,3,11,0.5131722078031423,0.001,filtered_r1
epoch,9,15,15,15.0,0.1573340130620689,1.9779601778302873,0.7306122448979592,0.7285714285714285,4,11,0.5131722078031423,0.001,filtered_r1
epoch,9,16,16,16.0,0.16149017757250406,0.8207787109881032,0.7591836734693878,0.9897959183673469,5,11,0.5131722078031423,0.001,filtered_r1
epoch,9,17,17,17.0,0.09490031718233743,1.8053388050624302,0.6214285714285714,0.9030612244897959,6,11,0.5131722078031423,0.001,filtered_r1
epoch,9,18,18,18.0,0.053353683087049804,0.505045832419882,0.8887755102040816,0.986734693877551,0,18,0.505045832419882,0.001,filtered_r1
epoch,9,19,19,19.0,0.052805108262147356,0.33237331083842686,0.9163265306122449,0.9918367346938776,0,19,0.33237331083842686,0.001,filtered_r1
epoch,9,20,20,20.0,0.012957416471437168,0.3632515435316125,0.8908163265306123,0.9877551020408163,1,19,0.33237331083842686,0.001,filtered_r1
epoch,9,21,21,21.0,-0.025768723343915414,0.5517886259117905,0.8795918367346939,0.9642857142857143,2,19,0.33237331083842686,0.001,filtered_r1
epoch,9,22,22,22.0,-0.03780525059684861,0.4520863160795095,0.8836734693877552,0.9816326530612245,3,19,0.33237331083842686,0.001,filtered_r1
epoch,9,23,23,23.0,-0.03866072351479065,1.708241674851398,0.6173469387755102,0.9653061224489796,4,19,0.33237331083842686,0.001,filtered_r1
epoch,9,24,24,24.0,-0.007204154081037247,1.129238373892648,0.763265306122449,0.9846938775510204,5,19,0.33237331083842686,0.001,filtered_r1
epoch,9,25,25,25.0,-0.07307351455329171,0.6154208433871367,0.8673469387755102,0.939795918367347,6,19,0.33237331083842686,0.001,filtered_r1
epoch,9,26,26,26.0,-0.09389493325272853,0.10813021100297267,0.963265306122449,0.9897959183673469,0,26,0.10813021100297267,0.001,filtered_r1
epoch,9,27,27,27.0,-0.11523452440392576,0.9689868593702511,0.8714285714285714,0.8520408163265306,1,26,0.10813021100297267,0.001,filtered_r1
epoch,9,28,28,28.0,-0.13367448513798966,-0.004396173175500364,0.976530612244898,0.9948979591836735,0,28,-0.004396173175500364,0.001,filtered_r1
epoch,9,29,29,29.0,-0.1438823234369362,1.132799767474739,0.8122448979591836,0.9571428571428572,1,28,-0.004396173175500364,0.001,filtered_r1
epoch,9,30,30,30.0,-0.14003967803226944,0.5437870086455832,0.8520408163265306,0.9908163265306122,2,28,-0.004396173175500364,0.001,filtered_r1
epoch,9,31,31,31.0,-0.1666831019462589,0.44704812059597093,0.8816326530612245,0.9948979591836735,3,28,-0.004396173175500364,0.001,filtered_r1
epoch,9,32,32,32.0,-0.15834322445943472,0.8927725808961051,0.8255102040816327,0.9489795918367347,4,28,-0.004396173175500364,0.001,filtered_r1
epoch,9,33,33,33.0,-0.1620498235475676,0.6316343735675423,0.9214285714285714,0.9132653061224489,5,28,-0.004396173175500364,0.001,filtered_r1
epoch,9,34,34,34.0,-0.1360891874789975,1.2381818528078041,0.9173469387755102,0.7979591836734694,6,28,-0.004396173175500364,0.001,filtered_r1
epoch,9,35,35,35.0,-0.11503269982998121,1.1824361372967156,0.8244897959183674,0.8612244897959184,7,28,-0.004396173175500364,0.001,filtered_r1
epoch,9,36,36,36.0,-0.15202613816821894,1.166478578411803,0.7306122448979592,0.9908163265306122,8,28,-0.004396173175500364,0.001,filtered_r1
epoch,9,37,37,37.0,-0.1798162934621031,0.5873603280709714,0.8510204081632653,0.9887755102040816,9,28,-0.004396173175500364,0.001,filtered_r1
epoch,9,38,38,38.0,-0.20401677076674785,0.400103522320183,0.8928571428571429,0.9908163265306122,10,28,-0.004396173175500364,0.001,filtered_r1
epoch,9,39,39,39.0,-0.21259539897367188,0.13445010915094494,0.9438775510204082,0.9948979591836735,11,28,-0.004396173175500364,0.0005,filtered_r1
epoch,9,40,40,40.0,-0.22608534974831102,-0.08641384669712611,0.9836734693877551,0.9959183673469387,0,40,-0.08641384669712611,0.0005,filtered_r1
epoch,9,41,41,41.0,-0.23107053096652627,-0.10560030815552691,0.9836734693877551,0.996938775510204,0,41,-0.10560030815552691,0.0005,filtered_r1
epoch,9,42,42,42.0,-0.23446257818951913,-0.10432352387175269,0.9857142857142858,0.996938775510204,1,41,-0.10560030815552691,0.0005,filtered_r1
epoch,9,43,43,43.0,-0.2337644656463152,-0.09758196436629003,0.9806122448979592,0.996938775510204,2,41,-0.10560030815552691,0.0005,filtered_r1
epoch,9,44,44,44.0,-0.2359487560733686,-0.11408980695568785,0.9846938775510204,0.996938775510204,0,44,-0.11408980695568785,0.0005,filtered_r1
epoch,9,45,45,45.0,-0.23698276105491994,-0.11386323437398793,0.9836734693877551,0.9959183673469387,1,44,-0.11408980695568785,0.0005,filtered_r1
epoch,9,46,46,46.0,-0.2369154137586714,-0.09777958709366467,0.9826530612244898,0.996938775510204,2,44,-0.11408980695568785,0.0005,filtered_r1
epoch,9,47,47,47.0,-0.2383966664806908,-0.07513921017549476,0.9775510204081632,0.996938775510204,3,44,-0.11408980695568785,0.0005,filtered_r1
epoch,9,48,48,48.0,-0.23987319809817964,-0.0673038015560228,0.9826530612244898,0.9918367346938776,4,44,-0.11408980695568785,0.0005,filtered_r1
epoch,9,49,49,49.0,-0.23916455387690366,-0.11800930913613768,0.9836734693877551,0.996938775510204,0,49,-0.11800930913613768,0.0005,filtered_r1
epoch,9,50,50,50.0,-0.2400715376266933,-0.08689282864940409,0.9795918367346939,0.9959183673469387,1,49,-0.11800930913613768,0.0005,filtered_r1
epoch,9,51,51,51.0,-0.23762331661504882,-0.04094620626799914,0.976530612244898,0.9928571428571429,2,49,-0.11800930913613768,0.0005,filtered_r1
epoch,9,52,52,52.0,-0.21306531225287584,0.6767480368516883,0.9448979591836735,0.8877551020408163,3,49,-0.11800930913613768,0.0005,filtered_r1
epoch,9,53,53,53.0,-0.2231957410824499,0.07632867560094717,0.9612244897959183,0.9836734693877551,4,49,-0.11800930913613768,0.0005,filtered_r1
epoch,9,54,54,54.0,-0.23192429772518572,0.22553618927391209,0.9132653061224489,0.9959183673469387,5,49,-0.11800930913613768,0.0005,filtered_r1
epoch,9,55,55,55.0,-0.24142037620882095,0.03477844364789068,0.9704081632653061,0.9836734693877551,6,49,-0.11800930913613768,0.0005,filtered_r1
epoch,9,56,56,56.0,-0.23868955474953948,-0.054162929495986625,0.9816326530612245,0.9938775510204082,7,49,-0.11800930913613768,0.0005,filtered_r1
epoch,9,57,57,57.0,-0.2434598457742917,-0.10170535652004943,0.9826530612244898,0.996938775510204,8,49,-0.11800930913613768,0.0005,filtered_r1
epoch,9,58,58,58.0,-0.245131839744838,-0.07796175869143739,0.9775510204081632,0.9948979591836735,9,49,-0.11800930913613768,0.0005,filtered_r1
epoch,9,59,59,59.0,-0.23813927525344136,0.15875148529909094,0.9387755102040817,0.9938775510204082,10,49,-0.11800930913613768,0.0005,filtered_r1
epoch,9,60,60,60.0,-0.21965618029108278,0.9605283698257134,0.9173469387755102,0.8663265306122448,11,49,-0.11800930913613768,0.00025,filtered_r1
epoch,9,61,61,61.0,-0.2315668045689829,0.02846395677449752,0.9581632653061225,0.9918367346938776,12,49,-0.11800930913613768,0.00025,filtered_r1
epoch,9,62,62,62.0,-0.24357676868594563,-0.0004454671120157047,0.9806122448979592,0.9857142857142858,13,49,-0.11800930913613768,0.00025,filtered_r1
epoch,9,63,63,63.0,-0.24824756153918806,-0.10425907105815654,0.9816326530612245,0.9959183673469387,14,49,-0.11800930913613768,0.00025,filtered_r1
epoch,9,64,64,64.0,-0.2501056330668293,-0.09001559724613112,0.9785714285714285,0.9959183673469387,15,49,-0.11800930913613768,0.00025,filtered_r1
epoch,9,65,65,65.0,-0.25110937409437734,-0.11045626718170788,0.9836734693877551,0.996938775510204,16,49,-0.11800930913613768,0.00025,filtered_r1
epoch,9,66,66,66.0,-0.2509204113802691,-0.11739563260759626,0.9816326530612245,0.9959183673469387,17,49,-0.11800930913613768,0.00025,filtered_r1
epoch,9,67,67,67.0,-0.25040698170499587,-0.1191626636349425,0.9846938775510204,0.9948979591836735,0,67,-0.1191626636349425,0.00025,filtered_r1
epoch,9,68,68,68.0,-0.25072536276948487,-0.10771582905127078,0.9846938775510204,0.996938775510204,1,67,-0.1191626636349425,0.00025,filtered_r1
epoch,9,69,69,69.0,-0.2513206857364393,-0.12102407387324741,0.9846938775510204,0.9959183673469387,0,69,-0.12102407387324741,0.00025,filtered_r1
epoch,9,70,70,70.0,-0.250104895625069,-0.1128553633787194,0.9846938775510204,0.9948979591836735,1,69,-0.12102407387324741,0.00025,filtered_r1
epoch,9,71,71,71.0,-0.25117489491275263,-0.11603302031147236,0.9846938775510204,0.9959183673469387,2,69,-0.12102407387324741,0.00025,filtered_r1
epoch,9,72,72,72.0,-0.25202642561790894,-0.12264828681945801,0.9846938775510204,0.996938775510204,0,72,-0.12264828681945801,0.00025,filtered_r1
epoch,9,73,73,73.0,-0.2507919863143727,-0.10443416371637461,0.9857142857142858,0.9928571428571429,1,72,-0.12264828681945801,0.00025,filtered_r1
epoch,9,74,74,74.0,-0.2523411254530001,-0.11686581300229443,0.9846938775510204,0.9959183673469387,2,72,-0.12264828681945801,0.00025,filtered_r1
epoch,9,75,75,75.0,-0.25191704990427655,-0.1170562525184787,0.9826530612244898,0.9948979591836735,3,72,-0.12264828681945801,0.00025,filtered_r1
epoch,9,76,76,76.0,-0.2516722078221633,-0.10319376673017229,0.9836734693877551,0.9959183673469387,4,72,-0.12264828681945801,0.00025,filtered_r1
epoch,9,77,77,77.0,-0.25222684192051414,-0.11804088037841175,0.9846938775510204,0.9959183673469387,5,72,-0.12264828681945801,0.00025,filtered_r1
epoch,9,78,78,78.0,-0.2519409894077441,-0.10814221343215631,0.9857142857142858,0.9928571428571429,6,72,-0.12264828681945801,0.00025,filtered_r1
epoch,9,79,79,79.0,-0.25061766897284654,-0.0877658089812921,0.9806122448979592,0.996938775510204,7,72,-0.12264828681945801,0.00025,filtered_r1
epoch,9,80,80,80.0,-0.25083514402738444,-0.11422904218946184,0.9806122448979592,0.996938775510204,8,72,-0.12264828681945801,0.00025,filtered_r1
epoch,9,81,81,81.0,-0.2504615820487737,-0.09818344602779466,0.9816326530612245,0.9948979591836735,9,72,-0.12264828681945801,0.00025,filtered_r1
epoch,9,82,82,82.0,-0.24917194291888395,-0.02395842318632165,0.9704081632653061,0.9938775510204082,10,72,-0.12264828681945801,0.00025,filtered_r1
epoch,9,83,83,83.0,-0.24989188667107753,-0.026046975778073682,0.9744897959183674,0.9948979591836735,11,72,-0.12264828681945801,0.000125,filtered_r1
epoch,9,84,84,84.0,-0.2532182142131717,-0.11986278952384481,0.9857142857142858,0.996938775510204,12,72,-0.12264828681945801,0.000125,filtered_r1
epoch,9,85,85,85.0,-0.25425600521249553,-0.11489409378596714,0.9846938775510204,0.996938775510204,13,72,-0.12264828681945801,0.000125,filtered_r1
epoch,9,86,86,86.0,-0.25473594730462046,-0.12874029996443767,0.986734693877551,0.9959183673469387,0,86,-0.12874029996443767,0.000125,filtered_r1
epoch,9,87,87,87.0,-0.2545859215749809,-0.12147933950229567,0.9826530612244898,0.996938775510204,1,86,-0.12874029996443767,0.000125,filtered_r1
epoch,9,88,88,88.0,-0.2536259287603866,-0.12804675394175005,0.9877551020408163,0.996938775510204,2,86,-0.12874029996443767,0.000125,filtered_r1
epoch,9,89,89,89.0,-0.2546147575066731,-0.11686772618974958,0.9857142857142858,0.9959183673469387,3,86,-0.12874029996443767,0.000125,filtered_r1
epoch,9,90,90,90.0,-0.2539969655907917,-0.12251886007737141,0.9846938775510204,0.9959183673469387,4,86,-0.12874029996443767,0.000125,filtered_r1
epoch,9,91,91,91.0,-0.25450657829608475,-0.11960533297791773,0.9857142857142858,0.9948979591836735,5,86,-0.12874029996443767,0.000125,filtered_r1
epoch,9,92,92,92.0,-0.2537076557651196,-0.11894417003709443,0.9826530612244898,0.996938775510204,6,86,-0.12874029996443767,0.000125,filtered_r1
epoch,9,93,93,93.0,-0.2546093705508907,-0.1288263140892496,0.986734693877551,0.9959183673469387,0,93,-0.1288263140892496,0.000125,filtered_r1
epoch,9,94,94,94.0,-0.25447808278456524,-0.12179477604068055,0.9857142857142858,0.9959183673469387,1,93,-0.1288263140892496,0.000125,filtered_r1
epoch,9,95,95,95.0,-0.2538596075662309,-0.11101720089815101,0.986734693877551,0.9959183673469387,2,93,-0.1288263140892496,0.000125,filtered_r1
epoch,9,96,96,96.0,-0.25512291932722897,-0.11468774445202885,0.9826530612244898,0.9959183673469387,3,93,-0.1288263140892496,0.000125,filtered_r1
epoch,9,97,97,97.0,-0.2543572859768428,-0.12432900253607303,0.986734693877551,0.996938775510204,4,93,-0.1288263140892496,0.000125,filtered_r1
epoch,9,98,98,98.0,-0.253679895449702,-0.1184656727070711,0.9857142857142858,0.9948979591836735,5,93,-0.1288263140892496,0.000125,filtered_r1
epoch,9,99,99,99.0,-0.25392080700727576,-0.1222971755631116,0.986734693877551,0.9959183673469387,6,93,-0.1288263140892496,0.000125,filtered_r1
epoch,9,100,100,100.0,-0.2534082757847665,-0.10752397654007892,0.9826530612244898,0.9959183673469387,7,93,-0.1288263140892496,0.000125,filtered_r1
epoch,9,101,101,101.0,-0.2542830676963207,-0.11379806654793875,0.9887755102040816,0.9938775510204082,8,93,-0.1288263140892496,0.000125,filtered_r1
epoch,9,102,102,102.0,-0.25503004243900923,-0.09652929014089157,0.9816326530612245,0.9959183673469387,9,93,-0.1288263140892496,0.000125,filtered_r1
epoch,9,103,103,103.0,-0.2541526867972143,-0.11167781450310532,0.9846938775510204,0.996938775510204,10,93,-0.1288263140892496,0.000125,filtered_r1
epoch,9,104,104,104.0,-0.2537335463128629,-0.10295345783233642,0.9816326530612245,0.9959183673469387,11,93,-0.1288263140892496,6.25e-05,filtered_r1
epoch,9,105,105,105.0,-0.2553326609293764,-0.11143826562531141,0.9826530612244898,0.996938775510204,12,93,-0.1288263140892496,6.25e-05,filtered_r1
epoch,9,106,106,106.0,-0.2556995336055972,-0.12356884674150116,0.9846938775510204,0.996938775510204,13,93,-0.1288263140892496,6.25e-05,filtered_r1
epoch,9,107,107,107.0,-0.25572108775986035,-0.12376258957142733,0.9857142857142858,0.9959183673469387,14,93,-0.1288263140892496,6.25e-05,filtered_r1
epoch,9,108,108,108.0,-0.25521835623900024,-0.13250842435019358,0.986734693877551,0.996938775510204,0,108,-0.13250842435019358,6.25e-05,filtered_r1
epoch,9,109,109,109.0,-0.25571793453075425,-0.12236042265989343,0.9857142857142858,0.996938775510204,1,108,-0.13250842435019358,6.25e-05,filtered_r1
epoch,9,110,110,110.0,-0.25574186962407336,-0.09533607862433609,0.9826530612244898,0.9959183673469387,2,108,-0.13250842435019358,6.25e-05,filtered_r1
epoch,9,111,111,111.0,-0.25486087658380413,-0.12628741361656967,0.9846938775510204,0.9959183673469387,3,108,-0.13250842435019358,6.25e-05,filtered_r1
epoch,9,112,112,112.0,-0.25546876528129975,-0.11514542881323367,0.9836734693877551,0.9959183673469387,4,108,-0.13250842435019358,6.25e-05,filtered_r1
epoch,9,113,113,113.0,-0.254930560961129,-0.12376551287514823,0.9857142857142858,0.9959183673469387,5,108,-0.13250842435019358,6.25e-05,filtered_r1
epoch,9,114,114,114.0,-0.25498068438191007,-0.10707627607851612,0.9857142857142858,0.9959183673469387,6,108,-0.13250842435019358,6.25e-05,filtered_r1
epoch,9,115,115,115.0,-0.25552549066729724,-0.11832567331742268,0.9857142857142858,0.9959183673469387,7,108,-0.13250842435019358,6.25e-05,filtered_r1
epoch,9,116,116,116.0,-0.25609843261773296,-0.11615692352762028,0.9836734693877551,0.9959183673469387,8,108,-0.13250842435019358,6.25e-05,filtered_r1
epoch,9,117,117,117.0,-0.2558812365659626,-0.11021699272856421,0.9846938775510204,0.996938775510204,9,108,-0.13250842435019358,6.25e-05,filtered_r1
epoch,9,118,118,118.0,-0.2555640539255025,-0.11138831790612669,0.9836734693877551,0.9959183673469387,10,108,-0.13250842435019358,6.25e-05,filtered_r1
epoch,9,119,119,119.0,-0.2559235328931025,-0.12770608687887386,0.9857142857142858,0.9959183673469387,11,108,-0.13250842435019358,3.125e-05,filtered_r1
epoch,9,120,120,120.0,-0.25641211002889247,-0.11919251072163485,0.9857142857142858,0.9948979591836735,12,108,-0.13250842435019358,3.125e-05,filtered_r1
epoch,9,121,121,121.0,-0.25649867702277207,-0.123261723712999,0.9857142857142858,0.9948979591836735,13,108,-0.13250842435019358,3.125e-05,filtered_r1
epoch,9,122,122,122.0,-0.2563596730388082,-0.12945761923887292,0.986734693877551,0.9959183673469387,14,108,-0.13250842435019358,3.125e-05,filtered_r1
epoch,9,123,123,123.0,-0.2561618953577995,-0.1290373082063636,0.9877551020408163,0.996938775510204,15,108,-0.13250842435019358,3.125e-05,filtered_r1
epoch,9,124,124,124.0,-0.2567350353049626,-0.12720519961143026,0.9857142857142858,0.996938775510204,16,108,-0.13250842435019358,3.125e-05,filtered_r1
epoch,9,125,125,125.0,-0.2564001704582668,-0.11741005303908368,0.9846938775510204,0.996938775510204,17,108,-0.13250842435019358,3.125e-05,filtered_r1
epoch,9,126,126,126.0,-0.25603294670175974,-0.1251453852166935,0.9857142857142858,0.996938775510204,18,108,-0.13250842435019358,3.125e-05,filtered_r1
epoch,9,127,127,127.0,-0.2561925278162339,-0.12474949311236946,0.9857142857142858,0.996938775510204,19,108,-0.13250842435019358,3.125e-05,filtered_r1
epoch,9,128,128,128.0,-0.25619771049826784,-0.12624649806898466,0.986734693877551,0.996938775510204,20,108,-0.13250842435019358,3.125e-05,filtered_r1
epoch,9,129,129,129.0,-0.25630824415996517,-0.12532984091311086,0.9877551020408163,0.9959183673469387,21,108,-0.13250842435019358,3.125e-05,filtered_r1
epoch,9,130,130,130.0,-0.25607574278259626,-0.11853541889969184,0.9857142857142858,0.9959183673469387,22,108,-0.13250842435019358,1.5625e-05,filtered_r1
epoch,9,131,131,131.0,-0.2569720457480054,-0.12857028902793416,0.9877551020408163,0.996938775510204,23,108,-0.13250842435019358,1.5625e-05,filtered_r1
epoch,9,132,132,132.0,-0.2566225521682448,-0.12448857317165453,0.9857142857142858,0.996938775510204,24,108,-0.13250842435019358,1.5625e-05,filtered_r1
epoch,9,133,133,133.0,-0.2567783580332846,-0.11994317453734729,0.9857142857142858,0.996938775510204,25,108,-0.13250842435019358,1.5625e-05,filtered_r1
epoch,9,134,134,134.0,-0.2569717925026695,-0.13002434214767145,0.986734693877551,0.996938775510204,26,108,-0.13250842435019358,1.5625e-05,filtered_r1
epoch,9,135,135,135.0,-0.25647212819949206,-0.12273828691365768,0.986734693877551,0.996938775510204,27,108,-0.13250842435019358,1.5625e-05,filtered_r1
epoch,9,136,136,136.0,-0.2566020861572425,-0.12825583438484037,0.9877551020408163,0.996938775510204,28,108,-0.13250842435019358,1.5625e-05,filtered_r1
epoch,9,137,137,137.0,-0.2566039498372885,-0.12786495734234246,0.9877551020408163,0.996938775510204,29,108,-0.13250842435019358,1.5625e-05,filtered_r1
epoch,9,138,138,138.0,-0.256935177718408,-0.12402450065223539,0.986734693877551,0.996938775510204,30,108,-0.13250842435019358,1.5625e-05,filtered_r1
